<gpx xmlns="http://www.topografix.com/GPX/1/1" xmlns:osmand="https://osmand.net/docs/technical/osmand-file-formats/osmand-gpx" xmlns:xsi="http://www.w3.org/2001/XMLSchema-instance" version="1.1" creator="OsmAndRouterV2" xsi:schemaLocation="http://www.topografix.com/GPX/1/1 https://www.topografix.com/GPX/1/1/gpx.xsd">
    <metadata>
        <name>2026-07-27 &#8226; Wellington - Wairarapa Cape Palliser and White Rocks</name>
        <time>2026-08-16T22:39:35Z</time>
    </metadata>
    <wpt lat="-41.255136" lon="175.275863">
        <time>2026-07-26T20:50:15Z</time>
        <name>Parera Road 94, Martinborough</name>
        <extensions>
            <osmand:color>#237BFF</osmand:color>
            <osmand:background>square</osmand:background>
            <osmand:address>Parera Road 94, Martinborough</osmand:address>
            <osmand:icon>tourism_camp_site</osmand:icon>
        </extensions>
    </wpt>
    <wpt lat="-41.5128931" lon="175.5059472">
        <time>2026-08-08T00:31:50Z</time>
        <name>Tora Farm Settlement Road, Martinborough</name>
        <extensions>
            <osmand:color>#237BFF</osmand:color>
            <osmand:background>square</osmand:background>
            <osmand:address>Tora Farm Settlement Road, Martinborough</osmand:address>
            <osmand:icon>tourism_camp_site</osmand:icon>
        </extensions>
    </wpt>
    <wpt lat="-41.5686704" lon="175.3948124">
        <time>2026-08-08T00:32:10Z</time>
        <name>White Rock Reserve</name>
        <extensions>
            <osmand:color>#EECC22</osmand:color>
            <osmand:background>circle</osmand:background>
            <osmand:address>Ngapotiki Road, Martinborough</osmand:address>
            <osmand:icon>special_star</osmand:icon>
        </extensions>
    </wpt>
    <wpt lat="-41.2183233" lon="175.4594815">
        <time>2026-08-08T00:32:29Z</time>
        <name>Martinborough</name>
        <extensions>
            <osmand:color>#EECC22</osmand:color>
            <osmand:background>circle</osmand:background>
            <osmand:address>Memorial Square, Martinborough</osmand:address>
            <osmand:icon>special_star</osmand:icon>
        </extensions>
    </wpt>
    <wpt lat="-41.4490716" lon="175.2277011">
        <time>2026-08-08T00:36:05Z</time>
        <name>Putangirua Pinnacles Scenic Reserve</name>
        <extensions>
            <osmand:color>#EECC22</osmand:color>
            <osmand:background>circle</osmand:background>
            <osmand:address>Address is not known yet</osmand:address>
            <osmand:icon>special_star</osmand:icon>
        </extensions>
    </wpt>
    <wpt lat="-41.3740189" lon="175.0553423">
        <time>2026-08-08T00:36:19Z</time>
        <name>Ocean Beach Conservation Area</name>
        <extensions>
            <osmand:color>#EECC22</osmand:color>
            <osmand:background>circle</osmand:background>
            <osmand:address>Ocean Beach Road, Featherston</osmand:address>
            <osmand:icon>special_star</osmand:icon>
        </extensions>
    </wpt>
    <wpt lat="-41.2468657" lon="175.2656811">
        <time>2026-08-08T00:36:44Z</time>
        <name>Boggy Pond Lagoon</name>
        <extensions>
            <osmand:color>#EECC22</osmand:color>
            <osmand:background>circle</osmand:background>
            <osmand:address>Parera Road, Martinborough</osmand:address>
            <osmand:icon>special_star</osmand:icon>
        </extensions>
    </wpt>
    <wpt lat="-41.6119771" lon="175.2899981">
        <time>2026-08-16T21:51:17Z</time>
        <name>Cape Palliser Lighthouse</name>
        <extensions>
            <osmand:color>#EECC22</osmand:color>
            <osmand:background>circle</osmand:background>
            <osmand:address>Cape Palliser Road, Mangatoetoe</osmand:address>
            <osmand:icon>special_star</osmand:icon>
        </extensions>
    </wpt>
    <wpt lat="-41.6103808" lon="175.2740014">
        <time>2026-08-16T21:51:35Z</time>
        <name>Seal Colony</name>
        <extensions>
            <osmand:color>#EECC22</osmand:color>
            <osmand:background>circle</osmand:background>
            <osmand:address>Cape Palliser Road, Mangatoetoe</osmand:address>
            <osmand:icon>special_star</osmand:icon>
        </extensions>
    </wpt>
    <wpt lat="-40.8192003" lon="175.0711501">
        <time>2026-08-16T22:39:35Z</time>
        <name>Te Hapua Road, Waikanae</name>
        <extensions>
            <osmand:color>#237BFF</osmand:color>
            <osmand:background>square</osmand:background>
            <osmand:address>Te Hapua Road, Waikanae</osmand:address>
            <osmand:icon>tourism_camp_site</osmand:icon>
        </extensions>
    </wpt>
    <trk>
        <name>2026-07-27 &#8226; Wellington - Wairarapa Cape Palliser and White Rocks</name>
        <trkseg>
            <trkpt lat="-41.3289514" lon="174.7959155">
                <ele>4</ele>
            </trkpt>
            <trkpt lat="-41.326283" lon="174.7953719">
                <ele>10.2</ele>
            </trkpt>
            <trkpt lat="-41.3230158" lon="174.7954094">
                <ele>12</ele>
            </trkpt>
            <trkpt lat="-41.3203165" lon="174.7955596">
                <ele>9.1</ele>
            </trkpt>
            <trkpt lat="-41.3175869" lon="174.7960317">
                <ele>5.2</ele>
            </trkpt>
            <trkpt lat="-41.3148512" lon="174.7954389">
                <ele>4.5</ele>
            </trkpt>
            <trkpt lat="-41.3122805" lon="174.7942078">
                <ele>10</ele>
            </trkpt>
            <trkpt lat="-41.3118977" lon="174.7905949">
                <ele>32.5</ele>
            </trkpt>
            <trkpt lat="-41.3089743" lon="174.7915041">
                <ele>21</ele>
            </trkpt>
            <trkpt lat="-41.3062302" lon="174.7925448">
                <ele>29.8</ele>
            </trkpt>
            <trkpt lat="-41.3018437" lon="174.7845653">
                <ele>39</ele>
            </trkpt>
            <trkpt lat="-41.3013702" lon="174.7809899">
                <ele>13.8</ele>
            </trkpt>
            <trkpt lat="-41.2990105" lon="174.7792491">
                <ele>18.2</ele>
            </trkpt>
            <trkpt lat="-41.2979002" lon="174.7759554">
                <ele>20</ele>
            </trkpt>
            <trkpt lat="-41.2967818" lon="174.7726804">
                <ele>26.7</ele>
            </trkpt>
            <trkpt lat="-41.2943092" lon="174.7710362">
                <ele>32.2</ele>
            </trkpt>
            <trkpt lat="-41.2915664" lon="174.7718033">
                <ele>31</ele>
            </trkpt>
            <trkpt lat="-41.2886522" lon="174.7715458">
                <ele>32</ele>
            </trkpt>
            <trkpt lat="-41.2858346" lon="174.7723719">
                <ele>47.2</ele>
            </trkpt>
            <trkpt lat="-41.2831238" lon="174.7737077">
                <ele>46</ele>
            </trkpt>
            <trkpt lat="-41.2798322" lon="174.773367">
                <ele>38.5</ele>
            </trkpt>
            <trkpt lat="-41.2769599" lon="174.7732034">
                <ele>34</ele>
            </trkpt>
            <trkpt lat="-41.2743917" lon="174.7748852">
                <ele>28.5</ele>
            </trkpt>
            <trkpt lat="-41.2722085" lon="174.7774494">
                <ele>23</ele>
            </trkpt>
            <trkpt lat="-41.2703377" lon="174.7801825">
                <ele>22</ele>
            </trkpt>
            <trkpt lat="-41.2679004" lon="174.7826287">
                <ele>22</ele>
            </trkpt>
            <trkpt lat="-41.2655456" lon="174.7851098">
                <ele>22</ele>
            </trkpt>
            <trkpt lat="-41.2632533" lon="174.7873253">
                <ele>22</ele>
            </trkpt>
            <trkpt lat="-41.2614891" lon="174.7902837">
                <ele>22</ele>
            </trkpt>
            <trkpt lat="-41.2591179" lon="174.7927836">
                <ele>4</ele>
            </trkpt>
            <trkpt lat="-41.257146" lon="174.7957313">
                <ele>0.5</ele>
            </trkpt>
            <trkpt lat="-41.2556276" lon="174.7993255">
                <ele>7</ele>
            </trkpt>
            <trkpt lat="-41.2544561" lon="174.803043">
                <ele>4.5</ele>
            </trkpt>
            <trkpt lat="-41.2526412" lon="174.8059237">
                <ele>9.8</ele>
            </trkpt>
            <trkpt lat="-41.2504755" lon="174.8089707">
                <ele>11</ele>
            </trkpt>
            <trkpt lat="-41.2486262" lon="174.812251">
                <ele>8</ele>
            </trkpt>
            <trkpt lat="-41.2468536" lon="174.8150352">
                <ele>11</ele>
            </trkpt>
            <trkpt lat="-41.2448328" lon="174.8177093">
                <ele>17.8</ele>
            </trkpt>
            <trkpt lat="-41.2430601" lon="174.8206946">
                <ele>14.2</ele>
            </trkpt>
            <trkpt lat="-41.2408819" lon="174.824667">
                <ele>19.5</ele>
            </trkpt>
            <trkpt lat="-41.2390001" lon="174.8275182">
                <ele>22.5</ele>
            </trkpt>
            <trkpt lat="-41.2371183" lon="174.83071">
                <ele>15.2</ele>
            </trkpt>
            <trkpt lat="-41.2354341" lon="174.8336282">
                <ele>13.5</ele>
            </trkpt>
            <trkpt lat="-41.2331246" lon="174.8364419">
                <ele>12.1</ele>
            </trkpt>
            <trkpt lat="-41.2315048" lon="174.8397651">
                <ele>16.8</ele>
            </trkpt>
            <trkpt lat="-41.2295118" lon="174.8422945">
                <ele>9.8</ele>
            </trkpt>
            <trkpt lat="-41.2278819" lon="174.8462641">
                <ele>24</ele>
            </trkpt>
            <trkpt lat="-41.2268692" lon="174.8502338">
                <ele>32</ele>
            </trkpt>
            <trkpt lat="-41.2255115" lon="174.8536563">
                <ele>21</ele>
            </trkpt>
            <trkpt lat="-41.2243112" lon="174.8572826">
                <ele>16.5</ele>
            </trkpt>
            <trkpt lat="-41.2239057" lon="174.8609573">
                <ele>8</ele>
            </trkpt>
            <trkpt lat="-41.2229817" lon="174.8654392">
                <ele>9</ele>
            </trkpt>
            <trkpt lat="-41.2218116" lon="174.8688912">
                <ele>10</ele>
            </trkpt>
            <trkpt lat="-41.2202279" lon="174.8724183">
                <ele>17.2</ele>
            </trkpt>
            <trkpt lat="-41.2188782" lon="174.8756987">
                <ele>15.2</ele>
            </trkpt>
            <trkpt lat="-41.2175708" lon="174.8790944">
                <ele>14</ele>
            </trkpt>
            <trkpt lat="-41.2159062" lon="174.882718">
                <ele>16.4</ele>
            </trkpt>
            <trkpt lat="-41.2140903" lon="174.8863229">
                <ele>24</ele>
            </trkpt>
            <trkpt lat="-41.2119737" lon="174.8893082">
                <ele>24</ele>
            </trkpt>
            <trkpt lat="-41.2101295" lon="174.8921138">
                <ele>25</ele>
            </trkpt>
            <trkpt lat="-41.2085858" lon="174.8953485">
                <ele>19.2</ele>
            </trkpt>
            <trkpt lat="-41.2066749" lon="174.8989776">
                <ele>14.7</ele>
            </trkpt>
            <trkpt lat="-41.2047275" lon="174.9024376">
                <ele>22</ele>
            </trkpt>
            <trkpt lat="-41.2031999" lon="174.9056214">
                <ele>18</ele>
            </trkpt>
            <trkpt lat="-41.2011475" lon="174.9095482">
                <ele>23.5</ele>
            </trkpt>
            <trkpt lat="-41.1993171" lon="174.9127936">
                <ele>27.2</ele>
            </trkpt>
            <trkpt lat="-41.1976299" lon="174.9158782">
                <ele>23</ele>
            </trkpt>
            <trkpt lat="-41.1960355" lon="174.918775">
                <ele>27.8</ele>
            </trkpt>
            <trkpt lat="-41.1944673" lon="174.9217442">
                <ele>18.2</ele>
            </trkpt>
            <trkpt lat="-41.1927234" lon="174.9248448">
                <ele>22</ele>
            </trkpt>
            <trkpt lat="-41.1907696" lon="174.9281117">
                <ele>28</ele>
            </trkpt>
            <trkpt lat="-41.1888582" lon="174.9313009">
                <ele>35</ele>
            </trkpt>
            <trkpt lat="-41.1870516" lon="174.9342781">
                <ele>34</ele>
            </trkpt>
            <trkpt lat="-41.1851441" lon="174.9378482">
                <ele>23.8</ele>
            </trkpt>
            <trkpt lat="-41.1833354" lon="174.94093">
                <ele>23.5</ele>
            </trkpt>
            <trkpt lat="-41.1814721" lon="174.9436417">
                <ele>26.5</ele>
            </trkpt>
            <trkpt lat="-41.1787933" lon="174.9464822">
                <ele>30</ele>
            </trkpt>
            <trkpt lat="-41.176619" lon="174.9488372">
                <ele>34.2</ele>
            </trkpt>
            <trkpt lat="-41.1747293" lon="174.9519083">
                <ele>33.2</ele>
            </trkpt>
            <trkpt lat="-41.1725186" lon="174.9545234">
                <ele>37.8</ele>
            </trkpt>
            <trkpt lat="-41.1703703" lon="174.9577716">
                <ele>31</ele>
            </trkpt>
            <trkpt lat="-41.1681413" lon="174.9607623">
                <ele>41.8</ele>
            </trkpt>
            <trkpt lat="-41.1661686" lon="174.963246">
                <ele>40.2</ele>
            </trkpt>
            <trkpt lat="-41.1642705" lon="174.9659336">
                <ele>43.2</ele>
            </trkpt>
            <trkpt lat="-41.1621139" lon="174.9681571">
                <ele>40.8</ele>
            </trkpt>
            <trkpt lat="-41.160135" lon="174.9705926">
                <ele>41.5</ele>
            </trkpt>
            <trkpt lat="-41.1581015" lon="174.9748787">
                <ele>38.2</ele>
            </trkpt>
            <trkpt lat="-41.1549067" lon="174.9803317">
                <ele>44</ele>
            </trkpt>
            <trkpt lat="-41.1530769" lon="174.9830809">
                <ele>50</ele>
            </trkpt>
            <trkpt lat="-41.1507968" lon="174.9851167">
                <ele>44.9</ele>
            </trkpt>
            <trkpt lat="-41.1486539" lon="174.987461">
                <ele>55.8</ele>
            </trkpt>
            <trkpt lat="-41.1465897" lon="174.9914816">
                <ele>52.2</ele>
            </trkpt>
            <trkpt lat="-41.1452789" lon="174.9948263">
                <ele>45.8</ele>
            </trkpt>
            <trkpt lat="-41.1437721" lon="174.9983427">
                <ele>49.2</ele>
            </trkpt>
            <trkpt lat="-41.1413421" lon="175.001674">
                <ele>43.5</ele>
            </trkpt>
            <trkpt lat="-41.1395464" lon="175.0050026">
                <ele>44.9</ele>
            </trkpt>
            <trkpt lat="-41.1380374" lon="175.0080335">
                <ele>45</ele>
            </trkpt>
            <trkpt lat="-41.1362012" lon="175.0110886">
                <ele>44.9</ele>
            </trkpt>
            <trkpt lat="-41.1345629" lon="175.0145379">
                <ele>42.5</ele>
            </trkpt>
            <trkpt lat="-41.1330619" lon="175.0179067">
                <ele>43.2</ele>
            </trkpt>
            <trkpt lat="-41.1305628" lon="175.0215411">
                <ele>46.2</ele>
            </trkpt>
            <trkpt lat="-41.1281688" lon="175.0248322">
                <ele>52.2</ele>
            </trkpt>
            <trkpt lat="-41.1263949" lon="175.0276405">
                <ele>48.6</ele>
            </trkpt>
            <trkpt lat="-41.1250553" lon="175.0309128">
                <ele>49</ele>
            </trkpt>
            <trkpt lat="-41.1236956" lon="175.0341985">
                <ele>56</ele>
            </trkpt>
            <trkpt lat="-41.1227742" lon="175.0380018">
                <ele>53</ele>
            </trkpt>
            <trkpt lat="-41.1215437" lon="175.0412124">
                <ele>52.2</ele>
            </trkpt>
            <trkpt lat="-41.1193069" lon="175.0442916">
                <ele>51.8</ele>
            </trkpt>
            <trkpt lat="-41.1176298" lon="175.047234">
                <ele>54.8</ele>
            </trkpt>
            <trkpt lat="-41.1165811" lon="175.0509167">
                <ele>55.7</ele>
            </trkpt>
            <trkpt lat="-41.1161102" lon="175.0548702">
                <ele>54.8</ele>
            </trkpt>
            <trkpt lat="-41.1161203" lon="175.059548">
                <ele>56</ele>
            </trkpt>
            <trkpt lat="-41.1161244" lon="175.0634935">
                <ele>56.8</ele>
            </trkpt>
            <trkpt lat="-41.1160193" lon="175.0671816">
                <ele>59</ele>
            </trkpt>
            <trkpt lat="-41.1158597" lon="175.0708428">
                <ele>63</ele>
            </trkpt>
            <trkpt lat="-41.1159122" lon="175.0744289">
                <ele>62.5</ele>
            </trkpt>
            <trkpt lat="-41.115597" lon="175.0781384">
                <ele>63</ele>
            </trkpt>
            <trkpt lat="-41.1150837" lon="175.0820893">
                <ele>66</ele>
            </trkpt>
            <trkpt lat="-41.1144896" lon="175.0857317">
                <ele>66.5</ele>
            </trkpt>
            <trkpt lat="-41.1138813" lon="175.0892213">
                <ele>66.5</ele>
            </trkpt>
            <trkpt lat="-41.1133499" lon="175.0929442">
                <ele>70.5</ele>
            </trkpt>
            <trkpt lat="-41.1120181" lon="175.0961763">
                <ele>83</ele>
            </trkpt>
            <trkpt lat="-41.1092455" lon="175.0976756">
                <ele>87</ele>
            </trkpt>
            <trkpt lat="-41.1061008" lon="175.0981504">
                <ele>96</ele>
            </trkpt>
            <trkpt lat="-41.1034351" lon="175.0987968">
                <ele>101.6</ele>
            </trkpt>
            <trkpt lat="-41.1015311" lon="175.1015353">
                <ele>119</ele>
            </trkpt>
            <trkpt lat="-41.1002639" lon="175.1050463">
                <ele>116.5</ele>
            </trkpt>
            <trkpt lat="-41.0985539" lon="175.1086351">
                <ele>111.5</ele>
            </trkpt>
            <trkpt lat="-41.0970501" lon="175.1129079">
                <ele>102</ele>
            </trkpt>
            <trkpt lat="-41.0958838" lon="175.1161775">
                <ele>95.2</ele>
            </trkpt>
            <trkpt lat="-41.0954876" lon="175.1197904">
                <ele>103.2</ele>
            </trkpt>
            <trkpt lat="-41.0948893" lon="175.1233819">
                <ele>97.9</ele>
            </trkpt>
            <trkpt lat="-41.0941373" lon="175.1272818">
                <ele>93.8</ele>
            </trkpt>
            <trkpt lat="-41.0921826" lon="175.1317397">
                <ele>102.2</ele>
            </trkpt>
            <trkpt lat="-41.0912386" lon="175.1351944">
                <ele>109.3</ele>
            </trkpt>
            <trkpt lat="-41.0900823" lon="175.138987">
                <ele>141.8</ele>
            </trkpt>
            <trkpt lat="-41.0887945" lon="175.1425141">
                <ele>151.5</ele>
            </trkpt>
            <trkpt lat="-41.0883235" lon="175.1461807">
                <ele>165.8</ele>
            </trkpt>
            <trkpt lat="-41.0873895" lon="175.1495683">
                <ele>194.5</ele>
            </trkpt>
            <trkpt lat="-41.0889805" lon="175.1524812">
                <ele>225.8</ele>
            </trkpt>
            <trkpt lat="-41.0891806" lon="175.1561102">
                <ele>264.8</ele>
            </trkpt>
            <trkpt lat="-41.0870822" lon="175.158492">
                <ele>276.8</ele>
            </trkpt>
            <trkpt lat="-41.0851293" lon="175.1620379">
                <ele>270.5</ele>
            </trkpt>
            <trkpt lat="-41.083795" lon="175.1653397">
                <ele>250.2</ele>
            </trkpt>
            <trkpt lat="-41.0829601" lon="175.1689178">
                <ele>247</ele>
            </trkpt>
            <trkpt lat="-41.0832188" lon="175.1725629">
                <ele>256.4</ele>
            </trkpt>
            <trkpt lat="-41.0810111" lon="175.1757225">
                <ele>239</ele>
            </trkpt>
            <trkpt lat="-41.0788093" lon="175.1817951">
                <ele>222</ele>
            </trkpt>
            <trkpt lat="-41.0784534" lon="175.1872131">
                <ele>223.8</ele>
            </trkpt>
            <trkpt lat="-41.0783281" lon="175.1953161">
                <ele>213</ele>
            </trkpt>
            <trkpt lat="-41.0787203" lon="175.2001119">
                <ele>203.8</ele>
            </trkpt>
            <trkpt lat="-41.0795008" lon="175.2035773">
                <ele>217.2</ele>
            </trkpt>
            <trkpt lat="-41.0817793" lon="175.2056935">
                <ele>225</ele>
            </trkpt>
            <trkpt lat="-41.0847755" lon="175.2065143">
                <ele>233.2</ele>
            </trkpt>
            <trkpt lat="-41.0877878" lon="175.2073672">
                <ele>240.8</ele>
            </trkpt>
            <trkpt lat="-41.0909879" lon="175.2076569">
                <ele>252.2</ele>
            </trkpt>
            <trkpt lat="-41.0936138" lon="175.2065787">
                <ele>258.8</ele>
            </trkpt>
            <trkpt lat="-41.0965973" lon="175.2058303">
                <ele>270.2</ele>
            </trkpt>
            <trkpt lat="-41.0992573" lon="175.2066672">
                <ele>291.2</ele>
            </trkpt>
            <trkpt lat="-41.1012603" lon="175.2091563">
                <ele>308</ele>
            </trkpt>
            <trkpt lat="-41.1036089" lon="175.2113745">
                <ele>339</ele>
            </trkpt>
            <trkpt lat="-41.1064181" lon="175.2112108">
                <ele>363.5</ele>
            </trkpt>
            <trkpt lat="-41.1087928" lon="175.2129087">
                <ele>405.8</ele>
            </trkpt>
            <trkpt lat="-41.1098639" lon="175.2162346">
                <ele>415</ele>
            </trkpt>
            <trkpt lat="-41.1125678" lon="175.2169776">
                <ele>460</ele>
            </trkpt>
            <trkpt lat="-41.1135136" lon="175.2203652">
                <ele>466</ele>
            </trkpt>
            <trkpt lat="-41.1147523" lon="175.2236375">
                <ele>500.5</ele>
            </trkpt>
            <trkpt lat="-41.1142774" lon="175.2271888">
                <ele>515.4</ele>
            </trkpt>
            <trkpt lat="-41.1158859" lon="175.2301097">
                <ele>549</ele>
            </trkpt>
            <trkpt lat="-41.1153383" lon="175.2336287">
                <ele>570</ele>
            </trkpt>
            <trkpt lat="-41.1144714" lon="175.23707">
                <ele>542.8</ele>
            </trkpt>
            <trkpt lat="-41.1128608" lon="175.2399507">
                <ele>499.2</ele>
            </trkpt>
            <trkpt lat="-41.112194" lon="175.2434242">
                <ele>488.8</ele>
            </trkpt>
            <trkpt lat="-41.1109754" lon="175.2467206">
                <ele>455</ele>
            </trkpt>
            <trkpt lat="-41.1093142" lon="175.2496389">
                <ele>427</ele>
            </trkpt>
            <trkpt lat="-41.1086048" lon="175.2531043">
                <ele>380.8</ele>
            </trkpt>
            <trkpt lat="-41.1079379" lon="175.2569506">
                <ele>356.5</ele>
            </trkpt>
            <trkpt lat="-41.1105672" lon="175.2582514">
                <ele>340.5</ele>
            </trkpt>
            <trkpt lat="-41.109686" lon="175.2616417">
                <ele>319.8</ele>
            </trkpt>
            <trkpt lat="-41.1091727" lon="175.2656785">
                <ele>293.5</ele>
            </trkpt>
            <trkpt lat="-41.1092515" lon="175.2693263">
                <ele>269.2</ele>
            </trkpt>
            <trkpt lat="-41.1091263" lon="175.2729928">
                <ele>242</ele>
            </trkpt>
            <trkpt lat="-41.1112745" lon="175.2751923">
                <ele>205.8</ele>
            </trkpt>
            <trkpt lat="-41.109005" lon="175.2771637">
                <ele>174.5</ele>
            </trkpt>
            <trkpt lat="-41.1081562" lon="175.280605">
                <ele>149.2</ele>
            </trkpt>
            <trkpt lat="-41.1075257" lon="175.2848053">
                <ele>137</ele>
            </trkpt>
            <trkpt lat="-41.1067354" lon="175.2883592">
                <ele>119.6</ele>
            </trkpt>
            <trkpt lat="-41.1066647" lon="175.2920312">
                <ele>114.2</ele>
            </trkpt>
            <trkpt lat="-41.1045992" lon="175.294531">
                <ele>107</ele>
            </trkpt>
            <trkpt lat="-41.1049307" lon="175.2981627">
                <ele>93</ele>
            </trkpt>
            <trkpt lat="-41.106022" lon="175.3015047">
                <ele>97.8</ele>
            </trkpt>
            <trkpt lat="-41.1084735" lon="175.3056622">
                <ele>92.5</ele>
            </trkpt>
            <trkpt lat="-41.111323" lon="175.3101709">
                <ele>65.5</ele>
            </trkpt>
            <trkpt lat="-41.1140066" lon="175.3124508">
                <ele>67</ele>
            </trkpt>
            <trkpt lat="-41.1149806" lon="175.3158894">
                <ele>53.8</ele>
            </trkpt>
            <trkpt lat="-41.1182926" lon="175.3167397">
                <ele>43</ele>
            </trkpt>
            <trkpt lat="-41.1207153" lon="175.3142667">
                <ele>44.2</ele>
            </trkpt>
            <trkpt lat="-41.1230995" lon="175.3118527">
                <ele>40</ele>
            </trkpt>
            <trkpt lat="-41.1254291" lon="175.3099135">
                <ele>36</ele>
            </trkpt>
            <trkpt lat="-41.1274899" lon="175.3074592">
                <ele>31.8</ele>
            </trkpt>
            <trkpt lat="-41.131878" lon="175.3030282">
                <ele>25</ele>
            </trkpt>
            <trkpt lat="-41.1345184" lon="175.3003594">
                <ele>20.2</ele>
            </trkpt>
            <trkpt lat="-41.1378253" lon="175.2970067">
                <ele>14.5</ele>
            </trkpt>
            <trkpt lat="-41.1393403" lon="175.2935117">
                <ele>13.1</ele>
            </trkpt>
            <trkpt lat="-41.1396999" lon="175.2893275">
                <ele>12.5</ele>
            </trkpt>
            <trkpt lat="-41.1433883" lon="175.282732">
                <ele>2</ele>
            </trkpt>
            <trkpt lat="-41.1456929" lon="175.2793309">
                <ele>6</ele>
            </trkpt>
            <trkpt lat="-41.1509846" lon="175.2714989">
                <ele>24.2</ele>
            </trkpt>
            <trkpt lat="-41.1530083" lon="175.2685162">
                <ele>25</ele>
            </trkpt>
            <trkpt lat="-41.1557892" lon="175.2643722">
                <ele>18</ele>
            </trkpt>
            <trkpt lat="-41.160341" lon="175.2575862">
                <ele>12.2</ele>
            </trkpt>
            <trkpt lat="-41.1633094" lon="175.2546331">
                <ele>12.2</ele>
            </trkpt>
            <trkpt lat="-41.165789" lon="175.2525437">
                <ele>15</ele>
            </trkpt>
            <trkpt lat="-41.1711174" lon="175.2479222">
                <ele>20.2</ele>
            </trkpt>
            <trkpt lat="-41.1740106" lon="175.2444702">
                <ele>20</ele>
            </trkpt>
            <trkpt lat="-41.1820172" lon="175.2349323">
                <ele>8.5</ele>
            </trkpt>
            <trkpt lat="-41.184274" lon="175.2318987">
                <ele>11.8</ele>
            </trkpt>
            <trkpt lat="-41.1862301" lon="175.229364">
                <ele>5.8</ele>
            </trkpt>
            <trkpt lat="-41.1882082" lon="175.2255365">
                <ele>9.5</ele>
            </trkpt>
            <trkpt lat="-41.1907959" lon="175.2223715">
                <ele>6.8</ele>
            </trkpt>
            <trkpt lat="-41.1930141" lon="175.219751">
                <ele>7</ele>
            </trkpt>
            <trkpt lat="-41.1959406" lon="175.2175945">
                <ele>4</ele>
            </trkpt>
            <trkpt lat="-41.1983807" lon="175.2156445">
                <ele>8</ele>
            </trkpt>
            <trkpt lat="-41.2006551" lon="175.2132171">
                <ele>4.5</ele>
            </trkpt>
            <trkpt lat="-41.2025844" lon="175.2105215">
                <ele>4.8</ele>
            </trkpt>
            <trkpt lat="-41.2026429" lon="175.2068657">
                <ele>8.5</ele>
            </trkpt>
            <trkpt lat="-41.2037972" lon="175.203521">
                <ele>15.5</ele>
            </trkpt>
            <trkpt lat="-41.2057163" lon="175.2006081">
                <ele>14</ele>
            </trkpt>
            <trkpt lat="-41.2084809" lon="175.1997659">
                <ele>8.8</ele>
            </trkpt>
            <trkpt lat="-41.210642" lon="175.1968369">
                <ele>13.5</ele>
            </trkpt>
            <trkpt lat="-41.212916" lon="175.1939428">
                <ele>11.8</ele>
            </trkpt>
            <trkpt lat="-41.2145927" lon="175.1908126">
                <ele>9.8</ele>
            </trkpt>
            <trkpt lat="-41.2162432" lon="175.1874787">
                <ele>6.2</ele>
            </trkpt>
            <trkpt lat="-41.2183939" lon="175.184724">
                <ele>8</ele>
            </trkpt>
            <trkpt lat="-41.220238" lon="175.1816985">
                <ele>12.8</ele>
            </trkpt>
            <trkpt lat="-41.222324" lon="175.1785576">
                <ele>8.5</ele>
            </trkpt>
            <trkpt lat="-41.224751" lon="175.1757172">
                <ele>7.8</ele>
            </trkpt>
            <trkpt lat="-41.2271678" lon="175.1709428">
                <ele>12</ele>
            </trkpt>
            <trkpt lat="-41.2295441" lon="175.1673889">
                <ele>10.5</ele>
            </trkpt>
            <trkpt lat="-41.2324468" lon="175.1678905">
                <ele>7.8</ele>
            </trkpt>
            <trkpt lat="-41.2361885" lon="175.1659057">
                <ele>11.2</ele>
            </trkpt>
            <trkpt lat="-41.2393914" lon="175.1643714">
                <ele>12.2</ele>
            </trkpt>
            <trkpt lat="-41.2429411" lon="175.1628882">
                <ele>13.8</ele>
            </trkpt>
            <trkpt lat="-41.2478942" lon="175.1612601">
                <ele>10.5</ele>
            </trkpt>
            <trkpt lat="-41.25152" lon="175.1576418">
                <ele>15</ele>
            </trkpt>
            <trkpt lat="-41.2548392" lon="175.154222">
                <ele>22.5</ele>
            </trkpt>
            <trkpt lat="-41.257646" lon="175.1525161">
                <ele>24.5</ele>
            </trkpt>
            <trkpt lat="-41.2619508" lon="175.1508263">
                <ele>27.2</ele>
            </trkpt>
            <trkpt lat="-41.2720856" lon="175.1438659">
                <ele>29.2</ele>
            </trkpt>
            <trkpt lat="-41.2775807" lon="175.1442683">
                <ele>22.8</ele>
            </trkpt>
            <trkpt lat="-41.2823417" lon="175.1448852">
                <ele>18.8</ele>
            </trkpt>
            <trkpt lat="-41.2881" lon="175.146296">
                <ele>23.5</ele>
            </trkpt>
            <trkpt lat="-41.2925781" lon="175.1460895">
                <ele>30</ele>
            </trkpt>
            <trkpt lat="-41.2973521" lon="175.1458642">
                <ele>27.1</ele>
            </trkpt>
            <trkpt lat="-41.300137" lon="175.145258">
                <ele>19.5</ele>
            </trkpt>
            <trkpt lat="-41.3027041" lon="175.1440135">
                <ele>17</ele>
            </trkpt>
            <trkpt lat="-41.3058252" lon="175.1438311">
                <ele>24.8</ele>
            </trkpt>
            <trkpt lat="-41.3092383" lon="175.1437801">
                <ele>19.8</ele>
            </trkpt>
            <trkpt lat="-41.3113658" lon="175.1461405">
                <ele>40.5</ele>
            </trkpt>
            <trkpt lat="-41.3114646" lon="175.1521674">
                <ele>41.2</ele>
            </trkpt>
            <trkpt lat="-41.3109971" lon="175.1558393">
                <ele>36</ele>
            </trkpt>
            <trkpt lat="-41.3112288" lon="175.1601416">
                <ele>32</ele>
            </trkpt>
            <trkpt lat="-41.3115995" lon="175.1639852">
                <ele>21</ele>
            </trkpt>
            <trkpt lat="-41.3131649" lon="175.1683599">
                <ele>14.8</ele>
            </trkpt>
            <trkpt lat="-41.3155966" lon="175.1719245">
                <ele>6.8</ele>
            </trkpt>
            <trkpt lat="-41.3172646" lon="175.174824">
                <ele>5.8</ele>
            </trkpt>
            <trkpt lat="-41.317597" lon="175.1815268">
                <ele>4.3</ele>
            </trkpt>
            <trkpt lat="-41.3156348" lon="175.1861617">
                <ele>2.4</ele>
            </trkpt>
            <trkpt lat="-41.3142468" lon="175.1894206">
                <ele>2.4</ele>
            </trkpt>
            <trkpt lat="-41.3145026" lon="175.194093">
                <ele>3</ele>
            </trkpt>
            <trkpt lat="-41.3145812" lon="175.197781">
                <ele>2.8</ele>
            </trkpt>
            <trkpt lat="-41.3132173" lon="175.2010936">
                <ele>4</ele>
            </trkpt>
            <trkpt lat="-41.3063128" lon="175.2108756">
                <ele>4.2</ele>
            </trkpt>
            <trkpt lat="-41.3029983" lon="175.2155668">
                <ele>3</ele>
            </trkpt>
            <trkpt lat="-41.3002821" lon="175.2194291">
                <ele>3.8</ele>
            </trkpt>
            <trkpt lat="-41.2984907" lon="175.2223447">
                <ele>4.2</ele>
            </trkpt>
            <trkpt lat="-41.297205" lon="175.226478">
                <ele>4.6</ele>
            </trkpt>
            <trkpt lat="-41.2963627" lon="175.2302492">
                <ele>4.9</ele>
            </trkpt>
            <trkpt lat="-41.296933" lon="175.2341598">
                <ele>4.6</ele>
            </trkpt>
            <trkpt lat="-41.2964634" lon="175.2380732">
                <ele>4</ele>
            </trkpt>
            <trkpt lat="-41.2943475" lon="175.2410638">
                <ele>3</ele>
            </trkpt>
            <trkpt lat="-41.2931968" lon="175.2446339">
                <ele>3.8</ele>
            </trkpt>
            <trkpt lat="-41.2934507" lon="175.2485955">
                <ele>4</ele>
            </trkpt>
            <trkpt lat="-41.294551" lon="175.251959">
                <ele>5.3</ele>
            </trkpt>
            <trkpt lat="-41.2948211" lon="175.2557999">
                <ele>4.8</ele>
            </trkpt>
            <trkpt lat="-41.293358" lon="175.2595228">
                <ele>4</ele>
            </trkpt>
            <trkpt lat="-41.2913004" lon="175.2624089">
                <ele>4</ele>
            </trkpt>
            <trkpt lat="-41.2879549" lon="175.263243">
                <ele>4.7</ele>
            </trkpt>
            <trkpt lat="-41.2849115" lon="175.2650508">
                <ele>4.3</ele>
            </trkpt>
            <trkpt lat="-41.2820192" lon="175.2659279">
                <ele>2.8</ele>
            </trkpt>
            <trkpt lat="-41.273539" lon="175.2663383">
                <ele>2.8</ele>
            </trkpt>
            <trkpt lat="-41.2688137" lon="175.2715069">
                <ele>3.8</ele>
            </trkpt>
            <trkpt lat="-41.2662009" lon="175.2746719">
                <ele>4.5</ele>
            </trkpt>
            <trkpt lat="-41.2638601" lon="175.2785048">
                <ele>4</ele>
            </trkpt>
            <trkpt lat="-41.2622526" lon="175.2814086">
                <ele>4.5</ele>
            </trkpt>
            <trkpt lat="-41.2595454" lon="175.2779227">
                <ele>5.8</ele>
            </trkpt>
            <trkpt lat="-41.2616423" lon="175.2807176">
                <ele>6</ele>
            </trkpt>
            <trkpt lat="-41.2638601" lon="175.2785048">
                <ele>4</ele>
            </trkpt>
            <trkpt lat="-41.2658521" lon="175.2751762">
                <ele>4.2</ele>
            </trkpt>
            <trkpt lat="-41.2688137" lon="175.2715069">
                <ele>3.8</ele>
            </trkpt>
            <trkpt lat="-41.2715352" lon="175.268181">
                <ele>4.3</ele>
            </trkpt>
            <trkpt lat="-41.2805659" lon="175.2654719">
                <ele>1.6</ele>
            </trkpt>
            <trkpt lat="-41.2833072" lon="175.2671966">
                <ele>3</ele>
            </trkpt>
            <trkpt lat="-41.2868081" lon="175.2637178">
                <ele>4.5</ele>
            </trkpt>
            <trkpt lat="-41.2900912" lon="175.2628997">
                <ele>4.3</ele>
            </trkpt>
            <trkpt lat="-41.2927131" lon="175.2608532">
                <ele>3.8</ele>
            </trkpt>
            <trkpt lat="-41.2944865" lon="175.2567735">
                <ele>4.6</ele>
            </trkpt>
            <trkpt lat="-41.2948231" lon="175.2529272">
                <ele>5.5</ele>
            </trkpt>
            <trkpt lat="-41.2934507" lon="175.2485955">
                <ele>4</ele>
            </trkpt>
            <trkpt lat="-41.2931968" lon="175.2446339">
                <ele>3.8</ele>
            </trkpt>
            <trkpt lat="-41.2943475" lon="175.2410638">
                <ele>3</ele>
            </trkpt>
            <trkpt lat="-41.2964634" lon="175.2380732">
                <ele>4</ele>
            </trkpt>
            <trkpt lat="-41.296933" lon="175.2341598">
                <ele>4.6</ele>
            </trkpt>
            <trkpt lat="-41.2963627" lon="175.2302492">
                <ele>4.9</ele>
            </trkpt>
            <trkpt lat="-41.297205" lon="175.226478">
                <ele>4.6</ele>
            </trkpt>
            <trkpt lat="-41.2984907" lon="175.2223447">
                <ele>4.2</ele>
            </trkpt>
            <trkpt lat="-41.3002821" lon="175.2194291">
                <ele>3.8</ele>
            </trkpt>
            <trkpt lat="-41.3029983" lon="175.2155668">
                <ele>3</ele>
            </trkpt>
            <trkpt lat="-41.3063128" lon="175.2108756">
                <ele>4.2</ele>
            </trkpt>
            <trkpt lat="-41.3125605" lon="175.2020618">
                <ele>4</ele>
            </trkpt>
            <trkpt lat="-41.314273" lon="175.1990309">
                <ele>2.9</ele>
            </trkpt>
            <trkpt lat="-41.3146255" lon="175.1951927">
                <ele>3.8</ele>
            </trkpt>
            <trkpt lat="-41.3141017" lon="175.1908314">
                <ele>2.7</ele>
            </trkpt>
            <trkpt lat="-41.3150325" lon="175.1871541">
                <ele>2</ele>
            </trkpt>
            <trkpt lat="-41.3172465" lon="175.1834446">
                <ele>4</ele>
            </trkpt>
            <trkpt lat="-41.3176554" lon="175.1775491">
                <ele>5</ele>
            </trkpt>
            <trkpt lat="-41.3168536" lon="175.1738396">
                <ele>5.6</ele>
            </trkpt>
            <trkpt lat="-41.3140373" lon="175.1696339">
                <ele>12</ele>
            </trkpt>
            <trkpt lat="-41.3123591" lon="175.1665762">
                <ele>15.2</ele>
            </trkpt>
            <trkpt lat="-41.3114061" lon="175.163025">
                <ele>24</ele>
            </trkpt>
            <trkpt lat="-41.311249" lon="175.1588354">
                <ele>30.2</ele>
            </trkpt>
            <trkpt lat="-41.3110173" lon="175.1551205">
                <ele>38.5</ele>
            </trkpt>
            <trkpt lat="-41.3118937" lon="175.1487583">
                <ele>44</ele>
            </trkpt>
            <trkpt lat="-41.3113618" lon="175.1451936">
                <ele>36.5</ele>
            </trkpt>
            <trkpt lat="-41.3139325" lon="175.1409048">
                <ele>33.2</ele>
            </trkpt>
            <trkpt lat="-41.3167126" lon="175.1410738">
                <ele>34.8</ele>
            </trkpt>
            <trkpt lat="-41.3193254" lon="175.142498">
                <ele>31.5</ele>
            </trkpt>
            <trkpt lat="-41.3222382" lon="175.1429513">
                <ele>28</ele>
            </trkpt>
            <trkpt lat="-41.3248488" lon="175.1408914">
                <ele>22</ele>
            </trkpt>
            <trkpt lat="-41.3273505" lon="175.1393276">
                <ele>20.2</ele>
            </trkpt>
            <trkpt lat="-41.3305087" lon="175.1393464">
                <ele>19.2</ele>
            </trkpt>
            <trkpt lat="-41.3327121" lon="175.141578">
                <ele>12</ele>
            </trkpt>
            <trkpt lat="-41.3350161" lon="175.143536">
                <ele>7</ele>
            </trkpt>
            <trkpt lat="-41.3379322" lon="175.1416209">
                <ele>7.5</ele>
            </trkpt>
            <trkpt lat="-41.3411544" lon="175.1389253">
                <ele>12</ele>
            </trkpt>
            <trkpt lat="-41.3429144" lon="175.1351434">
                <ele>20.8</ele>
            </trkpt>
            <trkpt lat="-41.3432789" lon="175.1314259">
                <ele>21.2</ele>
            </trkpt>
            <trkpt lat="-41.3473082" lon="175.1259568">
                <ele>13.2</ele>
            </trkpt>
            <trkpt lat="-41.3500224" lon="175.1243797">
                <ele>13</ele>
            </trkpt>
            <trkpt lat="-41.3520399" lon="175.1212335">
                <ele>16.7</ele>
            </trkpt>
            <trkpt lat="-41.3548023" lon="175.1204798">
                <ele>11</ele>
            </trkpt>
            <trkpt lat="-41.3570894" lon="175.1182991">
                <ele>12.5</ele>
            </trkpt>
            <trkpt lat="-41.3604556" lon="175.1175427">
                <ele>8.5</ele>
            </trkpt>
            <trkpt lat="-41.3629478" lon="175.1146862">
                <ele>11.8</ele>
            </trkpt>
            <trkpt lat="-41.3643509" lon="175.1114944">
                <ele>10.8</ele>
            </trkpt>
            <trkpt lat="-41.3669135" lon="175.1129052">
                <ele>11.2</ele>
            </trkpt>
            <trkpt lat="-41.369947" lon="175.1154238">
                <ele>10</ele>
            </trkpt>
            <trkpt lat="-41.3714023" lon="175.111666">
                <ele>7</ele>
            </trkpt>
            <trkpt lat="-41.3721954" lon="175.108147">
                <ele>8.5</ele>
            </trkpt>
            <trkpt lat="-41.3709414" lon="175.1037052">
                <ele>6.2</ele>
            </trkpt>
            <trkpt lat="-41.3739888" lon="175.1036891">
                <ele>9</ele>
            </trkpt>
            <trkpt lat="-41.3747133" lon="175.1001808">
                <ele>34.2</ele>
            </trkpt>
            <trkpt lat="-41.3738116" lon="175.0954869">
                <ele>62.2</ele>
            </trkpt>
            <trkpt lat="-41.3729602" lon="175.0905517">
                <ele>80</ele>
            </trkpt>
            <trkpt lat="-41.3703456" lon="175.0879848">
                <ele>93.8</ele>
            </trkpt>
            <trkpt lat="-41.372614" lon="175.0858551">
                <ele>71.5</ele>
            </trkpt>
            <trkpt lat="-41.3752628" lon="175.0803968">
                <ele>43</ele>
            </trkpt>
            <trkpt lat="-41.3773459" lon="175.0779721">
                <ele>15</ele>
            </trkpt>
            <trkpt lat="-41.3749569" lon="175.0796592">
                <ele>32.8</ele>
            </trkpt>
            <trkpt lat="-41.3744295" lon="175.0834438">
                <ele>51.8</ele>
            </trkpt>
            <trkpt lat="-41.3724772" lon="175.0860107">
                <ele>73</ele>
            </trkpt>
            <trkpt lat="-41.3724772" lon="175.0897095">
                <ele>85.5</ele>
            </trkpt>
            <trkpt lat="-41.3733728" lon="175.0936657">
                <ele>71.2</ele>
            </trkpt>
            <trkpt lat="-41.3745382" lon="175.0984991">
                <ele>43.8</ele>
            </trkpt>
            <trkpt lat="-41.3747959" lon="175.1022756">
                <ele>26.5</ele>
            </trkpt>
            <trkpt lat="-41.371362" lon="175.1030561">
                <ele>5.2</ele>
            </trkpt>
            <trkpt lat="-41.3717042" lon="175.1070204">
                <ele>10.1</ele>
            </trkpt>
            <trkpt lat="-41.3715754" lon="175.1109365">
                <ele>7</ele>
            </trkpt>
            <trkpt lat="-41.3710038" lon="175.1144797">
                <ele>14.8</ele>
            </trkpt>
            <trkpt lat="-41.3681434" lon="175.1142919">
                <ele>11.7</ele>
            </trkpt>
            <trkpt lat="-41.3659392" lon="175.1121515">
                <ele>10.2</ele>
            </trkpt>
            <trkpt lat="-41.3633424" lon="175.1133826">
                <ele>17</ele>
            </trkpt>
            <trkpt lat="-41.3615608" lon="175.1170036">
                <ele>9</ele>
            </trkpt>
            <trkpt lat="-41.358853" lon="175.1175508">
                <ele>13.8</ele>
            </trkpt>
            <trkpt lat="-41.3563002" lon="175.118849">
                <ele>14</ele>
            </trkpt>
            <trkpt lat="-41.3536446" lon="175.1202732">
                <ele>14</ele>
            </trkpt>
            <trkpt lat="-41.3514943" lon="175.1230413">
                <ele>13</ele>
            </trkpt>
            <trkpt lat="-41.34877" lon="175.1249859">
                <ele>15.8</ele>
            </trkpt>
            <trkpt lat="-41.3442475" lon="175.1282474">
                <ele>21.8</ele>
            </trkpt>
            <trkpt lat="-41.343291" lon="175.1316619">
                <ele>22</ele>
            </trkpt>
            <trkpt lat="-41.3427211" lon="175.1360875">
                <ele>19.8</ele>
            </trkpt>
            <trkpt lat="-41.3398917" lon="175.1402637">
                <ele>8.5</ele>
            </trkpt>
            <trkpt lat="-41.3353041" lon="175.1433617">
                <ele>7</ele>
            </trkpt>
            <trkpt lat="-41.3327121" lon="175.141578">
                <ele>12</ele>
            </trkpt>
            <trkpt lat="-41.3305087" lon="175.1393464">
                <ele>19.2</ele>
            </trkpt>
            <trkpt lat="-41.3276204" lon="175.1392418">
                <ele>21</ele>
            </trkpt>
            <trkpt lat="-41.3251066" lon="175.140591">
                <ele>21.5</ele>
            </trkpt>
            <trkpt lat="-41.3227741" lon="175.1428655">
                <ele>27.5</ele>
            </trkpt>
            <trkpt lat="-41.3197767" lon="175.1426911">
                <ele>29.5</ele>
            </trkpt>
            <trkpt lat="-41.3172445" lon="175.1411623">
                <ele>33.5</ele>
            </trkpt>
            <trkpt lat="-41.3145167" lon="175.1406178">
                <ele>32.8</ele>
            </trkpt>
            <trkpt lat="-41.3116539" lon="175.1428843">
                <ele>26</ele>
            </trkpt>
            <trkpt lat="-41.311668" lon="175.1472723">
                <ele>44</ele>
            </trkpt>
            <trkpt lat="-41.3114646" lon="175.1521674">
                <ele>41.2</ele>
            </trkpt>
            <trkpt lat="-41.3109971" lon="175.1558393">
                <ele>36</ele>
            </trkpt>
            <trkpt lat="-41.3112288" lon="175.1601416">
                <ele>32</ele>
            </trkpt>
            <trkpt lat="-41.3115995" lon="175.1639852">
                <ele>21</ele>
            </trkpt>
            <trkpt lat="-41.3131649" lon="175.1683599">
                <ele>14.8</ele>
            </trkpt>
            <trkpt lat="-41.3155966" lon="175.1719245">
                <ele>6.8</ele>
            </trkpt>
            <trkpt lat="-41.3172646" lon="175.174824">
                <ele>5.8</ele>
            </trkpt>
            <trkpt lat="-41.317597" lon="175.1815268">
                <ele>4.3</ele>
            </trkpt>
            <trkpt lat="-41.3156348" lon="175.1861617">
                <ele>2.4</ele>
            </trkpt>
            <trkpt lat="-41.3142468" lon="175.1894206">
                <ele>2.4</ele>
            </trkpt>
            <trkpt lat="-41.3145026" lon="175.194093">
                <ele>3</ele>
            </trkpt>
            <trkpt lat="-41.3145812" lon="175.197781">
                <ele>2.8</ele>
            </trkpt>
            <trkpt lat="-41.3132173" lon="175.2010936">
                <ele>4</ele>
            </trkpt>
            <trkpt lat="-41.3063128" lon="175.2108756">
                <ele>4.2</ele>
            </trkpt>
            <trkpt lat="-41.3029983" lon="175.2155668">
                <ele>3</ele>
            </trkpt>
            <trkpt lat="-41.3002821" lon="175.2194291">
                <ele>3.8</ele>
            </trkpt>
            <trkpt lat="-41.2984907" lon="175.2223447">
                <ele>4.2</ele>
            </trkpt>
            <trkpt lat="-41.297205" lon="175.226478">
                <ele>4.6</ele>
            </trkpt>
            <trkpt lat="-41.2963627" lon="175.2302492">
                <ele>4.9</ele>
            </trkpt>
            <trkpt lat="-41.296933" lon="175.2341598">
                <ele>4.6</ele>
            </trkpt>
            <trkpt lat="-41.2964634" lon="175.2380732">
                <ele>4</ele>
            </trkpt>
            <trkpt lat="-41.2943475" lon="175.2410638">
                <ele>3</ele>
            </trkpt>
            <trkpt lat="-41.2931968" lon="175.2446339">
                <ele>3.8</ele>
            </trkpt>
            <trkpt lat="-41.2934507" lon="175.2485955">
                <ele>4</ele>
            </trkpt>
            <trkpt lat="-41.294551" lon="175.251959">
                <ele>5.3</ele>
            </trkpt>
            <trkpt lat="-41.2948211" lon="175.2557999">
                <ele>4.8</ele>
            </trkpt>
            <trkpt lat="-41.293358" lon="175.2595228">
                <ele>4</ele>
            </trkpt>
            <trkpt lat="-41.2913004" lon="175.2624089">
                <ele>4</ele>
            </trkpt>
            <trkpt lat="-41.2879549" lon="175.263243">
                <ele>4.7</ele>
            </trkpt>
            <trkpt lat="-41.2849115" lon="175.2650508">
                <ele>4.3</ele>
            </trkpt>
            <trkpt lat="-41.2850808" lon="175.2689454">
                <ele>4.1</ele>
            </trkpt>
            <trkpt lat="-41.2886643" lon="175.2705842">
                <ele>5.1</ele>
            </trkpt>
            <trkpt lat="-41.2958005" lon="175.2706459">
                <ele>6</ele>
            </trkpt>
            <trkpt lat="-41.2991637" lon="175.2701899">
                <ele>5</ele>
            </trkpt>
            <trkpt lat="-41.3018376" lon="175.27078">
                <ele>17.2</ele>
            </trkpt>
            <trkpt lat="-41.3053074" lon="175.2732557">
                <ele>29.8</ele>
            </trkpt>
            <trkpt lat="-41.3034698" lon="175.2770859">
                <ele>30.8</ele>
            </trkpt>
            <trkpt lat="-41.3015273" lon="175.2799022">
                <ele>24.8</ele>
            </trkpt>
            <trkpt lat="-41.3003365" lon="175.2834213">
                <ele>20.2</ele>
            </trkpt>
            <trkpt lat="-41.2990609" lon="175.2869189">
                <ele>25</ele>
            </trkpt>
            <trkpt lat="-41.2976282" lon="175.2907276">
                <ele>19.2</ele>
            </trkpt>
            <trkpt lat="-41.2966226" lon="175.2945176">
                <ele>20.8</ele>
            </trkpt>
            <trkpt lat="-41.2951354" lon="175.3000376">
                <ele>27.5</ele>
            </trkpt>
            <trkpt lat="-41.2919655" lon="175.3078052">
                <ele>21</ele>
            </trkpt>
            <trkpt lat="-41.2902383" lon="175.3119627">
                <ele>28.8</ele>
            </trkpt>
            <trkpt lat="-41.2871124" lon="175.3178743">
                <ele>33.5</ele>
            </trkpt>
            <trkpt lat="-41.2855887" lon="175.3209427">
                <ele>38.5</ele>
            </trkpt>
            <trkpt lat="-41.2860886" lon="175.3246522">
                <ele>29.5</ele>
            </trkpt>
            <trkpt lat="-41.2866166" lon="175.329912">
                <ele>44.2</ele>
            </trkpt>
            <trkpt lat="-41.2858306" lon="175.3333506">
                <ele>36</ele>
            </trkpt>
            <trkpt lat="-41.284839" lon="175.3368026">
                <ele>35.8</ele>
            </trkpt>
            <trkpt lat="-41.2839199" lon="175.3411612">
                <ele>41</ele>
            </trkpt>
            <trkpt lat="-41.2835712" lon="175.3447688">
                <ele>46.8</ele>
            </trkpt>
            <trkpt lat="-41.2800177" lon="175.3539741">
                <ele>18.2</ele>
            </trkpt>
            <trkpt lat="-41.2782036" lon="175.3573349">
                <ele>11.2</ele>
            </trkpt>
            <trkpt lat="-41.2750791" lon="175.3637132">
                <ele>8.8</ele>
            </trkpt>
            <trkpt lat="-41.2730975" lon="175.3671142">
                <ele>7.5</ele>
            </trkpt>
            <trkpt lat="-41.269737" lon="175.3709552">
                <ele>10.5</ele>
            </trkpt>
            <trkpt lat="-41.2674085" lon="175.3728783">
                <ele>10.8</ele>
            </trkpt>
            <trkpt lat="-41.2644347" lon="175.377894">
                <ele>12.5</ele>
            </trkpt>
            <trkpt lat="-41.2597934" lon="175.3862008">
                <ele>24.2</ele>
            </trkpt>
            <trkpt lat="-41.2577569" lon="175.389854">
                <ele>26.2</ele>
            </trkpt>
            <trkpt lat="-41.2539036" lon="175.3967634">
                <ele>26.2</ele>
            </trkpt>
            <trkpt lat="-41.247624" lon="175.4079697">
                <ele>19</ele>
            </trkpt>
            <trkpt lat="-41.2449296" lon="175.4128057">
                <ele>21.5</ele>
            </trkpt>
            <trkpt lat="-41.2425176" lon="175.4171374">
                <ele>21.9</ele>
            </trkpt>
            <trkpt lat="-41.2381813" lon="175.4249078">
                <ele>22.5</ele>
            </trkpt>
            <trkpt lat="-41.2341734" lon="175.432072">
                <ele>23.2</ele>
            </trkpt>
            <trkpt lat="-41.2322653" lon="175.4354784">
                <ele>23.5</ele>
            </trkpt>
            <trkpt lat="-41.2306435" lon="175.4383644">
                <ele>24.5</ele>
            </trkpt>
            <trkpt lat="-41.2286081" lon="175.4420149">
                <ele>24.5</ele>
            </trkpt>
            <trkpt lat="-41.2265303" lon="175.4457566">
                <ele>29</ele>
            </trkpt>
            <trkpt lat="-41.2242587" lon="175.4498041">
                <ele>27</ele>
            </trkpt>
            <trkpt lat="-41.2224532" lon="175.4530334">
                <ele>29</ele>
            </trkpt>
            <trkpt lat="-41.2208311" lon="175.4559249">
                <ele>31.2</ele>
            </trkpt>
            <trkpt lat="-41.2190254" lon="175.4587895">
                <ele>33</ele>
            </trkpt>
            <trkpt lat="-41.2208069" lon="175.4559678">
                <ele>31.2</ele>
            </trkpt>
            <trkpt lat="-41.2224532" lon="175.4530334">
                <ele>29</ele>
            </trkpt>
            <trkpt lat="-41.2242587" lon="175.4498041">
                <ele>27</ele>
            </trkpt>
            <trkpt lat="-41.2265303" lon="175.4457566">
                <ele>29</ele>
            </trkpt>
            <trkpt lat="-41.2285698" lon="175.4420847">
                <ele>25</ele>
            </trkpt>
            <trkpt lat="-41.2336551" lon="175.4449761">
                <ele>32.2</ele>
            </trkpt>
            <trkpt lat="-41.237201" lon="175.4470226">
                <ele>38</ele>
            </trkpt>
            <trkpt lat="-41.2404745" lon="175.4488948">
                <ele>39.8</ele>
            </trkpt>
            <trkpt lat="-41.2446433" lon="175.4512766">
                <ele>54</ele>
            </trkpt>
            <trkpt lat="-41.24738" lon="175.4528376">
                <ele>64.5</ele>
            </trkpt>
            <trkpt lat="-41.249937" lon="175.4553428">
                <ele>88</ele>
            </trkpt>
            <trkpt lat="-41.252492" lon="175.4576334">
                <ele>101.8</ele>
            </trkpt>
            <trkpt lat="-41.2547142" lon="175.4612598">
                <ele>119.5</ele>
            </trkpt>
            <trkpt lat="-41.2561962" lon="175.4643363">
                <ele>136.5</ele>
            </trkpt>
            <trkpt lat="-41.2612068" lon="175.4653367">
                <ele>112.8</ele>
            </trkpt>
            <trkpt lat="-41.2638097" lon="175.4629093">
                <ele>89</ele>
            </trkpt>
            <trkpt lat="-41.2804128" lon="175.4621825">
                <ele>99.5</ele>
            </trkpt>
            <trkpt lat="-41.2862599" lon="175.4622468">
                <ele>119.5</ele>
            </trkpt>
            <trkpt lat="-41.2926587" lon="175.4623005">
                <ele>136</ele>
            </trkpt>
            <trkpt lat="-41.2954035" lon="175.4627028">
                <ele>127.8</ele>
            </trkpt>
            <trkpt lat="-41.296806" lon="175.4684749">
                <ele>109.5</ele>
            </trkpt>
            <trkpt lat="-41.2956574" lon="175.4717606">
                <ele>98.2</ele>
            </trkpt>
            <trkpt lat="-41.2965622" lon="175.4751617">
                <ele>76.8</ele>
            </trkpt>
            <trkpt lat="-41.2945027" lon="175.4792011">
                <ele>93.8</ele>
            </trkpt>
            <trkpt lat="-41.2972171" lon="175.4804242">
                <ele>116.5</ele>
            </trkpt>
            <trkpt lat="-41.2998992" lon="175.4797885">
                <ele>118.8</ele>
            </trkpt>
            <trkpt lat="-41.3029882" lon="175.4783562">
                <ele>122.2</ele>
            </trkpt>
            <trkpt lat="-41.3057224" lon="175.4777661">
                <ele>127.8</ele>
            </trkpt>
            <trkpt lat="-41.3099696" lon="175.4743543">
                <ele>131</ele>
            </trkpt>
            <trkpt lat="-41.3122281" lon="175.4722005">
                <ele>134.2</ele>
            </trkpt>
            <trkpt lat="-41.3153125" lon="175.4725733">
                <ele>123.5</ele>
            </trkpt>
            <trkpt lat="-41.3178488" lon="175.4738259">
                <ele>107.8</ele>
            </trkpt>
            <trkpt lat="-41.3206529" lon="175.476881">
                <ele>111.2</ele>
            </trkpt>
            <trkpt lat="-41.323606" lon="175.4781255">
                <ele>120.5</ele>
            </trkpt>
            <trkpt lat="-41.3274049" lon="175.4794747">
                <ele>159.5</ele>
            </trkpt>
            <trkpt lat="-41.3317292" lon="175.4795927">
                <ele>199.2</ele>
            </trkpt>
            <trkpt lat="-41.3341602" lon="175.4816312">
                <ele>214</ele>
            </trkpt>
            <trkpt lat="-41.337467" lon="175.4796678">
                <ele>243.8</ele>
            </trkpt>
            <trkpt lat="-41.3404052" lon="175.4803169">
                <ele>253.8</ele>
            </trkpt>
            <trkpt lat="-41.3431661" lon="175.4798743">
                <ele>257.8</ele>
            </trkpt>
            <trkpt lat="-41.3455221" lon="175.4818618">
                <ele>270.2</ele>
            </trkpt>
            <trkpt lat="-41.3480129" lon="175.4834121">
                <ele>293</ele>
            </trkpt>
            <trkpt lat="-41.3491466" lon="175.488731">
                <ele>314.8</ele>
            </trkpt>
            <trkpt lat="-41.3510151" lon="175.4924136">
                <ele>310.2</ele>
            </trkpt>
            <trkpt lat="-41.3529299" lon="175.4949805">
                <ele>333</ele>
            </trkpt>
            <trkpt lat="-41.3565398" lon="175.4918745">
                <ele>338.8</ele>
            </trkpt>
            <trkpt lat="-41.3593322" lon="175.4909331">
                <ele>330</ele>
            </trkpt>
            <trkpt lat="-41.3596201" lon="175.4953775">
                <ele>276.8</ele>
            </trkpt>
            <trkpt lat="-41.3605723" lon="175.4987732">
                <ele>252</ele>
            </trkpt>
            <trkpt lat="-41.3636142" lon="175.5004308">
                <ele>235.5</ele>
            </trkpt>
            <trkpt lat="-41.3662432" lon="175.4994866">
                <ele>208.5</ele>
            </trkpt>
            <trkpt lat="-41.3688057" lon="175.4969975">
                <ele>171.5</ele>
            </trkpt>
            <trkpt lat="-41.3719297" lon="175.4974562">
                <ele>152.5</ele>
            </trkpt>
            <trkpt lat="-41.3754842" lon="175.4964289">
                <ele>125.2</ele>
            </trkpt>
            <trkpt lat="-41.3785052" lon="175.4956993">
                <ele>111.5</ele>
            </trkpt>
            <trkpt lat="-41.3819528" lon="175.4957476">
                <ele>97.5</ele>
            </trkpt>
            <trkpt lat="-41.38312" lon="175.4990762">
                <ele>93.5</ele>
            </trkpt>
            <trkpt lat="-41.3832407" lon="175.5036387">
                <ele>87.2</ele>
            </trkpt>
            <trkpt lat="-41.3833454" lon="175.5076352">
                <ele>78.5</ele>
            </trkpt>
            <trkpt lat="-41.3850862" lon="175.5105239">
                <ele>79</ele>
            </trkpt>
            <trkpt lat="-41.3875332" lon="175.5131391">
                <ele>67.5</ele>
            </trkpt>
            <trkpt lat="-41.3898474" lon="175.5152097">
                <ele>74.5</ele>
            </trkpt>
            <trkpt lat="-41.3923164" lon="175.5117309">
                <ele>68.2</ele>
            </trkpt>
            <trkpt lat="-41.392254" lon="175.508">
                <ele>68.8</ele>
            </trkpt>
            <trkpt lat="-41.3941897" lon="175.5054411">
                <ele>66</ele>
            </trkpt>
            <trkpt lat="-41.3958537" lon="175.5083835">
                <ele>63.2</ele>
            </trkpt>
            <trkpt lat="-41.3975137" lon="175.5054143">
                <ele>67</ele>
            </trkpt>
            <trkpt lat="-41.3976283" lon="175.5015841">
                <ele>66.2</ele>
            </trkpt>
            <trkpt lat="-41.3989241" lon="175.4982689">
                <ele>66.5</ele>
            </trkpt>
            <trkpt lat="-41.4000085" lon="175.4948276">
                <ele>62.2</ele>
            </trkpt>
            <trkpt lat="-41.4022941" lon="175.4926899">
                <ele>60.5</ele>
            </trkpt>
            <trkpt lat="-41.4047908" lon="175.4908124">
                <ele>62</ele>
            </trkpt>
            <trkpt lat="-41.4068247" lon="175.4882535">
                <ele>56.5</ele>
            </trkpt>
            <trkpt lat="-41.409287" lon="175.486486">
                <ele>51</ele>
            </trkpt>
            <trkpt lat="-41.4121334" lon="175.486266">
                <ele>45.8</ele>
            </trkpt>
            <trkpt lat="-41.4145473" lon="175.4879612">
                <ele>50.8</ele>
            </trkpt>
            <trkpt lat="-41.4172889" lon="175.4867274">
                <ele>54</ele>
            </trkpt>
            <trkpt lat="-41.4180191" lon="175.4904664">
                <ele>57.3</ele>
            </trkpt>
            <trkpt lat="-41.4194632" lon="175.4937172">
                <ele>47.8</ele>
            </trkpt>
            <trkpt lat="-41.4212312" lon="175.4967266">
                <ele>52</ele>
            </trkpt>
            <trkpt lat="-41.4222167" lon="175.5001116">
                <ele>45.5</ele>
            </trkpt>
            <trkpt lat="-41.4243064" lon="175.5026034">
                <ele>49.2</ele>
            </trkpt>
            <trkpt lat="-41.4266635" lon="175.504607">
                <ele>42</ele>
            </trkpt>
            <trkpt lat="-41.4290185" lon="175.506506">
                <ele>42.5</ele>
            </trkpt>
            <trkpt lat="-41.4308123" lon="175.5099875">
                <ele>33</ele>
            </trkpt>
            <trkpt lat="-41.4339976" lon="175.5117095">
                <ele>37.1</ele>
            </trkpt>
            <trkpt lat="-41.4367968" lon="175.5120099">
                <ele>36.8</ele>
            </trkpt>
            <trkpt lat="-41.4378906" lon="175.5155236">
                <ele>33.6</ele>
            </trkpt>
            <trkpt lat="-41.4396541" lon="175.5184659">
                <ele>30.2</ele>
            </trkpt>
            <trkpt lat="-41.4418899" lon="175.5213198">
                <ele>42</ele>
            </trkpt>
            <trkpt lat="-41.4450104" lon="175.5230364">
                <ele>35.5</ele>
            </trkpt>
            <trkpt lat="-41.4480021" lon="175.5206332">
                <ele>32.5</ele>
            </trkpt>
            <trkpt lat="-41.4516912" lon="175.5214861">
                <ele>25.2</ele>
            </trkpt>
            <trkpt lat="-41.4545579" lon="175.5213895">
                <ele>44.8</ele>
            </trkpt>
            <trkpt lat="-41.4572475" lon="175.5205795">
                <ele>37.5</ele>
            </trkpt>
            <trkpt lat="-41.4600497" lon="175.5209094">
                <ele>46.2</ele>
            </trkpt>
            <trkpt lat="-41.4628175" lon="175.5181199">
                <ele>31</ele>
            </trkpt>
            <trkpt lat="-41.4657782" lon="175.518761">
                <ele>19.9</ele>
            </trkpt>
            <trkpt lat="-41.4685076" lon="175.5205929">
                <ele>27.5</ele>
            </trkpt>
            <trkpt lat="-41.4710902" lon="175.5195093">
                <ele>25</ele>
            </trkpt>
            <trkpt lat="-41.4723623" lon="175.5163282">
                <ele>23.2</ele>
            </trkpt>
            <trkpt lat="-41.4753929" lon="175.5143782">
                <ele>19.5</ele>
            </trkpt>
            <trkpt lat="-41.4778044" lon="175.5111274">
                <ele>22.5</ele>
            </trkpt>
            <trkpt lat="-41.4817872" lon="175.510709">
                <ele>23.2</ele>
            </trkpt>
            <trkpt lat="-41.4850645" lon="175.5096924">
                <ele>17.2</ele>
            </trkpt>
            <trkpt lat="-41.4880704" lon="175.5081019">
                <ele>23.5</ele>
            </trkpt>
            <trkpt lat="-41.4904995" lon="175.5112588">
                <ele>24.5</ele>
            </trkpt>
            <trkpt lat="-41.4923017" lon="175.5144158">
                <ele>14.8</ele>
            </trkpt>
            <trkpt lat="-41.495044" lon="175.5150005">
                <ele>21.8</ele>
            </trkpt>
            <trkpt lat="-41.4959139" lon="175.5113178">
                <ele>17.5</ele>
            </trkpt>
            <trkpt lat="-41.4984251" lon="175.5128601">
                <ele>23.8</ele>
            </trkpt>
            <trkpt lat="-41.5019988" lon="175.5140162">
                <ele>18.5</ele>
            </trkpt>
            <trkpt lat="-41.5044575" lon="175.5157301">
                <ele>6</ele>
            </trkpt>
            <trkpt lat="-41.5074485" lon="175.5129701">
                <ele>5.8</ele>
            </trkpt>
            <trkpt lat="-41.5099994" lon="175.5073348">
                <ele>8.2</ele>
            </trkpt>
            <trkpt lat="-41.512036" lon="175.5049503">
                <ele>9.5</ele>
            </trkpt>
            <trkpt lat="-41.5099994" lon="175.5073348">
                <ele>8.2</ele>
            </trkpt>
            <trkpt lat="-41.508513" lon="175.5106312">
                <ele>7</ele>
            </trkpt>
            <trkpt lat="-41.5066992" lon="175.5142897">
                <ele>8</ele>
            </trkpt>
            <trkpt lat="-41.5038449" lon="175.5156174">
                <ele>8</ele>
            </trkpt>
            <trkpt lat="-41.5008237" lon="175.5137184">
                <ele>22.5</ele>
            </trkpt>
            <trkpt lat="-41.498176" lon="175.5125195">
                <ele>23.2</ele>
            </trkpt>
            <trkpt lat="-41.495044" lon="175.5150005">
                <ele>21.8</ele>
            </trkpt>
            <trkpt lat="-41.4923017" lon="175.5144158">
                <ele>14.8</ele>
            </trkpt>
            <trkpt lat="-41.4904995" lon="175.5112588">
                <ele>24.5</ele>
            </trkpt>
            <trkpt lat="-41.4887635" lon="175.508303">
                <ele>22.2</ele>
            </trkpt>
            <trkpt lat="-41.4862098" lon="175.5095422">
                <ele>18.2</ele>
            </trkpt>
            <trkpt lat="-41.4832923" lon="175.5103335">
                <ele>23</ele>
            </trkpt>
            <trkpt lat="-41.4780717" lon="175.5109665">
                <ele>23</ele>
            </trkpt>
            <trkpt lat="-41.4761184" lon="175.5135629">
                <ele>23.8</ele>
            </trkpt>
            <trkpt lat="-41.473321" lon="175.5158105">
                <ele>26.8</ele>
            </trkpt>
            <trkpt lat="-41.4713334" lon="175.5185464">
                <ele>26.5</ele>
            </trkpt>
            <trkpt lat="-41.4685076" lon="175.5205929">
                <ele>27.5</ele>
            </trkpt>
            <trkpt lat="-41.4659611" lon="175.5189595">
                <ele>19.8</ele>
            </trkpt>
            <trkpt lat="-41.4634125" lon="175.5175996">
                <ele>24.5</ele>
            </trkpt>
            <trkpt lat="-41.4612215" lon="175.5198231">
                <ele>42.8</ele>
            </trkpt>
            <trkpt lat="-41.4584014" lon="175.5201396">
                <ele>38</ele>
            </trkpt>
            <trkpt lat="-41.4557861" lon="175.521403">
                <ele>42.5</ele>
            </trkpt>
            <trkpt lat="-41.4530783" lon="175.5220172">
                <ele>38.5</ele>
            </trkpt>
            <trkpt lat="-41.4502859" lon="175.5205795">
                <ele>28.8</ele>
            </trkpt>
            <trkpt lat="-41.4469727" lon="175.5218777">
                <ele>35.8</ele>
            </trkpt>
            <trkpt lat="-41.4437558" lon="175.5228218">
                <ele>34.5</ele>
            </trkpt>
            <trkpt lat="-41.4402171" lon="175.5198607">
                <ele>33.2</ele>
            </trkpt>
            <trkpt lat="-41.4383692" lon="175.5169854">
                <ele>31.8</ele>
            </trkpt>
            <trkpt lat="-41.4378645" lon="175.5133134">
                <ele>34.9</ele>
            </trkpt>
            <trkpt lat="-41.4348" lon="175.5116585">
                <ele>36.5</ele>
            </trkpt>
            <trkpt lat="-41.4320028" lon="175.5117282">
                <ele>38.5</ele>
            </trkpt>
            <trkpt lat="-41.4293503" lon="175.5070478">
                <ele>39.5</ele>
            </trkpt>
            <trkpt lat="-41.4267922" lon="175.5046982">
                <ele>42</ele>
            </trkpt>
            <trkpt lat="-41.4244673" lon="175.5028313">
                <ele>48.8</ele>
            </trkpt>
            <trkpt lat="-41.4222167" lon="175.5001116">
                <ele>45.5</ele>
            </trkpt>
            <trkpt lat="-41.4212312" lon="175.4967266">
                <ele>52</ele>
            </trkpt>
            <trkpt lat="-41.4195738" lon="175.4938781">
                <ele>47.5</ele>
            </trkpt>
            <trkpt lat="-41.4181216" lon="175.4907936">
                <ele>57.8</ele>
            </trkpt>
            <trkpt lat="-41.4176369" lon="175.4871538">
                <ele>59.2</ele>
            </trkpt>
            <trkpt lat="-41.419777" lon="175.4845306">
                <ele>65.2</ele>
            </trkpt>
            <trkpt lat="-41.4221926" lon="175.4821783">
                <ele>80.2</ele>
            </trkpt>
            <trkpt lat="-41.424413" lon="175.4800084">
                <ele>100.8</ele>
            </trkpt>
            <trkpt lat="-41.4264704" lon="175.4747754">
                <ele>114.8</ele>
            </trkpt>
            <trkpt lat="-41.4281517" lon="175.4697517">
                <ele>120.2</ele>
            </trkpt>
            <trkpt lat="-41.4302472" lon="175.466879">
                <ele>164.8</ele>
            </trkpt>
            <trkpt lat="-41.4320531" lon="175.4639313">
                <ele>172.8</ele>
            </trkpt>
            <trkpt lat="-41.4345185" lon="175.4612437">
                <ele>151.5</ele>
            </trkpt>
            <trkpt lat="-41.4370843" lon="175.4599294">
                <ele>131.5</ele>
            </trkpt>
            <trkpt lat="-41.4392439" lon="175.4573277">
                <ele>110.8</ele>
            </trkpt>
            <trkpt lat="-41.4403638" lon="175.4540393">
                <ele>103.5</ele>
            </trkpt>
            <trkpt lat="-41.4431667" lon="175.4541868">
                <ele>111.2</ele>
            </trkpt>
            <trkpt lat="-41.4453482" lon="175.4565874">
                <ele>133</ele>
            </trkpt>
            <trkpt lat="-41.4480362" lon="175.4569736">
                <ele>168.8</ele>
            </trkpt>
            <trkpt lat="-41.4497592" lon="175.4539803">
                <ele>180.2</ele>
            </trkpt>
            <trkpt lat="-41.4530321" lon="175.4519445">
                <ele>156.5</ele>
            </trkpt>
            <trkpt lat="-41.4557097" lon="175.4525641">
                <ele>157.8</ele>
            </trkpt>
            <trkpt lat="-41.4580978" lon="175.4503673">
                <ele>140.2</ele>
            </trkpt>
            <trkpt lat="-41.4608859" lon="175.4491362">
                <ele>129.2</ele>
            </trkpt>
            <trkpt lat="-41.4632959" lon="175.4514563">
                <ele>119.5</ele>
            </trkpt>
            <trkpt lat="-41.4662224" lon="175.4513866">
                <ele>114.5</ele>
            </trkpt>
            <trkpt lat="-41.4689658" lon="175.4494339">
                <ele>115</ele>
            </trkpt>
            <trkpt lat="-41.471058" lon="175.4468349">
                <ele>101.5</ele>
            </trkpt>
            <trkpt lat="-41.4733893" lon="175.4446059">
                <ele>97.2</ele>
            </trkpt>
            <trkpt lat="-41.4756964" lon="175.4426721">
                <ele>104.8</ele>
            </trkpt>
            <trkpt lat="-41.4778145" lon="175.4397163">
                <ele>98.2</ele>
            </trkpt>
            <trkpt lat="-41.4798019" lon="175.4361489">
                <ele>89.8</ele>
            </trkpt>
            <trkpt lat="-41.4809493" lon="175.439904">
                <ele>82.5</ele>
            </trkpt>
            <trkpt lat="-41.4839513" lon="175.4393864">
                <ele>79.2</ele>
            </trkpt>
            <trkpt lat="-41.4864368" lon="175.4377905">
                <ele>74</ele>
            </trkpt>
            <trkpt lat="-41.4889705" lon="175.4394883">
                <ele>79.5</ele>
            </trkpt>
            <trkpt lat="-41.4924443" lon="175.4381257">
                <ele>68.8</ele>
            </trkpt>
            <trkpt lat="-41.495265" lon="175.436511">
                <ele>64</ele>
            </trkpt>
            <trkpt lat="-41.4978566" lon="175.4379782">
                <ele>70.2</ele>
            </trkpt>
            <trkpt lat="-41.5004219" lon="175.4367337">
                <ele>69.8</ele>
            </trkpt>
            <trkpt lat="-41.5027521" lon="175.4345047">
                <ele>71.8</ele>
            </trkpt>
            <trkpt lat="-41.504335" lon="175.4311949">
                <ele>62.2</ele>
            </trkpt>
            <trkpt lat="-41.5064321" lon="175.4285905">
                <ele>54</ele>
            </trkpt>
            <trkpt lat="-41.5091899" lon="175.4277188">
                <ele>54.8</ele>
            </trkpt>
            <trkpt lat="-41.5118452" lon="175.4258251">
                <ele>54.8</ele>
            </trkpt>
            <trkpt lat="-41.5144702" lon="175.4234111">
                <ele>46</ele>
            </trkpt>
            <trkpt lat="-41.5171976" lon="175.423108">
                <ele>67</ele>
            </trkpt>
            <trkpt lat="-41.5201578" lon="175.4246745">
                <ele>50.2</ele>
            </trkpt>
            <trkpt lat="-41.5235114" lon="175.4242936">
                <ele>40</ele>
            </trkpt>
            <trkpt lat="-41.5245175" lon="175.4206699">
                <ele>43</ele>
            </trkpt>
            <trkpt lat="-41.5267445" lon="175.4159546">
                <ele>39</ele>
            </trkpt>
            <trkpt lat="-41.5290135" lon="175.4179475">
                <ele>38.8</ele>
            </trkpt>
            <trkpt lat="-41.5315957" lon="175.4194844">
                <ele>41.5</ele>
            </trkpt>
            <trkpt lat="-41.5342119" lon="175.4172394">
                <ele>42</ele>
            </trkpt>
            <trkpt lat="-41.5367718" lon="175.4157507">
                <ele>41.2</ele>
            </trkpt>
            <trkpt lat="-41.539723" lon="175.4140207">
                <ele>42.5</ele>
            </trkpt>
            <trkpt lat="-41.5428348" lon="175.4127976">
                <ele>64.2</ele>
            </trkpt>
            <trkpt lat="-41.5451374" lon="175.4148871">
                <ele>63.8</ele>
            </trkpt>
            <trkpt lat="-41.5483332" lon="175.416314">
                <ele>43.5</ele>
            </trkpt>
            <trkpt lat="-41.5510952" lon="175.4172313">
                <ele>26</ele>
            </trkpt>
            <trkpt lat="-41.553249" lon="175.4198036">
                <ele>11.8</ele>
            </trkpt>
            <trkpt lat="-41.5559386" lon="175.4189774">
                <ele>16.2</ele>
            </trkpt>
            <trkpt lat="-41.5581223" lon="175.4211876">
                <ele>18.8</ele>
            </trkpt>
            <trkpt lat="-41.5612532" lon="175.4209355">
                <ele>24</ele>
            </trkpt>
            <trkpt lat="-41.5631758" lon="175.4175478">
                <ele>16.2</ele>
            </trkpt>
            <trkpt lat="-41.5637398" lon="175.4136747">
                <ele>14.2</ele>
            </trkpt>
            <trkpt lat="-41.564966" lon="175.4099277">
                <ele>11.5</ele>
            </trkpt>
            <trkpt lat="-41.5641231" lon="175.4052499">
                <ele>11.5</ele>
            </trkpt>
            <trkpt lat="-41.5640649" lon="175.4016423">
                <ele>10.5</ele>
            </trkpt>
            <trkpt lat="-41.5678665" lon="175.3791443">
                <ele>13</ele>
            </trkpt>
            <trkpt lat="-41.5636695" lon="175.3992096">
                <ele>13</ele>
            </trkpt>
            <trkpt lat="-41.5639947" lon="175.4030719">
                <ele>12.2</ele>
            </trkpt>
            <trkpt lat="-41.5645546" lon="175.4075351">
                <ele>13.2</ele>
            </trkpt>
            <trkpt lat="-41.5642435" lon="175.4117945">
                <ele>14.5</ele>
            </trkpt>
            <trkpt lat="-41.5631758" lon="175.4175478">
                <ele>16.2</ele>
            </trkpt>
            <trkpt lat="-41.5616446" lon="175.4207423">
                <ele>22.5</ele>
            </trkpt>
            <trkpt lat="-41.5585598" lon="175.4214022">
                <ele>20</ele>
            </trkpt>
            <trkpt lat="-41.5564444" lon="175.4188755">
                <ele>21</ele>
            </trkpt>
            <trkpt lat="-41.5534718" lon="175.4198062">
                <ele>11</ele>
            </trkpt>
            <trkpt lat="-41.5510952" lon="175.4172313">
                <ele>26</ele>
            </trkpt>
            <trkpt lat="-41.5483332" lon="175.416314">
                <ele>43.5</ele>
            </trkpt>
            <trkpt lat="-41.5457838" lon="175.414989">
                <ele>67.7</ele>
            </trkpt>
            <trkpt lat="-41.5435615" lon="175.412811">
                <ele>73.2</ele>
            </trkpt>
            <trkpt lat="-41.5401848" lon="175.4133904">
                <ele>51.5</ele>
            </trkpt>
            <trkpt lat="-41.5378619" lon="175.4153752">
                <ele>39.5</ele>
            </trkpt>
            <trkpt lat="-41.5351876" lon="175.4161692">
                <ele>52</ele>
            </trkpt>
            <trkpt lat="-41.5330554" lon="175.4185107">
                <ele>39.8</ele>
            </trkpt>
            <trkpt lat="-41.5302684" lon="175.4197472">
                <ele>39.5</ele>
            </trkpt>
            <trkpt lat="-41.5287384" lon="175.4166842">
                <ele>37.8</ele>
            </trkpt>
            <trkpt lat="-41.5249151" lon="175.4192162">
                <ele>49</ele>
            </trkpt>
            <trkpt lat="-41.5240275" lon="175.4235587">
                <ele>41.8</ele>
            </trkpt>
            <trkpt lat="-41.5212603" lon="175.4249212">
                <ele>47.8</ele>
            </trkpt>
            <trkpt lat="-41.5186697" lon="175.4235452">
                <ele>59.3</ele>
            </trkpt>
            <trkpt lat="-41.5159404" lon="175.4230464">
                <ele>55.2</ele>
            </trkpt>
            <trkpt lat="-41.5139721" lon="175.4257876">
                <ele>49</ele>
            </trkpt>
            <trkpt lat="-41.5111422" lon="175.4259646">
                <ele>56.8</ele>
            </trkpt>
            <trkpt lat="-41.5082158" lon="175.4277">
                <ele>55.5</ele>
            </trkpt>
            <trkpt lat="-41.5053293" lon="175.4299155">
                <ele>58.8</ele>
            </trkpt>
            <trkpt lat="-41.5031418" lon="175.4321337">
                <ele>61.2</ele>
            </trkpt>
            <trkpt lat="-41.5025854" lon="175.4357547">
                <ele>83.5</ele>
            </trkpt>
            <trkpt lat="-41.4998594" lon="175.4370636">
                <ele>67.2</ele>
            </trkpt>
            <trkpt lat="-41.4967677" lon="175.4382625">
                <ele>71.8</ele>
            </trkpt>
            <trkpt lat="-41.4936859" lon="175.4382518">
                <ele>71.5</ele>
            </trkpt>
            <trkpt lat="-41.4909254" lon="175.438343">
                <ele>69</ele>
            </trkpt>
            <trkpt lat="-41.4880603" lon="175.4384288">
                <ele>76.5</ele>
            </trkpt>
            <trkpt lat="-41.484954" lon="175.438107">
                <ele>79</ele>
            </trkpt>
            <trkpt lat="-41.4826492" lon="175.4410708">
                <ele>93.5</ele>
            </trkpt>
            <trkpt lat="-41.4808428" lon="175.438292">
                <ele>85.2</ele>
            </trkpt>
            <trkpt lat="-41.4779692" lon="175.4395875">
                <ele>99.1</ele>
            </trkpt>
            <trkpt lat="-41.4757587" lon="175.4417413">
                <ele>100.1</ele>
            </trkpt>
            <trkpt lat="-41.4736023" lon="175.4441687">
                <ele>94.2</ele>
            </trkpt>
            <trkpt lat="-41.4718197" lon="175.4468992">
                <ele>110.2</ele>
            </trkpt>
            <trkpt lat="-41.469406" lon="175.4491872">
                <ele>116.8</ele>
            </trkpt>
            <trkpt lat="-41.4672756" lon="175.4514778">
                <ele>123.3</ele>
            </trkpt>
            <trkpt lat="-41.4639311" lon="175.4518667">
                <ele>120</ele>
            </trkpt>
            <trkpt lat="-41.4623894" lon="175.4488975">
                <ele>119.5</ele>
            </trkpt>
            <trkpt lat="-41.4596095" lon="175.4496002">
                <ele>132.2</ele>
            </trkpt>
            <trkpt lat="-41.456948" lon="175.4509896">
                <ele>141</ele>
            </trkpt>
            <trkpt lat="-41.4542121" lon="175.451754">
                <ele>146.5</ele>
            </trkpt>
            <trkpt lat="-41.4515826" lon="175.453527">
                <ele>174.5</ele>
            </trkpt>
            <trkpt lat="-41.4492224" lon="175.4552704">
                <ele>176.2</ele>
            </trkpt>
            <trkpt lat="-41.4469908" lon="175.4574725">
                <ele>155.5</ele>
            </trkpt>
            <trkpt lat="-41.4443751" lon="175.4564103">
                <ele>138.5</ele>
            </trkpt>
            <trkpt lat="-41.4414416" lon="175.4548627">
                <ele>100</ele>
            </trkpt>
            <trkpt lat="-41.4392439" lon="175.4573277">
                <ele>110.8</ele>
            </trkpt>
            <trkpt lat="-41.4370843" lon="175.4599294">
                <ele>131.5</ele>
            </trkpt>
            <trkpt lat="-41.4345185" lon="175.4612437">
                <ele>151.5</ele>
            </trkpt>
            <trkpt lat="-41.4321979" lon="175.4634726">
                <ele>175.2</ele>
            </trkpt>
            <trkpt lat="-41.4306333" lon="175.4665706">
                <ele>172.5</ele>
            </trkpt>
            <trkpt lat="-41.4289058" lon="175.4694834">
                <ele>131</ele>
            </trkpt>
            <trkpt lat="-41.4263035" lon="175.4718706">
                <ele>112.5</ele>
            </trkpt>
            <trkpt lat="-41.4258349" lon="175.4770151">
                <ele>110.2</ele>
            </trkpt>
            <trkpt lat="-41.4235079" lon="175.4809713">
                <ele>96.8</ele>
            </trkpt>
            <trkpt lat="-41.4212795" lon="175.4831707">
                <ele>71.2</ele>
            </trkpt>
            <trkpt lat="-41.4184716" lon="175.4858395">
                <ele>59</ele>
            </trkpt>
            <trkpt lat="-41.4161062" lon="175.4879048">
                <ele>52.5</ele>
            </trkpt>
            <trkpt lat="-41.4135435" lon="175.4864001">
                <ele>49.8</ele>
            </trkpt>
            <trkpt lat="-41.4107716" lon="175.4868883">
                <ele>47.1</ele>
            </trkpt>
            <trkpt lat="-41.4080277" lon="175.486494">
                <ele>53.5</ele>
            </trkpt>
            <trkpt lat="-41.4056739" lon="175.4899836">
                <ele>60.2</ele>
            </trkpt>
            <trkpt lat="-41.4025456" lon="175.4924834">
                <ele>60.8</ele>
            </trkpt>
            <trkpt lat="-41.4001775" lon="175.4944414">
                <ele>61.5</ele>
            </trkpt>
            <trkpt lat="-41.3991756" lon="175.4978558">
                <ele>66.4</ele>
            </trkpt>
            <trkpt lat="-41.3976283" lon="175.5015841">
                <ele>66.2</ele>
            </trkpt>
            <trkpt lat="-41.3976143" lon="175.5052856">
                <ele>67</ele>
            </trkpt>
            <trkpt lat="-41.3963426" lon="175.5084962">
                <ele>64.2</ele>
            </trkpt>
            <trkpt lat="-41.3946525" lon="175.5056825">
                <ele>67.5</ele>
            </trkpt>
            <trkpt lat="-41.3919622" lon="175.50594">
                <ele>65.5</ele>
            </trkpt>
            <trkpt lat="-41.3926202" lon="175.5096522">
                <ele>68.2</ele>
            </trkpt>
            <trkpt lat="-41.3912982" lon="175.5129433">
                <ele>67</ele>
            </trkpt>
            <trkpt lat="-41.3883864" lon="175.5151775">
                <ele>66.5</ele>
            </trkpt>
            <trkpt lat="-41.386849" lon="175.5120769">
                <ele>67.8</ele>
            </trkpt>
            <trkpt lat="-41.3845891" lon="175.5098802">
                <ele>77.8</ele>
            </trkpt>
            <trkpt lat="-41.3833575" lon="175.5061305">
                <ele>78.5</ele>
            </trkpt>
            <trkpt lat="-41.382955" lon="175.5025524">
                <ele>90</ele>
            </trkpt>
            <trkpt lat="-41.3831945" lon="175.4985452">
                <ele>93.8</ele>
            </trkpt>
            <trkpt lat="-41.3805903" lon="175.4949912">
                <ele>99.8</ele>
            </trkpt>
            <trkpt lat="-41.3777122" lon="175.4959568">
                <ele>113.8</ele>
            </trkpt>
            <trkpt lat="-41.3744678" lon="175.4964182">
                <ele>128</ele>
            </trkpt>
            <trkpt lat="-41.3712352" lon="175.4969278">
                <ele>151.2</ele>
            </trkpt>
            <trkpt lat="-41.3677187" lon="175.49674">
                <ele>168.8</ele>
            </trkpt>
            <trkpt lat="-41.3658084" lon="175.4995564">
                <ele>208.2</ele>
            </trkpt>
            <trkpt lat="-41.3629478" lon="175.4999962">
                <ele>241.2</ele>
            </trkpt>
            <trkpt lat="-41.3610474" lon="175.4974428">
                <ele>262.8</ele>
            </trkpt>
            <trkpt lat="-41.3597026" lon="175.4942">
                <ele>279.2</ele>
            </trkpt>
            <trkpt lat="-41.3604173" lon="175.4906917">
                <ele>315.8</ele>
            </trkpt>
            <trkpt lat="-41.3573169" lon="175.4914641">
                <ele>338.2</ele>
            </trkpt>
            <trkpt lat="-41.3544802" lon="175.4942241">
                <ele>336.5</ele>
            </trkpt>
            <trkpt lat="-41.3517419" lon="175.4945594">
                <ele>327</ele>
            </trkpt>
            <trkpt lat="-41.3503567" lon="175.4909948">
                <ele>303.2</ele>
            </trkpt>
            <trkpt lat="-41.3493419" lon="175.4860944">
                <ele>311</ele>
            </trkpt>
            <trkpt lat="-41.3476606" lon="175.4830286">
                <ele>287.8</ele>
            </trkpt>
            <trkpt lat="-41.3450106" lon="175.4811618">
                <ele>270.5</ele>
            </trkpt>
            <trkpt lat="-41.3421774" lon="175.4797617">
                <ele>250.8</ele>
            </trkpt>
            <trkpt lat="-41.3388224" lon="175.479759">
                <ele>252</ele>
            </trkpt>
            <trkpt lat="-41.3357814" lon="175.4795229">
                <ele>240.8</ele>
            </trkpt>
            <trkpt lat="-41.3332901" lon="175.4814139">
                <ele>207</ele>
            </trkpt>
            <trkpt lat="-41.3295399" lon="175.4789865">
                <ele>186.2</ele>
            </trkpt>
            <trkpt lat="-41.3258499" lon="175.4786995">
                <ele>151.2</ele>
            </trkpt>
            <trkpt lat="-41.3226371" lon="175.4775998">
                <ele>112</ele>
            </trkpt>
            <trkpt lat="-41.3187493" lon="175.4743436">
                <ele>106.4</ele>
            </trkpt>
            <trkpt lat="-41.3162735" lon="175.4728496">
                <ele>118.8</ele>
            </trkpt>
            <trkpt lat="-41.3132596" lon="175.4724795">
                <ele>141.2</ele>
            </trkpt>
            <trkpt lat="-41.3103625" lon="175.4739118">
                <ele>132</ele>
            </trkpt>
            <trkpt lat="-41.3069273" lon="175.4765189">
                <ele>130.2</ele>
            </trkpt>
            <trkpt lat="-41.304177" lon="175.4780531">
                <ele>132</ele>
            </trkpt>
            <trkpt lat="-41.3008563" lon="175.4797751">
                <ele>121</ele>
            </trkpt>
            <trkpt lat="-41.29787" lon="175.47959">
                <ele>112.8</ele>
            </trkpt>
            <trkpt lat="-41.2947626" lon="175.4815534">
                <ele>105</ele>
            </trkpt>
            <trkpt lat="-41.2953229" lon="175.4771706">
                <ele>88.5</ele>
            </trkpt>
            <trkpt lat="-41.2952422" lon="175.4735228">
                <ele>78.8</ele>
            </trkpt>
            <trkpt lat="-41.2968342" lon="175.4696658">
                <ele>106.5</ele>
            </trkpt>
            <trkpt lat="-41.2955969" lon="175.4632285">
                <ele>125</ele>
            </trkpt>
            <trkpt lat="-41.2926587" lon="175.4623005">
                <ele>136</ele>
            </trkpt>
            <trkpt lat="-41.2875437" lon="175.4622978">
                <ele>127.2</ele>
            </trkpt>
            <trkpt lat="-41.2804128" lon="175.4621825">
                <ele>99.5</ele>
            </trkpt>
            <trkpt lat="-41.2648097" lon="175.4620805">
                <ele>82</ele>
            </trkpt>
            <trkpt lat="-41.2622956" lon="175.4650873">
                <ele>102.5</ele>
            </trkpt>
            <trkpt lat="-41.2585816" lon="175.465318">
                <ele>137</ele>
            </trkpt>
            <trkpt lat="-41.255791" lon="175.4637167">
                <ele>131.2</ele>
            </trkpt>
            <trkpt lat="-41.253343" lon="175.458886">
                <ele>108.5</ele>
            </trkpt>
            <trkpt lat="-41.249937" lon="175.4553428">
                <ele>88</ele>
            </trkpt>
            <trkpt lat="-41.24738" lon="175.4528376">
                <ele>64.5</ele>
            </trkpt>
            <trkpt lat="-41.2446433" lon="175.4512766">
                <ele>54</ele>
            </trkpt>
            <trkpt lat="-41.242094" lon="175.4498228">
                <ele>46.2</ele>
            </trkpt>
            <trkpt lat="-41.237201" lon="175.4470226">
                <ele>38</ele>
            </trkpt>
            <trkpt lat="-41.2336551" lon="175.4449761">
                <ele>32.2</ele>
            </trkpt>
            <trkpt lat="-41.2286061" lon="175.4421222">
                <ele>25.2</ele>
            </trkpt>
            <trkpt lat="-41.2303671" lon="175.4388633">
                <ele>24</ele>
            </trkpt>
            <trkpt lat="-41.2322653" lon="175.4354784">
                <ele>23.5</ele>
            </trkpt>
            <trkpt lat="-41.2341734" lon="175.432072">
                <ele>23.2</ele>
            </trkpt>
            <trkpt lat="-41.2381813" lon="175.4249078">
                <ele>22.5</ele>
            </trkpt>
            <trkpt lat="-41.241128" lon="175.4196292">
                <ele>22.1</ele>
            </trkpt>
            <trkpt lat="-41.2449296" lon="175.4128057">
                <ele>21.5</ele>
            </trkpt>
            <trkpt lat="-41.247624" lon="175.4079697">
                <ele>19</ele>
            </trkpt>
            <trkpt lat="-41.2526614" lon="175.3989735">
                <ele>25.5</ele>
            </trkpt>
            <trkpt lat="-41.2577569" lon="175.389854">
                <ele>26.2</ele>
            </trkpt>
            <trkpt lat="-41.2597934" lon="175.3862008">
                <ele>24.2</ele>
            </trkpt>
            <trkpt lat="-41.2631283" lon="175.3802383">
                <ele>14.8</ele>
            </trkpt>
            <trkpt lat="-41.2659226" lon="175.3752789">
                <ele>9.2</ele>
            </trkpt>
            <trkpt lat="-41.2680718" lon="175.3724679">
                <ele>10.1</ele>
            </trkpt>
            <trkpt lat="-41.2727286" lon="175.3676426">
                <ele>7.9</ele>
            </trkpt>
            <trkpt lat="-41.2746215" lon="175.3645849">
                <ele>8</ele>
            </trkpt>
            <trkpt lat="-41.2773267" lon="175.3587216">
                <ele>10.8</ele>
            </trkpt>
            <trkpt lat="-41.2793062" lon="175.355747">
                <ele>13.1</ele>
            </trkpt>
            <trkpt lat="-41.282384" lon="175.3471076">
                <ele>36</ele>
            </trkpt>
            <trkpt lat="-41.2837264" lon="175.3438461">
                <ele>48</ele>
            </trkpt>
            <trkpt lat="-41.2847604" lon="175.3371459">
                <ele>34.5</ele>
            </trkpt>
            <trkpt lat="-41.2858306" lon="175.3333506">
                <ele>36</ele>
            </trkpt>
            <trkpt lat="-41.2866166" lon="175.329912">
                <ele>44.2</ele>
            </trkpt>
            <trkpt lat="-41.2866146" lon="175.3261408">
                <ele>33</ele>
            </trkpt>
            <trkpt lat="-41.2853348" lon="175.3228819">
                <ele>36.8</ele>
            </trkpt>
            <trkpt lat="-41.2867416" lon="175.3185797">
                <ele>34.8</ele>
            </trkpt>
            <trkpt lat="-41.2890311" lon="175.3147253">
                <ele>24.2</ele>
            </trkpt>
            <trkpt lat="-41.2919655" lon="175.3078052">
                <ele>21</ele>
            </trkpt>
            <trkpt lat="-41.2949158" lon="175.300684">
                <ele>26.8</ele>
            </trkpt>
            <trkpt lat="-41.2959556" lon="175.2969718">
                <ele>24</ele>
            </trkpt>
            <trkpt lat="-41.2972594" lon="175.29194">
                <ele>20.2</ele>
            </trkpt>
            <trkpt lat="-41.2984121" lon="175.2886489">
                <ele>23</ele>
            </trkpt>
            <trkpt lat="-41.3000483" lon="175.284242">
                <ele>23.2</ele>
            </trkpt>
            <trkpt lat="-41.3014447" lon="175.2801248">
                <ele>24</ele>
            </trkpt>
            <trkpt lat="-41.3034698" lon="175.2770859">
                <ele>30.8</ele>
            </trkpt>
            <trkpt lat="-41.3056922" lon="175.274047">
                <ele>30.9</ele>
            </trkpt>
            <trkpt lat="-41.3089885" lon="175.269565">
                <ele>31</ele>
            </trkpt>
            <trkpt lat="-41.3117708" lon="175.2661774">
                <ele>28</ele>
            </trkpt>
            <trkpt lat="-41.3135961" lon="175.2626851">
                <ele>11.8</ele>
            </trkpt>
            <trkpt lat="-41.3170349" lon="175.2580047">
                <ele>13.5</ele>
            </trkpt>
            <trkpt lat="-41.3190172" lon="175.2552313">
                <ele>13.8</ele>
            </trkpt>
            <trkpt lat="-41.3209289" lon="175.2508163">
                <ele>10.8</ele>
            </trkpt>
            <trkpt lat="-41.3240995" lon="175.2463397">
                <ele>24.5</ele>
            </trkpt>
            <trkpt lat="-41.3260594" lon="175.243789">
                <ele>29</ele>
            </trkpt>
            <trkpt lat="-41.3277412" lon="175.2403048">
                <ele>33</ele>
            </trkpt>
            <trkpt lat="-41.329129" lon="175.2368528">
                <ele>33.8</ele>
            </trkpt>
            <trkpt lat="-41.327991" lon="175.2305737">
                <ele>16</ele>
            </trkpt>
            <trkpt lat="-41.326849" lon="175.2273121">
                <ele>10.5</ele>
            </trkpt>
            <trkpt lat="-41.32756" lon="175.221945">
                <ele>7.5</ele>
            </trkpt>
            <trkpt lat="-41.3276848" lon="175.2182597">
                <ele>7.2</ele>
            </trkpt>
            <trkpt lat="-41.3282387" lon="175.2133647">
                <ele>10.5</ele>
            </trkpt>
            <trkpt lat="-41.3310988" lon="175.2111197">
                <ele>13.8</ele>
            </trkpt>
            <trkpt lat="-41.3375335" lon="175.2100146">
                <ele>18.8</ele>
            </trkpt>
            <trkpt lat="-41.3417001" lon="175.2093735">
                <ele>23.8</ele>
            </trkpt>
            <trkpt lat="-41.3444247" lon="175.2089363">
                <ele>28.5</ele>
            </trkpt>
            <trkpt lat="-41.3470786" lon="175.2076864">
                <ele>28.8</ele>
            </trkpt>
            <trkpt lat="-41.3500687" lon="175.2065492">
                <ele>33</ele>
            </trkpt>
            <trkpt lat="-41.3527023" lon="175.2055246">
                <ele>36.9</ele>
            </trkpt>
            <trkpt lat="-41.355352" lon="175.2032581">
                <ele>38.2</ele>
            </trkpt>
            <trkpt lat="-41.3603509" lon="175.2001628">
                <ele>47.8</ele>
            </trkpt>
            <trkpt lat="-41.3630747" lon="175.199967">
                <ele>44.4</ele>
            </trkpt>
            <trkpt lat="-41.365436" lon="175.19806">
                <ele>43</ele>
            </trkpt>
            <trkpt lat="-41.3670544" lon="175.1892462">
                <ele>32.6</ele>
            </trkpt>
            <trkpt lat="-41.3684655" lon="175.1852229">
                <ele>26.2</ele>
            </trkpt>
            <trkpt lat="-41.3689406" lon="175.1816422">
                <ele>25</ele>
            </trkpt>
            <trkpt lat="-41.3698544" lon="175.1781687">
                <ele>25.2</ele>
            </trkpt>
            <trkpt lat="-41.3714506" lon="175.1752022">
                <ele>24.8</ele>
            </trkpt>
            <trkpt lat="-41.3745161" lon="175.1777261">
                <ele>35.8</ele>
            </trkpt>
            <trkpt lat="-41.3768367" lon="175.1795742">
                <ele>53</ele>
            </trkpt>
            <trkpt lat="-41.3812967" lon="175.1788875">
                <ele>65.5</ele>
            </trkpt>
            <trkpt lat="-41.3844563" lon="175.1776993">
                <ele>61.5</ele>
            </trkpt>
            <trkpt lat="-41.3890143" lon="175.1759854">
                <ele>66.2</ele>
            </trkpt>
            <trkpt lat="-41.3950811" lon="175.1764601">
                <ele>59.5</ele>
            </trkpt>
            <trkpt lat="-41.3979241" lon="175.1766559">
                <ele>54.5</ele>
            </trkpt>
            <trkpt lat="-41.4005719" lon="175.1781929">
                <ele>25</ele>
            </trkpt>
            <trkpt lat="-41.4019038" lon="175.1815671">
                <ele>17.5</ele>
            </trkpt>
            <trkpt lat="-41.4038432" lon="175.1854107">
                <ele>17.3</ele>
            </trkpt>
            <trkpt lat="-41.4036702" lon="175.1912257">
                <ele>27.2</ele>
            </trkpt>
            <trkpt lat="-41.4067583" lon="175.1960108">
                <ele>35.2</ele>
            </trkpt>
            <trkpt lat="-41.409464" lon="175.1957747">
                <ele>36.2</ele>
            </trkpt>
            <trkpt lat="-41.4125056" lon="175.1962253">
                <ele>41.5</ele>
            </trkpt>
            <trkpt lat="-41.4153539" lon="175.199959">
                <ele>48</ele>
            </trkpt>
            <trkpt lat="-41.4152252" lon="175.2041003">
                <ele>57</ele>
            </trkpt>
            <trkpt lat="-41.4146298" lon="175.2082416">
                <ele>65</ele>
            </trkpt>
            <trkpt lat="-41.4158326" lon="175.2116132">
                <ele>83.2</ele>
            </trkpt>
            <trkpt lat="-41.4200083" lon="175.2173504">
                <ele>112.8</ele>
            </trkpt>
            <trkpt lat="-41.4223072" lon="175.2201051">
                <ele>122.8</ele>
            </trkpt>
            <trkpt lat="-41.4254025" lon="175.2250591">
                <ele>137.2</ele>
            </trkpt>
            <trkpt lat="-41.4280893" lon="175.2261373">
                <ele>155</ele>
            </trkpt>
            <trkpt lat="-41.4307681" lon="175.2248928">
                <ele>134</ele>
            </trkpt>
            <trkpt lat="-41.4334728" lon="175.2255982">
                <ele>136.2</ele>
            </trkpt>
            <trkpt lat="-41.4358456" lon="175.2277601">
                <ele>152</ele>
            </trkpt>
            <trkpt lat="-41.4379449" lon="175.2252737">
                <ele>113.5</ele>
            </trkpt>
            <trkpt lat="-41.4379731" lon="175.2215293">
                <ele>105.8</ele>
            </trkpt>
            <trkpt lat="-41.4389161" lon="175.2179056">
                <ele>73.2</ele>
            </trkpt>
            <trkpt lat="-41.4406393" lon="175.2206844">
                <ele>39.2</ele>
            </trkpt>
            <trkpt lat="-41.4421031" lon="175.2174416">
                <ele>14</ele>
            </trkpt>
            <trkpt lat="-41.4452276" lon="175.2186272">
                <ele>16.5</ele>
            </trkpt>
            <trkpt lat="-41.447793" lon="175.2201506">
                <ele>10.2</ele>
            </trkpt>
            <trkpt lat="-41.450302" lon="175.2218109">
                <ele>14</ele>
            </trkpt>
            <trkpt lat="-41.4530481" lon="175.222334">
                <ele>36</ele>
            </trkpt>
            <trkpt lat="-41.455768" lon="175.2221704">
                <ele>42</ele>
            </trkpt>
            <trkpt lat="-41.45812" lon="175.2200621">
                <ele>9.2</ele>
            </trkpt>
            <trkpt lat="-41.4608356" lon="175.2196893">
                <ele>13</ele>
            </trkpt>
            <trkpt lat="-41.463312" lon="175.2178842">
                <ele>23.2</ele>
            </trkpt>
            <trkpt lat="-41.4656154" lon="175.2156499">
                <ele>30.2</ele>
            </trkpt>
            <trkpt lat="-41.4674645" lon="175.212568">
                <ele>20.8</ele>
            </trkpt>
            <trkpt lat="-41.4702079" lon="175.2121925">
                <ele>29.2</ele>
            </trkpt>
            <trkpt lat="-41.4730215" lon="175.211412">
                <ele>18</ele>
            </trkpt>
            <trkpt lat="-41.4748724" lon="175.2087647">
                <ele>6</ele>
            </trkpt>
            <trkpt lat="-41.4778888" lon="175.2085447">
                <ele>5.8</ele>
            </trkpt>
            <trkpt lat="-41.4807162" lon="175.2088344">
                <ele>7</ele>
            </trkpt>
            <trkpt lat="-41.4842969" lon="175.2087754">
                <ele>7</ele>
            </trkpt>
            <trkpt lat="-41.4882894" lon="175.2088559">
                <ele>13.8</ele>
            </trkpt>
            <trkpt lat="-41.4918074" lon="175.2091455">
                <ele>14.2</ele>
            </trkpt>
            <trkpt lat="-41.494815" lon="175.2092126">
                <ele>7</ele>
            </trkpt>
            <trkpt lat="-41.4979229" lon="175.2091992">
                <ele>8.5</ele>
            </trkpt>
            <trkpt lat="-41.5009663" lon="175.2088398">
                <ele>8.2</ele>
            </trkpt>
            <trkpt lat="-41.5037244" lon="175.2077615">
                <ele>8.2</ele>
            </trkpt>
            <trkpt lat="-41.5070668" lon="175.2059376">
                <ele>11.8</ele>
            </trkpt>
            <trkpt lat="-41.5097403" lon="175.2045187">
                <ele>7.5</ele>
            </trkpt>
            <trkpt lat="-41.5124899" lon="175.2025259">
                <ele>8</ele>
            </trkpt>
            <trkpt lat="-41.5172378" lon="175.1993608">
                <ele>7</ele>
            </trkpt>
            <trkpt lat="-41.5208667" lon="175.1978695">
                <ele>9.8</ele>
            </trkpt>
            <trkpt lat="-41.5277163" lon="175.2009299">
                <ele>8.5</ele>
            </trkpt>
            <trkpt lat="-41.5291761" lon="175.2040681">
                <ele>10.2</ele>
            </trkpt>
            <trkpt lat="-41.5309732" lon="175.2077723">
                <ele>6.5</ele>
            </trkpt>
            <trkpt lat="-41.53528" lon="175.2137911">
                <ele>7.5</ele>
            </trkpt>
            <trkpt lat="-41.5391368" lon="175.2175087">
                <ele>10</ele>
            </trkpt>
            <trkpt lat="-41.5417226" lon="175.2187559">
                <ele>16.2</ele>
            </trkpt>
            <trkpt lat="-41.5445472" lon="175.2202445">
                <ele>26</ele>
            </trkpt>
            <trkpt lat="-41.547203" lon="175.2227417">
                <ele>18.8</ele>
            </trkpt>
            <trkpt lat="-41.5497142" lon="175.2247533">
                <ele>15</ele>
            </trkpt>
            <trkpt lat="-41.5523859" lon="175.2255338">
                <ele>12.2</ele>
            </trkpt>
            <trkpt lat="-41.5540057" lon="175.2225351">
                <ele>7.5</ele>
            </trkpt>
            <trkpt lat="-41.5578574" lon="175.2220416">
                <ele>5.8</ele>
            </trkpt>
            <trkpt lat="-41.5605849" lon="175.2217975">
                <ele>7</ele>
            </trkpt>
            <trkpt lat="-41.5634227" lon="175.2222106">
                <ele>5.2</ele>
            </trkpt>
            <trkpt lat="-41.5661279" lon="175.223372">
                <ele>7.7</ele>
            </trkpt>
            <trkpt lat="-41.5689073" lon="175.2239487">
                <ele>7.4</ele>
            </trkpt>
            <trkpt lat="-41.5716063" lon="175.2247238">
                <ele>8.2</ele>
            </trkpt>
            <trkpt lat="-41.5743051" lon="175.2257994">
                <ele>8</ele>
            </trkpt>
            <trkpt lat="-41.5772186" lon="175.225625">
                <ele>7.8</ele>
            </trkpt>
            <trkpt lat="-41.5798911" lon="175.2276796">
                <ele>8.5</ele>
            </trkpt>
            <trkpt lat="-41.581739" lon="175.2306569">
                <ele>8.5</ele>
            </trkpt>
            <trkpt lat="-41.5836911" lon="175.2334544">
                <ele>6.5</ele>
            </trkpt>
            <trkpt lat="-41.5862169" lon="175.2348706">
                <ele>9</ele>
            </trkpt>
            <trkpt lat="-41.588867" lon="175.2338567">
                <ele>8.8</ele>
            </trkpt>
            <trkpt lat="-41.5917096" lon="175.2332935">
                <ele>10.8</ele>
            </trkpt>
            <trkpt lat="-41.5947065" lon="175.2341813">
                <ele>15.8</ele>
            </trkpt>
            <trkpt lat="-41.5974184" lon="175.2351227">
                <ele>13</ele>
            </trkpt>
            <trkpt lat="-41.6000039" lon="175.2365899">
                <ele>12</ele>
            </trkpt>
            <trkpt lat="-41.6013718" lon="175.2398971">
                <ele>20.2</ele>
            </trkpt>
            <trkpt lat="-41.6013337" lon="175.2439123">
                <ele>14.8</ele>
            </trkpt>
            <trkpt lat="-41.6022583" lon="175.2473563">
                <ele>8.8</ele>
            </trkpt>
            <trkpt lat="-41.6031829" lon="175.2509692">
                <ele>15.5</ele>
            </trkpt>
            <trkpt lat="-41.6026735" lon="175.2548611">
                <ele>15.8</ele>
            </trkpt>
            <trkpt lat="-41.6036001" lon="175.2586511">
                <ele>9</ele>
            </trkpt>
            <trkpt lat="-41.6042981" lon="175.2622962">
                <ele>13</ele>
            </trkpt>
            <trkpt lat="-41.6054312" lon="175.2656597">
                <ele>24.2</ele>
            </trkpt>
            <trkpt lat="-41.6066105" lon="175.2690259">
                <ele>14.8</ele>
            </trkpt>
            <trkpt lat="-41.6081628" lon="175.2722391">
                <ele>27</ele>
            </trkpt>
            <trkpt lat="-41.6096488" lon="175.2752808">
                <ele>16.8</ele>
            </trkpt>
            <trkpt lat="-41.6107578" lon="175.2789366">
                <ele>11.8</ele>
            </trkpt>
            <trkpt lat="-41.6110226" lon="175.2826729">
                <ele>11.2</ele>
            </trkpt>
            <trkpt lat="-41.6106897" lon="175.2863207">
                <ele>8.4</ele>
            </trkpt>
            <trkpt lat="-41.6127071" lon="175.2888152">
                <ele>10</ele>
            </trkpt>
            <trkpt lat="-41.6106897" lon="175.2863207">
                <ele>8.4</ele>
            </trkpt>
            <trkpt lat="-41.6110226" lon="175.2826729">
                <ele>11.2</ele>
            </trkpt>
            <trkpt lat="-41.6107578" lon="175.2789366">
                <ele>11.8</ele>
            </trkpt>
            <trkpt lat="-41.6096488" lon="175.2752808">
                <ele>16.8</ele>
            </trkpt>
            <trkpt lat="-41.6081628" lon="175.2722391">
                <ele>27</ele>
            </trkpt>
            <trkpt lat="-41.6066105" lon="175.2690259">
                <ele>14.8</ele>
            </trkpt>
            <trkpt lat="-41.6054312" lon="175.2656597">
                <ele>24.2</ele>
            </trkpt>
            <trkpt lat="-41.6042981" lon="175.2622962">
                <ele>13</ele>
            </trkpt>
            <trkpt lat="-41.6036001" lon="175.2586511">
                <ele>9</ele>
            </trkpt>
            <trkpt lat="-41.6026735" lon="175.2548611">
                <ele>15.8</ele>
            </trkpt>
            <trkpt lat="-41.603211" lon="175.2511919">
                <ele>14.8</ele>
            </trkpt>
            <trkpt lat="-41.6023606" lon="175.2477077">
                <ele>9.2</ele>
            </trkpt>
            <trkpt lat="-41.6013337" lon="175.2439123">
                <ele>14.8</ele>
            </trkpt>
            <trkpt lat="-41.6013778" lon="175.2401626">
                <ele>21</ele>
            </trkpt>
            <trkpt lat="-41.6000039" lon="175.2365899">
                <ele>12</ele>
            </trkpt>
            <trkpt lat="-41.5974184" lon="175.2351227">
                <ele>13</ele>
            </trkpt>
            <trkpt lat="-41.5947065" lon="175.2341813">
                <ele>15.8</ele>
            </trkpt>
            <trkpt lat="-41.5920747" lon="175.233382">
                <ele>12</ele>
            </trkpt>
            <trkpt lat="-41.5890736" lon="175.2337468">
                <ele>8.2</ele>
            </trkpt>
            <trkpt lat="-41.5863734" lon="175.2348223">
                <ele>9.1</ele>
            </trkpt>
            <trkpt lat="-41.5836911" lon="175.2334544">
                <ele>6.5</ele>
            </trkpt>
            <trkpt lat="-41.581739" lon="175.2306569">
                <ele>8.5</ele>
            </trkpt>
            <trkpt lat="-41.5798911" lon="175.2276796">
                <ele>8.5</ele>
            </trkpt>
            <trkpt lat="-41.5775958" lon="175.2256894">
                <ele>8.2</ele>
            </trkpt>
            <trkpt lat="-41.5747606" lon="175.2257887">
                <ele>9</ele>
            </trkpt>
            <trkpt lat="-41.5721019" lon="175.2247024">
                <ele>6.6</ele>
            </trkpt>
            <trkpt lat="-41.5690899" lon="175.2240238">
                <ele>7.2</ele>
            </trkpt>
            <trkpt lat="-41.5661279" lon="175.223372">
                <ele>7.7</ele>
            </trkpt>
            <trkpt lat="-41.5634227" lon="175.2222106">
                <ele>5.2</ele>
            </trkpt>
            <trkpt lat="-41.5605849" lon="175.2217975">
                <ele>7</ele>
            </trkpt>
            <trkpt lat="-41.5578574" lon="175.2220416">
                <ele>5.8</ele>
            </trkpt>
            <trkpt lat="-41.5549972" lon="175.2220631">
                <ele>5.4</ele>
            </trkpt>
            <trkpt lat="-41.5528556" lon="175.2246997">
                <ele>11.3</ele>
            </trkpt>
            <trkpt lat="-41.5501779" lon="175.2252361">
                <ele>10</ele>
            </trkpt>
            <trkpt lat="-41.547203" lon="175.2227417">
                <ele>18.8</ele>
            </trkpt>
            <trkpt lat="-41.5445472" lon="175.2202445">
                <ele>26</ele>
            </trkpt>
            <trkpt lat="-41.5420639" lon="175.2186567">
                <ele>13.2</ele>
            </trkpt>
            <trkpt lat="-41.5391368" lon="175.2175087">
                <ele>10</ele>
            </trkpt>
            <trkpt lat="-41.5360952" lon="175.2147219">
                <ele>9</ele>
            </trkpt>
            <trkpt lat="-41.5320253" lon="175.2092314">
                <ele>7.2</ele>
            </trkpt>
            <trkpt lat="-41.5300897" lon="175.2064043">
                <ele>8.8</ele>
            </trkpt>
            <trkpt lat="-41.5283348" lon="175.2017266">
                <ele>9</ele>
            </trkpt>
            <trkpt lat="-41.5227002" lon="175.1984811">
                <ele>13</ele>
            </trkpt>
            <trkpt lat="-41.519724" lon="175.1981807">
                <ele>9.5</ele>
            </trkpt>
            <trkpt lat="-41.5124899" lon="175.2025259">
                <ele>8</ele>
            </trkpt>
            <trkpt lat="-41.5097403" lon="175.2045187">
                <ele>7.5</ele>
            </trkpt>
            <trkpt lat="-41.5070668" lon="175.2059376">
                <ele>11.8</ele>
            </trkpt>
            <trkpt lat="-41.5037244" lon="175.2077615">
                <ele>8.2</ele>
            </trkpt>
            <trkpt lat="-41.5009663" lon="175.2088398">
                <ele>8.2</ele>
            </trkpt>
            <trkpt lat="-41.4979229" lon="175.2091992">
                <ele>8.5</ele>
            </trkpt>
            <trkpt lat="-41.495042" lon="175.2092153">
                <ele>7</ele>
            </trkpt>
            <trkpt lat="-41.4918074" lon="175.2091455">
                <ele>14.2</ele>
            </trkpt>
            <trkpt lat="-41.4889223" lon="175.2088666">
                <ele>17.2</ele>
            </trkpt>
            <trkpt lat="-41.4860872" lon="175.2088264">
                <ele>8.2</ele>
            </trkpt>
            <trkpt lat="-41.4832159" lon="175.2087379">
                <ele>6.8</ele>
            </trkpt>
            <trkpt lat="-41.4803464" lon="175.2088559">
                <ele>7</ele>
            </trkpt>
            <trkpt lat="-41.4772116" lon="175.2084482">
                <ele>6</ele>
            </trkpt>
            <trkpt lat="-41.4744363" lon="175.2092233">
                <ele>6.8</ele>
            </trkpt>
            <trkpt lat="-41.4723885" lon="175.2116239">
                <ele>20.5</ele>
            </trkpt>
            <trkpt lat="-41.4696632" lon="175.2121148">
                <ele>24.8</ele>
            </trkpt>
            <trkpt lat="-41.4669861" lon="175.2138072">
                <ele>23.5</ele>
            </trkpt>
            <trkpt lat="-41.4650225" lon="175.2163339">
                <ele>29.5</ele>
            </trkpt>
            <trkpt lat="-41.4626889" lon="175.2185386">
                <ele>16.5</ele>
            </trkpt>
            <trkpt lat="-41.4600356" lon="175.2196598">
                <ele>13.2</ele>
            </trkpt>
            <trkpt lat="-41.4574224" lon="175.2205718">
                <ele>15.2</ele>
            </trkpt>
            <trkpt lat="-41.4548916" lon="175.2220094">
                <ele>34.5</ele>
            </trkpt>
            <trkpt lat="-41.4521897" lon="175.2226076">
                <ele>40</ele>
            </trkpt>
            <trkpt lat="-41.4496004" lon="175.2215695">
                <ele>16</ele>
            </trkpt>
            <trkpt lat="-41.4471396" lon="175.2199173">
                <ele>10.6</ele>
            </trkpt>
            <trkpt lat="-41.4446344" lon="175.2182141">
                <ele>13.5</ele>
            </trkpt>
            <trkpt lat="-41.4418538" lon="175.2178225">
                <ele>19.8</ele>
            </trkpt>
            <trkpt lat="-41.4389161" lon="175.2179056">
                <ele>73.2</ele>
            </trkpt>
            <trkpt lat="-41.4380073" lon="175.2213684">
                <ele>104.8</ele>
            </trkpt>
            <trkpt lat="-41.437951" lon="175.225094">
                <ele>114.2</ele>
            </trkpt>
            <trkpt lat="-41.4361895" lon="175.2278191">
                <ele>149.2</ele>
            </trkpt>
            <trkpt lat="-41.4334728" lon="175.2255982">
                <ele>136.2</ele>
            </trkpt>
            <trkpt lat="-41.4308223" lon="175.2247962">
                <ele>132.5</ele>
            </trkpt>
            <trkpt lat="-41.4282723" lon="175.2261588">
                <ele>154.8</ele>
            </trkpt>
            <trkpt lat="-41.4254025" lon="175.2250591">
                <ele>137.2</ele>
            </trkpt>
            <trkpt lat="-41.4232786" lon="175.2220497">
                <ele>126.8</ele>
            </trkpt>
            <trkpt lat="-41.4214102" lon="175.2193755">
                <ele>119.5</ele>
            </trkpt>
            <trkpt lat="-41.4176771" lon="175.2133352">
                <ele>101.5</ele>
            </trkpt>
            <trkpt lat="-41.4155128" lon="175.2111572">
                <ele>80.2</ele>
            </trkpt>
            <trkpt lat="-41.4146137" lon="175.2075765">
                <ele>62.5</ele>
            </trkpt>
            <trkpt lat="-41.4153378" lon="175.2033493">
                <ele>55</ele>
            </trkpt>
            <trkpt lat="-41.4142154" lon="175.1972285">
                <ele>43</ele>
            </trkpt>
            <trkpt lat="-41.410848" lon="175.195367">
                <ele>39.2</ele>
            </trkpt>
            <trkpt lat="-41.4081323" lon="175.1959571">
                <ele>32.7</ele>
            </trkpt>
            <trkpt lat="-41.4041631" lon="175.1927009">
                <ele>26.2</ele>
            </trkpt>
            <trkpt lat="-41.4037486" lon="175.1880634">
                <ele>23</ele>
            </trkpt>
            <trkpt lat="-41.4019038" lon="175.1815671">
                <ele>17.5</ele>
            </trkpt>
            <trkpt lat="-41.4005719" lon="175.1781929">
                <ele>25</ele>
            </trkpt>
            <trkpt lat="-41.3980971" lon="175.1766962">
                <ele>53.8</ele>
            </trkpt>
            <trkpt lat="-41.3950811" lon="175.1764601">
                <ele>59.5</ele>
            </trkpt>
            <trkpt lat="-41.3898594" lon="175.1758245">
                <ele>63.8</ele>
            </trkpt>
            <trkpt lat="-41.3844563" lon="175.1776993">
                <ele>61.5</ele>
            </trkpt>
            <trkpt lat="-41.3812967" lon="175.1788875">
                <ele>65.5</ele>
            </trkpt>
            <trkpt lat="-41.377825" lon="175.179947">
                <ele>60.5</ele>
            </trkpt>
            <trkpt lat="-41.3752507" lon="175.1781741">
                <ele>40.2</ele>
            </trkpt>
            <trkpt lat="-41.3730327" lon="175.1756769">
                <ele>29</ele>
            </trkpt>
            <trkpt lat="-41.3704583" lon="175.1768813">
                <ele>25.7</ele>
            </trkpt>
            <trkpt lat="-41.3693089" lon="175.1804486">
                <ele>24</ele>
            </trkpt>
            <trkpt lat="-41.3689506" lon="175.1842681">
                <ele>27</ele>
            </trkpt>
            <trkpt lat="-41.3671792" lon="175.1870602">
                <ele>27</ele>
            </trkpt>
            <trkpt lat="-41.3665512" lon="175.1950371">
                <ele>41.8</ele>
            </trkpt>
            <trkpt lat="-41.3653414" lon="175.1982906">
                <ele>43.2</ele>
            </trkpt>
            <trkpt lat="-41.3628975" lon="175.2000046">
                <ele>44.5</ele>
            </trkpt>
            <trkpt lat="-41.3572062" lon="175.2019465">
                <ele>43</ele>
            </trkpt>
            <trkpt lat="-41.3545124" lon="175.2039742">
                <ele>37.8</ele>
            </trkpt>
            <trkpt lat="-41.3518406" lon="175.2058974">
                <ele>35.5</ele>
            </trkpt>
            <trkpt lat="-41.3491566" lon="175.2068898">
                <ele>32.2</ele>
            </trkpt>
            <trkpt lat="-41.3463719" lon="175.2080297">
                <ele>28.2</ele>
            </trkpt>
            <trkpt lat="-41.3435326" lon="175.2090973">
                <ele>28</ele>
            </trkpt>
            <trkpt lat="-41.3375335" lon="175.2100146">
                <ele>18.8</ele>
            </trkpt>
            <trkpt lat="-41.3310988" lon="175.2111197">
                <ele>13.8</ele>
            </trkpt>
            <trkpt lat="-41.3284643" lon="175.2121764">
                <ele>12.5</ele>
            </trkpt>
            <trkpt lat="-41.327709" lon="175.2180237">
                <ele>7.2</ele>
            </trkpt>
            <trkpt lat="-41.3276063" lon="175.2216473">
                <ele>7.8</ele>
            </trkpt>
            <trkpt lat="-41.3269054" lon="175.2258879">
                <ele>9</ele>
            </trkpt>
            <trkpt lat="-41.327991" lon="175.2305737">
                <ele>16</ele>
            </trkpt>
            <trkpt lat="-41.3294291" lon="175.2336636">
                <ele>23</ele>
            </trkpt>
            <trkpt lat="-41.3277412" lon="175.2403048">
                <ele>33</ele>
            </trkpt>
            <trkpt lat="-41.3263696" lon="175.2434054">
                <ele>30</ele>
            </trkpt>
            <trkpt lat="-41.3240995" lon="175.2463397">
                <ele>24.5</ele>
            </trkpt>
            <trkpt lat="-41.3214768" lon="175.2497649">
                <ele>11.5</ele>
            </trkpt>
            <trkpt lat="-41.3199579" lon="175.2530989">
                <ele>12.2</ele>
            </trkpt>
            <trkpt lat="-41.3179213" lon="175.2567896">
                <ele>16.5</ele>
            </trkpt>
            <trkpt lat="-41.3135961" lon="175.2626851">
                <ele>11.8</ele>
            </trkpt>
            <trkpt lat="-41.3120649" lon="175.2657536">
                <ele>26.5</ele>
            </trkpt>
            <trkpt lat="-41.3097621" lon="175.2685216">
                <ele>31.8</ele>
            </trkpt>
            <trkpt lat="-41.3064296" lon="175.2730411">
                <ele>30</ele>
            </trkpt>
            <trkpt lat="-41.3032663" lon="175.2717778">
                <ele>23</ele>
            </trkpt>
            <trkpt lat="-41.2998125" lon="175.2702087">
                <ele>6</ele>
            </trkpt>
            <trkpt lat="-41.297064" lon="175.2704796">
                <ele>5.8</ele>
            </trkpt>
            <trkpt lat="-41.2900106" lon="175.271405">
                <ele>5</ele>
            </trkpt>
            <trkpt lat="-41.2876546" lon="175.2684572">
                <ele>6</ele>
            </trkpt>
            <trkpt lat="-41.2833072" lon="175.2671966">
                <ele>3</ele>
            </trkpt>
            <trkpt lat="-41.2805659" lon="175.2654719">
                <ele>1.6</ele>
            </trkpt>
            <trkpt lat="-41.273539" lon="175.2663383">
                <ele>2.8</ele>
            </trkpt>
            <trkpt lat="-41.2688137" lon="175.2715069">
                <ele>3.8</ele>
            </trkpt>
            <trkpt lat="-41.2662009" lon="175.2746719">
                <ele>4.5</ele>
            </trkpt>
            <trkpt lat="-41.2638601" lon="175.2785048">
                <ele>4</ele>
            </trkpt>
            <trkpt lat="-41.2604662" lon="175.2847015">
                <ele>4.7</ele>
            </trkpt>
            <trkpt lat="-41.2529336" lon="175.2985704">
                <ele>5.2</ele>
            </trkpt>
            <trkpt lat="-41.2487573" lon="175.3052893">
                <ele>5.5</ele>
            </trkpt>
            <trkpt lat="-41.2463212" lon="175.3092241">
                <ele>4.5</ele>
            </trkpt>
            <trkpt lat="-41.2424611" lon="175.31299">
                <ele>5.5</ele>
            </trkpt>
            <trkpt lat="-41.2399622" lon="175.3154093">
                <ele>4.3</ele>
            </trkpt>
            <trkpt lat="-41.2358476" lon="175.3193709">
                <ele>3.9</ele>
            </trkpt>
            <trkpt lat="-41.2315734" lon="175.3233781">
                <ele>3.5</ele>
            </trkpt>
            <trkpt lat="-41.2294977" lon="175.3281766">
                <ele>5.9</ele>
            </trkpt>
            <trkpt lat="-41.2270286" lon="175.33463">
                <ele>8.2</ele>
            </trkpt>
            <trkpt lat="-41.2271577" lon="175.3384119">
                <ele>16.8</ele>
            </trkpt>
            <trkpt lat="-41.2273897" lon="175.3420758">
                <ele>12.8</ele>
            </trkpt>
            <trkpt lat="-41.2262317" lon="175.3465873">
                <ele>11.8</ele>
            </trkpt>
            <trkpt lat="-41.2253461" lon="175.3500339">
                <ele>14.2</ele>
            </trkpt>
            <trkpt lat="-41.2230907" lon="175.3535208">
                <ele>17</ele>
            </trkpt>
            <trkpt lat="-41.2199212" lon="175.3564364">
                <ele>23</ele>
            </trkpt>
            <trkpt lat="-41.2167254" lon="175.359368">
                <ele>27</ele>
            </trkpt>
            <trkpt lat="-41.2132873" lon="175.3625035">
                <ele>32</ele>
            </trkpt>
            <trkpt lat="-41.21019" lon="175.3653413">
                <ele>32</ele>
            </trkpt>
            <trkpt lat="-41.2061704" lon="175.3658777">
                <ele>34</ele>
            </trkpt>
            <trkpt lat="-41.2032806" lon="175.3651911">
                <ele>29.8</ele>
            </trkpt>
            <trkpt lat="-41.2011818" lon="175.3628308">
                <ele>20.8</ele>
            </trkpt>
            <trkpt lat="-41.1985663" lon="175.3618866">
                <ele>8.2</ele>
            </trkpt>
            <trkpt lat="-41.1921805" lon="175.359816">
                <ele>9.2</ele>
            </trkpt>
            <trkpt lat="-41.1873362" lon="175.3615889">
                <ele>10.5</ele>
            </trkpt>
            <trkpt lat="-41.1832264" lon="175.3631526">
                <ele>14.8</ele>
            </trkpt>
            <trkpt lat="-41.1779696" lon="175.3650945">
                <ele>13.5</ele>
            </trkpt>
            <trkpt lat="-41.1746365" lon="175.3662881">
                <ele>12.8</ele>
            </trkpt>
            <trkpt lat="-41.1713435" lon="175.3674388">
                <ele>11.5</ele>
            </trkpt>
            <trkpt lat="-41.1685007" lon="175.3673449">
                <ele>10</ele>
            </trkpt>
            <trkpt lat="-41.163905" lon="175.3654245">
                <ele>9.9</ele>
            </trkpt>
            <trkpt lat="-41.1609851" lon="175.3644186">
                <ele>11.2</ele>
            </trkpt>
            <trkpt lat="-41.1577057" lon="175.3650838">
                <ele>14.2</ele>
            </trkpt>
            <trkpt lat="-41.1545876" lon="175.3658992">
                <ele>15.5</ele>
            </trkpt>
            <trkpt lat="-41.1505968" lon="175.3683025">
                <ele>19.2</ele>
            </trkpt>
            <trkpt lat="-41.1435115" lon="175.3610659">
                <ele>23</ele>
            </trkpt>
            <trkpt lat="-41.1414431" lon="175.3581128">
                <ele>22.8</ele>
            </trkpt>
            <trkpt lat="-41.1383727" lon="175.3560716">
                <ele>23.4</ele>
            </trkpt>
            <trkpt lat="-41.1353871" lon="175.3533947">
                <ele>26</ele>
            </trkpt>
            <trkpt lat="-41.1254473" lon="175.3374034">
                <ele>28.2</ele>
            </trkpt>
            <trkpt lat="-41.1222166" lon="175.3317949">
                <ele>33</ele>
            </trkpt>
            <trkpt lat="-41.1201051" lon="175.3281337">
                <ele>37</ele>
            </trkpt>
            <trkpt lat="-41.1176985" lon="175.3239575">
                <ele>43.5</ele>
            </trkpt>
            <trkpt lat="-41.1161325" lon="175.3198376">
                <ele>47</ele>
            </trkpt>
            <trkpt lat="-41.1149726" lon="175.3165519">
                <ele>53</ele>
            </trkpt>
            <trkpt lat="-41.1146836" lon="175.312947">
                <ele>63.8</ele>
            </trkpt>
            <trkpt lat="-41.1122667" lon="175.311335">
                <ele>63</ele>
            </trkpt>
            <trkpt lat="-41.1099629" lon="175.3084812">
                <ele>77.8</ele>
            </trkpt>
            <trkpt lat="-41.1074105" lon="175.3034869">
                <ele>105.2</ele>
            </trkpt>
            <trkpt lat="-41.1055612" lon="175.3007671">
                <ele>93.8</ele>
            </trkpt>
            <trkpt lat="-41.1047366" lon="175.2963629">
                <ele>100.2</ele>
            </trkpt>
            <trkpt lat="-41.105543" lon="175.2929029">
                <ele>103.5</ele>
            </trkpt>
            <trkpt lat="-41.1068628" lon="175.2896789">
                <ele>120.8</ele>
            </trkpt>
            <trkpt lat="-41.1073114" lon="175.2860069">
                <ele>136.8</ele>
            </trkpt>
            <trkpt lat="-41.1076833" lon="175.2822894">
                <ele>141.9</ele>
            </trkpt>
            <trkpt lat="-41.1083825" lon="175.2787462">
                <ele>148</ele>
            </trkpt>
            <trkpt lat="-41.1105591" lon="175.2765548">
                <ele>192.2</ele>
            </trkpt>
            <trkpt lat="-41.1090373" lon="175.273473">
                <ele>234</ele>
            </trkpt>
            <trkpt lat="-41.1093748" lon="175.2696937">
                <ele>272.5</ele>
            </trkpt>
            <trkpt lat="-41.1090191" lon="175.2661318">
                <ele>284</ele>
            </trkpt>
            <trkpt lat="-41.1089989" lon="175.262484">
                <ele>297.8</ele>
            </trkpt>
            <trkpt lat="-41.1107591" lon="175.2593377">
                <ele>335.8</ele>
            </trkpt>
            <trkpt lat="-41.1082128" lon="175.2581012">
                <ele>333.8</ele>
            </trkpt>
            <trkpt lat="-41.1083886" lon="175.2545258">
                <ele>388.8</ele>
            </trkpt>
            <trkpt lat="-41.1090656" lon="175.251039">
                <ele>406</ele>
            </trkpt>
            <trkpt lat="-41.1099164" lon="175.2476004">
                <ele>429.2</ele>
            </trkpt>
            <trkpt lat="-41.1111734" lon="175.2443147">
                <ele>463</ele>
            </trkpt>
            <trkpt lat="-41.1129982" lon="175.2416486">
                <ele>510</ele>
            </trkpt>
            <trkpt lat="-41.1139157" lon="175.2381751">
                <ele>528.5</ele>
            </trkpt>
            <trkpt lat="-41.1148351" lon="175.2347204">
                <ele>553</ele>
            </trkpt>
            <trkpt lat="-41.1156495" lon="175.231263">
                <ele>562.9</ele>
            </trkpt>
            <trkpt lat="-41.114526" lon="175.2277359">
                <ele>521.8</ele>
            </trkpt>
            <trkpt lat="-41.1146573" lon="175.2240184">
                <ele>507.8</ele>
            </trkpt>
            <trkpt lat="-41.1134974" lon="175.2206254">
                <ele>468.5</ele>
            </trkpt>
            <trkpt lat="-41.1126587" lon="175.2170688">
                <ele>458.5</ele>
            </trkpt>
            <trkpt lat="-41.1099872" lon="175.2165458">
                <ele>417.8</ele>
            </trkpt>
            <trkpt lat="-41.1089828" lon="175.2130857">
                <ele>408</ele>
            </trkpt>
            <trkpt lat="-41.1071518" lon="175.2104303">
                <ele>393.8</ele>
            </trkpt>
            <trkpt lat="-41.1045062" lon="175.2116829">
                <ele>340.2</ele>
            </trkpt>
            <trkpt lat="-41.1025983" lon="175.2090141">
                <ele>337</ele>
            </trkpt>
            <trkpt lat="-41.1000435" lon="175.2075845">
                <ele>307.5</ele>
            </trkpt>
            <trkpt lat="-41.0977636" lon="175.2055863">
                <ele>273.8</ele>
            </trkpt>
            <trkpt lat="-41.0949539" lon="175.206399">
                <ele>266.8</ele>
            </trkpt>
            <trkpt lat="-41.0919926" lon="175.2075335">
                <ele>254.5</ele>
            </trkpt>
            <trkpt lat="-41.0892554" lon="175.2074584">
                <ele>245.2</ele>
            </trkpt>
            <trkpt lat="-41.0847755" lon="175.2065143">
                <ele>233.2</ele>
            </trkpt>
            <trkpt lat="-41.0817793" lon="175.2056935">
                <ele>225</ele>
            </trkpt>
            <trkpt lat="-41.0795008" lon="175.2035773">
                <ele>217.2</ele>
            </trkpt>
            <trkpt lat="-41.0787203" lon="175.2001119">
                <ele>203.8</ele>
            </trkpt>
            <trkpt lat="-41.0783422" lon="175.1964828">
                <ele>209.9</ele>
            </trkpt>
            <trkpt lat="-41.078417" lon="175.190303">
                <ele>221.5</ele>
            </trkpt>
            <trkpt lat="-41.0784878" lon="175.1840991">
                <ele>219.5</ele>
            </trkpt>
            <trkpt lat="-41.0799375" lon="175.1776671">
                <ele>229</ele>
            </trkpt>
            <trkpt lat="-41.0819148" lon="175.1749071">
                <ele>246</ele>
            </trkpt>
            <trkpt lat="-41.0831622" lon="175.1717126">
                <ele>256.8</ele>
            </trkpt>
            <trkpt lat="-41.0831804" lon="175.1678449">
                <ele>240</ele>
            </trkpt>
            <trkpt lat="-41.0840356" lon="175.1643687">
                <ele>259</ele>
            </trkpt>
            <trkpt lat="-41.0858187" lon="175.1607317">
                <ele>280</ele>
            </trkpt>
            <trkpt lat="-41.0879151" lon="175.1575157">
                <ele>271</ele>
            </trkpt>
            <trkpt lat="-41.0897002" lon="175.1547611">
                <ele>246.8</ele>
            </trkpt>
            <trkpt lat="-41.0882204" lon="175.151706">
                <ele>212.8</ele>
            </trkpt>
            <trkpt lat="-41.0876321" lon="175.1481736">
                <ele>182</ele>
            </trkpt>
            <trkpt lat="-41.088653" lon="175.1448423">
                <ele>161.2</ele>
            </trkpt>
            <trkpt lat="-41.0892858" lon="175.1407814">
                <ele>144.7</ele>
            </trkpt>
            <trkpt lat="-41.0906463" lon="175.1376083">
                <ele>127.8</ele>
            </trkpt>
            <trkpt lat="-41.0913416" lon="175.134092">
                <ele>108</ele>
            </trkpt>
            <trkpt lat="-41.0930215" lon="175.1300123">
                <ele>101.2</ele>
            </trkpt>
            <trkpt lat="-41.0942444" lon="175.1265952">
                <ele>93.8</ele>
            </trkpt>
            <trkpt lat="-41.0949357" lon="175.1231056">
                <ele>98</ele>
            </trkpt>
            <trkpt lat="-41.0957059" lon="175.118967">
                <ele>102.8</ele>
            </trkpt>
            <trkpt lat="-41.0961769" lon="175.1150993">
                <ele>99.8</ele>
            </trkpt>
            <trkpt lat="-41.0974725" lon="175.1118565">
                <ele>104.8</ele>
            </trkpt>
            <trkpt lat="-41.0988591" lon="175.108045">
                <ele>112.5</ele>
            </trkpt>
            <trkpt lat="-41.1003629" lon="175.1047003">
                <ele>117.8</ele>
            </trkpt>
            <trkpt lat="-41.1016888" lon="175.1011196">
                <ele>118.5</ele>
            </trkpt>
            <trkpt lat="-41.10372" lon="175.0986519">
                <ele>101.2</ele>
            </trkpt>
            <trkpt lat="-41.1069214" lon="175.0980297">
                <ele>93</ele>
            </trkpt>
            <trkpt lat="-41.1096476" lon="175.0976139">
                <ele>86.5</ele>
            </trkpt>
            <trkpt lat="-41.112105" lon="175.0960127">
                <ele>83</ele>
            </trkpt>
            <trkpt lat="-41.1134327" lon="175.092566">
                <ele>70.2</ele>
            </trkpt>
            <trkpt lat="-41.1139399" lon="175.0888377">
                <ele>66.7</ele>
            </trkpt>
            <trkpt lat="-41.114627" lon="175.085021">
                <ele>66.7</ele>
            </trkpt>
            <trkpt lat="-41.1152736" lon="175.0815099">
                <ele>65.2</ele>
            </trkpt>
            <trkpt lat="-41.1156717" lon="175.0773257">
                <ele>63.1</ele>
            </trkpt>
            <trkpt lat="-41.1159385" lon="175.0736779">
                <ele>62.7</ele>
            </trkpt>
            <trkpt lat="-41.1159203" lon="175.069668">
                <ele>61</ele>
            </trkpt>
            <trkpt lat="-41.1161789" lon="175.0658217">
                <ele>60</ele>
            </trkpt>
            <trkpt lat="-41.1161284" lon="175.0613049">
                <ele>59</ele>
            </trkpt>
            <trkpt lat="-41.1160981" lon="175.0568765">
                <ele>57</ele>
            </trkpt>
            <trkpt lat="-41.1162274" lon="175.0531429">
                <ele>56.2</ele>
            </trkpt>
            <trkpt lat="-41.1170296" lon="175.0491384">
                <ele>55</ele>
            </trkpt>
            <trkpt lat="-41.1184057" lon="175.0459036">
                <ele>53</ele>
            </trkpt>
            <trkpt lat="-41.1202586" lon="175.0430658">
                <ele>52</ele>
            </trkpt>
            <trkpt lat="-41.1221681" lon="175.0404641">
                <ele>53</ele>
            </trkpt>
            <trkpt lat="-41.1226793" lon="175.0369102">
                <ele>53</ele>
            </trkpt>
            <trkpt lat="-41.1240835" lon="175.0336057">
                <ele>54.1</ele>
            </trkpt>
            <trkpt lat="-41.1253705" lon="175.0304407">
                <ele>45.8</ele>
            </trkpt>
            <trkpt lat="-41.1267545" lon="175.0271523">
                <ele>46.8</ele>
            </trkpt>
            <trkpt lat="-41.1290456" lon="175.0237754">
                <ele>46.8</ele>
            </trkpt>
            <trkpt lat="-41.1311386" lon="175.0209028">
                <ele>44.3</ele>
            </trkpt>
            <trkpt lat="-41.132971" lon="175.0182018">
                <ele>42.8</ele>
            </trkpt>
            <trkpt lat="-41.1345831" lon="175.0146934">
                <ele>42.2</ele>
            </trkpt>
            <trkpt lat="-41.1362678" lon="175.0111315">
                <ele>43.8</ele>
            </trkpt>
            <trkpt lat="-41.1380556" lon="175.008122">
                <ele>44.5</ele>
            </trkpt>
            <trkpt lat="-41.1397746" lon="175.0046808">
                <ele>45.2</ele>
            </trkpt>
            <trkpt lat="-41.1416815" lon="175.0013199">
                <ele>42.2</ele>
            </trkpt>
            <trkpt lat="-41.1436792" lon="174.9987128">
                <ele>48.2</ele>
            </trkpt>
            <trkpt lat="-41.1452405" lon="174.9955317">
                <ele>42.2</ele>
            </trkpt>
            <trkpt lat="-41.146414" lon="174.9920797">
                <ele>54.5</ele>
            </trkpt>
            <trkpt lat="-41.1479733" lon="174.9886706">
                <ele>51.5</ele>
            </trkpt>
            <trkpt lat="-41.1499122" lon="174.9860984">
                <ele>51</ele>
            </trkpt>
            <trkpt lat="-41.1522368" lon="174.9841404">
                <ele>50.8</ele>
            </trkpt>
            <trkpt lat="-41.1563546" lon="174.9782744">
                <ele>37</ele>
            </trkpt>
            <trkpt lat="-41.1579924" lon="174.9754152">
                <ele>37</ele>
            </trkpt>
            <trkpt lat="-41.1593111" lon="174.9722797">
                <ele>38.4</ele>
            </trkpt>
            <trkpt lat="-41.1610498" lon="174.969525">
                <ele>41.5</ele>
            </trkpt>
            <trkpt lat="-41.1632205" lon="174.9672908">
                <ele>34</ele>
            </trkpt>
            <trkpt lat="-41.1657122" lon="174.9640828">
                <ele>35</ele>
            </trkpt>
            <trkpt lat="-41.168214" lon="174.9608642">
                <ele>38</ele>
            </trkpt>
            <trkpt lat="-41.1703905" lon="174.9579674">
                <ele>28.8</ele>
            </trkpt>
            <trkpt lat="-41.1723167" lon="174.954958">
                <ele>33.7</ele>
            </trkpt>
            <trkpt lat="-41.1746001" lon="174.9522945">
                <ele>31.2</ele>
            </trkpt>
            <trkpt lat="-41.1763888" lon="174.9493575">
                <ele>30.5</ele>
            </trkpt>
            <trkpt lat="-41.1790335" lon="174.9464098">
                <ele>27</ele>
            </trkpt>
            <trkpt lat="-41.1815529" lon="174.9437329">
                <ele>24.8</ele>
            </trkpt>
            <trkpt lat="-41.1834928" lon="174.9409059">
                <ele>22</ele>
            </trkpt>
            <trkpt lat="-41.1853399" lon="174.9377167">
                <ele>22.2</ele>
            </trkpt>
            <trkpt lat="-41.1871283" lon="174.9343586">
                <ele>31</ele>
            </trkpt>
            <trkpt lat="-41.188949" lon="174.9313143">
                <ele>31.8</ele>
            </trkpt>
            <trkpt lat="-41.1907434" lon="174.9284014">
                <ele>25.2</ele>
            </trkpt>
            <trkpt lat="-41.1925882" lon="174.9253222">
                <ele>22.2</ele>
            </trkpt>
            <trkpt lat="-41.1942755" lon="174.9223101">
                <ele>17.2</ele>
            </trkpt>
            <trkpt lat="-41.1961525" lon="174.9188125">
                <ele>25.8</ele>
            </trkpt>
            <trkpt lat="-41.1978055" lon="174.9157763">
                <ele>21</ele>
            </trkpt>
            <trkpt lat="-41.1997187" lon="174.9122545">
                <ele>21.2</ele>
            </trkpt>
            <trkpt lat="-41.2017812" lon="174.9086684">
                <ele>21</ele>
            </trkpt>
            <trkpt lat="-41.2032806" lon="174.9056697">
                <ele>16</ele>
            </trkpt>
            <trkpt lat="-41.2048224" lon="174.902443">
                <ele>20</ele>
            </trkpt>
            <trkpt lat="-41.2065336" lon="174.8994201">
                <ele>13.2</ele>
            </trkpt>
            <trkpt lat="-41.2084405" lon="174.8958501">
                <ele>17.8</ele>
            </trkpt>
            <trkpt lat="-41.2099559" lon="174.8926798">
                <ele>20</ele>
            </trkpt>
            <trkpt lat="-41.2120484" lon="174.8893753">
                <ele>20.5</ele>
            </trkpt>
            <trkpt lat="-41.2140782" lon="174.8865375">
                <ele>19.8</ele>
            </trkpt>
            <trkpt lat="-41.2158134" lon="174.8832545">
                <ele>14.8</ele>
            </trkpt>
            <trkpt lat="-41.2174114" lon="174.8796979">
                <ele>14</ele>
            </trkpt>
            <trkpt lat="-41.2190718" lon="174.8754331">
                <ele>15</ele>
            </trkpt>
            <trkpt lat="-41.2205749" lon="174.8719329">
                <ele>15</ele>
            </trkpt>
            <trkpt lat="-41.2219306" lon="174.8688081">
                <ele>9</ele>
            </trkpt>
            <trkpt lat="-41.2234296" lon="174.8643342">
                <ele>7.7</ele>
            </trkpt>
            <trkpt lat="-41.2239763" lon="174.8607963">
                <ele>8</ele>
            </trkpt>
            <trkpt lat="-41.2249245" lon="174.8557028">
                <ele>17</ele>
            </trkpt>
            <trkpt lat="-41.226034" lon="174.8523098">
                <ele>22.8</ele>
            </trkpt>
            <trkpt lat="-41.2273836" lon="174.8486754">
                <ele>16.2</ele>
            </trkpt>
            <trkpt lat="-41.2284185" lon="174.8446387">
                <ele>19</ele>
            </trkpt>
            <trkpt lat="-41.2306354" lon="174.8414013">
                <ele>13.8</ele>
            </trkpt>
            <trkpt lat="-41.2320999" lon="174.8382282">
                <ele>11</ele>
            </trkpt>
            <trkpt lat="-41.2342824" lon="174.8353475">
                <ele>11.8</ele>
            </trkpt>
            <trkpt lat="-41.2371062" lon="174.8309809">
                <ele>14</ele>
            </trkpt>
            <trkpt lat="-41.2388711" lon="174.8278964">
                <ele>15.8</ele>
            </trkpt>
            <trkpt lat="-41.2409565" lon="174.8246562">
                <ele>17.8</ele>
            </trkpt>
            <trkpt lat="-41.2426951" lon="174.8215905">
                <ele>23</ele>
            </trkpt>
            <trkpt lat="-41.2446634" lon="174.8181787">
                <ele>15</ele>
            </trkpt>
            <trkpt lat="-41.2466842" lon="174.8154965">
                <ele>10</ele>
            </trkpt>
            <trkpt lat="-41.248602" lon="174.8125488">
                <ele>7</ele>
            </trkpt>
            <trkpt lat="-41.2506711" lon="174.8088098">
                <ele>10</ele>
            </trkpt>
            <trkpt lat="-41.2526775" lon="174.8060551">
                <ele>8.2</ele>
            </trkpt>
            <trkpt lat="-41.2545145" lon="174.8031503">
                <ele>3.5</ele>
            </trkpt>
            <trkpt lat="-41.2557123" lon="174.799363">
                <ele>6</ele>
            </trkpt>
            <trkpt lat="-41.2572407" lon="174.7957447">
                <ele>2.8</ele>
            </trkpt>
            <trkpt lat="-41.2591825" lon="174.7928855">
                <ele>3.5</ele>
            </trkpt>
            <trkpt lat="-41.2614427" lon="174.7905815">
                <ele>6.2</ele>
            </trkpt>
            <trkpt lat="-41.2630819" lon="174.7876579">
                <ele>6.2</ele>
            </trkpt>
            <trkpt lat="-41.266848" lon="174.7837982">
                <ele>6.2</ele>
            </trkpt>
            <trkpt lat="-41.2697955" lon="174.7810328">
                <ele>6.2</ele>
            </trkpt>
            <trkpt lat="-41.2719364" lon="174.7779992">
                <ele>22</ele>
            </trkpt>
            <trkpt lat="-41.2742345" lon="174.7752795">
                <ele>28.2</ele>
            </trkpt>
            <trkpt lat="-41.276726" lon="174.77341">
                <ele>35</ele>
            </trkpt>
            <trkpt lat="-41.2794835" lon="174.7734502">
                <ele>36.5</ele>
            </trkpt>
            <trkpt lat="-41.2823437" lon="174.7738498">
                <ele>41</ele>
            </trkpt>
            <trkpt lat="-41.2850244" lon="174.7728977">
                <ele>41</ele>
            </trkpt>
            <trkpt lat="-41.2877392" lon="174.7715592">
                <ele>55.8</ele>
            </trkpt>
            <trkpt lat="-41.2912782" lon="174.7717738">
                <ele>34</ele>
            </trkpt>
            <trkpt lat="-41.2939807" lon="174.7724551">
                <ele>27</ele>
            </trkpt>
            <trkpt lat="-41.2950689" lon="174.7757971">
                <ele>18.5</ele>
            </trkpt>
            <trkpt lat="-41.296139" lon="174.7791526">
                <ele>18.2</ele>
            </trkpt>
            <trkpt lat="-41.2981058" lon="174.7817355">
                <ele>9</ele>
            </trkpt>
            <trkpt lat="-41.3008704" lon="174.7823068">
                <ele>16</ele>
            </trkpt>
            <trkpt lat="-41.304175" lon="174.7913539">
                <ele>61</ele>
            </trkpt>
            <trkpt lat="-41.3070804" lon="174.7922283">
                <ele>29</ele>
            </trkpt>
            <trkpt lat="-41.3097803" lon="174.7911716">
                <ele>20.8</ele>
            </trkpt>
            <trkpt lat="-41.3120045" lon="174.7933817">
                <ele>12</ele>
            </trkpt>
            <trkpt lat="-41.3126472" lon="174.7970214">
                <ele>4</ele>
            </trkpt>
            <trkpt lat="-41.3148351" lon="174.8002642">
                <ele>3.4</ele>
            </trkpt>
            <trkpt lat="-41.3168355" lon="174.8030242">
                <ele>3.5</ele>
            </trkpt>
            <trkpt lat="-41.3149277" lon="174.800106">
                <ele>3.5</ele>
            </trkpt>
            <trkpt lat="-41.313042" lon="174.7973996">
                <ele>4</ele>
            </trkpt>
            <trkpt lat="-41.3121858" lon="174.7938001">
                <ele>10</ele>
            </trkpt>
            <trkpt lat="-41.3102356" lon="174.7909865">
                <ele>22</ele>
            </trkpt>
            <trkpt lat="-41.3073545" lon="174.7921264">
                <ele>28.3</ele>
            </trkpt>
            <trkpt lat="-41.3045961" lon="174.792408">
                <ele>42.2</ele>
            </trkpt>
            <trkpt lat="-41.3018437" lon="174.7845653">
                <ele>39</ele>
            </trkpt>
            <trkpt lat="-41.3013702" lon="174.7809899">
                <ele>13.8</ele>
            </trkpt>
            <trkpt lat="-41.2990105" lon="174.7792491">
                <ele>18.2</ele>
            </trkpt>
            <trkpt lat="-41.2979002" lon="174.7759554">
                <ele>20</ele>
            </trkpt>
            <trkpt lat="-41.2967818" lon="174.7726804">
                <ele>26.7</ele>
            </trkpt>
            <trkpt lat="-41.2943092" lon="174.7710362">
                <ele>32.2</ele>
            </trkpt>
            <trkpt lat="-41.2915664" lon="174.7718033">
                <ele>31</ele>
            </trkpt>
            <trkpt lat="-41.2886522" lon="174.7715458">
                <ele>32</ele>
            </trkpt>
            <trkpt lat="-41.2858346" lon="174.7723719">
                <ele>47.2</ele>
            </trkpt>
            <trkpt lat="-41.2831238" lon="174.7737077">
                <ele>46</ele>
            </trkpt>
            <trkpt lat="-41.2798322" lon="174.773367">
                <ele>38.5</ele>
            </trkpt>
            <trkpt lat="-41.2769599" lon="174.7732034">
                <ele>34</ele>
            </trkpt>
            <trkpt lat="-41.2743917" lon="174.7748852">
                <ele>28.5</ele>
            </trkpt>
            <trkpt lat="-41.2722085" lon="174.7774494">
                <ele>23</ele>
            </trkpt>
            <trkpt lat="-41.2703377" lon="174.7801825">
                <ele>22</ele>
            </trkpt>
            <trkpt lat="-41.2679004" lon="174.7826287">
                <ele>22</ele>
            </trkpt>
            <trkpt lat="-41.2655456" lon="174.7851098">
                <ele>22</ele>
            </trkpt>
            <trkpt lat="-41.2632533" lon="174.7873253">
                <ele>22</ele>
            </trkpt>
            <trkpt lat="-41.2614891" lon="174.7902837">
                <ele>22</ele>
            </trkpt>
            <trkpt lat="-41.2591179" lon="174.7927836">
                <ele>4</ele>
            </trkpt>
            <trkpt lat="-41.257146" lon="174.7957313">
                <ele>0.5</ele>
            </trkpt>
            <trkpt lat="-41.2556276" lon="174.7993255">
                <ele>7</ele>
            </trkpt>
            <trkpt lat="-41.2544561" lon="174.803043">
                <ele>4.5</ele>
            </trkpt>
            <trkpt lat="-41.2526412" lon="174.8059237">
                <ele>9.8</ele>
            </trkpt>
            <trkpt lat="-41.2504755" lon="174.8089707">
                <ele>11</ele>
            </trkpt>
            <trkpt lat="-41.2486767" lon="174.811956">
                <ele>8.8</ele>
            </trkpt>
            <trkpt lat="-41.2465914" lon="174.8143968">
                <ele>12.5</ele>
            </trkpt>
            <trkpt lat="-41.2437781" lon="174.8139301">
                <ele>16</ele>
            </trkpt>
            <trkpt lat="-41.2420356" lon="174.8106632">
                <ele>35</ele>
            </trkpt>
            <trkpt lat="-41.2399642" lon="174.8080319">
                <ele>69.5</ele>
            </trkpt>
            <trkpt lat="-41.238028" lon="174.8054409">
                <ele>80.5</ele>
            </trkpt>
            <trkpt lat="-41.2350872" lon="174.8060337">
                <ele>128.5</ele>
            </trkpt>
            <trkpt lat="-41.232703" lon="174.8085845">
                <ele>137.5</ele>
            </trkpt>
            <trkpt lat="-41.2301513" lon="174.8097995">
                <ele>151.1</ele>
            </trkpt>
            <trkpt lat="-41.2276721" lon="174.8080721">
                <ele>151</ele>
            </trkpt>
            <trkpt lat="-41.224979" lon="174.8087159">
                <ele>151.8</ele>
            </trkpt>
            <trkpt lat="-41.2221566" lon="174.8089305">
                <ele>152.1</ele>
            </trkpt>
            <trkpt lat="-41.2194249" lon="174.8102126">
                <ele>145</ele>
            </trkpt>
            <trkpt lat="-41.2163562" lon="174.8120499">
                <ele>127.2</ele>
            </trkpt>
            <trkpt lat="-41.2127929" lon="174.8141956">
                <ele>123.5</ele>
            </trkpt>
            <trkpt lat="-41.2098187" lon="174.8158962">
                <ele>110.5</ele>
            </trkpt>
            <trkpt lat="-41.2071632" lon="174.8173848">
                <ele>117.8</ele>
            </trkpt>
            <trkpt lat="-41.2049334" lon="174.8199517">
                <ele>109.8</ele>
            </trkpt>
            <trkpt lat="-41.2023321" lon="174.8226044">
                <ele>97.8</ele>
            </trkpt>
            <trkpt lat="-41.1996138" lon="174.8239884">
                <ele>96.2</ele>
            </trkpt>
            <trkpt lat="-41.1969235" lon="174.8251927">
                <ele>87.2</ele>
            </trkpt>
            <trkpt lat="-41.1949638" lon="174.8277166">
                <ele>84.2</ele>
            </trkpt>
            <trkpt lat="-41.1928082" lon="174.8302728">
                <ele>80.2</ele>
            </trkpt>
            <trkpt lat="-41.1901338" lon="174.8308682">
                <ele>71</ele>
            </trkpt>
            <trkpt lat="-41.1873241" lon="174.8318902">
                <ele>68.8</ele>
            </trkpt>
            <trkpt lat="-41.1846213" lon="174.8319277">
                <ele>64</ele>
            </trkpt>
            <trkpt lat="-41.1824371" lon="174.8296827">
                <ele>72.8</ele>
            </trkpt>
            <trkpt lat="-41.1797784" lon="174.8287225">
                <ele>67</ele>
            </trkpt>
            <trkpt lat="-41.1768835" lon="174.8299456">
                <ele>61</ele>
            </trkpt>
            <trkpt lat="-41.1738773" lon="174.8306429">
                <ele>68</ele>
            </trkpt>
            <trkpt lat="-41.1707116" lon="174.8313484">
                <ele>70</ele>
            </trkpt>
            <trkpt lat="-41.1677839" lon="174.8322871">
                <ele>51</ele>
            </trkpt>
            <trkpt lat="-41.1649126" lon="174.833824">
                <ele>44.2</ele>
            </trkpt>
            <trkpt lat="-41.159515" lon="174.8367289">
                <ele>43</ele>
            </trkpt>
            <trkpt lat="-41.1568858" lon="174.8380029">
                <ele>46</ele>
            </trkpt>
            <trkpt lat="-41.1544381" lon="174.8397598">
                <ele>48.5</ele>
            </trkpt>
            <trkpt lat="-41.1520247" lon="174.8434719">
                <ele>51</ele>
            </trkpt>
            <trkpt lat="-41.1503908" lon="174.8466879">
                <ele>59.5</ele>
            </trkpt>
            <trkpt lat="-41.1495385" lon="174.8502177">
                <ele>86.2</ele>
            </trkpt>
            <trkpt lat="-41.1499526" lon="174.8541203">
                <ele>143.8</ele>
            </trkpt>
            <trkpt lat="-41.1515663" lon="174.8573202">
                <ele>126.8</ele>
            </trkpt>
            <trkpt lat="-41.153287" lon="174.8601553">
                <ele>149.8</ele>
            </trkpt>
            <trkpt lat="-41.1546583" lon="174.8652595">
                <ele>151</ele>
            </trkpt>
            <trkpt lat="-41.1553994" lon="174.8688805">
                <ele>172</ele>
            </trkpt>
            <trkpt lat="-41.1556458" lon="174.872531">
                <ele>166.2</ele>
            </trkpt>
            <trkpt lat="-41.1551106" lon="174.8761252">
                <ele>159</ele>
            </trkpt>
            <trkpt lat="-41.1539433" lon="174.8795369">
                <ele>199.8</ele>
            </trkpt>
            <trkpt lat="-41.1522186" lon="174.8829433">
                <ele>163.5</ele>
            </trkpt>
            <trkpt lat="-41.1498233" lon="174.8856175">
                <ele>149.8</ele>
            </trkpt>
            <trkpt lat="-41.1473532" lon="174.8873261">
                <ele>137</ele>
            </trkpt>
            <trkpt lat="-41.1449375" lon="174.8895711">
                <ele>112.8</ele>
            </trkpt>
            <trkpt lat="-41.142744" lon="174.8922989">
                <ele>107</ele>
            </trkpt>
            <trkpt lat="-41.1398817" lon="174.8947397">
                <ele>100.5</ele>
            </trkpt>
            <trkpt lat="-41.1372132" lon="174.8962605">
                <ele>110</ele>
            </trkpt>
            <trkpt lat="-41.1345649" lon="174.8980361">
                <ele>95.2</ele>
            </trkpt>
            <trkpt lat="-41.1322396" lon="174.9001282">
                <ele>100.2</ele>
            </trkpt>
            <trkpt lat="-41.1284294" lon="174.9039102">
                <ele>119.5</ele>
            </trkpt>
            <trkpt lat="-41.1254877" lon="174.9058816">
                <ele>128</ele>
            </trkpt>
            <trkpt lat="-41.1228571" lon="174.9077082">
                <ele>122.2</ele>
            </trkpt>
            <trkpt lat="-41.1204344" lon="174.9105808">
                <ele>111.8</ele>
            </trkpt>
            <trkpt lat="-41.1180016" lon="174.9138826">
                <ele>71.2</ele>
            </trkpt>
            <trkpt lat="-41.1142127" lon="174.9166507">
                <ele>17.8</ele>
            </trkpt>
            <trkpt lat="-41.1120242" lon="174.9190244">
                <ele>8.5</ele>
            </trkpt>
            <trkpt lat="-41.1104116" lon="174.9221358">
                <ele>29.2</ele>
            </trkpt>
            <trkpt lat="-41.1087403" lon="174.9252579">
                <ele>32</ele>
            </trkpt>
            <trkpt lat="-41.1066708" lon="174.9275967">
                <ele>40.5</ele>
            </trkpt>
            <trkpt lat="-41.1039666" lon="174.9291766">
                <ele>61.8</ele>
            </trkpt>
            <trkpt lat="-41.1005428" lon="174.930397">
                <ele>54.5</ele>
            </trkpt>
            <trkpt lat="-41.096854" lon="174.9317542">
                <ele>57.8</ele>
            </trkpt>
            <trkpt lat="-41.0940261" lon="174.9329504">
                <ele>51.2</ele>
            </trkpt>
            <trkpt lat="-41.091097" lon="174.9347046">
                <ele>60.8</ele>
            </trkpt>
            <trkpt lat="-41.0883397" lon="174.9368879">
                <ele>77.5</ele>
            </trkpt>
            <trkpt lat="-41.0843854" lon="174.9401602">
                <ele>92</ele>
            </trkpt>
            <trkpt lat="-41.0818056" lon="174.9414477">
                <ele>84.2</ele>
            </trkpt>
            <trkpt lat="-41.0789286" lon="174.9420458">
                <ele>96.5</ele>
            </trkpt>
            <trkpt lat="-41.0754266" lon="174.9420404">
                <ele>91.8</ele>
            </trkpt>
            <trkpt lat="-41.072612" lon="174.9420297">
                <ele>82</ele>
            </trkpt>
            <trkpt lat="-41.0696678" lon="174.9422067">
                <ele>63</ele>
            </trkpt>
            <trkpt lat="-41.0667579" lon="174.9429443">
                <ele>56.2</ele>
            </trkpt>
            <trkpt lat="-41.0639408" lon="174.9442264">
                <ele>65.8</ele>
            </trkpt>
            <trkpt lat="-41.0604967" lon="174.9456292">
                <ele>70</ele>
            </trkpt>
            <trkpt lat="-41.057825" lon="174.9467343">
                <ele>72</ele>
            </trkpt>
            <trkpt lat="-41.0547022" lon="174.9484804">
                <ele>75.8</ele>
            </trkpt>
            <trkpt lat="-41.0521739" lon="174.9499798">
                <ele>94.2</ele>
            </trkpt>
            <trkpt lat="-41.0495787" lon="174.9513102">
                <ele>84</ele>
            </trkpt>
            <trkpt lat="-41.0468581" lon="174.9522758">
                <ele>98.2</ele>
            </trkpt>
            <trkpt lat="-41.0439957" lon="174.9528766">
                <ele>113.8</ele>
            </trkpt>
            <trkpt lat="-41.0407488" lon="174.9530563">
                <ele>115</ele>
            </trkpt>
            <trkpt lat="-41.0377971" lon="174.9528953">
                <ele>127</ele>
            </trkpt>
            <trkpt lat="-41.034908" lon="174.9529973">
                <ele>136.2</ele>
            </trkpt>
            <trkpt lat="-41.0322049" lon="174.9534157">
                <ele>152.5</ele>
            </trkpt>
            <trkpt lat="-41.0294896" lon="174.9541506">
                <ele>165</ele>
            </trkpt>
            <trkpt lat="-41.0265233" lon="174.9553496">
                <ele>182.2</ele>
            </trkpt>
            <trkpt lat="-41.0234981" lon="174.9564573">
                <ele>201.2</ele>
            </trkpt>
            <trkpt lat="-41.020576" lon="174.9569696">
                <ele>225</ele>
            </trkpt>
            <trkpt lat="-41.0175303" lon="174.9572298">
                <ele>245.5</ele>
            </trkpt>
            <trkpt lat="-41.0148549" lon="174.9578011">
                <ele>251.2</ele>
            </trkpt>
            <trkpt lat="-41.0120012" lon="174.9588311">
                <ele>277.5</ele>
            </trkpt>
            <trkpt lat="-41.0094024" lon="174.9601695">
                <ele>284</ele>
            </trkpt>
            <trkpt lat="-41.0068947" lon="174.9615428">
                <ele>239</ele>
            </trkpt>
            <trkpt lat="-41.0041419" lon="174.9626371">
                <ele>201.8</ele>
            </trkpt>
            <trkpt lat="-41.0009861" lon="174.963541">
                <ele>176.8</ele>
            </trkpt>
            <trkpt lat="-40.9980306" lon="174.9643376">
                <ele>149.5</ele>
            </trkpt>
            <trkpt lat="-40.9952349" lon="174.9648875">
                <ele>128.2</ele>
            </trkpt>
            <trkpt lat="-40.991763" lon="174.9653032">
                <ele>104.8</ele>
            </trkpt>
            <trkpt lat="-40.9889528" lon="174.9655688">
                <ele>75.2</ele>
            </trkpt>
            <trkpt lat="-40.986179" lon="174.9662796">
                <ele>57.2</ele>
            </trkpt>
            <trkpt lat="-40.9836339" lon="174.968192">
                <ele>30.8</ele>
            </trkpt>
            <trkpt lat="-40.9817974" lon="174.9712014">
                <ele>20.2</ele>
            </trkpt>
            <trkpt lat="-40.980214" lon="174.9746132">
                <ele>13.8</ele>
            </trkpt>
            <trkpt lat="-40.978183" lon="174.9770245">
                <ele>16</ele>
            </trkpt>
            <trkpt lat="-40.9757165" lon="174.9787518">
                <ele>17.5</ele>
            </trkpt>
            <trkpt lat="-40.972851" lon="174.9814609">
                <ele>23.8</ele>
            </trkpt>
            <trkpt lat="-40.9702406" lon="174.9833491">
                <ele>18.5</ele>
            </trkpt>
            <trkpt lat="-40.9676341" lon="174.9847412">
                <ele>12</ele>
            </trkpt>
            <trkpt lat="-40.9650356" lon="174.9860582">
                <ele>11</ele>
            </trkpt>
            <trkpt lat="-40.9621879" lon="174.9868602">
                <ele>13</ele>
            </trkpt>
            <trkpt lat="-40.9592854" lon="174.9874851">
                <ele>11.9</ele>
            </trkpt>
            <trkpt lat="-40.9565609" lon="174.9880216">
                <ele>9.2</ele>
            </trkpt>
            <trkpt lat="-40.9530342" lon="174.9887162">
                <ele>12</ele>
            </trkpt>
            <trkpt lat="-40.9482068" lon="174.990162">
                <ele>13.8</ele>
            </trkpt>
            <trkpt lat="-40.9451415" lon="174.99109">
                <ele>12.8</ele>
            </trkpt>
            <trkpt lat="-40.941444" lon="174.992179">
                <ele>9</ele>
            </trkpt>
            <trkpt lat="-40.9385163" lon="174.9933511">
                <ele>9.8</ele>
            </trkpt>
            <trkpt lat="-40.9356694" lon="174.9945715">
                <ele>13</ele>
            </trkpt>
            <trkpt lat="-40.9326644" lon="174.9944213">
                <ele>12.8</ele>
            </trkpt>
            <trkpt lat="-40.9298477" lon="174.9927583">
                <ele>3.2</ele>
            </trkpt>
            <trkpt lat="-40.9271505" lon="174.9918437">
                <ele>15</ele>
            </trkpt>
            <trkpt lat="-40.9234256" lon="174.9916667">
                <ele>16.2</ele>
            </trkpt>
            <trkpt lat="-40.9206207" lon="174.9915648">
                <ele>11</ele>
            </trkpt>
            <trkpt lat="-40.9173008" lon="174.9919161">
                <ele>5.6</ele>
            </trkpt>
            <trkpt lat="-40.9145686" lon="174.993107">
                <ele>7</ele>
            </trkpt>
            <trkpt lat="-40.911816" lon="174.9953306">
                <ele>10.6</ele>
            </trkpt>
            <trkpt lat="-40.9087653" lon="174.9992976">
                <ele>8.2</ele>
            </trkpt>
            <trkpt lat="-40.9052016" lon="175.0039566">
                <ele>11</ele>
            </trkpt>
            <trkpt lat="-40.9032068" lon="175.0065073">
                <ele>12</ele>
            </trkpt>
            <trkpt lat="-40.9008268" lon="175.009734">
                <ele>10.8</ele>
            </trkpt>
            <trkpt lat="-40.8984263" lon="175.0128937">
                <ele>12.5</ele>
            </trkpt>
            <trkpt lat="-40.895375" lon="175.0164637">
                <ele>11.5</ele>
            </trkpt>
            <trkpt lat="-40.8933374" lon="175.0190037">
                <ele>12.2</ele>
            </trkpt>
            <trkpt lat="-40.8914172" lon="175.0216591">
                <ele>11.8</ele>
            </trkpt>
            <trkpt lat="-40.888834" lon="175.0238532">
                <ele>14</ele>
            </trkpt>
            <trkpt lat="-40.8856545" lon="175.0248483">
                <ele>13.8</ele>
            </trkpt>
            <trkpt lat="-40.8829696" lon="175.0254813">
                <ele>11</ele>
            </trkpt>
            <trkpt lat="-40.8795445" lon="175.0266105">
                <ele>8</ele>
            </trkpt>
            <trkpt lat="-40.8764781" lon="175.0276566">
                <ele>10</ele>
            </trkpt>
            <trkpt lat="-40.8740078" lon="175.0291184">
                <ele>7.5</ele>
            </trkpt>
            <trkpt lat="-40.8714726" lon="175.031071">
                <ele>13</ele>
            </trkpt>
            <trkpt lat="-40.8691482" lon="175.0331175">
                <ele>6.5</ele>
            </trkpt>
            <trkpt lat="-40.8710264" lon="175.035722">
                <ele>8</ele>
            </trkpt>
            <trkpt lat="-40.8735312" lon="175.038726">
                <ele>10.5</ele>
            </trkpt>
            <trkpt lat="-40.8759183" lon="175.0427601">
                <ele>12.2</ele>
            </trkpt>
            <trkpt lat="-40.8779829" lon="175.0452867">
                <ele>16.2</ele>
            </trkpt>
            <trkpt lat="-40.8783053" lon="175.0494522">
                <ele>20.6</ele>
            </trkpt>
            <trkpt lat="-40.8797513" lon="175.0526789">
                <ele>20.7</ele>
            </trkpt>
            <trkpt lat="-40.8799703" lon="175.0574452">
                <ele>24.2</ele>
            </trkpt>
            <trkpt lat="-40.8790821" lon="175.0612378">
                <ele>25.5</ele>
            </trkpt>
            <trkpt lat="-40.8777882" lon="175.0648829">
                <ele>32</ele>
            </trkpt>
            <trkpt lat="-40.8751517" lon="175.0670663">
                <ele>33.8</ele>
            </trkpt>
            <trkpt lat="-40.8720973" lon="175.0694749">
                <ele>31.8</ele>
            </trkpt>
            <trkpt lat="-40.8692334" lon="175.0717306">
                <ele>27</ele>
            </trkpt>
            <trkpt lat="-40.8649251" lon="175.0751129">
                <ele>20</ele>
            </trkpt>
            <trkpt lat="-40.8597565" lon="175.079163">
                <ele>19.2</ele>
            </trkpt>
            <trkpt lat="-40.8547883" lon="175.0830951">
                <ele>21</ele>
            </trkpt>
            <trkpt lat="-40.8521306" lon="175.0846642">
                <ele>17</ele>
            </trkpt>
            <trkpt lat="-40.849209" lon="175.0845784">
                <ele>20</ele>
            </trkpt>
            <trkpt lat="-40.8464435" lon="175.0829959">
                <ele>12.5</ele>
            </trkpt>
            <trkpt lat="-40.8440513" lon="175.081223">
                <ele>11.8</ele>
            </trkpt>
            <trkpt lat="-40.8416468" lon="175.0831273">
                <ele>14.9</ele>
            </trkpt>
            <trkpt lat="-40.8394188" lon="175.086228">
                <ele>14.5</ele>
            </trkpt>
            <trkpt lat="-40.8369127" lon="175.0888431">
                <ele>14.8</ele>
            </trkpt>
            <trkpt lat="-40.8338849" lon="175.0912571">
                <ele>17</ele>
            </trkpt>
            <trkpt lat="-40.8315186" lon="175.0930542">
                <ele>20</ele>
            </trkpt>
            <trkpt lat="-40.8278005" lon="175.095959">
                <ele>21.2</ele>
            </trkpt>
            <trkpt lat="-40.8250443" lon="175.095216">
                <ele>14.4</ele>
            </trkpt>
            <trkpt lat="-40.822836" lon="175.0930166">
                <ele>14</ele>
            </trkpt>
            <trkpt lat="-40.8217846" lon="175.0897014">
                <ele>19.7</ele>
            </trkpt>
            <trkpt lat="-40.8203739" lon="175.0860509">
                <ele>15.5</ele>
            </trkpt>
            <trkpt lat="-40.8190809" lon="175.0825667">
                <ele>10.8</ele>
            </trkpt>
            <trkpt lat="-40.8184821" lon="175.0790718">
                <ele>13</ele>
            </trkpt>
            <trkpt lat="-40.8198056" lon="175.0759122">
                <ele>12.7</ele>
            </trkpt>
            <trkpt lat="-40.8198685" lon="175.0722402">
                <ele>6.1</ele>
            </trkpt>
            <trkpt lat="-40.8198056" lon="175.0759122">
                <ele>12.7</ele>
            </trkpt>
            <trkpt lat="-40.8184821" lon="175.0790718">
                <ele>13</ele>
            </trkpt>
            <trkpt lat="-40.8190809" lon="175.0825667">
                <ele>10.8</ele>
            </trkpt>
            <trkpt lat="-40.8203739" lon="175.0860509">
                <ele>15.5</ele>
            </trkpt>
            <trkpt lat="-40.8217907" lon="175.0895056">
                <ele>20</ele>
            </trkpt>
            <trkpt lat="-40.822836" lon="175.0930166">
                <ele>14</ele>
            </trkpt>
            <trkpt lat="-40.82502" lon="175.0951892">
                <ele>14.4</ele>
            </trkpt>
            <trkpt lat="-40.8278005" lon="175.095959">
                <ele>21.2</ele>
            </trkpt>
            <trkpt lat="-40.830378" lon="175.0939447">
                <ele>18.8</ele>
            </trkpt>
            <trkpt lat="-40.8329311" lon="175.0919598">
                <ele>15.8</ele>
            </trkpt>
            <trkpt lat="-40.836174" lon="175.089452">
                <ele>16</ele>
            </trkpt>
            <trkpt lat="-40.8385645" lon="175.0872231">
                <ele>12.8</ele>
            </trkpt>
            <trkpt lat="-40.8406343" lon="175.0847313">
                <ele>14</ele>
            </trkpt>
            <trkpt lat="-40.8424808" lon="175.0818264">
                <ele>12.2</ele>
            </trkpt>
            <trkpt lat="-40.8452058" lon="175.0816682">
                <ele>12</ele>
            </trkpt>
            <trkpt lat="-40.8473606" lon="175.0840017">
                <ele>15.2</ele>
            </trkpt>
            <trkpt lat="-40.8501788" lon="175.0846401">
                <ele>19</ele>
            </trkpt>
            <trkpt lat="-40.8532058" lon="175.0842753">
                <ele>18</ele>
            </trkpt>
            <trkpt lat="-40.8580525" lon="175.0804961">
                <ele>19.8</ele>
            </trkpt>
            <trkpt lat="-40.8627141" lon="175.0768483">
                <ele>22</ele>
            </trkpt>
            <trkpt lat="-40.8692334" lon="175.0717306">
                <ele>27</ele>
            </trkpt>
            <trkpt lat="-40.8716734" lon="175.0698128">
                <ele>32</ele>
            </trkpt>
            <trkpt lat="-40.8745676" lon="175.067533">
                <ele>33</ele>
            </trkpt>
            <trkpt lat="-40.8772224" lon="175.0653818">
                <ele>33</ele>
            </trkpt>
            <trkpt lat="-40.8787556" lon="175.0623617">
                <ele>27</ele>
            </trkpt>
            <trkpt lat="-40.8797391" lon="175.058915">
                <ele>26</ele>
            </trkpt>
            <trkpt lat="-40.8802705" lon="175.0551116">
                <ele>23.2</ele>
            </trkpt>
            <trkpt lat="-40.8787616" lon="175.0508872">
                <ele>20.8</ele>
            </trkpt>
            <trkpt lat="-40.8782952" lon="175.0464427">
                <ele>18.5</ele>
            </trkpt>
            <trkpt lat="-40.8763706" lon="175.0433099">
                <ele>13</ele>
            </trkpt>
            <trkpt lat="-40.8742613" lon="175.0406358">
                <ele>10.3</ele>
            </trkpt>
            <trkpt lat="-40.8724928" lon="175.0368619">
                <ele>7.5</ele>
            </trkpt>
            <trkpt lat="-40.8696897" lon="175.0358078">
                <ele>8</ele>
            </trkpt>
            <trkpt lat="-40.8706004" lon="175.0324121">
                <ele>8.8</ele>
            </trkpt>
            <trkpt lat="-40.8730201" lon="175.0300893">
                <ele>8.8</ele>
            </trkpt>
            <trkpt lat="-40.8754843" lon="175.0282574">
                <ele>9.4</ele>
            </trkpt>
            <trkpt lat="-40.8781208" lon="175.0272301">
                <ele>10</ele>
            </trkpt>
            <trkpt lat="-40.8813879" lon="175.0261116">
                <ele>7.5</ele>
            </trkpt>
            <trkpt lat="-40.884231" lon="175.0252774">
                <ele>14</ele>
            </trkpt>
            <trkpt lat="-40.8871814" lon="175.0247008">
                <ele>11.2</ele>
            </trkpt>
            <trkpt lat="-40.8898519" lon="175.0233677">
                <ele>13.5</ele>
            </trkpt>
            <trkpt lat="-40.8924838" lon="175.0203958">
                <ele>11.8</ele>
            </trkpt>
            <trkpt lat="-40.8946208" lon="175.01755">
                <ele>10.5</ele>
            </trkpt>
            <trkpt lat="-40.8971815" lon="175.014613">
                <ele>12</ele>
            </trkpt>
            <trkpt lat="-40.8999226" lon="175.0111744">
                <ele>11.8</ele>
            </trkpt>
            <trkpt lat="-40.9020371" lon="175.0083044">
                <ele>11.8</ele>
            </trkpt>
            <trkpt lat="-40.9045265" lon="175.0050294">
                <ele>10.8</ele>
            </trkpt>
            <trkpt lat="-40.9070787" lon="175.0017974">
                <ele>11.8</ele>
            </trkpt>
            <trkpt lat="-40.9102613" lon="174.997479">
                <ele>7.8</ele>
            </trkpt>
            <trkpt lat="-40.9125498" lon="174.9948049">
                <ele>10.8</ele>
            </trkpt>
            <trkpt lat="-40.9152192" lon="174.9929219">
                <ele>6</ele>
            </trkpt>
            <trkpt lat="-40.9180771" lon="174.9918973">
                <ele>7.6</ele>
            </trkpt>
            <trkpt lat="-40.9216219" lon="174.9917579">
                <ele>13.5</ele>
            </trkpt>
            <trkpt lat="-40.9247429" lon="174.9918839">
                <ele>15</ele>
            </trkpt>
            <trkpt lat="-40.9276145" lon="174.9920502">
                <ele>12</ele>
            </trkpt>
            <trkpt lat="-40.9302246" lon="174.9931821">
                <ele>4</ele>
            </trkpt>
            <trkpt lat="-40.9331994" lon="174.9947217">
                <ele>11.2</ele>
            </trkpt>
            <trkpt lat="-40.9360179" lon="174.9946332">
                <ele>12</ele>
            </trkpt>
            <trkpt lat="-40.9390978" lon="174.993217">
                <ele>10</ele>
            </trkpt>
            <trkpt lat="-40.9431013" lon="174.9918383">
                <ele>12</ele>
            </trkpt>
            <trkpt lat="-40.9463287" lon="174.990854">
                <ele>14.2</ele>
            </trkpt>
            <trkpt lat="-40.9506378" lon="174.9895343">
                <ele>14.2</ele>
            </trkpt>
            <trkpt lat="-40.953328" lon="174.9887672">
                <ele>12.2</ele>
            </trkpt>
            <trkpt lat="-40.9563179" lon="174.9881852">
                <ele>9.6</ele>
            </trkpt>
            <trkpt lat="-40.9593846" lon="174.9875629">
                <ele>12</ele>
            </trkpt>
            <trkpt lat="-40.9621555" lon="174.9869943">
                <ele>12.2</ele>
            </trkpt>
            <trkpt lat="-40.9648229" lon="174.9862808">
                <ele>11.2</ele>
            </trkpt>
            <trkpt lat="-40.9675369" lon="174.984937">
                <ele>12.2</ele>
            </trkpt>
            <trkpt lat="-40.9702689" lon="174.9834806">
                <ele>18.8</ele>
            </trkpt>
            <trkpt lat="-40.9728287" lon="174.9816459">
                <ele>24.5</ele>
            </trkpt>
            <trkpt lat="-40.9752021" lon="174.9792936">
                <ele>21.2</ele>
            </trkpt>
            <trkpt lat="-40.9778711" lon="174.9774671">
                <ele>19.8</ele>
            </trkpt>
            <trkpt lat="-40.980301" lon="174.9746963">
                <ele>13.8</ele>
            </trkpt>
            <trkpt lat="-40.9818237" lon="174.9714804">
                <ele>20.8</ele>
            </trkpt>
            <trkpt lat="-40.9835145" lon="174.9685434">
                <ele>28.8</ele>
            </trkpt>
            <trkpt lat="-40.9858895" lon="174.966588">
                <ele>57</ele>
            </trkpt>
            <trkpt lat="-40.9887119" lon="174.9657378">
                <ele>72.2</ele>
            </trkpt>
            <trkpt lat="-40.9914653" lon="174.9654508">
                <ele>99.2</ele>
            </trkpt>
            <trkpt lat="-40.9941701" lon="174.9651718">
                <ele>116.2</ele>
            </trkpt>
            <trkpt lat="-40.9977614" lon="174.96452">
                <ele>144.8</ele>
            </trkpt>
            <trkpt lat="-41.000642" lon="174.9637637">
                <ele>168.5</ele>
            </trkpt>
            <trkpt lat="-41.0033666" lon="174.9629885">
                <ele>183.2</ele>
            </trkpt>
            <trkpt lat="-41.0064129" lon="174.9618942">
                <ele>228</ele>
            </trkpt>
            <trkpt lat="-41.0094227" lon="174.9602875">
                <ele>284</ele>
            </trkpt>
            <trkpt lat="-41.0120093" lon="174.9589545">
                <ele>277</ele>
            </trkpt>
            <trkpt lat="-41.0147942" lon="174.9579459">
                <ele>250.5</ele>
            </trkpt>
            <trkpt lat="-41.0177104" lon="174.9573237">
                <ele>240.5</ele>
            </trkpt>
            <trkpt lat="-41.0205699" lon="174.9570796">
                <ele>222</ele>
            </trkpt>
            <trkpt lat="-41.0237652" lon="174.9565056">
                <ele>195</ele>
            </trkpt>
            <trkpt lat="-41.027361" lon="174.9550974">
                <ele>172.8</ele>
            </trkpt>
            <trkpt lat="-41.0301674" lon="174.9540621">
                <ele>159.5</ele>
            </trkpt>
            <trkpt lat="-41.03369" lon="174.9532735">
                <ele>141</ele>
            </trkpt>
            <trkpt lat="-41.0368462" lon="174.9530241">
                <ele>127.8</ele>
            </trkpt>
            <trkpt lat="-41.0400549" lon="174.9531582">
                <ele>117.2</ele>
            </trkpt>
            <trkpt lat="-41.0427738" lon="174.9531421">
                <ele>116.2</ele>
            </trkpt>
            <trkpt lat="-41.045883" lon="174.952662">
                <ele>102.5</ele>
            </trkpt>
            <trkpt lat="-41.0489476" lon="174.9517179">
                <ele>86.2</ele>
            </trkpt>
            <trkpt lat="-41.0522123" lon="174.9500924">
                <ele>92.5</ele>
            </trkpt>
            <trkpt lat="-41.0547507" lon="174.9486279">
                <ele>74.8</ele>
            </trkpt>
            <trkpt lat="-41.057287" lon="174.9471822">
                <ele>71.2</ele>
            </trkpt>
            <trkpt lat="-41.0600053" lon="174.9459565">
                <ele>69</ele>
            </trkpt>
            <trkpt lat="-41.0630166" lon="174.9447843">
                <ele>64.8</ele>
            </trkpt>
            <trkpt lat="-41.0661997" lon="174.943285">
                <ele>51.8</ele>
            </trkpt>
            <trkpt lat="-41.0689034" lon="174.9424562">
                <ele>65.2</ele>
            </trkpt>
            <trkpt lat="-41.0726059" lon="174.9421531">
                <ele>84.5</ele>
            </trkpt>
            <trkpt lat="-41.0754347" lon="174.9421799">
                <ele>93.5</ele>
            </trkpt>
            <trkpt lat="-41.0782027" lon="174.9421772">
                <ele>96.7</ele>
            </trkpt>
            <trkpt lat="-41.0813608" lon="174.9417669">
                <ele>88.2</ele>
            </trkpt>
            <trkpt lat="-41.084442" lon="174.9402997">
                <ele>92</ele>
            </trkpt>
            <trkpt lat="-41.0883963" lon="174.9370193">
                <ele>78.2</ele>
            </trkpt>
            <trkpt lat="-41.0909879" lon="174.9349755">
                <ele>63.2</ele>
            </trkpt>
            <trkpt lat="-41.0938058" lon="174.9332428">
                <ele>54</ele>
            </trkpt>
            <trkpt lat="-41.0980607" lon="174.9314564">
                <ele>62.5</ele>
            </trkpt>
            <trkpt lat="-41.1009854" lon="174.930405">
                <ele>58.2</ele>
            </trkpt>
            <trkpt lat="-41.1037099" lon="174.9294367">
                <ele>64</ele>
            </trkpt>
            <trkpt lat="-41.1064222" lon="174.9279696">
                <ele>43</ele>
            </trkpt>
            <trkpt lat="-41.1085846" lon="174.9256977">
                <ele>32.8</ele>
            </trkpt>
            <trkpt lat="-41.1104681" lon="174.9223986">
                <ele>32.2</ele>
            </trkpt>
            <trkpt lat="-41.1122263" lon="174.9196467">
                <ele>11.5</ele>
            </trkpt>
            <trkpt lat="-41.1148735" lon="174.9204755">
                <ele>14</ele>
            </trkpt>
            <trkpt lat="-41.1170519" lon="174.9229297">
                <ele>27</ele>
            </trkpt>
            <trkpt lat="-41.1164234" lon="174.9281734">
                <ele>23.2</ele>
            </trkpt>
            <trkpt lat="-41.1163103" lon="174.9320358">
                <ele>27</ele>
            </trkpt>
            <trkpt lat="-41.1171165" lon="174.9357104">
                <ele>19.2</ele>
            </trkpt>
            <trkpt lat="-41.1178319" lon="174.9391919">
                <ele>23</ele>
            </trkpt>
            <trkpt lat="-41.1190584" lon="174.9451759">
                <ele>30.8</ele>
            </trkpt>
            <trkpt lat="-41.1184987" lon="174.9491">
                <ele>35.2</ele>
            </trkpt>
            <trkpt lat="-41.1167346" lon="174.9520209">
                <ele>39</ele>
            </trkpt>
            <trkpt lat="-41.117165" lon="174.9557734">
                <ele>45</ele>
            </trkpt>
            <trkpt lat="-41.1181956" lon="174.9594426">
                <ele>65.4</ele>
            </trkpt>
            <trkpt lat="-41.1221721" lon="174.9620014">
                <ele>96.8</ele>
            </trkpt>
            <trkpt lat="-41.1238006" lon="174.9650833">
                <ele>118.2</ele>
            </trkpt>
            <trkpt lat="-41.125122" lon="174.9684387">
                <ele>120.8</ele>
            </trkpt>
            <trkpt lat="-41.126807" lon="174.9713731">
                <ele>114.8</ele>
            </trkpt>
            <trkpt lat="-41.1291527" lon="174.9731863">
                <ele>123.5</ele>
            </trkpt>
            <trkpt lat="-41.131175" lon="174.9758363">
                <ele>135.1</ele>
            </trkpt>
            <trkpt lat="-41.1340417" lon="174.9770138">
                <ele>148.5</ele>
            </trkpt>
            <trkpt lat="-41.1367082" lon="174.97843">
                <ele>160.2</ele>
            </trkpt>
            <trkpt lat="-41.1393504" lon="174.9795672">
                <ele>160.6</ele>
            </trkpt>
            <trkpt lat="-41.1420491" lon="174.9788001">
                <ele>172</ele>
            </trkpt>
            <trkpt lat="-41.1445396" lon="174.9772632">
                <ele>157.8</ele>
            </trkpt>
            <trkpt lat="-41.147335" lon="174.9780625">
                <ele>124</ele>
            </trkpt>
            <trkpt lat="-41.1499324" lon="174.9791542">
                <ele>107</ele>
            </trkpt>
            <trkpt lat="-41.1526165" lon="174.9787411">
                <ele>95.5</ele>
            </trkpt>
            <trkpt lat="-41.1551874" lon="174.9773517">
                <ele>62.8</ele>
            </trkpt>
            <trkpt lat="-41.1570211" lon="174.974691">
                <ele>57.5</ele>
            </trkpt>
            <trkpt lat="-41.1549067" lon="174.9803317">
                <ele>44</ele>
            </trkpt>
            <trkpt lat="-41.1530769" lon="174.9830809">
                <ele>50</ele>
            </trkpt>
            <trkpt lat="-41.1507968" lon="174.9851167">
                <ele>44.9</ele>
            </trkpt>
            <trkpt lat="-41.1486539" lon="174.987461">
                <ele>55.8</ele>
            </trkpt>
            <trkpt lat="-41.1465897" lon="174.9914816">
                <ele>52.2</ele>
            </trkpt>
            <trkpt lat="-41.1452789" lon="174.9948263">
                <ele>45.8</ele>
            </trkpt>
            <trkpt lat="-41.1437721" lon="174.9983427">
                <ele>49.2</ele>
            </trkpt>
            <trkpt lat="-41.1413421" lon="175.001674">
                <ele>43.5</ele>
            </trkpt>
            <trkpt lat="-41.1395464" lon="175.0050026">
                <ele>44.9</ele>
            </trkpt>
            <trkpt lat="-41.1380374" lon="175.0080335">
                <ele>45</ele>
            </trkpt>
            <trkpt lat="-41.1362012" lon="175.0110886">
                <ele>44.9</ele>
            </trkpt>
            <trkpt lat="-41.1345629" lon="175.0145379">
                <ele>42.5</ele>
            </trkpt>
            <trkpt lat="-41.1330619" lon="175.0179067">
                <ele>43.2</ele>
            </trkpt>
            <trkpt lat="-41.1305628" lon="175.0215411">
                <ele>46.2</ele>
            </trkpt>
            <trkpt lat="-41.1281688" lon="175.0248322">
                <ele>52.2</ele>
            </trkpt>
            <trkpt lat="-41.1263949" lon="175.0276405">
                <ele>48.6</ele>
            </trkpt>
            <trkpt lat="-41.1250553" lon="175.0309128">
                <ele>49</ele>
            </trkpt>
            <trkpt lat="-41.1236956" lon="175.0341985">
                <ele>56</ele>
            </trkpt>
            <trkpt lat="-41.1227742" lon="175.0380018">
                <ele>53</ele>
            </trkpt>
            <trkpt lat="-41.1215437" lon="175.0412124">
                <ele>52.2</ele>
            </trkpt>
            <trkpt lat="-41.1193069" lon="175.0442916">
                <ele>51.8</ele>
            </trkpt>
            <trkpt lat="-41.1176298" lon="175.047234">
                <ele>54.8</ele>
            </trkpt>
            <trkpt lat="-41.1165811" lon="175.0509167">
                <ele>55.7</ele>
            </trkpt>
            <trkpt lat="-41.1161102" lon="175.0548702">
                <ele>54.8</ele>
            </trkpt>
            <trkpt lat="-41.1161203" lon="175.059548">
                <ele>56</ele>
            </trkpt>
            <trkpt lat="-41.1161244" lon="175.0634935">
                <ele>56.8</ele>
            </trkpt>
            <trkpt lat="-41.1160193" lon="175.0671816">
                <ele>59</ele>
            </trkpt>
            <trkpt lat="-41.1158597" lon="175.0708428">
                <ele>63</ele>
            </trkpt>
            <trkpt lat="-41.1159122" lon="175.0744289">
                <ele>62.5</ele>
            </trkpt>
            <trkpt lat="-41.115597" lon="175.0781384">
                <ele>63</ele>
            </trkpt>
            <trkpt lat="-41.1150837" lon="175.0820893">
                <ele>66</ele>
            </trkpt>
            <trkpt lat="-41.1144896" lon="175.0857317">
                <ele>66.5</ele>
            </trkpt>
            <trkpt lat="-41.1138813" lon="175.0892213">
                <ele>66.5</ele>
            </trkpt>
            <trkpt lat="-41.1133499" lon="175.0929442">
                <ele>70.5</ele>
            </trkpt>
            <trkpt lat="-41.1120181" lon="175.0961763">
                <ele>83</ele>
            </trkpt>
            <trkpt lat="-41.1092455" lon="175.0976756">
                <ele>87</ele>
            </trkpt>
            <trkpt lat="-41.1061008" lon="175.0981504">
                <ele>96</ele>
            </trkpt>
            <trkpt lat="-41.1034351" lon="175.0987968">
                <ele>101.6</ele>
            </trkpt>
            <trkpt lat="-41.1015311" lon="175.1015353">
                <ele>119</ele>
            </trkpt>
            <trkpt lat="-41.1002639" lon="175.1050463">
                <ele>116.5</ele>
            </trkpt>
            <trkpt lat="-41.0985539" lon="175.1086351">
                <ele>111.5</ele>
            </trkpt>
            <trkpt lat="-41.0970501" lon="175.1129079">
                <ele>102</ele>
            </trkpt>
            <trkpt lat="-41.0958838" lon="175.1161775">
                <ele>95.2</ele>
            </trkpt>
            <trkpt lat="-41.0954876" lon="175.1197904">
                <ele>103.2</ele>
            </trkpt>
            <trkpt lat="-41.0948893" lon="175.1233819">
                <ele>97.9</ele>
            </trkpt>
            <trkpt lat="-41.0941373" lon="175.1272818">
                <ele>93.8</ele>
            </trkpt>
            <trkpt lat="-41.0921826" lon="175.1317397">
                <ele>102.2</ele>
            </trkpt>
            <trkpt lat="-41.0912386" lon="175.1351944">
                <ele>109.3</ele>
            </trkpt>
            <trkpt lat="-41.0900823" lon="175.138987">
                <ele>141.8</ele>
            </trkpt>
            <trkpt lat="-41.0887945" lon="175.1425141">
                <ele>151.5</ele>
            </trkpt>
            <trkpt lat="-41.0883235" lon="175.1461807">
                <ele>165.8</ele>
            </trkpt>
            <trkpt lat="-41.0873895" lon="175.1495683">
                <ele>194.5</ele>
            </trkpt>
            <trkpt lat="-41.0889805" lon="175.1524812">
                <ele>225.8</ele>
            </trkpt>
            <trkpt lat="-41.0891806" lon="175.1561102">
                <ele>264.8</ele>
            </trkpt>
            <trkpt lat="-41.0870822" lon="175.158492">
                <ele>276.8</ele>
            </trkpt>
            <trkpt lat="-41.0851293" lon="175.1620379">
                <ele>270.5</ele>
            </trkpt>
            <trkpt lat="-41.083795" lon="175.1653397">
                <ele>250.2</ele>
            </trkpt>
            <trkpt lat="-41.0829601" lon="175.1689178">
                <ele>247</ele>
            </trkpt>
            <trkpt lat="-41.0832188" lon="175.1725629">
                <ele>256.4</ele>
            </trkpt>
            <trkpt lat="-41.0810111" lon="175.1757225">
                <ele>239</ele>
            </trkpt>
            <trkpt lat="-41.0788093" lon="175.1817951">
                <ele>222</ele>
            </trkpt>
            <trkpt lat="-41.0784534" lon="175.1872131">
                <ele>223.8</ele>
            </trkpt>
            <trkpt lat="-41.0783281" lon="175.1953161">
                <ele>213</ele>
            </trkpt>
            <trkpt lat="-41.0787203" lon="175.2001119">
                <ele>203.8</ele>
            </trkpt>
            <trkpt lat="-41.0795008" lon="175.2035773">
                <ele>217.2</ele>
            </trkpt>
            <trkpt lat="-41.0817793" lon="175.2056935">
                <ele>225</ele>
            </trkpt>
            <trkpt lat="-41.0847755" lon="175.2065143">
                <ele>233.2</ele>
            </trkpt>
            <trkpt lat="-41.0877878" lon="175.2073672">
                <ele>240.8</ele>
            </trkpt>
            <trkpt lat="-41.0909879" lon="175.2076569">
                <ele>252.2</ele>
            </trkpt>
            <trkpt lat="-41.0936138" lon="175.2065787">
                <ele>258.8</ele>
            </trkpt>
            <trkpt lat="-41.0965973" lon="175.2058303">
                <ele>270.2</ele>
            </trkpt>
            <trkpt lat="-41.0992573" lon="175.2066672">
                <ele>291.2</ele>
            </trkpt>
            <trkpt lat="-41.1012603" lon="175.2091563">
                <ele>308</ele>
            </trkpt>
            <trkpt lat="-41.1036089" lon="175.2113745">
                <ele>339</ele>
            </trkpt>
            <trkpt lat="-41.1064181" lon="175.2112108">
                <ele>363.5</ele>
            </trkpt>
            <trkpt lat="-41.1087928" lon="175.2129087">
                <ele>405.8</ele>
            </trkpt>
            <trkpt lat="-41.1098639" lon="175.2162346">
                <ele>415</ele>
            </trkpt>
            <trkpt lat="-41.1125678" lon="175.2169776">
                <ele>460</ele>
            </trkpt>
            <trkpt lat="-41.1135136" lon="175.2203652">
                <ele>466</ele>
            </trkpt>
            <trkpt lat="-41.1147523" lon="175.2236375">
                <ele>500.5</ele>
            </trkpt>
            <trkpt lat="-41.1142774" lon="175.2271888">
                <ele>515.4</ele>
            </trkpt>
            <trkpt lat="-41.1158859" lon="175.2301097">
                <ele>549</ele>
            </trkpt>
            <trkpt lat="-41.1153383" lon="175.2336287">
                <ele>570</ele>
            </trkpt>
            <trkpt lat="-41.1144714" lon="175.23707">
                <ele>542.8</ele>
            </trkpt>
            <trkpt lat="-41.1128608" lon="175.2399507">
                <ele>499.2</ele>
            </trkpt>
            <trkpt lat="-41.112194" lon="175.2434242">
                <ele>488.8</ele>
            </trkpt>
            <trkpt lat="-41.1109754" lon="175.2467206">
                <ele>455</ele>
            </trkpt>
            <trkpt lat="-41.1093142" lon="175.2496389">
                <ele>427</ele>
            </trkpt>
            <trkpt lat="-41.1086048" lon="175.2531043">
                <ele>380.8</ele>
            </trkpt>
            <trkpt lat="-41.1079379" lon="175.2569506">
                <ele>356.5</ele>
            </trkpt>
            <trkpt lat="-41.1105672" lon="175.2582514">
                <ele>340.5</ele>
            </trkpt>
            <trkpt lat="-41.109686" lon="175.2616417">
                <ele>319.8</ele>
            </trkpt>
            <trkpt lat="-41.1091727" lon="175.2656785">
                <ele>293.5</ele>
            </trkpt>
            <trkpt lat="-41.1092515" lon="175.2693263">
                <ele>269.2</ele>
            </trkpt>
            <trkpt lat="-41.1091263" lon="175.2729928">
                <ele>242</ele>
            </trkpt>
            <trkpt lat="-41.1112745" lon="175.2751923">
                <ele>205.8</ele>
            </trkpt>
            <trkpt lat="-41.109005" lon="175.2771637">
                <ele>174.5</ele>
            </trkpt>
            <trkpt lat="-41.1081562" lon="175.280605">
                <ele>149.2</ele>
            </trkpt>
            <trkpt lat="-41.1075257" lon="175.2848053">
                <ele>137</ele>
            </trkpt>
            <trkpt lat="-41.1067354" lon="175.2883592">
                <ele>119.6</ele>
            </trkpt>
            <trkpt lat="-41.1066647" lon="175.2920312">
                <ele>114.2</ele>
            </trkpt>
            <trkpt lat="-41.1045992" lon="175.294531">
                <ele>107</ele>
            </trkpt>
            <trkpt lat="-41.1049307" lon="175.2981627">
                <ele>93</ele>
            </trkpt>
            <trkpt lat="-41.106022" lon="175.3015047">
                <ele>97.8</ele>
            </trkpt>
            <trkpt lat="-41.1084735" lon="175.3056622">
                <ele>92.5</ele>
            </trkpt>
            <trkpt lat="-41.111323" lon="175.3101709">
                <ele>65.5</ele>
            </trkpt>
            <trkpt lat="-41.1140066" lon="175.3124508">
                <ele>67</ele>
            </trkpt>
            <trkpt lat="-41.1149806" lon="175.3158894">
                <ele>53.8</ele>
            </trkpt>
            <trkpt lat="-41.1160051" lon="175.3192395">
                <ele>46.8</ele>
            </trkpt>
            <trkpt lat="-41.1169266" lon="175.3226325">
                <ele>45.2</ele>
            </trkpt>
            <trkpt lat="-41.1188988" lon="175.3260362">
                <ele>40.8</ele>
            </trkpt>
            <trkpt lat="-41.1213154" lon="175.3302419">
                <ele>35.8</ele>
            </trkpt>
            <trkpt lat="-41.1238128" lon="175.3345683">
                <ele>30</ele>
            </trkpt>
            <trkpt lat="-41.133773" lon="175.3518927">
                <ele>27</ele>
            </trkpt>
            <trkpt lat="-41.1374496" lon="175.3553608">
                <ele>25.5</ele>
            </trkpt>
            <trkpt lat="-41.1414431" lon="175.3581128">
                <ele>22.8</ele>
            </trkpt>
            <trkpt lat="-41.1433418" lon="175.3607064">
                <ele>23</ele>
            </trkpt>
            <trkpt lat="-41.1505464" lon="175.3683239">
                <ele>19</ele>
            </trkpt>
            <trkpt lat="-41.1537474" lon="175.366264">
                <ele>16.2</ele>
            </trkpt>
            <trkpt lat="-41.1577057" lon="175.3650838">
                <ele>14.2</ele>
            </trkpt>
            <trkpt lat="-41.160549" lon="175.3644186">
                <ele>12</ele>
            </trkpt>
            <trkpt lat="-41.1638263" lon="175.3653949">
                <ele>10</ele>
            </trkpt>
            <trkpt lat="-41.1681494" lon="175.3672189">
                <ele>9.9</ele>
            </trkpt>
            <trkpt lat="-41.1709862" lon="175.36753">
                <ele>12.5</ele>
            </trkpt>
            <trkpt lat="-41.1746365" lon="175.3662881">
                <ele>12.8</ele>
            </trkpt>
            <trkpt lat="-41.1779696" lon="175.3650945">
                <ele>13.5</ele>
            </trkpt>
            <trkpt lat="-41.1832264" lon="175.3631526">
                <ele>14.8</ele>
            </trkpt>
            <trkpt lat="-41.1864077" lon="175.3619939">
                <ele>12.5</ele>
            </trkpt>
            <trkpt lat="-41.1905759" lon="175.3597999">
                <ele>9</ele>
            </trkpt>
            <trkpt lat="-41.1966107" lon="175.3612429">
                <ele>9.2</ele>
            </trkpt>
            <trkpt lat="-41.1995835" lon="175.362187">
                <ele>11.5</ele>
            </trkpt>
            <trkpt lat="-41.2019083" lon="175.3641182">
                <ele>25.2</ele>
            </trkpt>
            <trkpt lat="-41.2061704" lon="175.3658777">
                <ele>34</ele>
            </trkpt>
            <trkpt lat="-41.2088522" lon="175.3664893">
                <ele>32.2</ele>
            </trkpt>
            <trkpt lat="-41.2119334" lon="175.3637534">
                <ele>31</ele>
            </trkpt>
            <trkpt lat="-41.2146775" lon="175.3612214">
                <ele>30</ele>
            </trkpt>
            <trkpt lat="-41.2180873" lon="175.3581181">
                <ele>25.2</ele>
            </trkpt>
            <trkpt lat="-41.2230907" lon="175.3535208">
                <ele>17</ele>
            </trkpt>
            <trkpt lat="-41.2251746" lon="175.3507099">
                <ele>15</ele>
            </trkpt>
            <trkpt lat="-41.2262317" lon="175.3465873">
                <ele>11.8</ele>
            </trkpt>
            <trkpt lat="-41.2273735" lon="175.3421429">
                <ele>12.5</ele>
            </trkpt>
            <trkpt lat="-41.2271577" lon="175.3384119">
                <ele>16.8</ele>
            </trkpt>
            <trkpt lat="-41.2270286" lon="175.33463">
                <ele>8.2</ele>
            </trkpt>
            <trkpt lat="-41.2294977" lon="175.3281766">
                <ele>5.9</ele>
            </trkpt>
            <trkpt lat="-41.2308028" lon="175.3247729">
                <ele>4.7</ele>
            </trkpt>
            <trkpt lat="-41.2358476" lon="175.3193709">
                <ele>3.9</ele>
            </trkpt>
            <trkpt lat="-41.2384737" lon="175.3168148">
                <ele>4.2</ele>
            </trkpt>
            <trkpt lat="-41.2414749" lon="175.3139824">
                <ele>4.5</ele>
            </trkpt>
            <trkpt lat="-41.2451616" lon="175.3104123">
                <ele>4.8</ele>
            </trkpt>
            <trkpt lat="-41.2487573" lon="175.3052893">
                <ele>5.5</ele>
            </trkpt>
            <trkpt lat="-41.2529336" lon="175.2985704">
                <ele>5.2</ele>
            </trkpt>
            <trkpt lat="-41.2594103" lon="175.286648">
                <ele>4.7</ele>
            </trkpt>
            <trkpt lat="-41.2627674" lon="175.2804601">
                <ele>5</ele>
            </trkpt>
            <trkpt lat="-41.2595454" lon="175.2779227">
                <ele>5.8</ele>
            </trkpt>
            <extensions>
                <osmand:route>
                    <segment id="150115229" length="3" startTrkptIdx="0" segmentTime="1.58" speed="8.33" turnType="C" turnAngle="" types="0,1,2,3,4,5,6,7,8,9" pointTypes=";;10,11" names="0,298,299,300,301,302,303,304,305,306,307,308,309,310" />
                    <segment id="1324875024" length="6" startTrkptIdx="2" segmentTime="28.66" speed="1.06" turnType="" turnAngle="" types="12,1,2,3,4,5,6,7,8,9" pointTypes=";10,11;13,14,15,16,17;;18,19" names="0,298,299,300,301,302,303,304,305,306,307,308,309,310" />
                    <segment id="329957313" length="14" startTrkptIdx="7" segmentTime="1.83" speed="13.89" turnType="RNLB2" turnAngle="98.17" types="20,1,21,22,23,24,25,6,7,8,9" pointTypes="" names="0,298,299,300,301,302,303,304,305,306,307,308,309,310" />
                    <segment id="329957313" length="2" startTrkptIdx="20" segmentTime="0.14" speed="13.89" turnType="" turnAngle="" types="20,1,21,22,23,24,25,6,7,8,9" pointTypes="" names="0,298,299,300,301,302,303,304,305,306,307,308,309,310" />
                    <segment id="1236555337" length="4" startTrkptIdx="21" segmentTime="15.94" speed="0.82" turnType="" turnAngle="" types="12,1,2,23,4,5,6,7,26,9" pointTypes="27,28;18,19,27,28;13,14,15,16,17,27,28;" names="0,298,311,312,313,302,303,314,305,315,316" />
                    <segment id="1236555336" length="4" startTrkptIdx="24" segmentTime="3.08" speed="13.89" turnType="" turnAngle="" types="29,1,2,23,4,5,6,7,26,9,30" pointTypes="31,32;;27,28;" names="0,298,311,312,313,302,303,314,305,315,316" />
                    <segment id="1236555335" length="19" startTrkptIdx="27" segmentTime="81.21" speed="3.63" turnType="" turnAngle="" types="1,2,33,34,23,4,5,6,7,26,9,30" pointTypes="27,28;31,32;;;;27,28;16;;;16,31,32;27,28;31,32;31,32;;35,14,15,16,17;;;35,15,16,31,32;" names="0,298,311,312,313,302,303,314,305,315,316" />
                    <segment id="1524340626" length="2" startTrkptIdx="45" segmentTime="0.65" speed="13.89" turnType="" turnAngle="" types="36,1,2,33,34,23,4,5,6,7,26,9,30" pointTypes="" names="0,298,311,312,313,302,303,314,305,315,316" />
                    <segment id="1524340369" length="2" startTrkptIdx="46" segmentTime="0.47" speed="13.89" turnType="" turnAngle="" types="37,1,2,33,34,23,4,5,6,9" pointTypes="" names="0" />
                    <segment id="17148611" length="13" startTrkptIdx="47" segmentTime="66.96" speed="6.63" turnType="" turnAngle="" types="37,1,2,22,23,4,5,6,9" pointTypes="38,19;39,13,40,16,41,42,43,31,32;18,19;;;;18,19;44,45,13,40,46,16,42,43,39;39,13,47,16,42;18,19;10,11;" names="0" />
                    <segment id="1524340370" length="2" startTrkptIdx="59" segmentTime="1.95" speed="13.89" turnType="" turnAngle="" types="37,1,2,22,23,4,6,9" pointTypes=";" names="0" />
                    <segment id="1212660631" length="3" startTrkptIdx="60" segmentTime="6.28" speed="13.89" turnType="" turnAngle="" types="48,1,2,22,23,4,6,7,26,9,49" pointTypes=";;" names="0,298,311,312,313,302,303,314,305,315,316" />
                    <segment id="1524340371" length="3" startTrkptIdx="62" segmentTime="1.04" speed="13.89" turnType="" turnAngle="" types="37,1,2,22,23,4,6,9" pointTypes="" names="0" />
                    <segment id="1323744019" length="7" startTrkptIdx="64" segmentTime="38.86" speed="1.38" turnType="TSLR" turnAngle="7.59" types="37,1,2,22,23,4,50,6,51" pointTypes=";;;52,38;53,54;55,35,56,57,16;55,47,57,58" names="0" />
                    <segment id="1323744020" length="4" startTrkptIdx="70" segmentTime="17.31" speed="1.85" turnType="" turnAngle="" types="37,1,2,22,23,4,6,9" pointTypes="55,47,57,58;55,35,56,57,16,42;52,53,59;" names="0" />
                    <segment id="1212660630" length="9" startTrkptIdx="73" segmentTime="11.31" speed="13.89" turnType="" turnAngle="" types="37,1,2,22,23,4,50,6,51" pointTypes=";;;;;;;;" names="0" />
                    <segment id="1323744011" length="6" startTrkptIdx="81" segmentTime="52.95" speed="0.77" turnType="" turnAngle="" types="37,1,2,22,23,4,6,9" pointTypes=";53,54;52,38;55,56,16;55,35,56,57,16,42;" names="0" />
                    <segment id="16874288" length="2" startTrkptIdx="86" segmentTime="0.70" speed="13.89" turnType="" turnAngle="" types="1,22,23,60,61" pointTypes=";32" names="0" />
                    <segment id="106858388" length="23" startTrkptIdx="87" segmentTime="69.99" speed="1.98" turnType="" turnAngle="" types="1,22,23,62,6,9,63" pointTypes=";55,56,16,32;;55,56,16;;;;;32;28;32;;;;;;;;;;55,16;55,57,16;" names="0" />
                    <segment id="1082343571" length="2" startTrkptIdx="109" segmentTime="0.67" speed="13.89" turnType="TR" turnAngle="86.34" types="1,22,23,4,6,9,63" pointTypes="" names="0" />
                    <segment id="699068138" length="9" startTrkptIdx="110" segmentTime="27.81" speed="6.40" turnType="" turnAngle="" types="1,2,22,23,4,6,9,63" pointTypes="55,13,56,16;;;;;;;" names="0" />
                    <segment id="814277345" length="9" startTrkptIdx="118" segmentTime="23.13" speed="12.69" turnType="" turnAngle="" types="1,2,22,23,4,6,9,63" pointTypes="64,13,14,16,17;;10,11;10,11;64,35,14,16,42,31,32;31,32;27,28;" names="0" />
                    <segment id="151572802" length="8" startTrkptIdx="126" segmentTime="13.59" speed="4.51" turnType="TSLL" turnAngle="-20.12" types="65,66,67,68,22,62,69,6,9,63" pointTypes=";;;64,14,16,17;;;18,19;" names="0" />
                    <segment id="5184183" length="3" startTrkptIdx="133" segmentTime="5.45" speed="13.89" turnType="" turnAngle="" types="65,12,66,70,2,22,23,62,71,6,72,9,63,73,74,75,76,77,78,79,80,81,82,83,84" pointTypes=";;" names="0,0,317,318,319,320,321,322,323" />
                    <segment id="1453012190" length="2" startTrkptIdx="135" segmentTime="2.57" speed="13.89" turnType="" turnAngle="" types="65,12,66,70,85,22,23,62,71,6,86,72,9,63,73,74,75,76,77,78,79,80,81,82,83,84" pointTypes=";" names="0,0,317,318,319,320,321,322,323" />
                    <segment id="819640901" length="4" startTrkptIdx="136" segmentTime="7.05" speed="4.04" turnType="KR" turnAngle="-1.24" types="65,66,70,85,22,23,62,87,6,88,72,9,73,74,75,76,77,78,79,80,81,82,83,84" pointTypes=";56,16,17,39,10,89;;53,10,89" names="0,0,317,318,319,320,321,322,323" />
                    <segment id="1180941290" length="3" startTrkptIdx="139" segmentTime="26.40" speed="0.74" turnType="" turnAngle="" types="65,66,70,2,22,23,62,71,6,72,9,63,73,74,75,76,77,78,79,80,81,82,83,84" pointTypes="53;56,16,17,39;" names="0,0,317,318,319,320,321,322,323" />
                    <segment id="334266272" length="4" startTrkptIdx="141" segmentTime="2.33" speed="13.89" turnType="" turnAngle="" types="65,66,70,2,22,23,62,71,6,72,9,63,73,74,75,76,77,78,79,80,81,82,83,84" pointTypes=";;;" names="0,0,317,318,319,320,321,322,323" />
                    <segment id="819640904" length="2" startTrkptIdx="144" segmentTime="1.47" speed="13.89" turnType="" turnAngle="" types="65,12,66,70,2,22,23,4,90,6,72,91,9,63,73,74,75,76,77,78,92,93,94,79,80,81,82,83,84,95,96,97" pointTypes="98;" names="0,0,317,324,318,325,319,320,326,321,322,327,323,328" />
                    <segment id="16869579" length="6" startTrkptIdx="145" segmentTime="10.14" speed="13.89" turnType="" turnAngle="" types="65,12,66,70,2,22,23,4,90,6,72,91,9,63,73,74,75,76,77,78,92,93,94,79,80,81,82,83,84,95,96,97" pointTypes="98;98;98;98;;" names="0,0,317,324,318,325,319,320,326,321,322,327,323,328" />
                    <segment id="649919874" length="3" startTrkptIdx="150" segmentTime="1.30" speed="13.89" turnType="" turnAngle="" types="65,12,66,99,70,23,62,6,72,9,73,74,75,76,77,78,79,80,81,82,83,84" pointTypes=";;" names="0,0,317,318,319,320,321,322,323" />
                    <segment id="649919874" length="6" startTrkptIdx="152" segmentTime="3.29" speed="13.89" turnType="KR" turnAngle="15.14" types="65,12,66,99,70,23,62,6,72,9,73,74,75,76,77,78,79,80,81,82,83,84" pointTypes=";;;;;" names="0,0,317,318,319,320,321,322,323" />
                    <segment id="814270687" length="4" startTrkptIdx="157" segmentTime="4.05" speed="13.89" turnType="" turnAngle="" types="65,66,99,70,68,22,23,62,6,72,9,63,73,74,75,76,77,78,79,80,81,82,83,84" pointTypes=";100;101;" names="0,0,317,318,319,320,321,322,323" />
                    <segment id="41163413" length="12" startTrkptIdx="160" segmentTime="25.33" speed="18.85" turnType="" turnAngle="" types="65,66,99,70,2,22,102,4,71,6,72,91,9,63,73,74,75,76,77,78,92,93,94,79,80,81,82,83,84,95,96,97" pointTypes=";;;;;;28;100;100;28;;" names="0,0,317,324,318,325,319,320,326,321,322,327,323,328" />
                    <segment id="1167250256" length="11" startTrkptIdx="171" segmentTime="26.70" speed="8.26" turnType="" turnAngle="" types="65,66,99,70,2,22,102,4,71,6,72,91,9,63,73,74,75,76,77,78,92,93,94,79,80,81,82,83,84,95,96,97" pointTypes=";32;28;28;32;28;54,28;103,104,28;59,28;28;" names="0,0,317,324,318,325,319,320,326,321,322,327,323,328" />
                    <segment id="1241184201" length="3" startTrkptIdx="181" segmentTime="1.57" speed="13.89" turnType="" turnAngle="" types="65,66,99,70,2,105,23,4,6,72,91,9,63,73,74,75,76,77,78,92,93,94,79,80,81,82,83,84,95,96,97" pointTypes="100;;" names="0,0,317,324,318,325,319,320,326,321,322,327,323,328" />
                    <segment id="846232584" length="4" startTrkptIdx="183" segmentTime="1.91" speed="13.89" turnType="" turnAngle="" types="65,66,99,70,2,22,23,4,24,25,6,72,91,9,73,74,75,76,77,78,92,93,94,79,80,81,82,83,84,95,96,97" pointTypes=";101;101;" names="0,0,317,324,318,325,319,320,326,321,322,327,323,328" />
                    <segment id="846232583" length="3" startTrkptIdx="186" segmentTime="2.56" speed="13.89" turnType="" turnAngle="" types="65,66,99,70,2,22,23,4,6,72,91,9,63,73,74,75,76,77,78,92,93,94,79,80,81,82,83,84,95,96,97" pointTypes=";;" names="0,0,317,324,318,325,319,320,326,321,322,327,323,328" />
                    <segment id="5184769" length="5" startTrkptIdx="188" segmentTime="6.14" speed="13.89" turnType="" turnAngle="" types="106,107,99,70,2,22,23,4,6,72,91,9,63,73,74,75,76,77,78,92,93,94,79,80,81,82,83,84,95,96,97" pointTypes=";;;;" names="0,0,317,324,318,325,319,320,326,321,322,327,323,328" />
                    <segment id="5184780" length="2" startTrkptIdx="192" segmentTime="44.91" speed="13.89" turnType="" turnAngle="" types="106,107,99,70,2,105,23,4,6,108,72,91,9,22,63,73,74,75,76,77,78,92,93,94,79,80,81,82,83,84,95,96,97" pointTypes="" names="0,0,317,324,318,325,319,320,326,321,322,327,323,328" />
                    <segment id="119122494" length="3" startTrkptIdx="193" segmentTime="7.62" speed="13.89" turnType="" turnAngle="" types="106,107,99,70,2,22,23,6,72,91,9,63,73,74,75,76,77,78,92,93,94,79,80,81,82,83,84,95,96,97" pointTypes=";109;109,110" names="0,0,317,324,318,325,319,320,326,321,322,327,323,328" />
                    <segment id="47893722" length="8" startTrkptIdx="195" segmentTime="8.19" speed="13.89" turnType="" turnAngle="" types="65,66,99,70,111,22,23,6,72,91,9,63,73,74,75,76,77,78,92,93,94,79,80,81,82,83,84,95,96,97" pointTypes="109,110;;;;;;;" names="0,0,317,324,318,325,319,320,326,321,322,327,323,328" />
                    <segment id="5184778" length="9" startTrkptIdx="202" segmentTime="39.97" speed="1.73" turnType="" turnAngle="" types="65,66,99,70,2,23,62,6,72,9,73,74,75,76,77,78,79,80,81,82,83,84" pointTypes=";100;100;28;53,59;55,47,57,16;;28;28" names="0,0,317,318,319,320,321,322,323" />
                    <segment id="160180748" length="9" startTrkptIdx="210" segmentTime="5.82" speed="13.89" turnType="RNLB8" turnAngle="108.50" types="65,66,70,2,23,62,6,72,9,21,63,73,74,75,76,77,78,79,80,81,82,83,84" pointTypes=";32;32;;;" names="329,0,0,317,318,319,320,321,322,323" />
                    <segment id="1179882159" length="6" startTrkptIdx="218" segmentTime="2.58" speed="13.89" turnType="" turnAngle="" types="65,66,70,111,23,62,6,112,72,9,21,63,73,74,75,76,77,78,79,80,81,82,83,84" pointTypes=";32;28;32" names="329,0,0,317,318,319,320,321,322,323" />
                    <segment id="24869438" length="2" startTrkptIdx="223" segmentTime="3.20" speed="13.89" turnType="" turnAngle="" types="65,66,70,111,23,62,6,112,72,9,21,63,73,74,75,76,77,78,79,80,81,82,83,84" pointTypes=";32" names="329,0,0,317,318,319,320,321,322,323" />
                    <segment id="119122496" length="5" startTrkptIdx="224" segmentTime="52.99" speed="0.78" turnType="" turnAngle="" types="65,66,70,85,22,23,62,6,72,9,21,63,73,74,75,76,77,78,79,80,81,82,83,84" pointTypes=";53,59;55,16,42;55,16;" names="329,0,0,317,318,319,320,321,322,323" />
                    <segment id="821640412" length="3" startTrkptIdx="228" segmentTime="4.14" speed="13.89" turnType="" turnAngle="" types="65,36,66,70,85,22,23,62,90,6,72,9,21,63,73,74,75,76,77,78,79,80,81,82,83,84" pointTypes=";;" names="329,0,0,317,318,319,320,321,322,323" />
                    <segment id="208406756" length="7" startTrkptIdx="230" segmentTime="4.22" speed="13.89" turnType="" turnAngle="" types="65,66,70,85,22,23,62,90,6,72,9,21,63,73,74,75,76,77,78,79,80,81,82,83,84" pointTypes=";;;;;;" names="329,0,0,317,318,319,320,321,322,323" />
                    <segment id="640831122" length="7" startTrkptIdx="236" segmentTime="9.20" speed="13.89" turnType="" turnAngle="" types="65,66,70,85,22,23,62,90,6,113,72,9,21,63,73,74,75,76,77,78,79,80,81,82,83,84" pointTypes=";;;;;32;32" names="329,0,0,317,318,319,320,321,322,323" />
                    <segment id="202880708" length="12" startTrkptIdx="242" segmentTime="21.83" speed="4.35" turnType="" turnAngle="" types="106,107,70,2,22,23,62,87,6,72,9,73,74,75,76,77,78,79,80,81,82,83,84" pointTypes=";32;59;103,104;;;;;;;;" names="0,0,317,330,318,319,320,321,322,331,323" />
                    <segment id="640842167" length="4" startTrkptIdx="253" segmentTime="2.35" speed="13.89" turnType="" turnAngle="" types="106,107,70,85,23,62,87,6,72,9,22,73,74,75,76,77,78,79,80,81,82,83,84" pointTypes=";;;" names="0,0,317,330,318,319,320,321,322,331,323" />
                    <segment id="202880711" length="2" startTrkptIdx="256" segmentTime="9.46" speed="13.89" turnType="" turnAngle="" types="106,107,99,70,85,23,62,87,6,108,114,72,9,22,73,74,75,76,77,78,79,80,81,82,83,84" pointTypes="" names="0,0,317,330,318,319,320,321,322,331,323" />
                    <segment id="202880709" length="2" startTrkptIdx="257" segmentTime="1.70" speed="13.89" turnType="" turnAngle="" types="106,107,70,85,22,23,62,87,6,72,9,73,74,75,76,77,78,79,80,81,82,83,84" pointTypes=";28" names="0,0,317,330,318,319,320,321,322,331,323" />
                    <segment id="640842145" length="4" startTrkptIdx="258" segmentTime="40.82" speed="1.98" turnType="" turnAngle="" types="106,107,70,111,22,23,62,87,6,115,72,9,73,74,75,76,77,78,79,80,81,82,83,84" pointTypes=";53,28;55,35,56,16,42" names="0,0,317,330,318,319,320,321,322,331,323" />
                    <segment id="814755713" length="3" startTrkptIdx="261" segmentTime="16.59" speed="1.33" turnType="C" turnAngle="-0.53" types="65,66,70,85,22,23,62,116,6,72,9,63,73,74,75,76,77,78,79,80,81,82,83,84" pointTypes=";55,35,56,16,42,32" names="0,0,317,330,318,319,320,321,322,331,323" />
                    <segment id="16868570" length="2" startTrkptIdx="263" segmentTime="0.72" speed="13.89" turnType="" turnAngle="" types="65,66,70,85,22,23,62,6,72,9,63,73,74,75,76,77,78,79,80,81,82,83,84" pointTypes=";" names="0,0,317,330,318,319,320,321,322,331,323" />
                    <segment id="16868570" length="3" startTrkptIdx="264" segmentTime="7.79" speed="13.89" turnType="" turnAngle="" types="65,66,70,85,22,23,62,6,72,9,63,73,74,75,76,77,78,79,80,81,82,83,84" pointTypes=";;" names="0,0,317,330,318,319,320,321,322,331,323" />
                    <segment id="814755712" length="2" startTrkptIdx="266" segmentTime="2.73" speed="13.89" turnType="" turnAngle="" types="65,66,70,85,22,23,62,6,117,72,9,63,73,74,75,76,77,78,79,80,81,82,83,84" pointTypes=";" names="0,0,317,330,318,319,320,321,322,331,323" />
                    <segment id="812578378" length="5" startTrkptIdx="267" segmentTime="51.85" speed="0.50" turnType="" turnAngle="" types="65,66,70,85,23,62,6,117,72,9,63,73,74,75,76,77,78,79,80,81,82,83,84" pointTypes=";53,59,10,11;55,16,42;55,16;10,89" names="0,0,317,330,318,319,320,321,322,331,323" />
                    <segment id="16868592" length="12" startTrkptIdx="271" segmentTime="26.23" speed="5.94" turnType="C" turnAngle="-0.52" types="65,66,70,85,22,23,62,6,118,72,9,63,73,74,75,76,77,78,79,80,81,82,83,84" pointTypes=";10,89;55,35,56,16,42;;31,32;10,11;10,11;;10,11;10,119;10,11;10,11" names="0,0,317,330,318,319,320,321,322,331,323" />
                    <segment id="478223363" length="5" startTrkptIdx="282" segmentTime="37.62" speed="0.97" turnType="KR" turnAngle="5.69" types="65,66,70,85,22,23,62,6,120,72,9,63,73,74,75,76,77,78,79,80,81,82,83,84" pointTypes=";;53,59,121;55,35,56,16,42;122,53,23,32" names="0,0,317,330,318,319,320,321,322,331,323" />
                    <segment id="478223369" length="4" startTrkptIdx="286" segmentTime="37.52" speed="0.93" turnType="" turnAngle="" types="65,66,70,85,22,23,62,90,6,72,9,63,73,74,75,76,77,78,79,80,81,82,83,84" pointTypes="122,53,23;55,35,56,16,42,28" names="0,0,317,330,318,319,320,321,322,331,323" />
                    <segment id="810891908" length="2" startTrkptIdx="289" segmentTime="1.21" speed="13.89" turnType="" turnAngle="" types="65,66,70,111,22,23,62,90,6,123,72,9,124,63,73,74,75,76,77,78,79,80,81,82,83,84" pointTypes=";" names="0,0,317,330,318,319,320,321,322,331,323" />
                    <segment id="640842153" length="4" startTrkptIdx="290" segmentTime="38.23" speed="1.17" turnType="" turnAngle="" types="65,66,70,111,22,23,62,90,6,123,72,9,63,73,74,75,76,77,78,79,80,81,82,83,84" pointTypes=";53;55,35,56,57,16,125,42;" names="0,0,317,330,318,319,320,321,322,331,323" />
                    <segment id="41378439" length="9" startTrkptIdx="293" segmentTime="19.89" speed="6.41" turnType="C" turnAngle="5.61" types="106,107,99,126,2,22,127,62,6,72,9,73,74,75,76,77,78,79,80,81,82,83,84" pointTypes=";55,35,56,57,16,125,42;;;;;;;" names="332,0,0,317,333,318,319,320,321,322,334,323,335" />
                    <segment id="41378440" length="9" startTrkptIdx="301" segmentTime="10.91" speed="18.85" turnType="" turnAngle="" types="106,107,99,126,2,22,102,128,62,6,72,9,73,74,75,76,77,78,79,80,81,82,83,84" pointTypes=";;;;;32;32;28;28" names="332,0,0,317,333,318,319,320,321,322,334,323,335" />
                    <segment id="224717418" length="3" startTrkptIdx="309" segmentTime="5.09" speed="18.85" turnType="" turnAngle="" types="106,107,99,126,2,22,102,128,62,6,72,9,73,74,75,76,77,78,79,80,81,82,83,84" pointTypes=";;" names="332,0,0,317,333,318,319,320,321,322,334,323,335" />
                    <segment id="122890809" length="4" startTrkptIdx="311" segmentTime="1.71" speed="18.85" turnType="" turnAngle="" types="106,107,99,126,85,129,34,22,102,4,6,72,91,9,73,74,75,76,77,78,92,93,94,79,80,81,82,83,84,95,96,97" pointTypes="98;98;101;" names="0,0,317,324,336,318,325,319,320,326,321,322,327,323,337,328,338,339,340,341" />
                    <segment id="17151353" length="8" startTrkptIdx="314" segmentTime="17.85" speed="26.07" turnType="" turnAngle="" types="106,107,99,126,85,129,34,127,128,4,6,108,130,72,91,9,22,73,74,75,76,77,78,92,93,94,79,80,81,82,83,84,95,96,97" pointTypes="" names="0,0,317,324,336,318,325,319,320,326,321,322,327,323,337,328,338,339,340,341" />
                    <segment id="121864852" length="8" startTrkptIdx="321" segmentTime="9.28" speed="18.85" turnType="" turnAngle="" types="106,107,99,126,2,22,102,128,62,6,72,9,73,74,75,76,77,78,79,80,81,82,83,84" pointTypes=";32;100;98;98;100;28" names="332,0,0,317,333,318,319,320,321,322,334,323,335" />
                    <segment id="1348083283" length="2" startTrkptIdx="328" segmentTime="1.43" speed="18.85" turnType="" turnAngle="" types="106,107,99,126,2,22,102,128,62,6,72,9,73,74,75,76,77,78,79,80,81,82,83,84" pointTypes=";32" names="332,0,0,317,333,318,319,320,321,322,334,323,335" />
                    <segment id="225753952" length="2" startTrkptIdx="329" segmentTime="1.36" speed="26.07" turnType="" turnAngle="" types="106,107,99,126,2,22,127,128,62,6,72,9,73,74,75,76,77,78,79,80,81,82,83,84" pointTypes=";32" names="332,0,0,317,333,318,319,320,321,322,334,323,335" />
                    <segment id="367071110" length="10" startTrkptIdx="330" segmentTime="11.62" speed="26.07" turnType="" turnAngle="" types="106,131,107,99,126,2,22,127,128,62,6,72,9,73,74,75,76,77,78,79,80,81,82,83,84" pointTypes="" names="332,0,0,317,333,318,319,320,321,322,334,323,335" />
                    <segment id="78142043" length="4" startTrkptIdx="339" segmentTime="3.77" speed="26.07" turnType="" turnAngle="" types="106,131,107,126,85,22,127,128,62,6,72,9,73,74,75,76,77,78,79,80,81,82,83,84" pointTypes="" names="332,0,0,317,333,318,319,320,321,322,334,323,335" />
                    <segment id="367071139" length="4" startTrkptIdx="342" segmentTime="7.82" speed="26.07" turnType="" turnAngle="" types="106,107,126,85,22,127,128,62,6,72,9,73,74,75,76,77,78,79,80,81,82,83,84" pointTypes=";;;132,28" names="332,0,0,317,333,318,319,320,321,322,334,323,335" />
                    <segment id="367071139" length="6" startTrkptIdx="345" segmentTime="7.32" speed="26.07" turnType="" turnAngle="" types="106,107,126,85,22,127,128,62,6,72,9,73,74,75,76,77,78,79,80,81,82,83,84" pointTypes="132,28;32;32;100;28;32" names="332,0,0,317,333,318,319,320,321,322,334,323,335" />
                    <segment id="167047135" length="4" startTrkptIdx="350" segmentTime="3.74" speed="26.07" turnType="" turnAngle="" types="106,131,107,126,85,22,127,128,62,6,72,9,73,74,75,76,77,78,79,80,81,82,83,84" pointTypes="" names="332,0,0,317,333,318,319,320,321,322,334,323,335" />
                    <segment id="167047131" length="15" startTrkptIdx="353" segmentTime="20.75" speed="26.07" turnType="" turnAngle="" types="106,107,126,85,22,127,128,62,6,72,9,73,74,75,76,77,78,79,80,81,82,83,84" pointTypes=";;;;;;;28;32;32;100;32;32;;" names="332,0,0,317,333,318,319,320,321,322,334,323,335" />
                    <segment id="1464299738" length="2" startTrkptIdx="367" segmentTime="0.98" speed="26.07" turnType="" turnAngle="" types="106,107,126,85,22,127,128,62,6,72,9,73,74,75,76,77,78,79,80,81,82,83,84" pointTypes="" names="332,0,0,317,333,318,319,320,321,322,334,323,335" />
                    <segment id="1464299739" length="6" startTrkptIdx="368" segmentTime="11.76" speed="26.07" turnType="" turnAngle="" types="106,107,126,85,22,127,128,62,6,72,9,73,74,75,76,77,78,79,80,81,82,83,84" pointTypes=";28;18,109,110,127,28;32;;" names="332,0,0,317,333,318,319,320,321,322,334,323,335" />
                    <segment id="1464300533" length="2" startTrkptIdx="373" segmentTime="1.88" speed="26.07" turnType="" turnAngle="" types="106,107,126,85,22,127,128,62,6,72,9,73,74,75,76,77,78,79,80,81,82,83,84" pointTypes=";" names="332,0,0,317,333,318,319,320,321,322,334,323,335" />
                    <segment id="1464300534" length="2" startTrkptIdx="374" segmentTime="0.98" speed="26.07" turnType="" turnAngle="" types="106,107,126,85,22,127,128,62,6,72,9,73,74,75,76,77,78,79,80,81,82,83,84" pointTypes=";" names="332,0,0,317,333,318,319,320,321,322,334,323,335" />
                    <segment id="5184892" length="3" startTrkptIdx="375" segmentTime="2.41" speed="26.07" turnType="" turnAngle="" types="106,107,126,85,22,127,128,62,6,72,9,73,74,75,76,77,78,79,80,81,82,83,84" pointTypes=";32;100" names="332,0,0,317,333,318,319,320,321,322,334,323,335" />
                    <segment id="156110106" length="13" startTrkptIdx="377" segmentTime="37.17" speed="26.07" turnType="" turnAngle="" types="106,131,107,126,85,22,127,128,62,6,72,9,73,74,75,76,77,78,79,80,81,82,83,84" pointTypes="" names="332,0,0,317,333,318,319,320,321,322,334,323,335" />
                    <segment id="426674670" length="13" startTrkptIdx="389" segmentTime="14.09" speed="26.07" turnType="" turnAngle="" types="106,131,107,126,111,22,127,128,62,6,72,9,73,74,75,76,77,78,79,80,81,82,83,84" pointTypes="" names="332,0,0,317,333,318,319,320,321,322,334,323,335" />
                    <segment id="121054828" length="11" startTrkptIdx="401" segmentTime="16.31" speed="26.07" turnType="" turnAngle="" types="106,107,126,111,22,127,128,62,6,72,9,73,74,75,76,77,78,79,80,81,82,83,84" pointTypes=";;;;;28;;32;32;;" names="332,0,0,317,333,318,319,320,321,322,334,323,335" />
                    <segment id="158306216" length="33" startTrkptIdx="411" segmentTime="61.76" speed="26.07" turnType="" turnAngle="" types="106,107,126,111,22,127,128,62,6,133,72,9,73,74,75,76,77,78,79,80,81,82,83,84" pointTypes=";;;98;;;;;;32;;28;32;;;;32;;;;32;;;32;;;;;;;;28;132,32" names="0,0,317,333,318,319,320,321,322,334,323,342,343" />
                    <segment id="5368056" length="7" startTrkptIdx="443" segmentTime="15.64" speed="26.07" turnType="KR" turnAngle="0.34" types="106,107,126,2,22,127,128,62,6,72,9,73,74,75,76,77,78,79,80,81,82,83,84" pointTypes="132;32;134;;;" names="344,0,0,345,333,318,346,347,348,349,334,350,351" />
                    <segment id="35423411" length="2" startTrkptIdx="449" segmentTime="1.85" speed="26.07" turnType="" turnAngle="" types="106,131,107,126,2,127,128,62,6,72,9,73,74,75,76,77,78,79,80,81,82,83,84" pointTypes="" names="344,0,0,345,333,318,346,347,348,349,334,350" />
                    <segment id="118890371" length="12" startTrkptIdx="450" segmentTime="21.69" speed="26.07" turnType="" turnAngle="" types="106,107,126,2,22,127,128,62,6,72,9,73,74,75,76,77,78,79,80,81,82,83,84" pointTypes=";;;;;;;;;;;" names="344,0,0,345,333,318,346,347,348,349,334,350" />
                    <segment id="835900761" length="6" startTrkptIdx="461" segmentTime="11.64" speed="26.07" turnType="" turnAngle="" types="106,107,126,2,22,127,128,62,6,72,9,73,74,75,76,77,78,79,80,81,82,83,84" pointTypes=";;100;;28;" names="344,0,0,345,318,346,347,348,349,350" />
                    <segment id="1427411003" length="15" startTrkptIdx="466" segmentTime="58.47" speed="26.07" turnType="" turnAngle="" types="65,107,70,2,22,127,62,87,6,72,135,9,30,73,74,75,136,137,92,93,94,79,80,81,138,139,95,96,97" pointTypes=";27,28;10,11;31,32;10,89;10,140;141,98;;142,100;10,11;31,32;31,32;31,32;10,11;132,27,28" names="0,0,345,352,353,318,354,346,355,356,348,349,357,358,359,360" />
                    <segment id="1427411003" length="9" startTrkptIdx="480" segmentTime="10.74" speed="26.07" turnType="" turnAngle="" types="65,107,70,2,22,127,62,87,6,72,135,9,30,73,74,75,136,137,92,93,94,79,80,81,138,139,95,96,97" pointTypes="132,27,28;10,11;;10,11;31,32;10,11;10,143;;10,140" names="0,0,345,352,353,318,354,346,355,356,348,349,357,358,359,360" />
                    <segment id="1427411004" length="5" startTrkptIdx="488" segmentTime="4.28" speed="26.07" turnType="" turnAngle="" types="106,107,70,2,22,127,62,87,6,72,135,9,73,74,75,136,137,92,93,94,79,80,81,138,139,95,96,97" pointTypes=";10,144;10,144;10,89;145,146" names="0,0,345,352,353,318,354,346,361,356,348,349,357,362,359,360" />
                    <segment id="79138850" length="27" startTrkptIdx="492" segmentTime="45.84" speed="26.07" turnType="" turnAngle="" types="65,107,70,2,22,127,62,87,6,72,135,9,30,73,74,75,136,137,92,93,94,79,80,81,138,139,95,96,97" pointTypes=";147,148;142,100;27,28;;10,89;10,140;10,11;142,100;142,100;27,28;10,89;10,11;10,11;10,140;10,149;10,150;27,28;10,119;31,32;27,28;10,119;10,151;152,153;152,153;154,101;27,28" names="0,0,345,352,353,318,354,346,361,356,348,349,357,362,359,360" />
                    <segment id="1428923967" length="2" startTrkptIdx="518" segmentTime="0.77" speed="26.07" turnType="" turnAngle="" types="155,107,70,2,22,127,62,87,6,72,135,9,73,74,75,136,137,92,93,94,79,80,81,138,139,95,96,97" pointTypes=";132" names="0,0,345,352,353,318,354,346,361,356,348,349,357,362,359,360" />
                    <segment id="1428923967" length="5" startTrkptIdx="519" segmentTime="4.85" speed="26.07" turnType="" turnAngle="" types="155,107,70,2,22,127,62,87,6,72,135,9,73,74,75,136,137,92,93,94,79,80,81,138,139,95,96,97" pointTypes="132;10,150;10,156;142,100;157,158" names="0,0,345,352,353,318,354,346,361,356,348,349,357,362,359,360" />
                    <segment id="1428923966" length="11" startTrkptIdx="523" segmentTime="18.10" speed="26.07" turnType="" turnAngle="" types="65,107,70,2,22,127,62,87,6,72,135,9,30,73,74,75,136,137,92,93,94,79,80,81,138,139,95,96,97" pointTypes=";141,98;10,89;18,109,110,127,157,158;10,159;147,148;27,28;10,89;10,89;10,119;132,10,11" names="0,0,345,352,353,318,354,346,361,356,348,349,357,362,359,360" />
                    <segment id="1163574137" length="3" startTrkptIdx="533" segmentTime="3.22" speed="21.26" turnType="" turnAngle="" types="106,70,2,22,160,62,87,161,72,135,61,73,74,75,136,137,92,93,94,79,80,81,138,139,95,96,97" pointTypes="132;;10,11" names="0,0,345,352,353,318,354,346,361,356,348,349,357,362,359,360" />
                    <segment id="822223474" length="8" startTrkptIdx="535" segmentTime="3.52" speed="21.26" turnType="" turnAngle="" types="65,70,2,22,160,62,87,161,72,135,61,73,74,75,136,137,92,93,94,79,80,81,138,139,95,96,97" pointTypes=";31,32;142,100;157,158;157,158;154,101;147,148;162,163" names="0,0,345,352,353,318,354,346,361,356,348,349,357,362,359,360" />
                    <segment id="1029445160" length="2" startTrkptIdx="542" segmentTime="1.46" speed="21.26" turnType="" turnAngle="" types="65,70,2,22,164,160,62,87,161,72,135,61,73,74,75,136,137,92,93,94,79,80,81,138,139,95,96,97" pointTypes=";147,148" names="0,0,345,352,353,318,354,346,361,356,348,349,357,362,359,360" />
                    <segment id="1054150424" length="4" startTrkptIdx="543" segmentTime="3.02" speed="21.26" turnType="" turnAngle="" types="65,107,70,2,22,160,62,87,161,72,135,61,73,74,75,136,137,92,93,94,79,80,81,138,139,95,96,97" pointTypes=";27,28;27,28;31,32" names="0,0,345,352,353,318,354,346,361,356,348,349,357,362,359,360" />
                    <segment id="1054150425" length="2" startTrkptIdx="546" segmentTime="0.59" speed="21.26" turnType="" turnAngle="" types="65,131,107,70,2,22,160,62,87,161,72,135,61,73,74,75,136,137,92,93,94,79,80,81,138,139,95,96,97" pointTypes="" names="0,0,345,352,353,318,354,346,361,356,348,349,357,362,359,360" />
                    <segment id="5182459" length="13" startTrkptIdx="547" segmentTime="18.51" speed="21.26" turnType="" turnAngle="" types="65,107,70,2,22,160,62,87,161,72,135,61,73,74,75,136,137,92,93,94,79,80,81,138,139,95,96,97" pointTypes=";27,28;31,32;31,32;;;;10,11;10,89;10,11;10,11;10,11;132" names="0,0,345,352,353,318,354,346,361,356,348,349,357,362,359,360" />
                    <segment id="1029445148" length="2" startTrkptIdx="559" segmentTime="4.74" speed="21.26" turnType="" turnAngle="" types="65,70,2,22,160,62,161,72,135,61,73,74,75,136,137,92,93,94,79,80,81,138,139,95,96,97" pointTypes="132;10,11" names="363,0,0,345,352,353,318,354,346,361,356,348,349,357,362,359,360,351" />
                    <segment id="1029445149" length="2" startTrkptIdx="560" segmentTime="1.97" speed="21.26" turnType="" turnAngle="" types="65,70,2,22,160,62,161,72,135,61,73,74,75,136,137,92,93,94,79,80,81,138,139,95,96,97" pointTypes=";" names="0,0,345,352,353,318,354,346,361,356,348,349,357,362,359,360" />
                    <segment id="970599319" length="8" startTrkptIdx="561" segmentTime="17.80" speed="26.07" turnType="" turnAngle="" types="65,70,2,22,127,62,161,72,135,61,73,74,75,136,137,92,93,94,79,80,81,138,139,95,96,97" pointTypes=";31,32;10,11;10,11;10,11;;10,11;10,89" names="0,0,345,352,353,318,354,346,361,356,348,349,357,362,359,360" />
                    <segment id="1427409656" length="12" startTrkptIdx="568" segmentTime="28.11" speed="26.07" turnType="" turnAngle="" types="65,107,70,2,22,127,62,87,161,72,135,61,73,74,75,136,137,92,93,94,79,80,81,138,139,95,96,97" pointTypes=";10,11;31,32;10,11;;;;;31,32;31,32;10,89;132,10,11" names="0,0,345,352,353,318,354,346,361,356,348,349,357,362,359,360" />
                    <segment id="1427409657" length="3" startTrkptIdx="579" segmentTime="3.03" speed="26.07" turnType="" turnAngle="" types="106,107,70,2,22,127,62,87,161,72,135,61,73,74,75,136,137,92,93,94,79,80,81,138,139,95,96,97" pointTypes="132;10,11;" names="0,0,345,352,353,318,354,346,361,356,348,349,357,362,359,360" />
                    <segment id="186243499" length="30" startTrkptIdx="581" segmentTime="54.20" speed="26.07" turnType="" turnAngle="" types="65,107,70,2,22,127,62,87,161,72,135,61,73,74,75,136,137,92,93,94,79,80,81,138,139,95,96,97" pointTypes=";;;;10,11;;;10,89;10,89;10,89;10,11;10,89;10,11;31,32;10,89;;;31,32;;10,11;10,11;10,11;31,32;31,32;;;;31,32;142,100;" names="0,0,345,352,353,318,354,346,361,356,348,349,357,362,359,360" />
                    <segment id="1423700163" length="2" startTrkptIdx="610" segmentTime="0.49" speed="26.07" turnType="" turnAngle="" types="65,107,70,2,22,127,62,87,161,72,135,61,73,74,75,136,137,92,93,94,79,80,81,138,139,95,96,97" pointTypes=";31,32" names="0,0,345,352,353,318,354,346,361,356,348,349,357,362,359,360" />
                    <segment id="1423700162" length="16" startTrkptIdx="611" segmentTime="33.63" speed="26.07" turnType="" turnAngle="" types="65,107,70,2,22,127,62,87,161,72,135,61,73,74,75,136,137,92,93,94,79,80,81,138,139,95,96,97" pointTypes=";31,32;;;10,11;27,28;;31,32;31,32;31,32;;10,89;10,150;10,150;10,89;" names="0,0,345,352,353,318,354,346,361,356,348,349,357,362,359,360" />
                    <segment id="640759568" length="2" startTrkptIdx="626" segmentTime="5.44" speed="26.07" turnType="" turnAngle="" types="65,107,70,2,22,127,62,87,161,72,135,61,73,74,75,136,137,92,93,94,79,80,81,138,139,95,96,97" pointTypes=";31,32" names="0,0,345,352,353,318,354,346,361,356,348,349,357,362,359,360" />
                    <segment id="635629509" length="4" startTrkptIdx="627" segmentTime="6.68" speed="26.07" turnType="" turnAngle="" types="65,107,70,85,22,127,62,87,161,86,72,135,61,73,74,75,136,137,92,93,94,79,80,81,138,139,95,96,97" pointTypes=";;;27,28" names="0,0,345,352,353,318,354,346,361,356,348,349,357,362,359,360" />
                    <segment id="814383803" length="4" startTrkptIdx="630" segmentTime="36.01" speed="0.73" turnType="C" turnAngle="-0.82" types="65,107,70,85,22,127,62,87,161,88,72,135,61,73,74,75,136,137,92,93,94,79,80,81,138,139,95,96,97" pointTypes=";53,59;55,56,16" names="0,0,345,352,353,318,354,346,361,356,348,349,357,362,359,360" />
                    <segment id="1081639913" length="2" startTrkptIdx="633" segmentTime="0.34" speed="26.07" turnType="" turnAngle="" types="65,107,70,85,22,127,62,87,161,88,72,135,61,73,74,75,136,137,92,93,94,79,80,81,138,139,95,96,97" pointTypes=";31,32" names="0,0,345,352,353,318,354,346,361,356,348,349,357,362,359,360" />
                    <segment id="640759567" length="2" startTrkptIdx="634" segmentTime="2.61" speed="26.07" turnType="" turnAngle="" types="65,70,2,22,127,62,161,72,135,61,73,74,75,136,137,92,93,94,79,80,81,138,139,95,96,97" pointTypes=";10,89" names="364,0,0,345,352,353,318,354,346,361,356,348,349,357,362,359,360,351" />
                    <segment id="640759566" length="3" startTrkptIdx="635" segmentTime="21.97" speed="2.34" turnType="" turnAngle="" types="65,70,2,22,127,62,161,165,72,135,61,73,74,75,136,137,92,93,94,79,80,81,138,139,95,96,97" pointTypes=";53,59,10,89;10,11" names="364,0,0,345,352,353,318,354,346,361,356,348,349,357,362,359,360" />
                    <segment id="1423710697" length="2" startTrkptIdx="637" segmentTime="2.24" speed="26.07" turnType="" turnAngle="" types="65,70,2,22,127,62,6,72,135,9,73,74,75,136,137,92,93,94,79,80,81,138,139,95,96,97" pointTypes=";" names="364,0,0,345,352,353,318,354,346,361,356,348,349,357,362,359,360,351" />
                    <segment id="1019890163" length="5" startTrkptIdx="638" segmentTime="12.10" speed="26.07" turnType="" turnAngle="" types="65,70,2,22,127,62,6,72,135,9,73,74,75,136,137,92,93,94,79,80,81,138,139,95,96,97" pointTypes=";10,11;;31,32;31,32" names="0,0,345,352,353,318,354,346,361,356,348,349,357,362,359,360" />
                    <segment id="1019890163" length="12" startTrkptIdx="642" segmentTime="17.44" speed="26.07" turnType="" turnAngle="" types="65,70,2,22,127,62,6,72,135,9,73,74,75,136,137,92,93,94,79,80,81,138,139,95,96,97" pointTypes="31,32;10,11;;10,11;10,119;10,11;10,11;10,11;;142,100;142,100;27,28" names="0,0,345,352,353,318,354,346,361,356,348,349,357,362,359,360" />
                    <segment id="1477465303" length="2" startTrkptIdx="653" segmentTime="1.30" speed="26.07" turnType="" turnAngle="" types="65,70,85,22,127,62,6,166,72,135,9,73,74,75,136,137,92,93,94,79,80,81,138,139,95,96,97" pointTypes=";" names="0,0,345,352,353,318,354,346,361,356,348,349,357,362,359,360" />
                    <segment id="1477465304" length="2" startTrkptIdx="654" segmentTime="1.61" speed="26.07" turnType="" turnAngle="" types="65,70,2,22,127,62,6,72,135,9,73,74,75,136,137,92,93,94,79,80,81,138,139,95,96,97" pointTypes=";10,11" names="364,0,0,345,352,353,318,354,346,361,356,348,349,357,362,359,360" />
                    <segment id="158626286" length="7" startTrkptIdx="655" segmentTime="14.07" speed="26.07" turnType="" turnAngle="" types="65,70,85,22,127,62,6,72,135,9,73,74,75,136,137,92,93,94,79,80,81,138,139,95,96,97" pointTypes=";10,89;10,11;;31,32;10,11;27,28" names="364,0,0,345,352,353,318,354,346,361,356,348,349,357,362,359,360" />
                    <segment id="158626287" length="4" startTrkptIdx="661" segmentTime="25.67" speed="5.76" turnType="" turnAngle="" types="65,70,2,22,127,62,6,72,135,9,73,74,75,136,137,92,93,94,79,80,81,138,139,95,96,97" pointTypes=";27,28;53,59,31,32;27,28" names="364,0,0,345,352,353,318,354,346,361,356,348,349,357,362,359,360" />
                    <segment id="146841878" length="11" startTrkptIdx="664" segmentTime="44.25" speed="17.24" turnType="" turnAngle="" types="65,70,2,22,127,62,6,72,135,9,73,74,75,136,137,92,93,94,79,80,81,138,139,95,96,97" pointTypes=";55,16,142,100;31,32;;10,11;10,11;10,89;10,11;10,89;10,11;27,28" names="364,0,0,345,352,353,318,354,346,361,356,348,349,357,362,359,360" />
                    <segment id="144867375" length="2" startTrkptIdx="674" segmentTime="1.32" speed="26.07" turnType="C" turnAngle="1.22" types="65,70,85,22,127,62,6,72,135,9,73,74,75,136,137,92,93,94,79,80,81,138,139,95,96,97" pointTypes=";142,100" names="364,0,0,345,352,353,318,354,346,361,356,348,349,357,362,359,360" />
                    <segment id="1414811038" length="2" startTrkptIdx="675" segmentTime="0.31" speed="26.07" turnType="" turnAngle="" types="65,131,70,85,22,127,62,6,72,135,9,73,74,75,136,137,92,93,94,79,80,81,138,139,95,96,97" pointTypes="" names="364,0,0,345,352,353,318,354,346,361,356,348,349,357,362,359,360" />
                    <segment id="1414811037" length="3" startTrkptIdx="676" segmentTime="20.84" speed="1.05" turnType="" turnAngle="" types="65,70,85,22,127,62,6,72,135,9,73,74,75,136,137,92,93,94,79,80,81,138,139,95,96,97" pointTypes=";53,59,142,100;27,28" names="364,0,0,345,352,353,318,354,346,361,356,348,349,357,362,359,360" />
                    <segment id="107262263" length="4" startTrkptIdx="678" segmentTime="24.02" speed="4.37" turnType="" turnAngle="" types="65,66,70,85,22,127,62,87,6,167,72,135,9,73,74,75,136,137,92,93,94,79,80,81,138,139,95,96,97" pointTypes=";10,119;53,59,10,119;10,11" names="364,0,0,345,352,353,318,354,346,361,356,348,349,357,362,359,360" />
                    <segment id="1414811030" length="9" startTrkptIdx="681" segmentTime="16.69" speed="26.07" turnType="" turnAngle="" types="65,70,2,22,127,62,6,72,135,9,73,74,75,136,137,92,93,94,79,80,81,138,139,95,96,97" pointTypes=";10,89;10,89;10,89;10,11;10,11;27,28;;10,11" names="364,0,0,345,352,353,318,354,346,361,356,348,349,357,362,359,360" />
                    <segment id="1414811031" length="3" startTrkptIdx="689" segmentTime="2.19" speed="26.07" turnType="" turnAngle="" types="65,70,85,22,127,62,6,167,72,135,9,73,74,75,136,137,92,93,94,79,80,81,138,139,95,96,97" pointTypes=";31,32;10,11" names="0,0,345,352,353,318,354,346,361,356,348,349,357,362,359,360" />
                    <segment id="1414811032" length="2" startTrkptIdx="691" segmentTime="2.48" speed="26.07" turnType="" turnAngle="" types="65,70,85,22,127,62,87,6,168,72,135,9,73,74,75,136,137,92,93,94,79,80,81,138,139,95,96,97" pointTypes=";31,32" names="364,0,0,345,352,353,318,354,346,361,356,348,349,357,362,359,360" />
                    <segment id="580611553" length="11" startTrkptIdx="692" segmentTime="21.78" speed="26.07" turnType="" turnAngle="" types="65,70,2,22,127,62,87,6,72,135,9,73,74,75,136,137,92,93,94,79,80,81,138,139,95,96,97" pointTypes=";27,28;31,32;31,32;;10,11;10,89;;;31,32;10,11" names="364,0,0,345,352,353,318,354,346,361,356,348,349,357,362,359,360" />
                    <segment id="1414811029" length="3" startTrkptIdx="702" segmentTime="1.00" speed="26.07" turnType="" turnAngle="" types="65,169,70,2,22,127,62,87,6,72,135,9,73,74,75,136,137,92,93,94,79,80,81,138,139,95,96,97" pointTypes=";27,28;27,28" names="0,0,345,352,353,318,354,346,361,356,348,349,357,362,359,360" />
                    <segment id="1414811028" length="4" startTrkptIdx="704" segmentTime="5.47" speed="26.07" turnType="" turnAngle="" types="65,169,70,2,22,127,62,87,6,72,135,9,73,74,75,136,137,92,93,94,79,80,81,138,139,95,96,97" pointTypes=";31,32;;10,11" names="0,0,345,352,353,318,354,346,361,356,348,349,357,362,359,360" />
                    <segment id="580611552" length="10" startTrkptIdx="707" segmentTime="22.30" speed="26.07" turnType="" turnAngle="" types="65,169,70,2,170,127,62,87,6,72,135,9,73,74,75,136,137,92,93,94,79,80,81,138,139,95,96,97" pointTypes=";;10,11;10,11;;10,11;10,119;10,119;10,89;31,32" names="364,0,0,345,352,353,318,354,346,361,356,348,349,357,362,359,360" />
                    <segment id="812938305" length="4" startTrkptIdx="716" segmentTime="4.17" speed="26.07" turnType="" turnAngle="" types="65,70,2,127,62,87,6,72,135,9,73,74,75,136,137,92,93,94,79,80,81,138,139,95,96,97" pointTypes=";10,11;10,89;10,11" names="0,0,345,352,353,318,354,346,361,356,348,349,357,362,359,360" />
                    <segment id="1455390973" length="3" startTrkptIdx="719" segmentTime="1.19" speed="26.07" turnType="" turnAngle="" types="65,70,2,127,62,87,6,72,135,9,30,73,74,75,136,137,92,93,94,79,80,81,138,139,95,96,97" pointTypes=";10,89;10,89" names="0,0,345,352,353,318,354,346,361,356,348,349,357,362,359,360" />
                    <segment id="1056129711" length="3" startTrkptIdx="721" segmentTime="3.34" speed="26.07" turnType="" turnAngle="" types="65,169,70,2,127,62,87,6,72,135,9,73,74,75,136,137,92,93,94,79,80,81,138,139,95,96,97" pointTypes=";10,11;27,28" names="364,0,0,345,352,353,318,354,346,361,356,348,349,357,362,359,360" />
                    <segment id="5367518" length="65" startTrkptIdx="723" segmentTime="84.91" speed="26.07" turnType="" turnAngle="" types="65,169,70,2,22,127,62,87,6,72,135,9,73,74,75,136,137,92,93,94,79,80,81,138,139,95,96,97" pointTypes=";10,89;31,32;31,32;10,89;10,89;27,28;31,32;10,89;10,119;27,28;27,28;10,150;10,11;;27,28;142,100;27,28;27,28;31,32;;10,11;;10,11;10,150;10,119;10,11;31,32;10,119;10,89;10,89;10,89;10,119;10,89;10,89;10,89;10,89;;31,32;27,28;142,100;27,28;142,100;142,100;10,89;10,119;10,11;;31,32;27,28;27,28;31,32;27,28;142,100;157,158;154,101;157,158;141,98;27,28;27,28;27,28;31,32;;;31,32" names="0,0,345,352,353,318,354,346,361,356,348,349,357,362,359,360" />
                    <segment id="1056129703" length="33" startTrkptIdx="787" segmentTime="17.04" speed="26.07" turnType="" turnAngle="" types="65,70,2,22,127,62,87,6,171,72,135,9,73,74,75,136,137,92,93,94,79,80,81,138,139,95,96,97" pointTypes=";27,28;31,32;10,89;10,89;10,11;10,11;10,11;10,11;10,11;10,11;10,11;10,11;10,11;;10,11;10,11;10,11;;;;31,32;31,32;31,32;31,32;31,32;31,32;;10,11;;27,28;27,28;132,31,32" names="0,0,345,352,353,318,354,346,361,356,348,349,357,362,359,360" />
                    <segment id="1056129704" length="16" startTrkptIdx="819" segmentTime="5.97" speed="26.07" turnType="" turnAngle="" types="106,70,2,127,62,6,72,135,9,73,74,75,136,137,92,93,94,79,80,81,138,139,95,96,97" pointTypes="132;31,32;31,32;;31,32;27,28;27,28;27,28;27,28;142,100;27,28;;10,11;10,11;;10,11" names="364,0,0,345,352,353,318,354,346,361,356,348,349,357,362,359,360,351" />
                    <segment id="1056129709" length="39" startTrkptIdx="834" segmentTime="33.37" speed="26.07" turnType="" turnAngle="" types="106,70,2,127,62,6,72,135,9,73,74,75,136,137,92,93,94,79,80,81,138,139,95,96,97" pointTypes=";10,89;10,11;31,32;;10,11;;;;31,32;31,32;;;;;10,11;;31,32;31,32;;;;;;;;;;;;27,28;27,28;31,32;;;10,89;10,89;10,89;10,11" names="0,0,345,352,353,318,354,346,361,356,348,349,357,362,359,360" />
                    <segment id="1056129707" length="33" startTrkptIdx="872" segmentTime="19.03" speed="26.07" turnType="" turnAngle="" types="65,70,2,127,62,6,72,135,9,73,74,75,136,137,92,93,94,79,80,81,138,139,95,96,97" pointTypes=";;10,11;10,89;10,119;10,119;10,89;10,89;10,119;10,119;10,119;10,119;10,119;10,119;10,119;10,119;10,150;10,119;10,119;10,89;10,89;10,11;;31,32;27,28;142,100;142,100;31,32;31,32;27,28;142,100;142,100;142,100" names="0,0,345,352,353,318,354,346,361,356,348,349,357,362,359,360" />
                    <segment id="1056129707" length="9" startTrkptIdx="904" segmentTime="6.72" speed="26.07" turnType="" turnAngle="" types="65,70,2,127,62,6,72,135,9,73,74,75,136,137,92,93,94,79,80,81,138,139,95,96,97" pointTypes="142,100;27,28;;31,32;;10,11;10,89;10,89;10,89" names="0,0,345,352,353,318,354,346,361,356,348,349,357,362,359,360" />
                    <segment id="201067293" length="25" startTrkptIdx="912" segmentTime="30.07" speed="26.07" turnType="" turnAngle="" types="65,70,2,127,62,6,172,72,135,9,73,74,75,136,137,92,93,94,79,80,81,138,139,95,96,97" pointTypes=";10,119;10,150;10,150;10,119;10,150;10,150;10,150;10,150;10,119;10,119;10,150;10,11;31,32;;27,28;31,32;31,32;31,32;27,28;31,32;10,11;10,119;31,32;132,31,32" names="0,0,345,352,353,318,354,346,361,356,348,349,357,362,359,360,365" />
                    <segment id="118991834" length="11" startTrkptIdx="936" segmentTime="22.38" speed="26.07" turnType="C" turnAngle="0.32" types="65,70,68,127,62,6,72,135,9,73,74,75,136,137,92,93,94,79,80,81,138,139,95,96,97" pointTypes="132;27,28;27,28;;10,11;10,119;10,89;10,11;;10,11;31,32" names="364,0,0,345,352,353,318,354,346,361,356,348,349,357,362,359,360" />
                    <segment id="118992269" length="14" startTrkptIdx="946" segmentTime="24.14" speed="26.07" turnType="" turnAngle="" types="65,70,2,127,62,6,72,135,9,73,74,75,136,137,92,93,94,79,80,81,138,139,95,96,97" pointTypes=";10,11;;10,11;142,100;142,100;10,11;;10,89;;;31,32;10,11;31,32" names="364,0,0,345,352,353,318,354,346,361,356,348,349,357,362,359,360" />
                    <segment id="156911998" length="30" startTrkptIdx="959" segmentTime="59.20" speed="26.07" turnType="" turnAngle="" types="65,70,68,127,62,6,72,135,9,73,74,75,136,137,92,93,94,79,80,81,138,139,95,96,97" pointTypes=";;27,28;31,32;10,11;10,11;10,11;31,32;;;10,11;;10,11;31,32;31,32;;;;27,28;;;;10,11;;10,89;10,11;31,32;31,32;;10,11" names="364,0,0,345,352,353,318,354,346,361,356,348,349,357,362,359,360" />
                    <segment id="156912000" length="9" startTrkptIdx="988" segmentTime="28.34" speed="26.07" turnType="" turnAngle="" types="65,70,2,127,62,6,72,135,9,73,74,75,136,137,92,93,94,79,80,81,138,139,95,96,97" pointTypes=";10,11;;10,11;;10,11;10,89;31,32;31,32" names="364,0,0,345,352,353,318,354,346,361,356,348,349,357,362,359,360" />
                    <segment id="76308580" length="7" startTrkptIdx="996" segmentTime="11.76" speed="26.07" turnType="" turnAngle="" types="65,70,68,127,62,6,72,135,9,73,74,75,136,137,92,93,94,79,80,81,138,139,95,96,97" pointTypes=";31,32;;;;10,11;132" names="364,0,0,345,352,353,318,354,346,361,356,348,349,357,362,359,360" />
                    <segment id="76308580" length="4" startTrkptIdx="1002" segmentTime="6.92" speed="26.07" turnType="C" turnAngle="0.74" types="65,70,68,127,62,6,72,135,9,73,74,75,136,137,92,93,94,79,80,81,138,139,95,96,97" pointTypes="132;27,28;31,32;10,11" names="364,0,0,345,352,353,318,354,346,361,356,348,349,357,362,359,360" />
                    <segment id="795160972" length="2" startTrkptIdx="1005" segmentTime="2.03" speed="26.07" turnType="" turnAngle="" types="65,70,68,127,62,161,72,135,61,73,74,75,136,137,92,93,94,79,80,81,138,139,95,96,97" pointTypes=";10,89" names="0,0,345,352,353,318,354,346,361,356,348,349,357,362,359,360" />
                    <segment id="188036580" length="7" startTrkptIdx="1006" segmentTime="8.66" speed="26.07" turnType="" turnAngle="" types="65,70,2,127,62,6,72,135,9,73,74,75,136,137,92,93,94,79,80,81,138,139,95,96,97" pointTypes=";10,11;10,11;10,11;10,11;10,11" names="0,0,345,352,353,318,354,346,361,356,348,349,357,362,359,360" />
                    <segment id="1415075046" length="2" startTrkptIdx="1012" segmentTime="1.36" speed="26.07" turnType="" turnAngle="" types="65,70,2,127,62,6,173,72,135,9,73,74,75,136,137,92,93,94,79,80,81,138,139,95,96,97" pointTypes=";" names="0,0,345,352,353,318,354,346,361,356,348,349,357,362,359,360" />
                    <segment id="1415075045" length="3" startTrkptIdx="1013" segmentTime="1.75" speed="26.07" turnType="" turnAngle="" types="65,70,68,127,62,6,72,135,9,73,74,75,136,137,92,93,94,79,80,81,138,139,95,96,97" pointTypes=";;142,100" names="0,0,345,352,353,318,354,346,361,356,348,349,357,362,359,360" />
                    <segment id="1081634351" length="4" startTrkptIdx="1015" segmentTime="3.20" speed="26.07" turnType="" turnAngle="" types="65,70,68,127,161,72,91,174,61,73,74,75,76,77,78,175,176,177,178,179,79,80,81,82,83,84,180,181,182,183,184" pointTypes=";;;31,32" names="0,0,345,366,367,368,318,325,369,346,347,370,371,348,349,372,350,373,374,375,376" />
                    <segment id="1415075057" length="4" startTrkptIdx="1018" segmentTime="2.22" speed="20.06" turnType="" turnAngle="" types="65,70,68,127,185,161,72,91,174,61,73,74,75,76,77,78,175,176,177,178,179,79,80,81,82,83,84,180,181,182,183,184" pointTypes=";;31,32;31,32" names="0,0,345,366,367,368,318,325,369,346,347,370,371,348,349,372,350,373,374,375,376" />
                    <segment id="38420056" length="12" startTrkptIdx="1021" segmentTime="8.90" speed="20.06" turnType="" turnAngle="" types="65,131,70,2,127,185,4,161,72,91,174,61,73,74,75,76,77,78,175,176,177,178,179,79,80,81,82,83,84,180,181,182,183,184" pointTypes="134" names="0,0,345,366,367,368,318,325,369,346,347,370,371,348,349,372,350,373,374,375,376" />
                    <segment id="1081634350" length="2" startTrkptIdx="1032" segmentTime="0.43" speed="20.06" turnType="" turnAngle="" types="65,70,2,127,185,4,161,72,91,174,61,73,74,75,76,77,78,175,176,177,178,179,79,80,81,82,83,84,180,181,182,183,184" pointTypes="134;" names="0,0,345,366,367,368,318,325,369,346,347,370,371,348,349,372,350,373,374,375,376" />
                    <segment id="1415075058" length="11" startTrkptIdx="1033" segmentTime="5.95" speed="20.06" turnType="" turnAngle="" types="65,70,68,127,185,62,6,72,135,9,73,74,75,136,137,92,93,94,79,80,81,138,139,95,96,97" pointTypes=";;;10,11;10,89;10,11" names="364,0,0,345,352,353,318,354,346,361,356,348,349,357,362,359,360" />
                    <segment id="156916516" length="10" startTrkptIdx="1043" segmentTime="13.93" speed="26.07" turnType="" turnAngle="" types="65,70,68,127,62,6,72,135,9,73,74,75,136,137,92,93,94,79,80,81,138,139,95,96,97" pointTypes=";;31,32;;31,32;;31,32;;31,32;" names="364,0,0,345,352,353,318,354,346,361,356,348,349,357,362,359,360" />
                    <segment id="156916516" length="3" startTrkptIdx="1052" segmentTime="2.90" speed="26.07" turnType="" turnAngle="" types="65,70,68,127,62,6,72,135,9,73,74,75,136,137,92,93,94,79,80,81,138,139,95,96,97" pointTypes=";31,32;" names="364,0,0,345,352,353,318,354,346,361,356,348,349,357,362,359,360" />
                    <segment id="814691378" length="4" startTrkptIdx="1054" segmentTime="7.82" speed="26.07" turnType="" turnAngle="" types="65,70,68,127,62,6,72,135,9,73,74,75,136,137,92,93,94,79,80,81,138,139,95,96,97" pointTypes=";;;" names="364,0,0,345,352,353,318,354,346,361,356,348,349,357,362,359,360" />
                    <segment id="795160971" length="9" startTrkptIdx="1057" segmentTime="11.67" speed="26.07" turnType="C" turnAngle="-3.11" types="65,70,68,127,62,6,72,135,9,73,74,75,136,137,92,93,94,79,80,81,138,139,95,96,97" pointTypes=";;10,11;10,11;10,11;10,11;;31,32" names="364,0,0,345,352,353,318,354,346,361,356,348,349,357,362,359,360" />
                    <segment id="204496551" length="3" startTrkptIdx="1065" segmentTime="3.20" speed="26.07" turnType="" turnAngle="" types="65,70,2,127,62,6,72,135,9,73,74,75,136,137,92,93,94,79,80,81,138,139,95,96,97" pointTypes=";;10,89" names="0,0,345,352,353,318,354,346,361,356,348,349,357,362,359,360" />
                    <segment id="156916533" length="16" startTrkptIdx="1067" segmentTime="25.37" speed="26.07" turnType="" turnAngle="" types="65,70,85,33,186,127,4,6,72,91,174,9,73,74,75,76,77,78,175,176,177,178,179,79,80,81,82,83,84,180,181,182,183,184" pointTypes=";10,11;27,28;;;;10,11;;;;31,32;31,32;31,32;10,11;;10,11" names="0,0,345,366,367,368,318,325,369,346,347,370,371,348,349,372,350,373,374,375,376" />
                    <segment id="1112813332" length="2" startTrkptIdx="1082" segmentTime="8.59" speed="26.07" turnType="" turnAngle="" types="65,70,2,33,34,127,4,6,72,91,174,9,73,74,75,76,77,78,175,176,177,178,179,79,80,81,82,83,84,180,181,182,183,184" pointTypes=";" names="0,0,345,366,367,368,318,325,369,346,347,370,371,348,349,372,350,373,374,375,376" />
                    <segment id="156916531" length="3" startTrkptIdx="1083" segmentTime="5.65" speed="26.07" turnType="" turnAngle="" types="65,70,2,33,34,127,4,6,187,72,91,174,9,73,74,75,76,77,78,175,176,177,178,179,79,80,81,82,83,84,180,181,182,183,184" pointTypes="31,32;31,32;" names="0,0,345,366,367,368,318,325,369,346,347,370,371,348,349,372,350,373,374,375,376" />
                    <segment id="75714796" length="2" startTrkptIdx="1085" segmentTime="3.27" speed="26.07" turnType="" turnAngle="" types="70,68,127,62,6,188,72,135,9,73,74,75,136,137,92,93,94,79,80,81,138,139,95,96,97" pointTypes=";31,32" names="0,0,345,352,353,318,354,346,361,356,348,349,357,362,359,360" />
                    <segment id="201067295" length="5" startTrkptIdx="1086" segmentTime="15.63" speed="26.07" turnType="KL" turnAngle="0.02" types="65,70,68,127,62,6,72,135,9,73,74,75,136,137,92,93,94,79,80,81,138,139,95,96,97" pointTypes=";31,32;10,11;" names="377,0,0,345,352,353,318,354,346,361,356,348,349,357,362,359,360,351" />
                    <segment id="201067296" length="2" startTrkptIdx="1090" segmentTime="8.00" speed="26.07" turnType="" turnAngle="" types="65,70,68,127,62,6,72,135,9,73,74,75,136,137,92,93,94,79,80,81,138,139,95,96,97" pointTypes=";10,11" names="0,0,345,352,353,318,354,346,361,356,348,349,357,362,359,360" />
                    <segment id="1112813330" length="8" startTrkptIdx="1091" segmentTime="8.58" speed="26.07" turnType="" turnAngle="" types="65,70,85,33,186,127,4,6,189,72,91,174,9,73,74,75,76,77,78,175,176,177,178,179,79,80,81,82,83,84,180,181,182,183,184" pointTypes=";31,32;31,32;;10,11;;;" names="0,0,345,366,367,368,318,325,369,346,347,370,371,348,349,372,350,373,374,375,376" />
                    <segment id="119116870" length="14" startTrkptIdx="1098" segmentTime="21.88" speed="26.07" turnType="" turnAngle="" types="65,70,85,33,186,127,4,161,72,91,174,61,73,74,75,76,77,78,175,176,177,178,179,79,80,81,82,83,84,180,181,182,183,184" pointTypes="31,32;;;;;;31,32;" names="0,0,345,366,367,368,318,325,369,346,347,370,371,348,349,372,350,373,374,375,376" />
                    <segment id="1054125058" length="2" startTrkptIdx="1111" segmentTime="1.36" speed="26.07" turnType="" turnAngle="" types="65,70,68,127,62,161,72,135,61,73,74,75,136,137,92,93,94,79,80,81,138,139,95,96,97" pointTypes="" names="378,0,0,345,352,353,318,354,346,361,356,348,349,357,362,359,360" />
                    <segment id="819951307" length="3" startTrkptIdx="1112" segmentTime="3.69" speed="26.07" turnType="" turnAngle="" types="65,70,2,127,62,161,72,135,61,73,74,75,136,137,92,93,94,79,80,81,138,139,95,96,97" pointTypes=";;" names="378,0,0,345,352,353,318,354,346,361,356,348,349,357,362,359,360" />
                    <segment id="1054125059" length="3" startTrkptIdx="1114" segmentTime="21.91" speed="2.27" turnType="" turnAngle="" types="65,70,111,127,62,161,190,72,135,61,73,74,75,136,137,92,93,94,79,80,81,138,139,95,96,97" pointTypes=";53,59,10,11" names="378,0,0,345,352,353,318,354,346,361,356,348,349,357,362,359,360" />
                    <segment id="1054125060" length="2" startTrkptIdx="1116" segmentTime="0.39" speed="26.07" turnType="C" turnAngle="-0.45" types="65,70,85,127,62,161,88,72,135,61,73,74,75,136,137,92,93,94,79,80,81,138,139,95,96,97" pointTypes="" names="378,0,0,345,352,353,318,354,346,361,356,348,349,357,362,359,360" />
                    <segment id="204496915" length="4" startTrkptIdx="1117" segmentTime="4.56" speed="26.07" turnType="" turnAngle="" types="65,70,2,127,62,161,72,135,61,73,74,75,136,137,92,93,94,79,80,81,138,139,95,96,97" pointTypes=";;10,11;" names="378,0,0,345,352,353,318,354,346,361,356,348,349,357,362,359,360" />
                    <segment id="1054125055" length="3" startTrkptIdx="1120" segmentTime="3.02" speed="26.07" turnType="" turnAngle="" types="65,70,68,127,62,161,72,135,61,73,74,75,136,137,92,93,94,79,80,81,138,139,95,96,97" pointTypes=";10,11" names="378,0,0,345,352,353,318,354,346,361,356,348,349,357,362,359,360" />
                    <segment id="119116869" length="19" startTrkptIdx="1122" segmentTime="28.64" speed="26.07" turnType="" turnAngle="" types="65,70,2,127,4,6,72,91,174,9,73,74,75,76,77,78,175,176,177,178,179,79,80,81,82,83,84,180,181,182,183,184" pointTypes=";;;;;;10,11;;;31,32;31,32;;10,11;10,11;10,11;10,89;10,11;10,11;" names="0,0,345,366,367,368,318,325,369,346,347,370,371,348,349,372,350,373,374,375,376" />
                    <segment id="119116866" length="6" startTrkptIdx="1140" segmentTime="8.78" speed="18.85" turnType="" turnAngle="" types="65,70,2,102,4,6,72,91,174,9,73,74,75,76,77,78,175,176,177,178,179,79,80,81,82,83,84,180,181,182,183,184" pointTypes=";;10,11;10,89;10,89;10,89" names="0,0,345,366,367,368,318,325,369,346,347,370,371,348,349,372,350,373,374,375,376" />
                    <segment id="239550461" length="5" startTrkptIdx="1145" segmentTime="26.19" speed="4.45" turnType="" turnAngle="" types="65,66,70,2,102,62,6,72,135,9,73,74,75,136,137,92,93,94,79,80,81,138,139,95,96,97" pointTypes=";10,11;53,59,10,119" names="0,0,345,352,353,318,354,346,361,356,348,349,357,362,359,360" />
                    <segment id="819634989" length="2" startTrkptIdx="1149" segmentTime="0.63" speed="18.85" turnType="" turnAngle="" types="65,66,70,2,102,62,6,72,135,9,73,74,75,136,137,92,93,94,79,80,81,138,139,95,96,97" pointTypes="" names="0,0,345,352,318,354,346,361,356,348,349,357,362,360" />
                    <segment id="119116657" length="3" startTrkptIdx="1150" segmentTime="2.62" speed="18.85" turnType="" turnAngle="" types="65,66,70,2,102,62,6,72,135,9,73,74,75,136,137,92,93,94,79,80,81,138,139,95,96,97" pointTypes=";10,11;10,11" names="0,0,345,352,318,354,346,361,356,348,349,357,362,360" />
                    <segment id="643924827" length="2" startTrkptIdx="1152" segmentTime="0.89" speed="18.85" turnType="" turnAngle="" types="65,66,70,111,129,186,102,4,6,72,91,174,9,73,74,75,76,77,78,175,176,177,178,179,79,80,81,82,83,84,180,181,182,183,184" pointTypes="" names="0,0,345,366,367,318,325,369,346,347,370,371,348,349,372,350,373,374,376" />
                    <segment id="239550468" length="8" startTrkptIdx="1153" segmentTime="5.11" speed="18.85" turnType="" turnAngle="" types="65,66,70,85,129,34,102,4,6,72,91,174,9,73,74,75,76,77,78,175,176,177,178,179,79,80,81,82,83,84,180,181,182,183,184" pointTypes=";31,32;31,32;;10,11" names="0,0,345,366,367,318,325,369,346,347,370,371,348,349,372,350,373,374,376" />
                    <segment id="119116660" length="11" startTrkptIdx="1160" segmentTime="13.32" speed="18.85" turnType="" turnAngle="" types="65,66,70,2,102,4,6,72,91,174,9,73,74,75,76,77,78,175,176,177,178,179,79,80,81,82,83,84,180,181,182,183,184" pointTypes=";;31,32;31,32;;;10,11;10,11;10,89;10,11;10,11" names="0,0,345,366,367,318,325,369,346,347,370,371,348,349,372,350,373,374,376" />
                    <segment id="1120010800" length="2" startTrkptIdx="1170" segmentTime="1.72" speed="18.85" turnType="" turnAngle="" types="65,66,70,2,102,4,6,72,91,174,9,73,74,75,76,77,78,175,176,177,178,179,79,80,81,82,83,84,180,181,182,183,184" pointTypes="" names="0,0,345,366,367,318,325,369,346,347,370,371,348,349,372,350,373,374,376" />
                    <segment id="1120010799" length="2" startTrkptIdx="1171" segmentTime="1.16" speed="18.85" turnType="" turnAngle="" types="65,66,70,85,33,186,102,4,6,191,72,91,174,9,73,74,75,76,77,78,175,176,177,178,179,79,80,81,82,83,84,180,181,182,183,184" pointTypes="" names="0,0,345,366,367,318,325,369,346,347,370,371,348,349,372,350,373,374,376" />
                    <segment id="1120010803" length="2" startTrkptIdx="1172" segmentTime="0.60" speed="18.85" turnType="C" turnAngle="0.37" types="65,66,70,2,102,4,161,72,91,174,61,73,74,75,76,77,78,175,176,177,178,179,79,80,81,82,83,84,180,181,182,183,184" pointTypes="" names="0,0,345,366,367,318,325,369,346,347,370,371,348,349,372,350,373,374,376" />
                    <segment id="1120010802" length="2" startTrkptIdx="1173" segmentTime="0.64" speed="18.85" turnType="" turnAngle="" types="65,66,70,85,129,34,102,4,6,192,72,91,174,9,73,74,75,76,77,78,175,176,177,178,179,79,80,81,82,83,84,180,181,182,183,184" pointTypes="" names="0,0,345,366,367,318,325,369,346,347,370,371,348,349,372,350,373,374,376" />
                    <segment id="119116658" length="4" startTrkptIdx="1174" segmentTime="4.80" speed="18.85" turnType="" turnAngle="" types="65,66,70,2,102,4,6,72,91,174,9,73,74,75,76,77,78,175,176,177,178,179,79,80,81,82,83,84,180,181,182,183,184" pointTypes=";10,11;10,11;10,89" names="0,0,345,366,367,318,325,369,346,347,370,371,348,349,372,350,373,374,376" />
                    <segment id="1120010806" length="3" startTrkptIdx="1177" segmentTime="0.78" speed="18.85" turnType="" turnAngle="" types="65,66,70,85,129,34,102,4,6,192,72,91,174,9,73,74,75,76,77,78,175,176,177,178,179,79,80,81,82,83,84,180,181,182,183,184" pointTypes=";10,89;10,89" names="0,0,345,366,367,318,325,369,346,347,370,371,348,349,372,350,373,374,376" />
                    <segment id="1120010805" length="3" startTrkptIdx="1179" segmentTime="4.24" speed="14.41" turnType="" turnAngle="" types="65,66,70,2,102,4,6,72,91,174,9,73,74,75,76,77,78,175,176,177,178,179,79,80,81,82,83,84,180,181,182,183,184" pointTypes=";64,13,14,16,10,89;10,89" names="0,0,345,366,367,318,325,369,346,347,370,371,348,349,372,350,373,374,376" />
                    <segment id="1120010807" length="2" startTrkptIdx="1181" segmentTime="0.86" speed="18.85" turnType="" turnAngle="" types="65,66,70,85,33,186,102,4,6,191,72,91,174,9,73,74,75,76,77,78,175,176,177,178,179,79,80,81,82,83,84,180,181,182,183,184" pointTypes=";10,89" names="0,0,345,366,367,318,325,369,346,347,370,371,348,349,372,350,373,374,376" />
                    <segment id="814608780" length="2" startTrkptIdx="1182" segmentTime="4.87" speed="18.85" turnType="C" turnAngle="-0.02" types="65,66,70,2,102,4,6,72,91,174,9,73,74,75,76,77,78,175,176,177,178,179,79,80,81,82,83,84,180,181,182,183,184" pointTypes=";10,89" names="0,0,345,366,367,318,325,369,346,347,370,371,348,349,372,350,373,374,376" />
                    <segment id="1120010811" length="2" startTrkptIdx="1183" segmentTime="0.66" speed="18.85" turnType="" turnAngle="" types="65,66,70,2,102,4,6,72,91,174,9,73,74,75,76,77,78,175,176,177,178,179,79,80,81,82,83,84,180,181,182,183,184" pointTypes=";10,11" names="0,0,345,366,367,318,325,369,346,347,370,371,348,349,372,350,373,374,376" />
                    <segment id="814608781" length="2" startTrkptIdx="1184" segmentTime="3.56" speed="18.85" turnType="" turnAngle="" types="65,66,70,85,33,186,102,4,6,193,72,91,174,9,73,74,75,76,77,78,175,176,177,178,179,79,80,81,82,83,84,180,181,182,183,184" pointTypes=";10,11" names="0,0,345,366,367,318,325,369,346,347,370,371,348,349,372,350,373,374,376" />
                    <segment id="1120010812" length="3" startTrkptIdx="1185" segmentTime="3.25" speed="18.85" turnType="C" turnAngle="0.22" types="65,66,70,2,102,4,6,72,91,174,9,73,74,75,76,77,78,175,176,177,178,179,79,80,81,82,83,84,180,181,182,183,184" pointTypes=";;10,11" names="0,0,345,366,367,318,325,369,346,347,370,371,348,349,372,350,373,374,376" />
                    <segment id="814608783" length="2" startTrkptIdx="1187" segmentTime="1.21" speed="18.85" turnType="" turnAngle="" types="65,66,70,2,102,4,6,72,91,174,9,73,74,75,76,77,78,175,176,177,178,179,79,80,81,82,83,84,180,181,182,183,184" pointTypes=";10,11" names="0,0,345,366,367,318,325,369,346,347,370,371,348,349,372,350,373,374,376" />
                    <segment id="814608782" length="2" startTrkptIdx="1188" segmentTime="1.97" speed="18.85" turnType="" turnAngle="" types="65,66,70,2,102,4,6,72,91,174,9,73,74,75,76,77,78,175,176,177,178,179,79,80,81,82,83,84,180,181,182,183,184" pointTypes=";10,11" names="0,0,345,366,367,318,325,369,346,347,370,371,348,349,372,350,373,374,376" />
                    <segment id="819975986" length="10" startTrkptIdx="1189" segmentTime="10.06" speed="18.85" turnType="" turnAngle="" types="65,66,70,2,102,4,6,72,91,174,9,73,74,75,76,77,78,175,176,177,178,179,79,80,81,82,83,84,180,181,182,183,184" pointTypes=";10,11;10,11;;;;;10,89;10,140;10,149" names="0,0,345,366,367,318,325,369,346,347,370,371,348,349,372,350,373,374,376" />
                    <segment id="119116659" length="20" startTrkptIdx="1198" segmentTime="25.30" speed="18.85" turnType="" turnAngle="" types="65,66,70,2,102,4,161,72,91,174,61,73,74,75,76,77,78,175,176,177,178,179,79,80,81,82,83,84,180,181,182,183,184" pointTypes=";10,140;10,140;10,149;10,149;10,149;10,150;10,150;10,89;10,11;10,11;10,11;10,11;10,11;10,11;10,11;10,89;31,32;27,28;27,28" names="0,0,345,366,367,318,325,369,346,347,370,371,348,349,372,350,373,374,376" />
                    <segment id="150449662" length="7" startTrkptIdx="1217" segmentTime="7.87" speed="18.85" turnType="" turnAngle="" types="65,66,70,2,102,4,161,72,91,174,61,73,74,75,76,77,78,175,176,177,178,179,79,80,81,82,83,84,180,181,182,183,184" pointTypes=";31,32;31,32;27,28;142,100;31,32;31,32" names="0,0,345,366,367,318,325,369,346,347,370,371,348,349,372,350,373,374,376" />
                    <segment id="48036658" length="18" startTrkptIdx="1223" segmentTime="32.59" speed="21.26" turnType="" turnAngle="" types="65,66,70,2,160,4,161,72,91,174,61,73,74,75,76,77,78,175,176,177,178,179,79,80,81,82,83,84,180,181,182,183,184" pointTypes=";27,28;27,28;;;31,32;27,28;27,28;31,32;31,32;142,100;27,28;;31,32;;;31,32;31,32" names="0,0,345,366,367,318,325,369,346,347,370,371,348,349,372,350,373,374,376" />
                    <segment id="380052272" length="32" startTrkptIdx="1240" segmentTime="54.78" speed="21.26" turnType="" turnAngle="" types="65,66,70,2,160,4,161,72,91,174,61,73,74,75,76,77,78,175,176,177,178,179,79,80,81,82,83,84,180,181,182,183,184" pointTypes=";;31,32;27,28;27,28;142,100;142,100;31,32;31,32;31,32;10,11;10,119;10,150;10,150;10,119;10,89;10,11;;31,32;142,100;31,32;27,28;31,32;;10,11;;;10,89;10,89;31,32;27,28;27,28" names="0,0,345,366,367,318,325,369,346,347,370,371,348,349,372,350,373,374,376" />
                    <segment id="215564524" length="2" startTrkptIdx="1271" segmentTime="1.78" speed="21.26" turnType="" turnAngle="" types="65,131,66,70,2,160,4,161,72,91,174,61,73,74,75,76,77,78,175,176,177,178,179,79,80,81,82,83,84,180,181,182,183,184" pointTypes=";134" names="0,0,345,366,367,318,325,369,346,347,370,371,348,349,372,350,373,374,376" />
                    <segment id="215564525" length="7" startTrkptIdx="1272" segmentTime="7.18" speed="21.26" turnType="" turnAngle="" types="65,66,70,2,160,4,161,72,91,174,61,73,74,75,76,77,78,175,176,177,178,179,79,80,81,82,83,84,180,181,182,183,184" pointTypes="134;27,28;;10,11;10,119;10,150;10,119" names="0,0,345,366,367,318,325,369,346,347,370,371,348,349,372,350,373,374,376" />
                    <segment id="244095228" length="4" startTrkptIdx="1278" segmentTime="3.97" speed="21.26" turnType="" turnAngle="" types="65,66,70,2,160,4,194,161,72,91,174,61,73,74,75,76,77,78,175,176,177,178,179,79,80,81,82,83,84,180,181,182,183,184" pointTypes=";10,11;10,89;10,89" names="0,0,345,366,367,318,325,369,346,347,370,371,348,349,372,350,373,374,376" />
                    <segment id="107403009" length="22" startTrkptIdx="1281" segmentTime="40.67" speed="21.26" turnType="" turnAngle="" types="65,66,70,2,160,4,161,72,91,174,61,73,74,75,76,77,78,175,176,177,178,179,79,80,81,82,83,84,180,181,182,183,184" pointTypes=";;;;10,89;10,11;10,11;10,11;10,89;10,89;10,89;;;;;;10,89;10,140;10,150;10,149;10,149;10,150" names="0,0,345,366,367,318,325,369,346,347,370,371,348,349,372,350,373,374,376" />
                    <segment id="97179887" length="30" startTrkptIdx="1302" segmentTime="35.25" speed="26.07" turnType="" turnAngle="" types="65,66,70,195,2,127,6,72,91,174,9,73,74,75,76,77,78,175,176,177,178,179,79,80,81,82,83,84,180,181,182,183,184" pointTypes=";10,156;10,119;31,32;27,28;;10,119;10,150;10,89;10,11;10,89;10,89;10,119;10,89;10,119;31,32;31,32;;;10,89;10,119;10,140;10,156;10,156;10,143;10,156;10,149;10,11;10,89;10,150" names="0,0,345,366,367,318,325,369,346,347,370,371,348,349,372,350,373,374,376" />
                    <segment id="830542425" length="3" startTrkptIdx="1331" segmentTime="0.99" speed="26.07" turnType="" turnAngle="" types="65,66,70,195,85,33,186,127,6,196,72,91,174,9,73,74,75,76,77,78,175,176,177,178,179,79,80,81,82,83,84,180,181,182,183,184" pointTypes=";10,149;10,149" names="0,0,345,366,367,318,325,369,346,347,370,371,348,349,372,350,373,374,376" />
                    <segment id="667042468" length="6" startTrkptIdx="1333" segmentTime="3.11" speed="26.07" turnType="C" turnAngle="2.68" types="65,66,70,195,2,127,6,72,91,174,9,73,74,75,76,77,78,175,176,177,178,179,79,80,81,82,83,84,180,181,182,183,184" pointTypes=";10,140;10,143;10,156;10,149;10,149" names="0,0,345,366,367,318,325,369,346,347,370,371,348,349,372,350,373,374,376" />
                    <segment id="119113267" length="10" startTrkptIdx="1338" segmentTime="4.29" speed="26.07" turnType="" turnAngle="" types="65,66,70,195,85,33,186,127,6,72,91,174,9,73,74,75,76,77,78,175,176,177,178,179,79,80,81,82,83,84,180,181,182,183,184" pointTypes=";10,150;10,119;10,119;10,150;10,119;10,119;10,119;10,150;10,150" names="0,0,345,366,367,318,325,369,346,347,370,371,348,349,372,350,373,374,376" />
                    <segment id="667042469" length="42" startTrkptIdx="1347" segmentTime="35.55" speed="26.07" turnType="" turnAngle="" types="65,66,70,195,85,33,186,127,6,72,91,174,9,73,74,75,76,77,78,175,176,177,178,179,79,80,81,82,83,84,180,181,182,183,184" pointTypes=";10,140;10,140;10,149;10,149;10,149;10,149;10,149;10,140;10,150;10,119;10,150;10,119;10,89;10,89;10,149;10,140;10,140;10,156;10,151;10,197;10,151;10,143;10,197;10,151;10,143;10,156;10,140;10,150;10,89;10,11;;;10,11;10,119;10,119;10,89;10,89;10,89;10,119;10,11;10,11" names="0,0,345,366,367,318,325,369,346,347,370,371,348,349,372,350,373,374,376" />
                    <segment id="119113266" length="3" startTrkptIdx="1388" segmentTime="5.46" speed="26.07" turnType="" turnAngle="" types="65,66,70,111,127,6,72,91,174,9,73,74,75,76,77,78,175,176,177,178,179,79,80,81,82,83,84,180,181,182,183,184" pointTypes=";10,11;31,32" names="0,0,345,366,367,318,325,369,346,347,370,371,348,349,372,350,373,374,376" />
                    <segment id="119113264" length="11" startTrkptIdx="1390" segmentTime="16.53" speed="26.07" turnType="" turnAngle="" types="65,66,70,198,85,129,34,127,6,72,91,174,9,73,74,75,76,77,78,175,176,177,178,179,79,80,81,82,83,84,180,181,182,183,184" pointTypes=";141,98;31,32;27,28;141,98;141,98;157,158;154,101;154,101;154,101;157,158" names="0,0,345,366,367,318,325,369,346,347,370,371,348,349,372,350,373,374,376" />
                    <segment id="119113269" length="5" startTrkptIdx="1400" segmentTime="9.21" speed="26.07" turnType="" turnAngle="" types="65,12,66,70,198,2,127,6,72,91,174,9,73,74,75,76,77,78,175,176,177,178,179,79,80,81,82,83,84,180,181,182,183,184" pointTypes=";141,98;157,158;;10,89" names="0,0,345,366,367,318,325,369,346,347,370,371,348,349,372,350,373,374,376" />
                    <segment id="119113265" length="61" startTrkptIdx="1404" segmentTime="116.91" speed="26.07" turnType="" turnAngle="" types="65,66,70,2,127,4,6,72,91,174,9,73,74,75,76,77,78,175,176,177,178,179,79,80,81,82,83,84,180,181,182,183,184" pointTypes=";10,119;10,140;10,150;10,119;10,150;10,149;10,89;10,119;10,89;;10,11;;31,32;;;;31,32;142,100;142,100;142,100;141,98;141,98;27,28;31,32;27,28;27,28;142,100;142,100;141,98;141,98;142,100;141,98;27,28;27,28;27,28;;;31,32;157,158;141,98;141,98;142,100;31,32;;10,11;10,119;10,150;10,89;10,11;;31,32;27,28;;31,32;27,28;31,32;;31,32;10,11;10,119" names="0,0,345,366,367,318,325,369,346,347,370,371,348,349,372,350,373,374,376" />
                    <segment id="117527069" length="7" startTrkptIdx="1464" segmentTime="2.49" speed="26.07" turnType="" turnAngle="" types="65,131,66,70,2,127,4,161,72,91,174,61,73,74,75,76,77,78,175,176,177,178,179,79,80,81,82,83,84,180,181,182,183,184" pointTypes="" names="0,0,345,366,367,318,325,369,346,347,370,371,348,349,372,350,373,374,376" />
                    <segment id="298982601" length="45" startTrkptIdx="1470" segmentTime="76.82" speed="20.98" turnType="" turnAngle="" types="65,66,70,2,127,4,161,72,91,174,61,73,74,75,76,77,78,175,176,177,178,179,79,80,81,82,83,84,180,181,182,183,184" pointTypes="141,98;157,158;141,98;141,98;141,98;27,28;;;10,11;;31,32;31,32;27,28;27,28;27,28;31,32;27,28;27,28;142,100;27,28;31,32;27,28;31,32;;31,32;31,32;142,100;142,100;31,32;31,32;31,32;142,100;27,28;27,28;27,28;31,32;10,11;10,11;31,32;27,28;27,28;142,100;141,98;103,104,142,100;" names="0,0,345,366,367,318,325,369,346,347,370,371,348,349,372,350,373,374,376" />
                    <segment id="220966748" length="49" startTrkptIdx="1514" segmentTime="33.30" speed="26.07" turnType="" turnAngle="" types="107,70,2,127,4,161,72,91,174,61,73,74,75,76,77,78,175,176,177,178,179,79,80,81,82,83,84,180,181,182,183,184" pointTypes="27,28;;;141,98;154,101;154,101;141,98;142,100;31,32;10,11;10,119;10,150;10,89;;27,28;142,100;141,98;157,158;142,100;142,100;27,28;27,28;27,28;27,28;31,32;31,32;;;;31,32;142,100;142,100;142,100;141,98;142,100;;;31,32;142,100;157,158;154,101;147,148;152,153;145,146;199,200;201,202;201,202;203,204;" names="0,0,345,366,367,318,325,369,346,347,370,371,348,349,372,350,373,374,376" />
                    <segment id="220966747" length="12" startTrkptIdx="1562" segmentTime="7.28" speed="26.07" turnType="" turnAngle="" types="107,70,198,85,129,34,127,4,161,72,91,174,61,73,74,75,76,77,78,175,176,177,178,179,79,80,81,82,83,84,180,181,182,183,184" pointTypes="205,206;147,148;27,28;157,158;;10,149;10,140;10,150;;142,100;157,158;" names="0,0,345,366,367,318,325,369,346,347,370,371,348,349,372,350,373,374,376" />
                    <segment id="884561621" length="4" startTrkptIdx="1573" segmentTime="3.68" speed="26.07" turnType="" turnAngle="" types="107,70,2,127,4,161,72,91,174,61,73,74,75,76,77,78,175,176,177,178,179,79,80,81,82,83,84,180,181,182,183,184" pointTypes="142,100;31,32;10,89;" names="0,0,345,366,367,318,325,369,346,347,370,371,348,349,372,350,373,374,376" />
                    <segment id="119112858" length="19" startTrkptIdx="1576" segmentTime="23.06" speed="9.72" turnType="" turnAngle="" types="107,70,2,127,207,4,161,72,91,174,61,73,74,75,76,77,78,175,176,177,178,179,79,80,81,82,83,84,180,181,182,183,184" pointTypes="10,119;10,11;141,98;162,163;201,202;199,200;201,202;201,202;201,202;201,202;205,206;162,163;154,101;27,28;10,150;10,149;10,149;10,149;" names="0,0,345,366,367,318,325,369,346,347,370,371,348,349,372,350,373,374,376" />
                    <segment id="884561620" length="6" startTrkptIdx="1594" segmentTime="2.83" speed="26.07" turnType="" turnAngle="" types="107,70,2,127,4,161,72,91,174,61,73,74,75,76,77,78,175,176,177,178,179,79,80,81,82,83,84,180,181,182,183,184" pointTypes="10,89;10,89;31,32;141,98;154,101;" names="0,0,345,366,367,318,325,369,346,347,370,371,348,349,372,350,373,374,376" />
                    <segment id="119112857" length="16" startTrkptIdx="1599" segmentTime="9.42" speed="26.07" turnType="" turnAngle="" types="107,70,198,85,129,34,127,4,161,72,91,174,61,73,74,75,76,77,78,175,176,177,178,179,79,80,81,82,83,84,180,181,182,183,184" pointTypes="162,163;147,148;141,98;;10,119;10,150;10,140;10,89;10,11;;31,32;10,89;10,89;10,89;27,28;" names="0,0,345,366,367,318,325,369,346,347,370,371,348,349,372,350,373,374,376" />
                    <segment id="117527037" length="95" startTrkptIdx="1614" segmentTime="56.31" speed="26.07" turnType="" turnAngle="" types="107,70,198,2,127,4,161,72,91,174,61,73,74,75,76,77,78,175,176,177,178,179,79,80,81,82,83,84,180,181,182,183,184" pointTypes="147,148;152,153;205,206;152,153;203,204;201,202;201,202;201,202;162,163;31,32;10,143;10,151;10,149;10,150;31,32;142,100;162,163;152,153;145,146;199,200;201,202;201,202;201,202;201,202;147,148;31,32;27,28;10,89;10,89;;10,143;10,149;10,119;31,32;31,32;;142,100;154,101;157,158;154,101;154,101;154,101;142,100;10,11;31,32;141,98;147,148;199,200;199,200;199,200;152,153;154,101;;10,156;10,149;10,159;10,144;10,144;10,144;10,159;10,156;142,100;157,158;147,148;141,98;152,153;145,146;201,202;201,202;201,202;205,206;142,100;10,140;10,149;10,149;10,197;10,208;10,140;10,89;10,11;10,149;10,197;10,11;31,32;154,101;145,146;201,202;201,202;201,202;201,202;145,146;203,204;203,204;201,202;" names="0,0,345,366,367,318,325,369,346,347,370,371,348,349,372,350,373,374,376" />
                    <segment id="119112856" length="25" startTrkptIdx="1708" segmentTime="11.60" speed="26.07" turnType="" turnAngle="" types="107,70,198,85,129,34,127,4,161,72,91,174,61,73,74,75,76,77,78,175,176,177,178,179,79,80,81,82,83,84,180,181,182,183,184" pointTypes="199,200;203,204;205,206;162,163;141,98;10,89;10,119;10,149;10,140;10,89;10,140;10,143;10,149;10,89;27,28;152,153;203,204;199,200;201,202;199,200;205,206;141,98;142,100;31,32;" names="0,0,345,366,367,318,325,369,346,347,370,371,348,349,372,350,373,374,376" />
                    <segment id="117527070" length="94" startTrkptIdx="1732" segmentTime="50.43" speed="26.07" turnType="" turnAngle="" types="107,70,198,2,170,127,4,6,72,91,174,9,73,74,75,76,77,78,175,176,177,178,179,79,80,81,82,83,84,180,181,182,183,184" pointTypes="27,28;27,28;27,28;27,28;10,11;10,89;10,140;10,197;10,209;10,143;10,149;10,150;157,158;162,163;154,101;142,100;10,140;10,150;10,150;10,119;10,150;10,11;154,101;145,146;145,146;205,206;147,148;152,153;145,146;205,206;152,153;157,158;142,100;27,28;141,98;141,98;154,101;147,148;145,146;147,148;147,148;147,148;147,148;147,148;147,148;147,148;152,153;147,148;157,158;141,98;;10,140;10,197;10,208;10,143;10,140;10,89;;;141,98;162,163;205,206;152,153;147,148;142,100;27,28;27,28;142,100;141,98;154,101;147,148;147,148;154,101;154,101;154,101;154,101;157,158;154,101;157,158;162,163;162,163;147,148;154,101;157,158;;;10,140;10,143;10,209;10,144;10,144;10,144;10,159;" names="0,0,345,366,367,318,325,369,346,347,370,371,348,349,372,350,373,374,376" />
                    <segment id="884561618" length="8" startTrkptIdx="1825" segmentTime="3.91" speed="9.72" turnType="" turnAngle="" types="107,70,198,2,170,127,207,4,6,72,91,174,9,73,74,75,76,77,78,175,176,177,178,179,79,80,81,82,83,84,180,181,182,183,184" pointTypes="10,208;10,143;10,156;10,140;10,119;10,11;;27,28" names="0,0,345,366,367,318,325,369,346,347,370,371,348,349,372,350,373,374,376" />
                    <segment id="884561618" length="7" startTrkptIdx="1832" segmentTime="2.63" speed="9.72" turnType="" turnAngle="" types="107,70,198,2,170,127,207,4,6,72,91,174,9,73,74,75,76,77,78,175,176,177,178,179,79,80,81,82,83,84,180,181,182,183,184" pointTypes="27,28;27,28;142,100;142,100;141,98;157,158;" names="0,0,345,366,367,318,325,369,346,347,370,371,348,349,372,350,373,374,376" />
                    <segment id="884561619" length="9" startTrkptIdx="1838" segmentTime="3.81" speed="9.72" turnType="" turnAngle="" types="107,70,195,2,170,127,207,4,6,72,91,174,9,73,74,75,76,77,78,175,176,177,178,179,79,80,81,82,83,84,180,181,182,183,184" pointTypes="157,158;154,101;154,101;147,148;152,153;152,153;205,206;145,146;" names="0,0,345,366,367,318,325,369,346,347,370,371,348,349,372,350,373,374,376" />
                    <segment id="1423817071" length="11" startTrkptIdx="1846" segmentTime="3.75" speed="26.07" turnType="" turnAngle="" types="107,70,195,2,170,127,4,6,72,91,174,9,73,74,75,76,77,78,175,176,177,178,179,79,80,81,82,83,84,180,181,182,183,184" pointTypes="145,146;152,153;152,153;147,148;147,148;134,157,158;157,158;141,98;157,158;154,101;" names="0,0,345,366,367,318,325,369,346,347,370,371,348,349,372,350,373,374,376" />
                    <segment id="1423817072" length="8" startTrkptIdx="1856" segmentTime="3.94" speed="9.72" turnType="" turnAngle="" types="107,70,195,2,170,127,207,4,6,72,91,174,9,73,74,75,76,77,78,175,176,177,178,179,79,80,81,82,83,84,180,181,182,183,184" pointTypes="154,101;142,100;;10,149;10,159;10,144;10,144;" names="0,0,345,366,367,318,325,369,346,347,370,371,348,349,372,350,373,374,376" />
                    <segment id="298982603" length="47" startTrkptIdx="1863" segmentTime="27.26" speed="26.07" turnType="" turnAngle="" types="107,70,195,2,170,127,4,6,72,91,174,9,73,74,75,76,77,78,175,176,177,178,179,79,80,81,82,83,84,180,181,182,183,184" pointTypes="10,144;10,209;10,140;31,32;141,98;147,148;31,32;10,140;10,197;10,209;10,143;10,89;142,100;201,202;201,202;147,148;142,100;10,11;10,119;10,156;10,208;10,144;10,144;10,144;10,144;10,151;10,119;157,158;203,204;201,202;152,153;157,158;10,140;10,209;10,156;10,149;10,144;10,144;10,159;10,140;;141,98;147,148;205,206;152,153;201,202;" names="0,0,345,366,367,318,325,369,346,347,370,371,348,349,372,350,373,374,376" />
                    <segment id="298982604" length="23" startTrkptIdx="1909" segmentTime="8.97" speed="26.07" turnType="" turnAngle="" types="107,70,195,85,33,186,170,127,4,161,72,91,174,61,73,74,75,76,77,78,175,176,177,178,179,79,80,81,82,83,84,180,181,182,183,184" pointTypes="201,202;199,200;154,101;27,28;10,89;10,149;10,151;10,197;10,159;10,144;10,144;10,144;10,209;10,149;10,119;31,32;142,100;154,101;154,101;154,101;;10,151;" names="0,0,345,366,367,318,325,369,346,347,370,371,348,349,372,350,373,374,376" />
                    <segment id="298982602" length="84" startTrkptIdx="1931" segmentTime="43.35" speed="26.07" turnType="" turnAngle="" types="107,70,195,2,33,34,170,127,4,161,72,91,174,61,73,74,75,76,77,78,175,176,177,178,179,79,80,81,82,83,84,180,181,182,183,184" pointTypes="10,159;10,209;10,208;10,197;10,89;;145,146;199,200;162,163;10,119;10,197;10,144;10,144;10,144;10,144;10,144;10,144;10,143;31,32;27,28;142,100;142,100;157,158;162,163;203,204;201,202;201,202;199,200;162,163;157,158;;10,11;;;10,150;10,197;10,144;10,144;10,144;10,144;10,144;10,197;10,89;154,101;203,204;145,146;145,146;157,158;10,89;10,156;10,209;10,208;10,144;10,144;10,144;10,144;10,144;10,197;10,143;10,11;31,32;31,32;27,28;142,100;;10,119;10,149;10,208;10,208;10,197;10,197;10,151;10,140;10,149;10,119;10,89;;147,148;152,153;203,204;205,206;152,153;154,101;" names="0,0,345,366,367,318,325,369,346,347,370,371,348,349,372,350,373,374,376" />
                    <segment id="884561617" length="9" startTrkptIdx="2014" segmentTime="7.92" speed="9.72" turnType="" turnAngle="" types="107,70,195,2,33,34,127,207,4,161,72,91,174,61,73,74,75,76,77,78,175,176,177,178,179,79,80,81,82,83,84,180,181,182,183,184" pointTypes="154,101;142,100;31,32;31,32;10,119;10,140;10,149;10,151;" names="0,0,345,366,367,318,325,369,346,347,370,371,348,349,372,350,373,374,376" />
                    <segment id="884561616" length="65" startTrkptIdx="2022" segmentTime="38.43" speed="26.07" turnType="" turnAngle="" types="107,70,195,2,33,34,127,4,161,72,91,174,61,73,74,75,76,77,78,175,176,177,178,179,79,80,81,82,83,84,180,181,182,183,184" pointTypes="10,144;10,144;10,197;10,209;10,159;10,144;10,144;10,144;10,144;10,197;31,32;157,158;27,28;31,32;162,163;145,146;205,206;142,100;10,150;10,209;10,144;10,144;10,144;10,149;10,119;10,11;10,140;10,151;10,197;10,156;10,143;10,197;10,144;10,159;10,159;10,197;10,208;10,156;;;10,89;10,89;27,28;162,163;201,202;145,146;205,206;145,146;199,200;145,146;27,28;10,150;10,209;10,144;10,144;10,144;10,144;10,208;;147,148;205,206;157,158;157,158;147,148;" names="0,0,345,366,367,318,325,369,346,347,370,371,348,349,372,350,373,374,376" />
                    <segment id="884561613" length="8" startTrkptIdx="2086" segmentTime="11.77" speed="6.94" turnType="" turnAngle="" types="107,70,195,2,33,34,127,210,4,161,72,91,174,61,73,74,75,76,77,78,175,176,177,178,179,79,80,81,82,83,84,180,181,182,183,184" pointTypes="205,206;205,206;162,163;141,98;27,28;10,156;10,209;" names="0,0,345,366,367,318,325,369,346,347,370,371,348,349,372,350,373,374,376" />
                    <segment id="884561612" length="86" startTrkptIdx="2093" segmentTime="51.38" speed="26.07" turnType="" turnAngle="" types="107,70,195,2,33,34,127,4,161,72,91,174,61,73,74,75,76,77,78,175,176,177,178,179,79,80,81,82,83,84,180,181,182,183,184" pointTypes="10,144;10,144;10,208;10,156;10,209;10,208;10,150;;162,163;203,204;145,146;162,163;10,89;10,156;10,197;10,144;10,144;10,144;10,144;10,156;10,11;;10,143;10,144;10,144;10,208;10,149;10,119;31,32;10,89;31,32;205,206;201,202;201,202;201,202;201,202;201,202;201,202;145,146;154,101;;10,140;10,143;10,144;10,208;10,156;10,209;10,144;10,144;10,144;10,144;10,149;154,101;145,146;201,202;152,153;147,148;203,204;201,202;201,202;201,202;201,202;201,202;154,101;10,119;10,197;10,144;10,144;10,144;10,144;10,151;10,11;141,98;152,153;147,148;157,158;142,100;10,140;10,144;10,144;10,143;10,150;10,89;10,149;10,151;" names="0,0,345,366,367,318,325,369,346,347,370,371,348,349,372,350,373,374,376" />
                    <segment id="298983134" length="8" startTrkptIdx="2178" segmentTime="5.14" speed="26.07" turnType="" turnAngle="" types="107,70,195,85,33,186,127,4,161,72,91,174,61,73,74,75,76,77,78,175,176,177,178,179,79,80,81,82,83,84,180,181,182,183,184" pointTypes="10,143;10,149;10,140;10,89;10,11;10,119;10,156;" names="0,0,345,366,367,318,325,369,346,347,370,371,348,349,372,350,373,374,376" />
                    <segment id="882651596" length="34" startTrkptIdx="2185" segmentTime="19.03" speed="26.07" turnType="" turnAngle="" types="107,70,195,2,127,4,161,72,91,174,61,73,74,75,76,77,78,175,176,177,178,179,79,80,81,82,83,84,180,181,182,183,184" pointTypes="10,156;10,209;10,151;10,143;10,151;10,149;10,89;27,28;31,32;10,11;10,149;10,197;10,209;10,144;10,144;10,159;10,197;10,140;10,11;;10,89;10,140;10,119;;;31,32;31,32;10,119;10,89;;157,158;154,101;154,101;" names="0,0,345,366,367,318,325,369,346,347,370,371,348,349,372,350,373,374,376" />
                    <segment id="882651597" length="12" startTrkptIdx="2218" segmentTime="17.29" speed="6.94" turnType="" turnAngle="" types="107,70,195,2,127,210,4,161,72,91,174,61,73,74,75,76,77,78,175,176,177,178,179,79,80,81,82,83,84,180,181,182,183,184" pointTypes="154,101;157,158;142,100;10,89;10,119;10,150;10,150;10,150;10,150;10,119;10,11;" names="0,0,345,366,367,318,325,369,346,347,370,371,348,349,372,350,373,374,376" />
                    <segment id="298983133" length="39" startTrkptIdx="2229" segmentTime="22.63" speed="26.07" turnType="" turnAngle="" types="107,70,195,2,127,4,161,72,91,174,61,73,74,75,76,77,78,175,176,177,178,179,79,80,81,82,83,84,180,181,182,183,184" pointTypes="31,32;27,28;10,119;10,149;10,197;10,143;10,156;10,140;10,119;10,89;10,119;10,150;10,150;10,89;;;31,32;10,89;10,149;10,143;10,143;10,143;10,151;10,208;10,159;10,144;10,144;10,208;10,149;10,150;10,149;10,156;10,156;10,149;10,119;;141,98;162,163;" names="0,0,345,366,367,318,325,369,346,347,370,371,348,349,372,350,373,374,376" />
                    <segment id="884561615" length="9" startTrkptIdx="2267" segmentTime="9.36" speed="9.72" turnType="" turnAngle="" types="107,70,195,2,127,207,4,161,72,91,174,61,73,74,75,76,77,78,175,176,177,178,179,79,80,81,82,83,84,180,181,182,183,184" pointTypes="205,206;145,146;145,146;162,163;157,158;10,119;10,150;10,149;" names="0,0,345,366,367,318,325,369,346,347,370,371,348,349,372,350,373,374,376" />
                    <segment id="884561614" length="19" startTrkptIdx="2275" segmentTime="18.48" speed="26.07" turnType="" turnAngle="" types="107,70,195,2,127,4,161,72,91,174,61,73,74,75,76,77,78,175,176,177,178,179,79,80,81,82,83,84,180,181,182,183,184" pointTypes="10,149;10,150;10,150;10,119;10,89;10,89;10,119;10,11;;31,32;10,11;10,89;10,140;10,119;;;31,32;31,32;" names="0,0,345,366,367,318,325,369,346,347,370,371,348,349,372,350,373,374,376" />
                    <segment id="298983136" length="20" startTrkptIdx="2293" segmentTime="18.32" speed="26.07" turnType="" turnAngle="" types="107,70,195,85,33,186,127,4,161,72,91,174,61,73,74,75,76,77,78,175,176,177,178,179,79,80,81,82,83,84,180,181,182,183,184" pointTypes="10,11;10,89;10,156;10,156;10,149;10,119;10,11;10,11;10,11;;;31,32;;31,32;10,11;10,11;10,119;10,119;10,89;" names="0,0,345,366,367,318,325,369,346,347,370,371,348,349,372,350,373,374,376" />
                    <segment id="117599749" length="2" startTrkptIdx="2312" segmentTime="1.36" speed="26.07" turnType="" turnAngle="" types="107,70,195,2,127,4,161,72,91,174,61,73,74,75,76,77,78,175,176,177,178,179,79,80,81,82,83,84,180,181,182,183,184" pointTypes="10,11;" names="0,0,345,366,367,318,325,369,346,347,370,371,348,349,372,350,373,374,376" />
                    <segment id="298983132" length="7" startTrkptIdx="2313" segmentTime="5.88" speed="12.50" turnType="" turnAngle="" types="107,70,68,127,211,62,161,72,135,61,73,74,75,136,137,92,93,94,79,80,81,138,139,95,96,97" pointTypes=";141,98;142,100;157,158;147,148;152,153;162,163" names="0,0,345,352,318,354,346,361,356,348,349,357,362,360" />
                    <segment id="117527045" length="2" startTrkptIdx="2319" segmentTime="1.37" speed="26.07" turnType="" turnAngle="" types="131,107,70,68,127,62,161,72,135,61,73,74,75,136,137,92,93,94,79,80,81,138,139,95,96,97" pointTypes="" names="0,0,345,352,318,354,346,361,356,348,349,357,362,360" />
                    <segment id="117527061" length="6" startTrkptIdx="2320" segmentTime="4.25" speed="26.07" turnType="" turnAngle="" types="107,70,68,127,62,161,72,135,61,73,74,75,136,137,92,93,94,79,80,81,138,139,95,96,97" pointTypes=";27,28;10,11;10,89;10,119;10,119" names="0,0,345,352,318,354,346,361,356,348,349,357,362,360" />
                    <segment id="117527063" length="22" startTrkptIdx="2325" segmentTime="23.00" speed="26.07" turnType="" turnAngle="" types="70,2,127,161,72,91,174,61,73,74,75,76,77,78,175,176,177,178,179,79,80,81,82,83,84,180,181,182,183,184" pointTypes=";10,119;10,119;10,89;10,89;10,11;;31,32;;142,100;142,100;142,100;141,98;31,32;27,28;142,100;31,32;142,100;141,98;142,100;142,100;27,28" names="0,0,345,366,367,318,325,369,346,347,370,371,348,349,372,350,373,374,376" />
                    <segment id="117527050" length="2" startTrkptIdx="2346" segmentTime="1.72" speed="26.07" turnType="" turnAngle="" types="131,70,2,127,161,72,91,174,61,73,74,75,76,77,78,175,176,177,178,179,79,80,81,82,83,84,180,181,182,183,184" pointTypes="" names="0,0,345,366,367,318,325,369,346,347,370,371,348,349,372,350,373,374,376" />
                    <segment id="298983135" length="23" startTrkptIdx="2347" segmentTime="43.86" speed="26.07" turnType="" turnAngle="" types="70,2,127,161,72,91,174,61,73,74,75,76,77,78,175,176,177,178,179,79,80,81,82,83,84,180,181,182,183,184" pointTypes="157,158;141,98;142,100;142,100;142,100;31,32;31,32;142,100;27,28;27,28;141,98;142,100;10,119;10,119;10,150;10,119;10,89;10,11;10,11;;10,119;10,119;" names="0,0,345,366,367,318,325,369,346,347,370,371,348,349,372,350,373,374,376" />
                    <segment id="117527056" length="2" startTrkptIdx="2369" segmentTime="1.00" speed="26.07" turnType="" turnAngle="" types="131,70,2,127,161,72,91,174,61,73,74,75,76,77,78,175,176,177,178,179,79,80,81,82,83,84,180,181,182,183,184" pointTypes="" names="0,0,345,366,367,318,325,369,346,347,370,371,348,349,372,350,373,374,376" />
                    <segment id="298983130" length="27" startTrkptIdx="2370" segmentTime="22.98" speed="26.07" turnType="" turnAngle="" types="212,70,2,127,161,72,91,174,61,73,74,75,76,77,78,175,176,177,178,179,79,80,81,82,83,84,180,181,182,183,184" pointTypes="27,28;27,28;142,100;27,28;10,11;31,32;31,32;;10,11;10,11;10,119;10,119;10,119;10,150;10,89;10,11;10,89;10,150;10,119;10,119;10,89;10,89;10,150;10,119;;" names="0,0,345,366,367,318,325,369,346,347,370,371,348,349,372,350,373,374,376" />
                    <segment id="48036655" length="12" startTrkptIdx="2396" segmentTime="10.11" speed="18.85" turnType="" turnAngle="" types="212,70,2,102,161,72,91,174,61,73,74,75,76,77,78,175,176,177,178,179,79,80,81,82,83,84,180,181,182,183,184" pointTypes=";;31,32;;;31,32;31,32;27,28;27,28;27,28;142,100;142,100" names="0,0,345,366,367,318,325,369,346,347,370,371,348,349,372,350,373,374,376" />
                    <segment id="48036655" length="4" startTrkptIdx="2407" segmentTime="6.44" speed="18.85" turnType="" turnAngle="" types="212,70,2,102,161,72,91,174,61,73,74,75,76,77,78,175,176,177,178,179,79,80,81,82,83,84,180,181,182,183,184" pointTypes="142,100;31,32;10,11" names="0,0,345,366,367,318,325,369,346,347,370,371,348,349,372,350,373,374,376" />
                    <segment id="48036657" length="5" startTrkptIdx="2410" segmentTime="33.44" speed="9.72" turnType="TR" turnAngle="101.09" types="213,161,214,215,61" pointTypes=";18,19;;;" names="0,379,380,381,382,383,384,385,386,387,388,389,390,391,392" />
                    <segment id="1023789767" length="2" startTrkptIdx="2414" segmentTime="8.23" speed="9.72" turnType="" turnAngle="" types="213,161,214,215,61" pointTypes="32;" names="0,379,380,381,382,383,384,385,386,387,388,389,390,391,392" />
                    <segment id="591536878" length="12" startTrkptIdx="2415" segmentTime="92.01" speed="9.72" turnType="" turnAngle="" types="213,161,61" pointTypes=";;;;;;;;;;;" names="0" />
                    <segment id="1023789765" length="5" startTrkptIdx="2426" segmentTime="42.64" speed="0.60" turnType="" turnAngle="" types="213,161,214,215,61" pointTypes="38,216;217,218,219,220;18,216;" names="0,379,380,381,382,383,384,385,386,387,388,389,390,391,392" />
                    <segment id="1023789764" length="8" startTrkptIdx="2430" segmentTime="14.87" speed="9.72" turnType="" turnAngle="" types="213,161,61" pointTypes=";;;;;;" names="0" />
                    <segment id="1023789762" length="2" startTrkptIdx="2437" segmentTime="7.36" speed="9.72" turnType="" turnAngle="" types="213,161,214,215,61" pointTypes=";" names="0,379,380,381,382,383,384,385,386,387,388,389,390,391,392" />
                    <segment id="1023789761" length="6" startTrkptIdx="2438" segmentTime="72.62" speed="9.72" turnType="" turnAngle="" types="213,161,61" pointTypes=";;;;;" names="0" />
                    <segment id="1023789753" length="2" startTrkptIdx="2443" segmentTime="37.96" speed="9.72" turnType="" turnAngle="" types="213,161,7,221,61" pointTypes=";" names="0,298,393,394,395,303,396,305,397,398" />
                    <segment id="1023789753" length="7" startTrkptIdx="2444" segmentTime="66.13" speed="9.72" turnType="" turnAngle="" types="213,161,7,221,61" pointTypes=";;;;;;32" names="0,298,393,394,395,303,396,305,397,398" />
                    <segment id="1023789753" length="5" startTrkptIdx="2450" segmentTime="24.30" speed="9.72" turnType="TSLR" turnAngle="12.64" types="213,161,7,221,61" pointTypes="32;;;;" names="0,298,393,394,395,303,396,305,397,398" />
                    <segment id="1023789757" length="2" startTrkptIdx="2454" segmentTime="0.98" speed="9.72" turnType="" turnAngle="" types="131,213,161,214,7,221,215,61" pointTypes="" names="0,298,393,394,395,303,396,305,397,398,379,380,381,382,383,384,385,386,387,388,389,390,391,392" />
                    <segment id="1023789756" length="3" startTrkptIdx="2455" segmentTime="31.90" speed="9.72" turnType="" turnAngle="" types="213,161,7,221,61" pointTypes=";32;" names="0,298,393,394,395,303,396,305,397,398" />
                    <segment id="1023789754" length="2" startTrkptIdx="2457" segmentTime="2.23" speed="9.72" turnType="" turnAngle="" types="131,213,161,214,7,221,215,61" pointTypes="" names="0,298,393,394,395,303,396,305,397,398,379,380,381,382,383,384,385,386,387,388,389,390,391,392" />
                    <segment id="435253179" length="10" startTrkptIdx="2458" segmentTime="197.88" speed="9.72" turnType="" turnAngle="" types="213,161,7,221,61" pointTypes=";;;;;;32;32;32;" names="0,298,393,394,395,303,396,305,397,398" />
                    <segment id="435253179" length="2" startTrkptIdx="2467" segmentTime="34.58" speed="9.72" turnType="" turnAngle="" types="213,161,7,221,61" pointTypes=";" names="0,298,393,394,395,303,396,305,397,398" />
                    <segment id="1076429306" length="2" startTrkptIdx="2468" segmentTime="0.46" speed="9.72" turnType="" turnAngle="" types="213,161,214,7,221,215,61" pointTypes="" names="0,298,393,394,395,303,396,305,397,398,379,380,381,382,383,384,385,386,387,388,389,390,391,392" />
                    <segment id="1023789750" length="2" startTrkptIdx="2469" segmentTime="2.63" speed="9.72" turnType="" turnAngle="" types="213,68,161,214,7,221,215,61" pointTypes=";" names="0,298,393,394,395,303,396,305,397,398,379,380,381,382,383,384,385,386,387,388,389,390,391,392" />
                    <segment id="435253181" length="2" startTrkptIdx="2470" segmentTime="0.98" speed="9.72" turnType="" turnAngle="" types="131,213,68,222,161,214,7,221,215,61" pointTypes="" names="0,298,393,394,395,303,396,305,397,398,379,380,381,382,383,384,385,386,387,388,389,390,391,392" />
                    <segment id="1076429305" length="2" startTrkptIdx="2471" segmentTime="2.89" speed="9.72" turnType="" turnAngle="" types="213,68,161,7,221,61" pointTypes=";" names="0,298,393,394,395,303,396,305,397,398" />
                    <segment id="435253178" length="6" startTrkptIdx="2472" segmentTime="123.41" speed="9.72" turnType="" turnAngle="" types="213,161,7,221,61" pointTypes=";;;;32;" names="0,298,393,394,395,303,396,305,397,398" />
                    <segment id="1023789747" length="2" startTrkptIdx="2477" segmentTime="0.54" speed="9.72" turnType="" turnAngle="" types="131,213,161,214,7,221,215,61" pointTypes="" names="0,298,393,394,395,303,396,305,397,398,379,380,381,382,383,384,385,386,387,388,389,390,391,392" />
                    <segment id="1023789746" length="7" startTrkptIdx="2478" segmentTime="37.88" speed="9.72" turnType="" turnAngle="" types="213,161,7,221,61" pointTypes="28;;;;;;" names="0,298,393,394,395,303,396,305,397,398" />
                    <segment id="1023789744" length="2" startTrkptIdx="2484" segmentTime="0.97" speed="9.72" turnType="" turnAngle="" types="131,213,161,214,7,221,215,61" pointTypes="" names="0,298,393,394,395,303,396,305,397,398,379,380,381,382,383,384,385,386,387,388,389,390,391,392" />
                    <segment id="1023789743" length="8" startTrkptIdx="2485" segmentTime="38.19" speed="9.72" turnType="" turnAngle="" types="213,161,7,221,61" pointTypes="32;100;28;32;;;38,19" names="0,298,393,394,395,303,396,305,397,398" />
                    <segment id="1076446949" length="2" startTrkptIdx="2492" segmentTime="11.09" speed="0.95" turnType="" turnAngle="" types="213,68,161,7,221,61" pointTypes="38,19;" names="0,298,393,394,395,303,396,305,397,398" />
                    <segment id="1023789769" length="2" startTrkptIdx="2493" segmentTime="2.54" speed="9.72" turnType="" turnAngle="" types="213,68,161,214,7,221,215,61" pointTypes="" names="0,298,393,394,395,303,396,305,397,398,379,380,381,382,383,384,385,386,387,388,389,390,391,392" />
                    <segment id="435253180" length="3" startTrkptIdx="2494" segmentTime="1.06" speed="9.72" turnType="" turnAngle="" types="131,213,68,222,60,214,7,221,215,61" pointTypes="" names="0,298,393,394,395,303,396,305,397,398,379,380,381,382,383,384,385,386,387,388,389,390,391,392" />
                    <segment id="1076446948" length="2" startTrkptIdx="2496" segmentTime="2.13" speed="9.72" turnType="" turnAngle="" types="213,68,161,7,221,61" pointTypes="" names="0,298,393,394,395,303,396,305,397,398" />
                    <segment id="244092246" length="8" startTrkptIdx="2497" segmentTime="71.85" speed="9.72" turnType="" turnAngle="" types="213,161,7,221,61" pointTypes=";;;;32;32;;" names="0,298,393,394,395,303,396,305,397,398" />
                    <segment id="1023789739" length="2" startTrkptIdx="2504" segmentTime="5.53" speed="9.72" turnType="" turnAngle="" types="213,161,7,221,61" pointTypes="32;" names="0,298,393,394,395,303,396,305,397,398" />
                    <segment id="840640496" length="53" startTrkptIdx="2505" segmentTime="365.55" speed="9.72" turnType="" turnAngle="" types="213,161,61" pointTypes=";;;28;;32;;;;;;;;;;;32;;;;;;32;32;28;32;32;32;32;;;;;;;;;;32;32;;;;32;28;;32;32;;;;;" names="0" />
                    <segment id="840640497" length="2" startTrkptIdx="2557" segmentTime="1.44" speed="9.72" turnType="" turnAngle="" types="131,213,161,61" pointTypes="" names="0" />
                    <segment id="840640498" length="19" startTrkptIdx="2558" segmentTime="125.01" speed="9.72" turnType="" turnAngle="" types="213,161,61" pointTypes=";;;32;32;32;;;;;32;28;28;28;32;32;;;" names="0" />
                    <segment id="840640499" length="2" startTrkptIdx="2576" segmentTime="1.32" speed="9.72" turnType="" turnAngle="" types="131,213,161,61" pointTypes="" names="0" />
                    <segment id="840640491" length="29" startTrkptIdx="2577" segmentTime="153.37" speed="9.72" turnType="" turnAngle="" types="213,161,61" pointTypes="32;32;28;32;32;32;32;;32;28;;32;;28;32;32;;;;;;;32;28;32;;28;;38,19" names="0" />
                    <segment id="1076446956" length="4" startTrkptIdx="2605" segmentTime="11.91" speed="1.56" turnType="" turnAngle="" types="213,68,161,61" pointTypes="38,19;;;" names="0" />
                    <segment id="840640490" length="2" startTrkptIdx="2608" segmentTime="0.78" speed="9.72" turnType="" turnAngle="" types="131,213,68,161,61" pointTypes="" names="0" />
                    <segment id="244092248" length="24" startTrkptIdx="2609" segmentTime="156.48" speed="9.72" turnType="" turnAngle="" types="213,161,61" pointTypes=";32;;;;;32;;;;;;;;32;;;;;;;;32;100" names="0" />
                    <segment id="244092248" length="18" startTrkptIdx="2632" segmentTime="158.49" speed="9.72" turnType="" turnAngle="" types="213,161,61" pointTypes="100;28;100;32;;;;;;32;;;32;32;32;32;;" names="0" />
                    <segment id="244092248" length="32" startTrkptIdx="2650" segmentTime="390.42" speed="9.72" turnType="C" turnAngle="" types="213,161,61" pointTypes=";;;28;32;;;;;;;32;28;32;;;;;;;28;;;;;32;32;;;;;38,19" names="0" />
                    <segment id="1076452711" length="2" startTrkptIdx="2681" segmentTime="13.03" speed="2.26" turnType="" turnAngle="" types="213,68,161,61" pointTypes="38,19;" names="0" />
                    <segment id="244092253" length="2" startTrkptIdx="2682" segmentTime="3.00" speed="9.72" turnType="" turnAngle="" types="131,213,68,161,61" pointTypes="" names="0" />
                    <segment id="1076452710" length="2" startTrkptIdx="2683" segmentTime="2.05" speed="9.72" turnType="" turnAngle="" types="213,68,161,61" pointTypes="32;" names="0" />
                    <segment id="234173588" length="41" startTrkptIdx="2684" segmentTime="624.20" speed="9.72" turnType="" turnAngle="" types="213,161,61" pointTypes=";;;;32;32;32;;;32;;32;32;32;32;;;;;;;;;;;28;100;100;100;100;28;32;32;;;;;28;32;32;" names="0" />
                    <segment id="142868382" length="68" startTrkptIdx="2724" segmentTime="468.70" speed="9.72" turnType="TL" turnAngle="-89.93" types="213,161,7,221,61" pointTypes="98;18,19,101;;98;100;28;32;32;32;28;32;28;28;28;100;28;32;;;;;;;;;;32;;;;;;;;;;32;32;;;;;;;;;;;;;32;;;;;;;;;;32;;;;;;;" names="0,298,399,394,302,303,400,305,401" />
                    <segment id="31023631" length="2" startTrkptIdx="2791" segmentTime="10.43" speed="9.72" turnType="" turnAngle="" types="131,213,2,161,7,221,61" pointTypes="" names="0,298,399,394,302,303,400,305,401" />
                    <segment id="31023598" length="86" startTrkptIdx="2792" segmentTime="814.45" speed="9.54" turnType="" turnAngle="" types="213,161,7,221,61" pointTypes=";;;;;;;;28;32;;;;;;;;;;;;;;;;;;;;;;;;;;;;;;;;;;;;;;32;;;;;;;;;;;;;;;32;;;;;32;;;;;;;;;;32;32;32;32;;;;18,216" names="0,298,399,394,302,303,400,305,401" />
                    <segment id="246154007" length="28" startTrkptIdx="2877" segmentTime="226.96" speed="12.50" turnType="TL" turnAngle="-89.50" types="223,2,6,9" pointTypes=";;;32;32;32;32;;;;;;;;;;;;;;;;;;;;;" names="0" />
                    <segment id="246154007" length="2" startTrkptIdx="2904" segmentTime="7.82" speed="12.50" turnType="" turnAngle="" types="223,2,6,9" pointTypes=";" names="0" />
                    <segment id="246154007" length="2" startTrkptIdx="2906" segmentTime="7.82" speed="12.50" turnType="C" turnAngle="" types="223,2,6,9" pointTypes=";" names="0" />
                    <segment id="231158801" length="10" startTrkptIdx="2907" segmentTime="111.96" speed="5.56" turnType="TRU" turnAngle="174.14" types="224,225,226" pointTypes=";;;;;;;;;" names="0" />
                    <segment id="231158801" length="10" startTrkptIdx="2917" segmentTime="111.97" speed="5.56" turnType="C" turnAngle="" types="224,225,226" pointTypes=";;;;;;;;;" names="0" />
                    <segment id="246154007" length="28" startTrkptIdx="2926" segmentTime="226.96" speed="12.50" turnType="" turnAngle="" types="223,2,6,9" pointTypes=";;;;;;;;;;;;;;;;;;;;;32;32;32;32;;;" names="0" />
                    <segment id="31023598" length="2" startTrkptIdx="2953" segmentTime="0.43" speed="9.72" turnType="TR" turnAngle="89.50" types="213,161,7,221,61" pointTypes="18,216" names="0,298,399,394,302,303,400,305,401" />
                    <segment id="31023598" length="85" startTrkptIdx="2954" segmentTime="799.02" speed="9.72" turnType="" turnAngle="" types="213,161,7,221,61" pointTypes="18,216;;;;32;32;32;32;;;;;;;;;;32;;;;;32;;;;;;;;;;;;;;;32;;;;;;;;;;;;;;;;;;;;;;;;;;;;;;;;;;;;;;32;28;;;;;;;;" names="0,298,399,394,302,303,400,305,401" />
                    <segment id="31023631" length="2" startTrkptIdx="3038" segmentTime="10.43" speed="9.72" turnType="" turnAngle="" types="131,213,2,161,7,221,61" pointTypes="" names="0,298,399,394,302,303,400,305,401" />
                    <segment id="142868382" length="27" startTrkptIdx="3039" segmentTime="282.72" speed="9.72" turnType="" turnAngle="" types="213,161,7,221,61" pointTypes=";;;;;;;32;;;;;;;;;;32;;;;;;;;;" names="0,298,399,394,302,303,400,305,401" />
                    <segment id="142868382" length="42" startTrkptIdx="3065" segmentTime="195.98" speed="9.23" turnType="KL" turnAngle="-1.78" types="213,161,7,221,61" pointTypes=";;;;32;32;;;;;;;;;;32;;;;;;;;;;32;28;100;28;28;28;32;28;32;32;32;28;100;98;;18,19,101;98" names="0,298,399,394,302,303,400,305,401" />
                    <segment id="31024357" length="2" startTrkptIdx="3106" segmentTime="31.13" speed="9.72" turnType="TL" turnAngle="-84.97" types="213,161,61" pointTypes=";" names="0" />
                    <segment id="31024357" length="82" startTrkptIdx="3107" segmentTime="273.50" speed="9.72" turnType="" turnAngle="" types="213,161,61" pointTypes=";;32;32;;;;;;;;32;32;28;28;32;32;32;32;32;32;;;32;;;;;;32;28;;;;;;32;;;;32;32;28;32;32;;;;;32;101;;32;;;;;28;100;98;100;32;;;28;100;32;;32;28;;32;28;32;32;;;28;28;32;32;18,19" names="0" />
                    <segment id="1077592808" length="2" startTrkptIdx="3188" segmentTime="11.27" speed="1.09" turnType="" turnAngle="" types="213,68,161,61" pointTypes="18,19" names="0" />
                    <segment id="1077592809" length="2" startTrkptIdx="3189" segmentTime="1.29" speed="9.72" turnType="" turnAngle="" types="131,213,68,161,61" pointTypes="" names="0" />
                    <segment id="1077589317" length="39" startTrkptIdx="3190" segmentTime="236.10" speed="9.31" turnType="" turnAngle="" types="213,161,61" pointTypes=";;;;;;;;;;;;;32;;;;;;;;;;28;32;28;28;28;32;;;;;;32;28;18,19,32;" names="0" />
                    <segment id="1077589319" length="2" startTrkptIdx="3228" segmentTime="2.41" speed="9.72" turnType="" turnAngle="" types="131,213,68,161,61" pointTypes="" names="0" />
                    <segment id="1077589318" length="2" startTrkptIdx="3229" segmentTime="4.67" speed="9.72" turnType="" turnAngle="" types="213,68,161,61" pointTypes=";" names="0" />
                    <segment id="234174294" length="83" startTrkptIdx="3230" segmentTime="322.29" speed="9.72" turnType="" turnAngle="" types="213,161,61" pointTypes=";;32;32;32;32;32;;;;;;;28;98;100;28;32;;;;28;32;;32;32;32;;;;32;32;28;32;32;;;;;32;28;28;32;;;32;;;;;;32;32;;;;;;32;32;100;28;28;32;28;32;28;28;32;;;;;32;;;;32;;32;32;32;28" names="0" />
                    <segment id="234174295" length="53" startTrkptIdx="3312" segmentTime="151.08" speed="9.72" turnType="" turnAngle="" types="213,161,61" pointTypes=";32;;;;;;;;28;100;100;100;32;;;;;;32;28;;;;;;;;;;32;;;;100;;32;;32;32;32;32;32;;;;;;;;32" names="0" />
                    <segment id="244092247" length="43" startTrkptIdx="3364" segmentTime="165.97" speed="9.72" turnType="" turnAngle="" types="213,161,61" pointTypes=";;;;;;;;;;;;;;;;;;;;;;;;;;;;;;;;;;;;;;;;;28;100" names="0" />
                    <segment id="244092247" length="31" startTrkptIdx="3406" segmentTime="53.77" speed="9.72" turnType="" turnAngle="" types="213,161,61" pointTypes="100;28;32;;100;98;98;100;32;28;98;98;28;28;100;98;98;98;100;98;100;98;98;;;98;28;28;;32;28" names="0" />
                    <segment id="244092247" length="28" startTrkptIdx="3436" segmentTime="76.52" speed="9.72" turnType="" turnAngle="" types="213,161,61" pointTypes="28;98;;98;98;28;28;98;;;28;28;100;;101;;;;100;;;;;32;100;98;;" names="0" />
                    <segment id="244092254" length="2" startTrkptIdx="3463" segmentTime="4.33" speed="9.72" turnType="" turnAngle="" types="131,213,9" pointTypes="" names="0" />
                    <segment id="244092251" length="9" startTrkptIdx="3464" segmentTime="13.37" speed="9.72" turnType="" turnAngle="" types="213,9" pointTypes=";;;;32;98;;98;28" names="0" />
                    <segment id="244092252" length="13" startTrkptIdx="3472" segmentTime="23.91" speed="9.72" turnType="" turnAngle="" types="213,227,228" pointTypes=";32;32;100;98;100;28;32;100;100;32;;" names="0" />
                    <segment id="244092252" length="13" startTrkptIdx="3485" segmentTime="23.91" speed="9.72" turnType="C" turnAngle="" types="213,227,228" pointTypes=";;32;100;100;32;28;100;98;100;32;32;" names="0" />
                    <segment id="244092251" length="9" startTrkptIdx="3497" segmentTime="13.37" speed="9.72" turnType="C" turnAngle="-8.09" types="213,9" pointTypes="28;98;;98;32;;;;" names="0" />
                    <segment id="244092254" length="2" startTrkptIdx="3505" segmentTime="4.33" speed="9.72" turnType="" turnAngle="" types="131,213,9" pointTypes="" names="0" />
                    <segment id="244092247" length="100" startTrkptIdx="3506" segmentTime="296.26" speed="9.72" turnType="" turnAngle="" types="213,161,61" pointTypes=";;98;100;32;;;;;100;;;;101;;100;28;28;;;98;28;28;98;98;;98;28;32;;28;28;98;;;98;98;100;98;100;98;98;98;100;28;28;98;98;28;32;100;98;98;100;;32;28;100;28;;;;;;;;;;;;;;;;;;;;;;;;;;;;;;;;;;;;;;;;;" names="0" />
                    <segment id="234174295" length="53" startTrkptIdx="3605" segmentTime="151.08" speed="9.72" turnType="" turnAngle="" types="213,161,61" pointTypes="32;;;;;;;;32;32;32;32;32;;32;;100;;;;32;;;;;;;;;;28;32;;;;;;32;100;100;100;28;;;;;;;;32;" names="0" />
                    <segment id="234174294" length="83" startTrkptIdx="3657" segmentTime="322.29" speed="9.72" turnType="" turnAngle="" types="213,161,61" pointTypes="28;32;32;32;;32;;;;32;;;;;32;28;28;32;28;32;28;28;100;32;32;;;;;;32;32;;;;;;32;;;32;28;28;32;;;;;32;32;28;32;32;;;;32;32;32;;32;28;;;;32;28;100;98;28;;;;;;;32;32;32;32;32;;" names="0" />
                    <segment id="1077589318" length="2" startTrkptIdx="3739" segmentTime="4.67" speed="9.72" turnType="" turnAngle="" types="213,68,161,61" pointTypes=";" names="0" />
                    <segment id="1077589319" length="2" startTrkptIdx="3740" segmentTime="2.41" speed="9.72" turnType="" turnAngle="" types="131,213,68,161,61" pointTypes="" names="0" />
                    <segment id="1077589317" length="39" startTrkptIdx="3741" segmentTime="226.10" speed="9.72" turnType="" turnAngle="" types="213,161,61" pointTypes=";18,19,32;28;32;;;;;;32;28;28;28;32;28;;;;;;;;;;32;;;;;;;;;;;;;" names="0" />
                    <segment id="1077592809" length="2" startTrkptIdx="3779" segmentTime="1.29" speed="9.72" turnType="" turnAngle="" types="131,213,68,161,61" pointTypes="" names="0" />
                    <segment id="1077592808" length="2" startTrkptIdx="3780" segmentTime="1.27" speed="9.72" turnType="" turnAngle="" types="213,68,161,61" pointTypes="18,19" names="0" />
                    <segment id="31024357" length="83" startTrkptIdx="3781" segmentTime="304.62" speed="9.72" turnType="" turnAngle="" types="213,161,61" pointTypes="18,19;32;32;28;28;;;32;32;28;32;;28;32;;32;100;28;;;32;100;98;100;28;;;;;32;;101;32;;;;;32;32;28;32;32;;;;32;;;;;;28;32;;;;;;32;;;32;32;32;32;32;32;28;28;32;32;;;;;;;;32;32;;;" names="0" />
                    <segment id="142868382" length="68" startTrkptIdx="3863" segmentTime="468.70" speed="9.72" turnType="TR" turnAngle="84.97" types="213,161,7,221,61" pointTypes="98;18,19,101;;98;100;28;32;32;32;28;32;28;28;28;100;28;32;;;;;;;;;;32;;;;;;;;;;32;32;;;;;;;;;;;;;32;;;;;;;;;;32;;;;;;;" names="0,298,399,394,302,303,400,305,401" />
                    <segment id="31023631" length="2" startTrkptIdx="3930" segmentTime="10.43" speed="9.72" turnType="" turnAngle="" types="131,213,2,161,7,221,61" pointTypes="" names="0,298,399,394,302,303,400,305,401" />
                    <segment id="31023598" length="86" startTrkptIdx="3931" segmentTime="814.45" speed="9.54" turnType="" turnAngle="" types="213,161,7,221,61" pointTypes=";;;;;;;;28;32;;;;;;;;;;;;;;;;;;;;;;;;;;;;;;;;;;;;;;32;;;;;;;;;;;;;;;32;;;;;32;;;;;;;;;;32;32;32;32;;;;18,216" names="0,298,399,394,302,303,400,305,401" />
                    <segment id="31025463" length="15" startTrkptIdx="4016" segmentTime="31.89" speed="12.50" turnType="TR" turnAngle="90.47" types="223,2,6,7,221,9" pointTypes=";;31,32;27,28;27,28;31,32;;;;27,28;27,28;27,28;;;" names="0,298,399,394,302,303,400,305,401" />
                    <segment id="31889084" length="2" startTrkptIdx="4030" segmentTime="8.72" speed="12.50" turnType="" turnAngle="" types="131,223,2,229,230,6,7,221,9" pointTypes="" names="0,298,399,394,302,303,400,305,401" />
                    <segment id="1533737633" length="13" startTrkptIdx="4031" segmentTime="6.79" speed="9.72" turnType="" turnAngle="" types="223,2,127,207,6,7,221,9" pointTypes="31,32;;;;;;;;;;;;" names="0,298,399,394,302,303,400,305,401" />
                    <segment id="1533737634" length="4" startTrkptIdx="4043" segmentTime="9.21" speed="26.07" turnType="" turnAngle="" types="223,2,127,6,7,221,9" pointTypes=";;;" names="0,298,399,394,302,303,400,305,401" />
                    <segment id="1533737635" length="14" startTrkptIdx="4046" segmentTime="8.40" speed="15.24" turnType="" turnAngle="" types="223,2,127,231,6,7,221,9" pointTypes="" names="0,298,399,394,302,303,400,305,401" />
                    <segment id="31889082" length="21" startTrkptIdx="4059" segmentTime="81.41" speed="22.87" turnType="" turnAngle="" types="223,2,127,6,7,221,9" pointTypes=";;;31,32;31,32;31,32;142,100;31,32;31,32;27,28;27,28;31,32;27,28;31,32;;31,32;27,28;27,28;38,19;" names="0,298,399,394,302,303,400,305,401" />
                    <segment id="854354866" length="2" startTrkptIdx="4079" segmentTime="0.13" speed="26.07" turnType="TR" turnAngle="84.51" types="223,2,127,6,9" pointTypes="10,11;" names="0" />
                    <segment id="854354866" length="2" startTrkptIdx="4080" segmentTime="0.13" speed="26.07" turnType="C" turnAngle="" types="223,2,127,6,9" pointTypes=";10,11" names="0" />
                    <segment id="1087478003" length="10" startTrkptIdx="4082" segmentTime="36.27" speed="26.07" turnType="" turnAngle="" types="223,127,6,7,221,9" pointTypes=";;;;31,32;142,100;142,100;142,100;27,28;31,32" names="0,298,399,394,302,303,400,305,401" />
                    <segment id="1087478002" length="2" startTrkptIdx="4091" segmentTime="0.40" speed="26.07" turnType="" turnAngle="" types="131,223,127,161,7,221,61" pointTypes="" names="0,298,399,394,302,303,400,305,401" />
                    <segment id="246154006" length="128" startTrkptIdx="4092" segmentTime="431.13" speed="26.07" turnType="" turnAngle="" types="223,127,161,7,221,61" pointTypes=";;10,89;;;31,32;31,32;;10,11;31,32;10,11;;;31,32;10,11;10,11;31,32;;;;10,11;31,32;27,28;31,32;31,32;10,11;10,89;;10,11;10,119;10,119;10,119;10,11;31,32;27,28;27,28;142,100;141,98;141,98;142,100;142,100;157,158;154,101;142,100;142,100;27,28;27,28;;10,11;10,89;31,32;31,32;31,32;31,32;31,32;;10,89;10,150;;31,32;31,32;27,28;31,32;27,28;;;27,28;27,28;10,11;10,89;10,89;10,89;10,11;10,11;;;;27,28;27,28;142,100;141,98;142,100;142,100;142,100;142,100;142,100;142,100;;10,11;31,32;31,32;27,28;27,28;;31,32;;10,11;;;27,28;;31,32;;;;;;;;;;;;;10,11;;10,11;;31,32;31,32;;;10,11;;10,11;;10,11;" names="0,298,399,394,302,303,400,305,401" />
                    <segment id="1074384675" length="2" startTrkptIdx="4219" segmentTime="0.94" speed="26.07" turnType="" turnAngle="" types="131,223,2,127,161,7,221,61" pointTypes="" names="0,298,399,394,302,303,400,305,401" />
                    <segment id="1074384674" length="12" startTrkptIdx="4220" segmentTime="167.33" speed="26.07" turnType="" turnAngle="" types="223,127,161,7,221,61" pointTypes=";;;;;;;;;;" names="0,298,399,394,302,303,400,305,401" />
                    <segment id="1533737616" length="2" startTrkptIdx="4231" segmentTime="3.28" speed="26.07" turnType="" turnAngle="" types="223,127,161,196,7,221,61" pointTypes=";" names="0,298,399,394,302,303,400,305,401" />
                    <segment id="1533737615" length="2" startTrkptIdx="4232" segmentTime="0.78" speed="26.07" turnType="C" turnAngle="0.20" types="223,127,161,192,7,221,61" pointTypes="" names="0,298,399,394,302,303,400,305,401" />
                    <segment id="1533737614" length="3" startTrkptIdx="4233" segmentTime="8.80" speed="26.07" turnType="" turnAngle="" types="223,127,161,7,221,61" pointTypes=";" names="0,298,399,394,302,303,400,305,401" />
                    <segment id="834229518" length="3" startTrkptIdx="4235" segmentTime="30.55" speed="12.50" turnType="" turnAngle="" types="12,223,6,7,221,9" pointTypes=";31,32;" names="0,298,399,394,302,303,400,305,401" />
                    <segment id="834229519" length="3" startTrkptIdx="4237" segmentTime="43.70" speed="12.50" turnType="" turnAngle="" types="12,223,232,6,7,221,9" pointTypes=";;" names="0,298,399,394,302,303,400,305,401" />
                    <segment id="1411693480" length="4" startTrkptIdx="4239" segmentTime="5.93" speed="12.50" turnType="" turnAngle="" types="12,223,6,7,221,9" pointTypes="32;;" names="0,298,399,394,302,303,400,305,401" />
                    <segment id="1411693479" length="2" startTrkptIdx="4242" segmentTime="2.17" speed="12.50" turnType="" turnAngle="" types="12,223,6,7,221,9" pointTypes="" names="0,298,399,394,302,303,400,305,401" />
                    <segment id="1411693478" length="2" startTrkptIdx="4243" segmentTime="8.93" speed="12.50" turnType="" turnAngle="" types="12,223,6,7,221,9" pointTypes=";" names="0,298,399,394,302,303,400,305,401" />
                    <segment id="1411693477" length="2" startTrkptIdx="4244" segmentTime="8.48" speed="12.50" turnType="" turnAngle="" types="12,223,6,7,221,9" pointTypes="32;" names="0,298,399,394,302,303,400,305,401" />
                    <segment id="1411693476" length="3" startTrkptIdx="4245" segmentTime="2.91" speed="12.50" turnType="" turnAngle="" types="12,223,6,7,221,9" pointTypes="" names="0,298,399,394,302,303,400,305,401" />
                    <segment id="1411693475" length="2" startTrkptIdx="4247" segmentTime="5.89" speed="12.50" turnType="" turnAngle="" types="12,223,6,7,221,9" pointTypes="" names="0,298,399,394,302,303,400,305,401" />
                    <segment id="1411693474" length="7" startTrkptIdx="4248" segmentTime="7.99" speed="12.50" turnType="" turnAngle="" types="12,223,233,234,6,7,221,9" pointTypes=";" names="0,298,399,394,302,303,400,305,401" />
                    <segment id="1411693473" length="2" startTrkptIdx="4254" segmentTime="9.33" speed="12.50" turnType="" turnAngle="" types="12,223,5,6,7,221,9" pointTypes=";" names="0,298,399,394,302,303,400,305,401" />
                    <segment id="1411693472" length="3" startTrkptIdx="4255" segmentTime="14.33" speed="8.14" turnType="" turnAngle="" types="12,223,6,7,221,9" pointTypes="28;40,16,32,39;" names="0,298,399,394,302,303,400,305,401" />
                    <segment id="30124770" length="3" startTrkptIdx="4257" segmentTime="5.92" speed="12.50" turnType="" turnAngle="" types="12,223,6,7,221,9" pointTypes="" names="0,298,399,394,302,303,400,305,401" />
                    <segment id="1074644191" length="6" startTrkptIdx="4259" segmentTime="7.65" speed="4.33" turnType="" turnAngle="" types="12,223,62,6,7,221,9" pointTypes=";;16,39;;38,19" names="0,298,399,394,302,303,400,305,401" />
                    <segment id="1411693520" length="4" startTrkptIdx="4264" segmentTime="2.37" speed="12.50" turnType="RNLB5" turnAngle="-179.47" types="223,62,6,7,221,9,21" pointTypes="" names="329,0,298,399,394,302,303,400,305,401,402,403,404,405,406,407,408,409,410" />
                    <segment id="30124791" length="4" startTrkptIdx="4267" segmentTime="2.33" speed="12.50" turnType="" turnAngle="" types="223,62,6,7,221,9,21" pointTypes="" names="329,0,298,399,394,302,303,400,305,401,402,403,404,405,406,407,408,409,410" />
                    <segment id="984802427" length="3" startTrkptIdx="4270" segmentTime="7.11" speed="3.71" turnType="" turnAngle="" types="223,62,6,7,221,9,21" pointTypes=";40,16,39" names="329,0,298,399,394,302,303,400,305,401" />
                    <segment id="591536882" length="4" startTrkptIdx="4272" segmentTime="2.36" speed="12.50" turnType="" turnAngle="" types="223,62,6,7,221,9,21" pointTypes=";;;" names="329,0,298,399,394,302,303,400,305,401" />
                    <segment id="1411693524" length="4" startTrkptIdx="4275" segmentTime="2.44" speed="12.50" turnType="" turnAngle="" types="223,62,5,6,7,221,9,21" pointTypes=";;" names="329,0,298,399,394,302,303,400,305,401" />
                    <segment id="1411693525" length="3" startTrkptIdx="4278" segmentTime="6.50" speed="2.89" turnType="" turnAngle="" types="223,62,6,7,221,9,21" pointTypes=";40,16,39" names="329,0,298,399,394,302,303,400,305,401" />
                    <segment id="1411693523" length="2" startTrkptIdx="4280" segmentTime="0.34" speed="12.50" turnType="" turnAngle="" types="223,62,6,7,221,9,21" pointTypes="" names="329,0,298,399,394,302,303,400,305,401" />
                    <segment id="1411693523" length="4" startTrkptIdx="4281" segmentTime="2.31" speed="12.50" turnType="C" turnAngle="" types="223,62,6,7,221,9,21" pointTypes="" names="329,0,298,399,394,302,303,400,305,401" />
                    <segment id="1411693523" length="4" startTrkptIdx="4285" segmentTime="2.31" speed="12.50" turnType="C" turnAngle="" types="223,62,6,7,221,9,21" pointTypes="" names="329,0,298,399,394,302,303,400,305,401" />
                    <segment id="1411693521" length="4" startTrkptIdx="4288" segmentTime="2.09" speed="12.50" turnType="" turnAngle="" types="223,62,6,7,221,9,21" pointTypes=";;32;32" names="329,0,298,399,394,302,303,400,305,401" />
                    <segment id="1411693522" length="3" startTrkptIdx="4291" segmentTime="7.43" speed="4.09" turnType="" turnAngle="" types="223,62,6,7,221,9,21" pointTypes=";40,16,32,39" names="329,0,298,399,394,302,303,400,305,401" />
                    <segment id="591536880" length="4" startTrkptIdx="4293" segmentTime="2.32" speed="12.50" turnType="" turnAngle="" types="223,62,6,7,221,9,21" pointTypes="" names="329,0,298,393,394,395,303,396,305,397,398" />
                    <segment id="1411693518" length="5" startTrkptIdx="4296" segmentTime="2.12" speed="12.50" turnType="" turnAngle="" types="223,62,6,7,221,9,21" pointTypes="" names="329,0,298,393,394,395,303,396,305,397,398" />
                    <segment id="1074644192" length="6" startTrkptIdx="4300" segmentTime="7.38" speed="4.03" turnType="" turnAngle="" types="12,223,62,6,7,221,9" pointTypes=";;;16,39" names="0,298,399,394,302,303,400,305,401" />
                    <segment id="30124770" length="3" startTrkptIdx="4305" segmentTime="5.92" speed="12.50" turnType="" turnAngle="" types="12,223,6,7,221,9" pointTypes="" names="0,298,399,394,302,303,400,305,401" />
                    <segment id="1411693472" length="3" startTrkptIdx="4307" segmentTime="14.33" speed="8.14" turnType="" turnAngle="" types="12,223,6,7,221,9" pointTypes=";40,16,32,39;28" names="0,298,399,394,302,303,400,305,401" />
                    <segment id="1411693473" length="2" startTrkptIdx="4309" segmentTime="9.33" speed="12.50" turnType="" turnAngle="" types="12,223,5,6,7,221,9" pointTypes=";" names="0,298,399,394,302,303,400,305,401" />
                    <segment id="1411693474" length="7" startTrkptIdx="4310" segmentTime="7.99" speed="12.50" turnType="" turnAngle="" types="12,223,233,234,6,7,221,9" pointTypes=";" names="0,298,399,394,302,303,400,305,401" />
                    <segment id="1411693475" length="2" startTrkptIdx="4316" segmentTime="5.89" speed="12.50" turnType="" turnAngle="" types="12,223,6,7,221,9" pointTypes="" names="0,298,399,394,302,303,400,305,401" />
                    <segment id="1411693476" length="3" startTrkptIdx="4317" segmentTime="2.91" speed="12.50" turnType="" turnAngle="" types="12,223,6,7,221,9" pointTypes="" names="0,298,399,394,302,303,400,305,401" />
                    <segment id="1411693477" length="2" startTrkptIdx="4319" segmentTime="8.48" speed="12.50" turnType="" turnAngle="" types="12,223,6,7,221,9" pointTypes=";32" names="0,298,399,394,302,303,400,305,401" />
                    <segment id="1411693478" length="2" startTrkptIdx="4320" segmentTime="8.93" speed="12.50" turnType="" turnAngle="" types="12,223,6,7,221,9" pointTypes=";" names="0,298,399,394,302,303,400,305,401" />
                    <segment id="1411693479" length="2" startTrkptIdx="4321" segmentTime="2.17" speed="12.50" turnType="" turnAngle="" types="12,223,6,7,221,9" pointTypes="" names="0,298,399,394,302,303,400,305,401" />
                    <segment id="1411693480" length="4" startTrkptIdx="4322" segmentTime="5.93" speed="12.50" turnType="" turnAngle="" types="12,223,6,7,221,9" pointTypes=";;32" names="0,298,399,394,302,303,400,305,401" />
                    <segment id="834229519" length="3" startTrkptIdx="4325" segmentTime="43.70" speed="12.50" turnType="" turnAngle="" types="12,223,232,6,7,221,9" pointTypes=";;" names="0,298,399,394,302,303,400,305,401" />
                    <segment id="834229518" length="3" startTrkptIdx="4327" segmentTime="30.55" speed="12.50" turnType="" turnAngle="" types="12,223,6,7,221,9" pointTypes=";31,32;" names="0,298,399,394,302,303,400,305,401" />
                    <segment id="30156844" length="39" startTrkptIdx="4329" segmentTime="809.21" speed="9.72" turnType="TL" turnAngle="-76.74" types="213,161,61" pointTypes=";38,19;;;;;;;;;;;;32;;;;;;;;;32;98;98;98;;100;100;28;100;100;28;28;;;;;" names="0" />
                    <segment id="30156781" length="41" startTrkptIdx="4367" segmentTime="158.09" speed="9.72" turnType="" turnAngle="" types="213,161,61" pointTypes=";32;;;;32;28;100;100;100;100;28;;100;28;100;28;28;28;28;32;;28;100;98;101;;;;;;;;101;;100;28;;;;18,19,28" names="0" />
                    <segment id="1074349212" length="3" startTrkptIdx="4407" segmentTime="12.22" speed="1.77" turnType="" turnAngle="" types="213,68,161,61" pointTypes="18,19;28" names="0" />
                    <segment id="30156782" length="7" startTrkptIdx="4409" segmentTime="7.37" speed="9.72" turnType="" turnAngle="" types="131,213,68,222,161,61" pointTypes="" names="0" />
                    <segment id="1074349213" length="3" startTrkptIdx="4415" segmentTime="2.21" speed="9.72" turnType="" turnAngle="" types="213,68,161,61" pointTypes=";;" names="0" />
                    <segment id="30156785" length="31" startTrkptIdx="4417" segmentTime="197.91" speed="9.72" turnType="" turnAngle="" types="213,161,61" pointTypes=";;;;;;;;;32;;;;;;;;;28;;;;;;;28;;;32;32;28" names="0" />
                    <segment id="30156785" length="86" startTrkptIdx="4447" segmentTime="670.78" speed="9.72" turnType="" turnAngle="" types="213,161,61" pointTypes="28;;;;;32;;;32;;;;28;;28;28;100;100;32;32;;;;;28;;;;;;;;;;;;;;32;;;;;;;;28;;;;;;28;32;;;;;;;;;;;;;;;;;;;;;100;;;;;;;;;;;" names="0" />
                    <segment id="30156785" length="15" startTrkptIdx="4532" segmentTime="97.98" speed="9.72" turnType="" turnAngle="" types="213,161,61" pointTypes=";;;32;;;;;98;100;32;;;98;" names="0" />
                    <segment id="30156789" length="24" startTrkptIdx="4546" segmentTime="91.22" speed="9.72" turnType="" turnAngle="" types="213,161,61" pointTypes=";;;100;98;;;;32;28;32;98;98;28;28;32;;;;;32;;98;100" names="0" />
                    <segment id="30156789" length="75" startTrkptIdx="4569" segmentTime="428.95" speed="9.72" turnType="" turnAngle="" types="213,161,61" pointTypes="100;100;28;32;;;100;28;32;100;;28;100;98;;;;;;;;28;;;;;;100;;;;98;28;32;;32;;;100;28;32;100;100;98;32;32;100;100;28;;32;32;32;32;32;;;;32;32;32;28;100;32;;;;32;;;;;;28;32" names="0" />
                    <segment id="30156789" length="10" startTrkptIdx="4643" segmentTime="38.89" speed="9.72" turnType="" turnAngle="" types="213,161,61" pointTypes="32;100;28;100;28;;;;;18,19,32" names="0" />
                    <segment id="1132345329" length="2" startTrkptIdx="4652" segmentTime="12.40" speed="1.88" turnType="" turnAngle="" types="213,68,222,161,61" pointTypes="18,19;" names="0" />
                    <segment id="307140786" length="2" startTrkptIdx="4653" segmentTime="3.91" speed="9.72" turnType="" turnAngle="" types="131,213,68,222,161,61" pointTypes="" names="0,411" />
                    <segment id="1132345328" length="3" startTrkptIdx="4654" segmentTime="1.18" speed="9.72" turnType="" turnAngle="" types="213,68,222,161,61" pointTypes=";;28" names="0" />
                    <segment id="1132345331" length="9" startTrkptIdx="4656" segmentTime="3.40" speed="12.50" turnType="" turnAngle="" types="213,211,161,61" pointTypes=";28;28;28;;;;;" names="0" />
                    <segment id="307140784" length="65" startTrkptIdx="4664" segmentTime="130.86" speed="9.72" turnType="" turnAngle="" types="213,161,61" pointTypes=";;;;;;;;;;;;100;28;28;98;100;28;28;28;28;;;;;;;;;32;32;;;32;100;;;;;;;;;32;;;;28;28;100;28;;;28;28;28;28;32;32;;32;28;32;;18,19" names="0" />
                    <segment id="1078336800" length="2" startTrkptIdx="4728" segmentTime="12.66" speed="2.04" turnType="" turnAngle="" types="213,68,222,161,61" pointTypes="18,19;" names="0" />
                    <segment id="307140785" length="2" startTrkptIdx="4729" segmentTime="4.42" speed="9.72" turnType="" turnAngle="" types="131,213,68,222,161,61" pointTypes="" names="0,412" />
                    <segment id="1078336801" length="2" startTrkptIdx="4730" segmentTime="1.53" speed="9.72" turnType="" turnAngle="" types="213,68,222,161,61" pointTypes=";" names="0" />
                    <segment id="307140783" length="40" startTrkptIdx="4731" segmentTime="65.77" speed="9.72" turnType="" turnAngle="" types="213,161,61" pointTypes=";;;;;;32;;;;;28;32;28;28;100;100;32;;;;;;;;;;;;;;;28;28;;;;;;18,19" names="0" />
                    <segment id="1078336803" length="4" startTrkptIdx="4770" segmentTime="12.15" speed="1.72" turnType="" turnAngle="" types="213,68,222,161,61" pointTypes="18,19;;;" names="0" />
                    <segment id="307140787" length="2" startTrkptIdx="4773" segmentTime="3.76" speed="9.72" turnType="" turnAngle="" types="131,213,68,222,161,61" pointTypes="" names="0,413" />
                    <segment id="1078336802" length="2" startTrkptIdx="4774" segmentTime="1.60" speed="9.72" turnType="" turnAngle="" types="213,68,222,161,61" pointTypes="" names="0" />
                    <segment id="307140788" length="83" startTrkptIdx="4775" segmentTime="229.91" speed="9.72" turnType="" turnAngle="" types="213,161,61" pointTypes=";;;;;;;;32;;28;;;;;;;;32;;;;32;;;;;;;32;28;28;32;32;32;;28;32;;;32;32;28;100;28;28;32;;;;;;;;28;;;;;;32;28;100;32;;;;32;;;32;28;100;28;32;32;32;32;28;28;32;32;18,19,32" names="0" />
                    <segment id="1078336805" length="2" startTrkptIdx="4857" segmentTime="12.87" speed="2.17" turnType="" turnAngle="" types="213,68,222,161,61" pointTypes="18,19;32" names="0" />
                    <segment id="307137404" length="2" startTrkptIdx="4858" segmentTime="7.22" speed="9.72" turnType="" turnAngle="" types="131,213,68,222,161,61" pointTypes="" names="0" />
                    <segment id="1078336804" length="2" startTrkptIdx="4859" segmentTime="2.18" speed="9.72" turnType="" turnAngle="" types="235,68,222,161,61" pointTypes="" names="0" />
                    <segment id="307137403" length="26" startTrkptIdx="4860" segmentTime="59.15" speed="9.72" turnType="" turnAngle="" types="235,161,61" pointTypes=";32;28;28;28;28;32;;;32;;;;;;;;;;;;;;;;" names="0" />
                    <segment id="307137403" length="18" startTrkptIdx="4885" segmentTime="32.98" speed="9.72" turnType="" turnAngle="" types="235,161,61" pointTypes=";28;;;;;;;;;;;;;;;;18,19" names="0" />
                    <segment id="1078336806" length="3" startTrkptIdx="4902" segmentTime="12.05" speed="1.65" turnType="" turnAngle="" types="235,68,222,161,61" pointTypes="18,19;;" names="0" />
                    <segment id="30156909" length="2" startTrkptIdx="4904" segmentTime="3.86" speed="9.72" turnType="" turnAngle="" types="131,235,68,222,161,61" pointTypes="" names="0" />
                    <segment id="1078336809" length="2" startTrkptIdx="4905" segmentTime="1.85" speed="9.72" turnType="" turnAngle="" types="235,68,222,161,61" pointTypes=";" names="0" />
                    <segment id="30156908" length="3" startTrkptIdx="4906" segmentTime="1.92" speed="9.72" turnType="" turnAngle="" types="235,161,61" pointTypes=";;" names="0" />
                    <segment id="673607466" length="73" startTrkptIdx="4908" segmentTime="72.76" speed="26.07" turnType="TL" turnAngle="-90.36" types="65,0,213,127,4,161,61" pointTypes=";;;98;100;;;;;;32;;;;;28;28;;;;;;;;;;;;;;32;;;;;;28;32;32;32;28;;;;;;;;;;;;;;32;28;28;32;;;32;32;;;;;;;;;;;38,19" names="0" />
                    <segment id="1078336812" length="2" startTrkptIdx="4980" segmentTime="10.63" speed="1.55" turnType="" turnAngle="" types="65,0,213,68,127,222,161,61" pointTypes="38,19;" names="0" />
                    <segment id="673607467" length="2" startTrkptIdx="4981" segmentTime="3.30" speed="26.07" turnType="" turnAngle="" types="65,131,0,213,68,127,222,161,61" pointTypes="" names="0,414" />
                    <segment id="1132345333" length="2" startTrkptIdx="4982" segmentTime="0.62" speed="26.07" turnType="" turnAngle="" types="65,0,213,68,127,222,161,61" pointTypes="28;" names="0" />
                    <segment id="307137398" length="6" startTrkptIdx="4983" segmentTime="9.83" speed="26.07" turnType="" turnAngle="" types="65,0,213,127,4,161,61" pointTypes=";32;;;;" names="0" />
                    <segment id="307137398" length="7" startTrkptIdx="4988" segmentTime="11.25" speed="26.07" turnType="" turnAngle="" types="65,0,213,127,4,161,61" pointTypes=";;;;;;38,19" names="0" />
                    <segment id="1078336816" length="2" startTrkptIdx="4994" segmentTime="10.82" speed="1.98" turnType="" turnAngle="" types="65,0,213,68,127,222,161,61" pointTypes="38,19;" names="0" />
                    <segment id="307137400" length="2" startTrkptIdx="4995" segmentTime="2.79" speed="26.07" turnType="" turnAngle="" types="65,131,0,213,68,127,222,236,228" pointTypes="" names="0" />
                    <segment id="1078336815" length="2" startTrkptIdx="4996" segmentTime="1.04" speed="26.07" turnType="" turnAngle="" types="65,0,213,68,127,222,161,61" pointTypes="32;" names="0" />
                    <segment id="307137397" length="48" startTrkptIdx="4997" segmentTime="47.21" speed="26.07" turnType="" turnAngle="" types="65,0,213,127,4,161,61" pointTypes="32;32;32;32;32;28;100;28;32;32;;;;;;;;32;;;;28;;;;;;;;;;;;;;;;;;;;;;;;;;38,19" names="0" />
                    <segment id="1078336817" length="2" startTrkptIdx="5044" segmentTime="10.87" speed="2.09" turnType="" turnAngle="" types="65,0,213,68,127,222,161,61" pointTypes="38,19;" names="0" />
                    <segment id="307137399" length="2" startTrkptIdx="5045" segmentTime="2.67" speed="26.07" turnType="" turnAngle="" types="65,131,0,213,68,127,222,161,61" pointTypes="" names="0,415" />
                    <segment id="1078336818" length="2" startTrkptIdx="5046" segmentTime="0.54" speed="26.07" turnType="" turnAngle="" types="65,0,213,68,127,222,236,228" pointTypes="" names="0" />
                    <segment id="1078361699" length="16" startTrkptIdx="5047" segmentTime="64.54" speed="26.07" turnType="" turnAngle="" types="65,0,213,127,4,236,228" pointTypes=";32;28;;;;;;;32;;;;;" names="0" />
                    <segment id="1078361700" length="2" startTrkptIdx="5062" segmentTime="0.92" speed="26.07" turnType="" turnAngle="" types="65,131,0,213,127,4,236,228" pointTypes="" names="0" />
                    <segment id="224934331" length="121" startTrkptIdx="5063" segmentTime="204.53" speed="22.89" turnType="" turnAngle="" types="65,0,213,127,4,237,238" pointTypes="101;101;;;;;28;;;;32;28;100;;;;32;;;;32;;;;;;28;32;28;32;;;28;;;28;;;;;;;239;;;;;;;;;;;;;28;98;101;;;98;100;;;32;28;28;32;32;;;28;32;28;;;;;32;;;;32;98;28;;;;;100;32;28;100;28;;;;;32;;32;;28;32;;;;;;;100;28;32;;;32;32;28;100;32;" names="0" />
                    <segment id="224934331" length="86" startTrkptIdx="5183" segmentTime="105.71" speed="26.07" turnType="" turnAngle="" types="65,0,213,127,4,237,238" pointTypes=";;;;100;28;;;100;;;;;;;28;32;100;;100;;;;32;;;;;;32;;32;28;28;32;32;;;;;28;32;32;100;;;;;;;;100;;100;32;;;;;;;;;;;;;;;;;;;;;;;;;;;;28;28;28;" names="0" />
                    <segment id="307137395" length="7" startTrkptIdx="5268" segmentTime="1.79" speed="26.07" turnType="TR" turnAngle="73.65" types="65,0,213,127,237,238" pointTypes=";28;98;98;98;98;" names="0" />
                    <segment id="1214454523" length="3" startTrkptIdx="5274" segmentTime="0.56" speed="26.07" turnType="" turnAngle="" types="65,0,213,68,127,222,237,238" pointTypes=";98;100" names="0" />
                    <segment id="307137394" length="2" startTrkptIdx="5276" segmentTime="2.64" speed="26.07" turnType="" turnAngle="" types="65,131,0,213,68,127,222,60,61" pointTypes="" names="0" />
                    <segment id="1214454522" length="2" startTrkptIdx="5277" segmentTime="0.49" speed="26.07" turnType="" turnAngle="" types="65,0,213,68,127,222,237,238" pointTypes="" names="0" />
                    <segment id="307137396" length="35" startTrkptIdx="5278" segmentTime="53.96" speed="26.07" turnType="" turnAngle="" types="65,0,213,127,237,238" pointTypes=";;10,11;;10,11;10,11;;31,32;10,11;;;10,11;;10,11;10,119;;10,11;10,89;;31,32;31,32;;31,32;;;;;27,28;27,28;27,28;;31,32;;;" names="0" />
                    <segment id="307137396" length="9" startTrkptIdx="5312" segmentTime="6.03" speed="26.07" turnType="C" turnAngle="" types="65,0,213,127,237,238" pointTypes=";;;31,32;;27,28;27,28;27,28;" names="0" />
                    <segment id="307137396" length="9" startTrkptIdx="5320" segmentTime="6.03" speed="26.07" turnType="C" turnAngle="" types="65,0,213,127,237,238" pointTypes=";;;31,32;;27,28;27,28;27,28;" names="0" />
                    <segment id="307137396" length="27" startTrkptIdx="5328" segmentTime="47.93" speed="26.07" turnType="" turnAngle="" types="65,0,213,127,237,238" pointTypes=";;;;31,32;;31,32;31,32;;10,89;10,11;;10,119;10,11;;10,11;;;10,11;31,32;;10,11;10,11;;10,11;;" names="0" />
                    <segment id="1214454522" length="2" startTrkptIdx="5354" segmentTime="0.49" speed="26.07" turnType="" turnAngle="" types="65,0,213,68,127,222,237,238" pointTypes="" names="0" />
                    <segment id="307137394" length="2" startTrkptIdx="5355" segmentTime="2.64" speed="26.07" turnType="" turnAngle="" types="65,131,0,213,68,127,222,60,61" pointTypes="" names="0" />
                    <segment id="1214454523" length="3" startTrkptIdx="5356" segmentTime="0.56" speed="26.07" turnType="" turnAngle="" types="65,0,213,68,127,222,237,238" pointTypes="100;98;" names="0" />
                    <segment id="307137395" length="7" startTrkptIdx="5358" segmentTime="1.79" speed="26.07" turnType="" turnAngle="" types="65,0,213,127,237,238" pointTypes=";98;98;98;98;28;" names="0" />
                    <segment id="224934331" length="206" startTrkptIdx="5364" segmentTime="310.24" speed="23.97" turnType="TL" turnAngle="-73.65" types="65,0,213,127,4,237,238" pointTypes=";28;28;28;;;;;;;;;;;;;;;;;;;;;;;;;;;;32;100;;100;;;;;;;;100;32;32;28;;;;;32;32;28;28;32;;32;;;;;;32;;;;100;;100;32;28;;;;;;;100;;;28;100;;;;;32;100;28;32;32;;;32;28;100;;;;;;;32;28;;32;;32;;;;;28;100;28;32;100;;;;;28;98;32;;;;32;;;;;28;32;28;;;32;32;28;28;32;;;100;98;;;101;98;28;;;;;;;;;;;;;239;;;;;;;28;;;28;;;32;28;32;28;;;;;;32;;;;32;;;;100;28;32;;;;28;;;;;101;101" names="0" />
                    <segment id="1078361700" length="2" startTrkptIdx="5569" segmentTime="0.92" speed="26.07" turnType="" turnAngle="" types="65,131,0,213,127,4,236,228" pointTypes="" names="0" />
                    <segment id="1078361699" length="16" startTrkptIdx="5570" segmentTime="64.54" speed="26.07" turnType="" turnAngle="" types="65,0,213,127,4,236,228" pointTypes=";;;;;32;;;;;;;28;32;" names="0" />
                    <segment id="1078336818" length="2" startTrkptIdx="5585" segmentTime="0.54" speed="26.07" turnType="" turnAngle="" types="65,0,213,68,127,222,236,228" pointTypes="" names="0" />
                    <segment id="307137399" length="2" startTrkptIdx="5586" segmentTime="2.67" speed="26.07" turnType="" turnAngle="" types="65,131,0,213,68,127,222,161,61" pointTypes="" names="0,415" />
                    <segment id="1078336817" length="2" startTrkptIdx="5587" segmentTime="0.87" speed="26.07" turnType="" turnAngle="" types="65,0,213,68,127,222,161,61" pointTypes=";38,19" names="0" />
                    <segment id="307137397" length="48" startTrkptIdx="5588" segmentTime="47.21" speed="26.07" turnType="" turnAngle="" types="65,0,213,127,4,161,61" pointTypes="38,19;;;;;;;;;;;;;;;;;;;;;;;;;;28;;;;32;;;;;;;;32;32;28;100;28;32;32;32;32;32" names="0" />
                    <segment id="1078336815" length="2" startTrkptIdx="5635" segmentTime="1.04" speed="26.07" turnType="" turnAngle="" types="65,0,213,68,127,222,161,61" pointTypes=";32" names="0" />
                    <segment id="307137400" length="2" startTrkptIdx="5636" segmentTime="2.79" speed="26.07" turnType="" turnAngle="" types="65,131,0,213,68,127,222,236,228" pointTypes="" names="0" />
                    <segment id="1078336816" length="2" startTrkptIdx="5637" segmentTime="0.82" speed="26.07" turnType="" turnAngle="" types="65,0,213,68,127,222,161,61" pointTypes=";38,19" names="0" />
                    <segment id="307137398" length="12" startTrkptIdx="5638" segmentTime="21.08" speed="26.07" turnType="" turnAngle="" types="65,0,213,127,4,161,61" pointTypes="38,19;;;;;;;;;;32;" names="0" />
                    <segment id="1132345333" length="2" startTrkptIdx="5649" segmentTime="0.62" speed="26.07" turnType="" turnAngle="" types="65,0,213,68,127,222,161,61" pointTypes=";28" names="0" />
                    <segment id="673607467" length="2" startTrkptIdx="5650" segmentTime="3.30" speed="26.07" turnType="" turnAngle="" types="65,131,0,213,68,127,222,161,61" pointTypes="" names="0,414" />
                    <segment id="1078336812" length="2" startTrkptIdx="5651" segmentTime="0.63" speed="26.07" turnType="" turnAngle="" types="65,0,213,68,127,222,161,61" pointTypes=";38,19" names="0" />
                    <segment id="673607466" length="73" startTrkptIdx="5652" segmentTime="72.76" speed="26.07" turnType="" turnAngle="" types="65,0,213,127,4,161,61" pointTypes="38,19;;;;;;;;;;;32;32;;;32;28;28;32;;;;;;;;;;;;;;28;32;32;32;28;;;;;;32;;;;;;;;;;;;;;28;28;;;;;32;;;;;;100;98;;;" names="0" />
                    <segment id="464035980" length="2" startTrkptIdx="5724" segmentTime="1.01" speed="9.72" turnType="TL" turnAngle="-83.54" types="213,161,61" pointTypes=";" names="0" />
                    <segment id="464035980" length="5" startTrkptIdx="5725" segmentTime="10.95" speed="9.72" turnType="" turnAngle="" types="213,161,61" pointTypes=";;;;" names="0" />
                    <segment id="30156578" length="22" startTrkptIdx="5729" segmentTime="158.08" speed="9.72" turnType="" turnAngle="" types="213,236,228" pointTypes=";;;;;;;;;;;;;;;;;;;;100;28" names="0" />
                    <segment id="30156578" length="2" startTrkptIdx="5750" segmentTime="4.58" speed="9.72" turnType="" turnAngle="" types="213,236,228" pointTypes="28;100" names="0" />
                    <segment id="30156578" length="177" startTrkptIdx="5751" segmentTime="719.27" speed="9.72" turnType="" turnAngle="" types="213,236,228" pointTypes="100;;;;;;;;;;;;;;;;;;;;;;;;;32;;;100;;;28;;98;;;;32;;;28;;28;28;98;28;32;;;98;;;;100;;;;;32;;;;;;;;;;;;100;;;;;;100;101;;;;;;;98;;;;;100;101;28;;;;;;;;;;;;;;;;100;100;28;28;32;;;;28;100;98;100;98;100;;;;28;;28;;;;;;98;;101;98;98;;;100;;;101;;98;32;;32;98;;28;101;98;;100;;;;28;32;;;;28;98;32;;;;;;28;;28;;;100" names="0" />
                    <segment id="30157313" length="26" startTrkptIdx="5927" segmentTime="218.40" speed="4.92" turnType="" turnAngle="" types="224,236,228" pointTypes=";;;;98;;32;32;;;;;32;;98;;98;;;;;;239,98;28;98;100" names="0" />
                    <segment id="30157325" length="100" startTrkptIdx="5952" segmentTime="888.23" speed="5.56" turnType="" turnAngle="" types="224,236,228" pointTypes=";;;28;;;101;98;28;;;;100;101;;;;100;100;28;28;100;32;;;;32;32;32;32;;;;;;100;;32;;32;;;32;28;;;;;;;;28;28;100;100;32;;;;32;100;28;;;;;;;;;;32;32;100;28;28;;;;28;101;32;;;;;;32;;;100;28;;;32;28;32;;32;18,19,32" names="0" />
                    <segment id="1078075621" length="2" startTrkptIdx="6051" segmentTime="13.42" speed="1.42" turnType="" turnAngle="" types="224,68,236,228" pointTypes="18,19;32" names="0" />
                    <segment id="1078075620" length="2" startTrkptIdx="6052" segmentTime="14.59" speed="5.56" turnType="" turnAngle="" types="131,224,68,236,228" pointTypes="" names="0" />
                    <segment id="1078075619" length="2" startTrkptIdx="6053" segmentTime="3.19" speed="5.56" turnType="" turnAngle="" types="224,236,228" pointTypes=";" names="0" />
                    <segment id="1078075619" length="50" startTrkptIdx="6054" segmentTime="539.00" speed="5.56" turnType="TSLL" turnAngle="-15.36" types="224,236,228" pointTypes=";;32;98;;28;;32;;;;;;32;32;28;32;32;32;32;32;32;;;;;;;;28;;;;100;98;28;32;32;100;32;;;;;;;;32;28;18,19,32" names="0" />
                    <segment id="1078065291" length="4" startTrkptIdx="6103" segmentTime="15.41" speed="1.95" turnType="" turnAngle="" types="224,68,236,228" pointTypes="18,19;28;32" names="0" />
                    <segment id="1078065292" length="2" startTrkptIdx="6106" segmentTime="9.35" speed="5.56" turnType="" turnAngle="" types="131,224,68,236,228" pointTypes="" names="0" />
                    <segment id="30157326" length="99" startTrkptIdx="6107" segmentTime="1139.66" speed="5.56" turnType="" turnAngle="" types="224,236,228" pointTypes=";;;32;28;32;32;32;;;;;32;;;;;32;32;;;32;;;;;;101;32;98;;100;;100;;;;;100;;;;;;;;32;;;;28;28;28;100;101;98;;32;28;28;28;32;100;28;28;32;;;;;;;;32;28;;;;;;28;28;28;32;;;;;32;;;;;;;;32;32;32" names="0" />
                    <segment id="1078065288" length="2" startTrkptIdx="6206" segmentTime="8.75" speed="5.56" turnType="" turnAngle="" types="131,224,236,228" pointTypes="" names="0" />
                    <segment id="1078065289" length="2" startTrkptIdx="6207" segmentTime="7.08" speed="5.56" turnType="" turnAngle="" types="224,236,228" pointTypes=";" names="0" />
                    <segment id="210846394" length="4" startTrkptIdx="6208" segmentTime="28.59" speed="5.56" turnType="TR" turnAngle="87.61" types="224,225,226" pointTypes=";;;" names="0" />
                    <segment id="210846394" length="4" startTrkptIdx="6211" segmentTime="28.59" speed="5.56" turnType="C" turnAngle="" types="224,225,226" pointTypes=";;;" names="0" />
                    <segment id="210846394" length="4" startTrkptIdx="6214" segmentTime="28.59" speed="5.56" turnType="C" turnAngle="" types="224,225,226" pointTypes=";;;" names="0" />
                    <segment id="1078065289" length="2" startTrkptIdx="6217" segmentTime="7.08" speed="5.56" turnType="TL" turnAngle="-87.61" types="224,236,228" pointTypes=";" names="0" />
                    <segment id="1078065288" length="2" startTrkptIdx="6218" segmentTime="8.75" speed="5.56" turnType="" turnAngle="" types="131,224,236,228" pointTypes="" names="0" />
                    <segment id="30157326" length="97" startTrkptIdx="6219" segmentTime="1135.99" speed="5.56" turnType="" turnAngle="" types="224,236,228" pointTypes="32;32;32;;;;;;;;32;;;;;32;28;28;28;;;;;;28;32;;;;;;;;32;28;28;100;32;28;28;28;32;;98;101;100;28;28;28;;;;32;;;;;;;;100;;;;;100;;100;;98;32;101;;;;;;32;;;32;32;;;;;32;;;;;32;32;32;28;32;" names="0" />
                    <segment id="30157326" length="3" startTrkptIdx="6315" segmentTime="3.67" speed="5.56" turnType="TSLR" turnAngle="23.67" types="224,236,228" pointTypes=";;" names="0" />
                    <segment id="1078065292" length="2" startTrkptIdx="6317" segmentTime="9.35" speed="5.56" turnType="" turnAngle="" types="131,224,68,236,228" pointTypes="" names="0" />
                    <segment id="1078065291" length="4" startTrkptIdx="6318" segmentTime="5.41" speed="5.56" turnType="" turnAngle="" types="224,68,236,228" pointTypes="32;28;18,19" names="0" />
                    <segment id="1078075619" length="51" startTrkptIdx="6321" segmentTime="542.19" speed="5.56" turnType="" turnAngle="" types="224,236,228" pointTypes="18,19,32;28;32;;;;;;;;32;100;32;32;28;98;100;;;;28;;;;;;;;32;32;32;32;32;32;28;32;32;;;;;;32;;28;;98;32;;;" names="0" />
                    <segment id="1078075620" length="2" startTrkptIdx="6371" segmentTime="14.59" speed="5.56" turnType="" turnAngle="" types="131,224,68,236,228" pointTypes="" names="0" />
                    <segment id="1078075621" length="2" startTrkptIdx="6372" segmentTime="3.42" speed="5.56" turnType="" turnAngle="" types="224,68,236,228" pointTypes="32;18,19" names="0" />
                    <segment id="30157325" length="47" startTrkptIdx="6373" segmentTime="451.77" speed="5.56" turnType="" turnAngle="" types="224,236,228" pointTypes="18,19,32;32;;32;28;32;;;28;100;;;32;;;;;;32;101;28;;;;28;28;100;32;32;;;;;;;;;;28;100;32;;;;32;100;100" names="0" />
                    <segment id="30157325" length="54" startTrkptIdx="6419" segmentTime="436.47" speed="5.56" turnType="KL" turnAngle="0.07" types="224,236,228" pointTypes="100;28;28;;;;;;;;28;32;;;32;;32;;100;;;;;;32;32;32;32;;;;32;100;28;28;100;100;;;;101;100;;;;28;98;101;;;28;;;" names="0" />
                    <segment id="30157313" length="26" startTrkptIdx="6472" segmentTime="218.40" speed="4.92" turnType="" turnAngle="" types="224,236,228" pointTypes="100;98;28;239,98;;;;;;98;;98;;32;;;;;32;32;;98;;;;" names="0" />
                    <segment id="30156578" length="93" startTrkptIdx="6497" segmentTime="351.15" speed="9.72" turnType="" turnAngle="" types="213,236,228" pointTypes="100;;;28;;28;;;;;;32;98;28;;;;32;28;;;;100;;98;101;28;;98;32;;32;98;;101;;;100;;;98;98;101;;98;;;;;;28;;28;;;;100;98;100;98;100;28;;;;32;28;28;100;100;;;;;;;;;;;;;;;;28;101;100;;;;;98" names="0" />
                    <segment id="30156578" length="86" startTrkptIdx="6589" segmentTime="372.69" speed="9.72" turnType="" turnAngle="" types="213,236,228" pointTypes="98;;;;;;;101;100;;;;;;100;;;;;;;;;;;;32;;;;;100;;;;98;;;32;28;98;28;28;;28;;;32;;;;98;;28;;;100;;;32;;;;;;;;;;;;;;;;;;;;;;;;;100;28" names="0" />
                    <segment id="30156578" length="22" startTrkptIdx="6674" segmentTime="158.08" speed="9.72" turnType="" turnAngle="" types="213,236,228" pointTypes="28;100;;;;;;;;;;;;;;;;;;;;" names="0" />
                    <segment id="464035980" length="6" startTrkptIdx="6695" segmentTime="11.96" speed="9.72" turnType="" turnAngle="" types="213,161,61" pointTypes=";;;;;" names="0" />
                    <segment id="30156908" length="3" startTrkptIdx="6700" segmentTime="1.92" speed="9.72" turnType="" turnAngle="" types="235,161,61" pointTypes=";;" names="0" />
                    <segment id="1078336809" length="2" startTrkptIdx="6702" segmentTime="1.85" speed="9.72" turnType="" turnAngle="" types="235,68,222,161,61" pointTypes=";" names="0" />
                    <segment id="30156909" length="2" startTrkptIdx="6703" segmentTime="3.86" speed="9.72" turnType="" turnAngle="" types="131,235,68,222,161,61" pointTypes="" names="0" />
                    <segment id="1078336806" length="3" startTrkptIdx="6704" segmentTime="2.05" speed="9.72" turnType="" turnAngle="" types="235,68,222,161,61" pointTypes=";;18,19" names="0" />
                    <segment id="307137403" length="11" startTrkptIdx="6706" segmentTime="20.17" speed="9.72" turnType="" turnAngle="" types="235,161,61" pointTypes="18,19;;;;;;;;;;" names="0" />
                    <segment id="307137403" length="33" startTrkptIdx="6716" segmentTime="71.96" speed="9.72" turnType="" turnAngle="" types="235,161,61" pointTypes=";;;;;;28;;;;;;;;;;;;;;;;;32;;;32;28;28;28;28;32;" names="0" />
                    <segment id="1078336804" length="2" startTrkptIdx="6748" segmentTime="2.18" speed="9.72" turnType="" turnAngle="" types="235,68,222,161,61" pointTypes="" names="0" />
                    <segment id="307137404" length="2" startTrkptIdx="6749" segmentTime="7.22" speed="9.72" turnType="" turnAngle="" types="131,213,68,222,161,61" pointTypes="" names="0" />
                    <segment id="1078336805" length="2" startTrkptIdx="6750" segmentTime="2.87" speed="9.72" turnType="" turnAngle="" types="213,68,222,161,61" pointTypes="32;18,19" names="0" />
                    <segment id="307140788" length="83" startTrkptIdx="6751" segmentTime="229.91" speed="9.72" turnType="" turnAngle="" types="213,161,61" pointTypes="18,19,32;32;32;28;28;32;32;32;32;28;100;28;32;;;32;;;;32;100;28;32;;;;;;28;;;;;;;;32;28;28;100;28;32;32;;;32;28;;32;32;32;28;28;32;;;;;;;32;;;;32;;;;;;;;28;;32;;;;;;;;" names="0" />
                    <segment id="1078336802" length="2" startTrkptIdx="6833" segmentTime="1.60" speed="9.72" turnType="" turnAngle="" types="213,68,222,161,61" pointTypes="" names="0" />
                    <segment id="307140787" length="2" startTrkptIdx="6834" segmentTime="3.76" speed="9.72" turnType="" turnAngle="" types="131,213,68,222,161,61" pointTypes="" names="0,413" />
                    <segment id="1078336803" length="4" startTrkptIdx="6835" segmentTime="2.15" speed="9.72" turnType="" turnAngle="" types="213,68,222,161,61" pointTypes=";;;18,19" names="0" />
                    <segment id="307140783" length="40" startTrkptIdx="6838" segmentTime="65.77" speed="9.72" turnType="" turnAngle="" types="213,161,61" pointTypes="18,19;;;;;;28;28;;;;;;;;;;;;;;;32;100;100;28;28;32;28;;;;;32;;;;;;" names="0" />
                    <segment id="1078336801" length="2" startTrkptIdx="6877" segmentTime="1.53" speed="9.72" turnType="" turnAngle="" types="213,68,222,161,61" pointTypes=";" names="0" />
                    <segment id="307140785" length="2" startTrkptIdx="6878" segmentTime="4.42" speed="9.72" turnType="" turnAngle="" types="131,213,68,222,161,61" pointTypes="" names="0,412" />
                    <segment id="1078336800" length="2" startTrkptIdx="6879" segmentTime="2.66" speed="9.72" turnType="" turnAngle="" types="213,68,222,161,61" pointTypes=";18,19" names="0" />
                    <segment id="307140784" length="65" startTrkptIdx="6880" segmentTime="130.86" speed="9.72" turnType="" turnAngle="" types="213,161,61" pointTypes="18,19;;32;28;32;;32;32;28;28;28;28;;;28;100;28;28;;;;32;;;;;;;;;100;32;;;32;32;;;;;;;;;28;28;28;28;100;98;28;28;100;;;;;;;;;;;;" names="0" />
                    <segment id="1132345331" length="9" startTrkptIdx="6944" segmentTime="3.40" speed="12.50" turnType="" turnAngle="" types="213,211,161,61" pointTypes=";;;;;28;28;28;" names="0" />
                    <segment id="1132345328" length="3" startTrkptIdx="6952" segmentTime="1.18" speed="9.72" turnType="" turnAngle="" types="213,68,222,161,61" pointTypes="28;;" names="0" />
                    <segment id="307140786" length="2" startTrkptIdx="6954" segmentTime="3.91" speed="9.72" turnType="" turnAngle="" types="131,213,68,222,161,61" pointTypes="" names="0,411" />
                    <segment id="1132345329" length="2" startTrkptIdx="6955" segmentTime="2.40" speed="9.72" turnType="" turnAngle="" types="213,68,222,161,61" pointTypes=";18,19" names="0" />
                    <segment id="30156789" length="107" startTrkptIdx="6956" segmentTime="559.05" speed="9.72" turnType="" turnAngle="" types="213,161,61" pointTypes="18,19,32;;;;;28;100;28;100;32;28;;;;;;32;;;;32;100;28;32;32;32;;;;32;32;32;32;32;;28;100;100;32;32;98;100;100;32;28;100;;;32;;32;28;98;;;;100;;;;;;28;;;;;;;;98;100;28;;100;32;28;100;;;32;28;100;100;98;;32;;;;;32;28;28;98;98;32;28;32;;;;98;100;;;" names="0" />
                    <segment id="30156785" length="83" startTrkptIdx="7062" segmentTime="612.45" speed="9.72" turnType="" turnAngle="" types="213,161,61" pointTypes=";98;;;32;100;98;;;;;32;;;;;;;;;;;;;;100;;;;;;;;;;;;;;;;;;;;;32;28;;;;;;28;;;;;;;;32;;;;;;;;;;;;;;28;;;;;32;32;100" names="0" />
                    <segment id="30156785" length="19" startTrkptIdx="7144" segmentTime="160.68" speed="9.72" turnType="" turnAngle="" types="213,161,61" pointTypes="100;100;28;28;;28;;;;32;;;32;;;;;28;32" names="0" />
                    <segment id="30156785" length="30" startTrkptIdx="7162" segmentTime="193.54" speed="9.72" turnType="" turnAngle="" types="213,161,61" pointTypes="32;32;;;28;;;;;;;28;;;;;;;;;32;;;;;;;;;" names="0" />
                    <segment id="1074349213" length="3" startTrkptIdx="7191" segmentTime="2.21" speed="9.72" turnType="" turnAngle="" types="213,68,161,61" pointTypes=";;" names="0" />
                    <segment id="30156782" length="7" startTrkptIdx="7193" segmentTime="7.37" speed="9.72" turnType="" turnAngle="" types="131,213,68,222,161,61" pointTypes="" names="0" />
                    <segment id="1074349212" length="3" startTrkptIdx="7199" segmentTime="2.22" speed="9.72" turnType="" turnAngle="" types="213,68,161,61" pointTypes="28;18,19" names="0" />
                    <segment id="30156781" length="41" startTrkptIdx="7201" segmentTime="158.09" speed="9.72" turnType="" turnAngle="" types="213,161,61" pointTypes="18,19,28;;;;28;100;;101;;;;;;;;101;98;100;28;;32;28;28;28;28;100;28;100;;28;100;100;100;100;28;32;;;;32;" names="0" />
                    <segment id="30156844" length="39" startTrkptIdx="7241" segmentTime="819.21" speed="9.60" turnType="" turnAngle="" types="213,161,61" pointTypes=";;;;;28;28;100;100;28;100;100;;98;98;98;32;;;;;;;;;32;;;;;;;;;;;;38,19;" names="0" />
                    <segment id="1533737614" length="3" startTrkptIdx="7279" segmentTime="8.80" speed="26.07" turnType="TL" turnAngle="-103.38" types="223,127,161,7,221,61" pointTypes=";" names="0,298,399,394,302,303,400,305,401" />
                    <segment id="1533737615" length="2" startTrkptIdx="7281" segmentTime="0.78" speed="26.07" turnType="" turnAngle="" types="223,127,161,192,7,221,61" pointTypes="" names="0,298,399,394,302,303,400,305,401" />
                    <segment id="1533737616" length="2" startTrkptIdx="7282" segmentTime="3.28" speed="26.07" turnType="C" turnAngle="-0.20" types="223,127,161,196,7,221,61" pointTypes=";" names="0,298,399,394,302,303,400,305,401" />
                    <segment id="1074384674" length="12" startTrkptIdx="7283" segmentTime="167.33" speed="26.07" turnType="" turnAngle="" types="223,127,161,7,221,61" pointTypes=";;;;;;;;;;" names="0,298,399,394,302,303,400,305,401" />
                    <segment id="1074384675" length="2" startTrkptIdx="7294" segmentTime="0.94" speed="26.07" turnType="" turnAngle="" types="131,223,2,127,161,7,221,61" pointTypes="" names="0,298,399,394,302,303,400,305,401" />
                    <segment id="246154006" length="128" startTrkptIdx="7295" segmentTime="431.13" speed="26.07" turnType="" turnAngle="" types="223,127,161,7,221,61" pointTypes=";10,11;;10,11;;10,11;;;31,32;31,32;;10,11;;10,11;;;;;;;;;;;;;31,32;;27,28;;;10,11;;31,32;;27,28;27,28;31,32;31,32;10,11;;142,100;142,100;142,100;142,100;142,100;142,100;141,98;142,100;27,28;27,28;;;;10,11;10,11;10,89;10,89;10,89;10,11;27,28;27,28;;;27,28;31,32;27,28;31,32;31,32;;10,150;10,89;;31,32;31,32;31,32;31,32;31,32;10,89;10,11;;27,28;27,28;142,100;142,100;154,101;157,158;142,100;142,100;141,98;141,98;142,100;27,28;27,28;31,32;10,11;10,119;10,119;10,119;10,11;;10,89;10,11;31,32;31,32;27,28;31,32;10,11;;;;31,32;10,11;10,11;31,32;;;10,11;31,32;10,11;;31,32;31,32;;;10,89;;" names="0,298,399,394,302,303,400,305,401" />
                    <segment id="1087478002" length="2" startTrkptIdx="7422" segmentTime="0.40" speed="26.07" turnType="" turnAngle="" types="131,223,127,161,7,221,61" pointTypes="" names="0,298,399,394,302,303,400,305,401" />
                    <segment id="1087478003" length="10" startTrkptIdx="7423" segmentTime="36.27" speed="26.07" turnType="" turnAngle="" types="223,127,6,7,221,9" pointTypes="31,32;27,28;142,100;142,100;142,100;31,32;;;;" names="0,298,399,394,302,303,400,305,401" />
                    <segment id="854354866" length="47" startTrkptIdx="7432" segmentTime="162.81" speed="26.07" turnType="" turnAngle="" types="223,2,127,6,9" pointTypes="10,11;;;;10,11;;10,11;10,11;10,11;10,119;10,11;;10,89;10,119;10,89;10,89;10,150;10,150;10,119;;31,32;10,11;;10,11;;;;10,11;;;;31,32;27,28;31,32;31,32;31,32;31,32;;;10,11;;10,119;10,119;10,11;10,89;10,119;" names="0" />
                    <segment id="1533746384" length="10" startTrkptIdx="7478" segmentTime="4.46" speed="20.06" turnType="" turnAngle="" types="223,2,127,185,6,9" pointTypes="10,150;10,150;10,119;10,119;10,89;10,89;10,89;10,89;10,11;" names="0" />
                    <segment id="1533746383" length="27" startTrkptIdx="7487" segmentTime="49.17" speed="26.07" turnType="" turnAngle="" types="223,2,127,6,9" pointTypes="10,11;10,11;10,11;;10,11;10,11;10,11;10,89;10,11;10,89;10,11;10,89;10,11;10,11;;10,11;;;;;;;;10,11;;" names="0" />
                    <segment id="854354867" length="2" startTrkptIdx="7513" segmentTime="0.30" speed="26.07" turnType="" turnAngle="" types="131,223,2,127,240,6,9" pointTypes="" names="0" />
                    <segment id="1533746385" length="12" startTrkptIdx="7514" segmentTime="22.09" speed="26.07" turnType="" turnAngle="" types="223,2,127,6,9" pointTypes="31,32;31,32;;;;27,28;27,28;;31,32;;" names="0" />
                    <segment id="1533746386" length="12" startTrkptIdx="7525" segmentTime="8.27" speed="15.24" turnType="" turnAngle="" types="223,2,127,231,6,9" pointTypes="31,32;31,32;31,32;10,11;10,11;;;31,32;27,28;27,28;27,28;" names="0" />
                    <segment id="467552682" length="8" startTrkptIdx="7536" segmentTime="60.01" speed="26.07" turnType="" turnAngle="" types="223,2,127,6,9" pointTypes="27,28;31,32;;;31,32;31,32;27,28;" names="0" />
                    <segment id="984592365" length="2" startTrkptIdx="7543" segmentTime="1.08" speed="26.07" turnType="" turnAngle="" types="131,223,2,127,161,61" pointTypes="" names="0" />
                    <segment id="984592364" length="20" startTrkptIdx="7544" segmentTime="26.33" speed="26.07" turnType="" turnAngle="" types="223,2,127,6,9" pointTypes="31,32;;10,11;;31,32;31,32;31,32;10,11;;;;10,11;31,32;;;31,32;31,32;31,32;10,11;" names="0" />
                    <segment id="1077829758" length="2" startTrkptIdx="7563" segmentTime="4.84" speed="18.85" turnType="" turnAngle="" types="223,2,102,6,9" pointTypes="32;" names="0" />
                    <segment id="1533752982" length="11" startTrkptIdx="7564" segmentTime="16.72" speed="18.85" turnType="" turnAngle="" types="223,2,102,6,9" pointTypes="31,32;31,32;31,32;;;;;;;;" names="0" />
                    <segment id="467552683" length="18" startTrkptIdx="7574" segmentTime="30.48" speed="18.85" turnType="" turnAngle="" types="223,2,102,6,9" pointTypes=";;31,32;;;;;;27,28;142,100;27,28;" names="0" />
                    <segment id="1533766449" length="23" startTrkptIdx="7591" segmentTime="35.21" speed="26.07" turnType="" turnAngle="" types="223,2,127,6,9" pointTypes="31,32;10,11;10,89;10,11;;;10,11;10,11;;;;;;;;;;27,28;27,28;31,32;10,89;10,89;" names="0" />
                    <segment id="1533766450" length="9" startTrkptIdx="7613" segmentTime="3.09" speed="26.07" turnType="" turnAngle="" types="223,2,127,241,6,9" pointTypes="10,89;10,89;10,119;10,150;10,150;10,119;10,11;;" names="0" />
                    <segment id="256789182" length="44" startTrkptIdx="7621" segmentTime="58.63" speed="26.07" turnType="" turnAngle="" types="223,2,127,6,9" pointTypes="31,32;;31,32;;;;;;10,11;10,89;10,11;10,11;;;;31,32;10,11;;;;10,11;10,89;10,89;10,89;10,11;10,89;10,11;;;;;27,28;;;;10,11;;;10,89;;10,89;10,89;;38,19" names="0" />
                    <segment id="1077825370" length="3" startTrkptIdx="7664" segmentTime="11.00" speed="2.38" turnType="" turnAngle="" types="223,68,127,222,6,9" pointTypes="38,19;;" names="0" />
                    <segment id="256789181" length="2" startTrkptIdx="7666" segmentTime="1.48" speed="26.07" turnType="" turnAngle="" types="131,223,68,229,127,230,222,6,9" pointTypes="" names="0" />
                    <segment id="1077825369" length="2" startTrkptIdx="7667" segmentTime="1.26" speed="26.07" turnType="" turnAngle="" types="223,68,127,222,6,9" pointTypes=";" names="0" />
                    <segment id="165574122" length="25" startTrkptIdx="7668" segmentTime="20.63" speed="26.07" turnType="" turnAngle="" types="223,2,127,6,9" pointTypes="10,11;;;;;31,32;31,32;31,32;27,28;;;10,11;;;;10,11;10,11;31,32;31,32;31,32;;;;;" names="0" />
                    <segment id="1533746404" length="3" startTrkptIdx="7692" segmentTime="0.42" speed="26.07" turnType="TL" turnAngle="-79.65" types="213,127,6,9" pointTypes="18,19;" names="0,416" />
                    <segment id="1533746404" length="5" startTrkptIdx="7694" segmentTime="1.21" speed="26.07" turnType="TSLR" turnAngle="14.25" types="213,127,6,9" pointTypes=";;;;" names="0,416" />
                    <segment id="1533746402" length="42" startTrkptIdx="7698" segmentTime="27.96" speed="26.07" turnType="" turnAngle="" types="213,127,6,9" pointTypes="31,32;27,28;27,28;;31,32;27,28;142,100;142,100;31,32;27,28;31,32;31,32;27,28;27,28;31,32;31,32;31,32;31,32;27,28;142,100;142,100;142,100;142,100;142,100;157,158;157,158;141,98;142,100;27,28;27,28;142,100;142,100;31,32;27,28;142,100;" names="0" />
                    <segment id="1533746403" length="11" startTrkptIdx="7739" segmentTime="5.67" speed="17.65" turnType="" turnAngle="" types="213,127,242,6,9" pointTypes="141,98;142,100;142,100;142,100;141,98;141,98;142,100;142,100;142,100;27,28;" names="0" />
                    <segment id="161965295" length="37" startTrkptIdx="7749" segmentTime="102.46" speed="26.07" turnType="" turnAngle="" types="213,127,6,9" pointTypes="27,28;31,32;10,11;;10,11;10,11;10,89;10,11;;;10,11;10,89;10,89;10,89;10,89;10,11;10,89;10,89;10,119;10,119;10,119;10,150;10,140;10,140;10,140;10,140;10,140;10,156;10,140;10,140;10,140;10,140;10,150;10,119;10,89;10,150;" names="0" />
                    <segment id="660605380" length="30" startTrkptIdx="7785" segmentTime="77.61" speed="26.07" turnType="" turnAngle="" types="213,127,161,61" pointTypes="10,119;10,11;10,119;10,11;;31,32;;;;;27,28;27,28;27,28;31,32;31,32;31,32;;10,11;10,119;31,32;31,32;;10,11;10,89;10,89;;;31,32;142,100;142,100" names="0" />
                    <segment id="660605380" length="46" startTrkptIdx="7814" segmentTime="135.35" speed="26.07" turnType="" turnAngle="" types="213,127,161,61" pointTypes="142,100;31,32;;;142,100;31,32;31,32;;;;;31,32;10,11;31,32;;27,28;27,28;31,32;31,32;31,32;27,28;27,28;27,28;142,100;142,100;141,98;142,100;27,28;141,98;141,98;141,98;142,100;31,32;31,32;27,28;27,28;31,32;31,32;27,28;31,32;31,32;31,32;27,28;141,98;154,101;" names="0" />
                    <segment id="1533746414" length="6" startTrkptIdx="7859" segmentTime="3.29" speed="15.24" turnType="" turnAngle="" types="213,127,231,161,61" pointTypes="147,148;162,163;162,163;147,148;154,101;" names="0" />
                    <segment id="1533746413" length="31" startTrkptIdx="7864" segmentTime="21.09" speed="26.07" turnType="" turnAngle="" types="213,127,161,61" pointTypes="141,98;27,28;31,32;;10,11;10,11;;27,28;27,28;10,119;10,150;10,149;10,149;10,156;10,140;10,140;10,89;;;31,32;31,32;31,32;;10,150;10,149;10,143;10,156;10,149;10,156;10,140;" names="0" />
                    <segment id="1533746416" length="15" startTrkptIdx="7894" segmentTime="9.50" speed="9.72" turnType="" turnAngle="" types="213,127,207,161,61" pointTypes="10,149;10,143;10,143;10,143;10,156;10,156;10,149;10,149;10,140;10,140;10,140;10,119;10,89;;" names="0" />
                    <segment id="1533746415" length="11" startTrkptIdx="7908" segmentTime="4.83" speed="26.07" turnType="" turnAngle="" types="213,127,161,61" pointTypes="31,32;31,32;142,100;142,100;;;31,32;31,32;142,100;154,101;" names="0" />
                    <segment id="1533746412" length="9" startTrkptIdx="7918" segmentTime="8.02" speed="9.72" turnType="" turnAngle="" types="213,127,207,161,61" pointTypes="154,101;154,101;157,158;142,100;10,11;10,89;10,150;10,150;" names="0" />
                    <segment id="1533746417" length="10" startTrkptIdx="7926" segmentTime="4.51" speed="26.07" turnType="" turnAngle="" types="213,127,161,61" pointTypes="10,150;10,119;10,11;10,11;;;10,89;10,119;10,150;" names="0" />
                    <segment id="1533746418" length="13" startTrkptIdx="7935" segmentTime="7.31" speed="9.72" turnType="" turnAngle="" types="213,127,207,161,61" pointTypes="10,89;;;27,28;142,100;141,98;157,158;157,158;157,158;157,158;157,158;141,98;" names="0" />
                    <segment id="1533746421" length="11" startTrkptIdx="7947" segmentTime="16.09" speed="26.07" turnType="" turnAngle="" types="213,127,161,61" pointTypes="142,100;27,28;142,100;27,28;27,28;27,28;142,100;142,100;142,100;142,100;" names="0" />
                    <segment id="1533746422" length="5" startTrkptIdx="7957" segmentTime="3.54" speed="15.24" turnType="" turnAngle="" types="213,127,231,161,61" pointTypes="10,150;10,149;10,143;" names="0" />
                    <segment id="1533746423" length="6" startTrkptIdx="7961" segmentTime="5.25" speed="26.07" turnType="" turnAngle="" types="213,127,161,61" pointTypes="10,156;10,156;10,149;10,143;10,156;" names="0" />
                    <segment id="1533746424" length="8" startTrkptIdx="7966" segmentTime="6.61" speed="15.24" turnType="" turnAngle="" types="213,127,231,161,61" pointTypes="10,140;10,156;10,151;10,143;10,151;10,143;10,156;" names="0" />
                    <segment id="1533746411" length="44" startTrkptIdx="7973" segmentTime="28.66" speed="26.07" turnType="" turnAngle="" types="213,127,161,61" pointTypes="10,140;10,11;142,100;27,28;27,28;31,32;;;;10,11;10,89;10,89;10,11;10,11;10,119;10,89;10,89;10,89;31,32;10,11;10,89;10,119;10,150;10,119;10,119;10,89;;;10,11;10,11;10,89;10,119;10,119;10,119;10,140;10,140;10,140;10,149;10,156;10,143;10,143;10,151;10,159;" names="0" />
                    <segment id="1533746420" length="23" startTrkptIdx="8016" segmentTime="14.87" speed="12.50" turnType="" turnAngle="" types="213,127,211,161,61" pointTypes="10,159;10,209;10,151;10,143;10,149;10,140;10,140;10,149;10,143;10,151;10,197;10,208;10,208;10,197;10,143;10,156;10,149;10,119;;27,28;142,100;141,98;" names="0" />
                    <segment id="1533746419" length="23" startTrkptIdx="8038" segmentTime="9.90" speed="26.07" turnType="" turnAngle="" types="213,127,161,61" pointTypes="141,98;141,98;142,100;27,28;27,28;27,28;27,28;142,100;31,32;10,11;10,89;10,89;10,11;;;;;10,11;10,11;10,11;10,11;10,11;38,19" names="0" />
                    <segment id="1073486218" length="5" startTrkptIdx="8060" segmentTime="10.77" speed="1.85" turnType="" turnAngle="" types="213,68,127,222,161,61" pointTypes="38,19,10,11;10,89;10,89;10,89;" names="0" />
                    <segment id="660605379" length="10" startTrkptIdx="8064" segmentTime="1.44" speed="26.07" turnType="" turnAngle="" types="131,213,68,127,222,161,61" pointTypes="" names="0" />
                    <segment id="1073486217" length="5" startTrkptIdx="8073" segmentTime="0.52" speed="26.07" turnType="" turnAngle="" types="213,68,127,222,161,61" pointTypes="27,28;27,28;;;" names="0" />
                    <segment id="221461272" length="49" startTrkptIdx="8077" segmentTime="46.88" speed="26.07" turnType="" turnAngle="" types="213,127,161,61" pointTypes="10,150;10,149;10,156;10,149;10,140;10,149;10,119;10,89;10,119;10,89;10,140;10,149;10,156;10,140;10,150;10,119;10,119;10,119;10,89;;;;;;31,32;142,100;27,28;10,11;10,150;10,11;;;;;31,32;31,32;27,28;142,100;142,100;27,28;31,32;31,32;27,28;;10,119;10,119;10,119;38,19" names="0" />
                    <segment id="221461285" length="4" startTrkptIdx="8125" segmentTime="10.93" speed="2.21" turnType="" turnAngle="" types="213,68,127,222,161,61" pointTypes="38,19,10,119;10,119;10,150;" names="0" />
                    <segment id="221461281" length="2" startTrkptIdx="8128" segmentTime="1.63" speed="26.07" turnType="" turnAngle="" types="131,213,68,127,222,161,61" pointTypes="" names="0" />
                    <segment id="221461279" length="2" startTrkptIdx="8129" segmentTime="0.87" speed="26.07" turnType="" turnAngle="" types="213,68,127,222,161,61" pointTypes="31,32;" names="0" />
                    <segment id="1073486215" length="14" startTrkptIdx="8130" segmentTime="9.32" speed="26.07" turnType="" turnAngle="" types="213,127,161,61" pointTypes="141,98;157,158;141,98;162,163;205,206;205,206;205,206;162,163;154,101;157,158;142,100;;10,119;" names="0" />
                    <segment id="1533746429" length="7" startTrkptIdx="8143" segmentTime="7.80" speed="8.33" turnType="" turnAngle="" types="213,3,161,61" pointTypes="10,149;10,143;10,149;10,119;10,89;27,28;" names="0" />
                    <segment id="1073486210" length="24" startTrkptIdx="8149" segmentTime="34.41" speed="8.33" turnType="" turnAngle="" types="243,213,3,237,238" pointTypes="157,158;147,148;147,148;141,98;27,28;27,28;157,158;31,32;10,119;10,140;10,149;244,10,143;10,151;10,156;10,119;10,11;;27,28;27,28;;10,11;10,11;;245" names="0" />
                    <segment id="1533746428" length="25" startTrkptIdx="8172" segmentTime="20.29" speed="8.33" turnType="" turnAngle="" types="213,3,161,61" pointTypes="245,142,100;154,101;152,153;203,204;145,146;145,146;147,148;141,98;;10,89;10,156;10,151;10,208;10,159;10,144;10,144;10,144;10,144;10,144;10,209;10,197;10,149;10,119;10,119;" names="0" />
                    <segment id="1073486214" length="31" startTrkptIdx="8196" segmentTime="19.31" speed="26.07" turnType="" turnAngle="" types="213,127,161,61" pointTypes="31,32;;;;31,32;;10,119;10,140;10,149;10,150;10,149;10,119;10,11;;;31,32;142,100;141,98;141,98;27,28;10,150;10,150;10,150;31,32;27,28;;10,89;10,119;10,150;" names="0" />
                    <segment id="1073486213" length="2" startTrkptIdx="8226" segmentTime="0.23" speed="26.07" turnType="" turnAngle="" types="131,213,127,161,61" pointTypes="" names="0" />
                    <segment id="1073486212" length="4" startTrkptIdx="8227" segmentTime="3.28" speed="26.07" turnType="" turnAngle="" types="213,127,161,61" pointTypes="10,150;10,150;10,11;" names="0" />
                    <segment id="1073486211" length="2" startTrkptIdx="8230" segmentTime="0.26" speed="26.07" turnType="" turnAngle="" types="131,213,127,161,61" pointTypes="" names="0" />
                    <segment id="727701195" length="80" startTrkptIdx="8231" segmentTime="73.89" speed="26.07" turnType="" turnAngle="" types="213,127,161,61" pointTypes="142,100;;;142,100;141,98;142,100;27,28;31,32;10,11;27,28;;10,119;10,150;10,119;142,100;;10,119;31,32;157,158;10,119;141,98;10,150;147,148;10,144;;10,150;10,209;10,197;10,156;10,150;10,89;;27,28;142,100;157,158;154,101;154,101;141,98;142,100;27,28;27,28;142,100;142,100;141,98;141,98;141,98;142,100;;10,150;10,150;10,89;10,119;10,89;10,89;10,89;10,11;10,11;10,89;10,89;10,119;10,89;10,119;10,89;10,89;10,150;10,89;10,11;10,119;10,89;10,89;10,89;;;31,32;;;;;;" names="0" />
                    <segment id="1533746430" length="4" startTrkptIdx="8310" segmentTime="18.45" speed="9.72" turnType="" turnAngle="" types="213,161,61" pointTypes=";;31,32;" names="0" />
                    <segment id="1073486209" length="3" startTrkptIdx="8313" segmentTime="10.41" speed="9.72" turnType="" turnAngle="" types="243,213,222,161,61" pointTypes=";244;" names="0" />
                    <segment id="1073486208" length="5" startTrkptIdx="8315" segmentTime="22.01" speed="9.72" turnType="" turnAngle="" types="213,161,61" pointTypes="32;;;" names="0" />
                    <segment id="893180531" length="2" startTrkptIdx="8319" segmentTime="1.86" speed="9.72" turnType="" turnAngle="" types="131,213,161,61" pointTypes="" names="0" />
                    <segment id="893180530" length="13" startTrkptIdx="8320" segmentTime="167.43" speed="9.72" turnType="" turnAngle="" types="213,161,61" pointTypes="28;;;32;;;32;100;;;;;38,19" names="0" />
                    <segment id="1073486206" length="2" startTrkptIdx="8332" segmentTime="12.60" speed="2.00" turnType="" turnAngle="" types="243,213,68,222,161,61" pointTypes="38,19;" names="0" />
                    <segment id="727701194" length="2" startTrkptIdx="8333" segmentTime="4.00" speed="9.72" turnType="" turnAngle="" types="131,243,213,68,222,9" pointTypes="" names="0" />
                    <segment id="1073486207" length="2" startTrkptIdx="8334" segmentTime="2.55" speed="9.72" turnType="" turnAngle="" types="243,213,68,222,161,61" pointTypes=";" names="0" />
                    <segment id="654650325" length="45" startTrkptIdx="8335" segmentTime="424.48" speed="9.72" turnType="" turnAngle="" types="213,161,61" pointTypes=";;;;;32;;;;;;;32;;;;;32;;;32;;32;32;;;;;;;;;;32;32;;;;;;;32;32;;" names="0" />
                    <segment id="654650325" length="11" startTrkptIdx="8379" segmentTime="40.97" speed="9.72" turnType="" turnAngle="" types="213,161,61" pointTypes=";32;32;;32;;;;;;38,19" names="0" />
                    <segment id="1073486204" length="2" startTrkptIdx="8389" segmentTime="12.71" speed="2.08" turnType="" turnAngle="" types="213,68,222,161,61" pointTypes="38,19;" names="0" />
                    <segment id="893180523" length="2" startTrkptIdx="8390" segmentTime="6.48" speed="9.72" turnType="" turnAngle="" types="131,213,68,222,161,61" pointTypes="" names="0" />
                    <segment id="1073486205" length="2" startTrkptIdx="8391" segmentTime="2.32" speed="9.72" turnType="" turnAngle="" types="243,213,68,222,161,61" pointTypes=";" names="0" />
                    <segment id="893180522" length="53" startTrkptIdx="8392" segmentTime="252.45" speed="9.72" turnType="" turnAngle="" types="243,213,161,61" pointTypes="28;;;;;32;32;;;;28;100;;;;;;28;;;;;;;;32;32,244;32;28;28;32;32;100;;98;100;32;;;;;;;;;;32;;;;;;38,19" names="0" />
                    <segment id="1073486203" length="2" startTrkptIdx="8444" segmentTime="13.07" speed="2.28" turnType="" turnAngle="" types="243,213,222,161,61" pointTypes="38,19;" names="0" />
                    <segment id="654650324" length="2" startTrkptIdx="8445" segmentTime="6.73" speed="9.72" turnType="" turnAngle="" types="131,243,213,68,222,161,61" pointTypes="" names="0" />
                    <segment id="1073486202" length="2" startTrkptIdx="8446" segmentTime="1.83" speed="9.72" turnType="" turnAngle="" types="243,213,222,161,61" pointTypes=";" names="0" />
                    <segment id="733831979" length="100" startTrkptIdx="8447" segmentTime="300.77" speed="9.72" turnType="" turnAngle="" types="213,161,61" pointTypes=";;;32;100;100;28;32;;;;;;;;;;;;;;;;;;;;;;;;;;32;32;32;;;;;;;;;;;;;;;;32;32;32;32;32;32;;;;;;;;;;;;;;;;32;32;32;32;28;;;;;;;;;;;;32;;;32;32;32;32;;;32;32;38,19" names="0" />
                    <segment id="1073486199" length="3" startTrkptIdx="8546" segmentTime="38.73" speed="0.94" turnType="" turnAngle="" types="213,222,161,61" pointTypes="38,19;239;" names="0" />
                    <segment id="1073486198" length="6" startTrkptIdx="8548" segmentTime="17.20" speed="9.72" turnType="" turnAngle="" types="213,161,61" pointTypes="32;32;;;;" names="0" />
                    <segment id="1073486200" length="2" startTrkptIdx="8553" segmentTime="1.58" speed="9.72" turnType="" turnAngle="" types="243,213,222,161,61" pointTypes="" names="0" />
                    <segment id="733831978" length="2" startTrkptIdx="8554" segmentTime="1.63" speed="9.72" turnType="" turnAngle="" types="131,243,213,222,161,61" pointTypes="" names="0" />
                    <segment id="1073486201" length="2" startTrkptIdx="8555" segmentTime="2.32" speed="9.72" turnType="" turnAngle="" types="243,213,222,161,61" pointTypes="" names="0" />
                    <segment id="846235705" length="30" startTrkptIdx="8556" segmentTime="119.24" speed="9.72" turnType="" turnAngle="" types="12,213,161,61" pointTypes="32;32;;32;;;;;32;;;;;32;32;;;;;;;;;;;;;;32;" names="0" />
                    <segment id="846235706" length="2" startTrkptIdx="8585" segmentTime="1.12" speed="9.72" turnType="" turnAngle="" types="131,12,213,161,61" pointTypes="" names="0" />
                    <segment id="224934858" length="36" startTrkptIdx="8586" segmentTime="87.46" speed="6.39" turnType="" turnAngle="" types="12,213,2,246,61" pointTypes="28;32;;32;32;32;32;247,32;;;;;;;;;;32;;247,32;32;;;247;;32;;;;;;;;32;;247" names="0" />
                    <segment id="224934855" length="7" startTrkptIdx="8621" segmentTime="25.49" speed="5.91" turnType="" turnAngle="" types="12,213,246,61" pointTypes="247;;32;;;32;32" names="0" />
                    <segment id="224934855" length="3" startTrkptIdx="8627" segmentTime="5.05" speed="9.72" turnType="" turnAngle="" types="12,213,246,61" pointTypes="32;;" names="0" />
                    <segment id="224934855" length="93" startTrkptIdx="8629" segmentTime="282.04" speed="9.72" turnType="" turnAngle="" types="12,213,246,61" pointTypes=";32;28;32;32;;;;32;32;32;;;;;;;;;;;32;;;;;;;;28;100;100;100;28;28;100;28;;32;32;;;;;;;;;32;;;;;;;;;;32;28;32;28;32;32;32;;;;;;;;28;32;28;28;28;100;;100;;;;;;;;;;100;100;98;38,19" names="0" />
                    <segment id="224934859" length="13" startTrkptIdx="8721" segmentTime="18.32" speed="4.42" turnType="" turnAngle="" types="12,213,68,222,246,61" pointTypes="38,19,98;;101;;98;28;;;;;;;" names="0" />
                    <segment id="224934856" length="2" startTrkptIdx="8733" segmentTime="1.35" speed="9.72" turnType="" turnAngle="" types="131,248,12,213,68,222,246,61" pointTypes="" names="0" />
                    <segment id="1023783572" length="22" startTrkptIdx="8734" segmentTime="12.98" speed="9.72" turnType="" turnAngle="" types="12,213,68,222,246,61" pointTypes=";;32;28;28;28;;;;;;;;;;;;;;;;" names="0" />
                    <segment id="224934860" length="27" startTrkptIdx="8755" segmentTime="48.77" speed="9.72" turnType="" turnAngle="" types="12,213,246,61" pointTypes=";;;;;;;100;98;32;;;;;32;32;28;28;28;28;32;;32;32;28;;" names="0" />
                    <segment id="1073486194" length="24" startTrkptIdx="8781" segmentTime="14.36" speed="9.72" turnType="" turnAngle="" types="12,243,213,237,238" pointTypes=";28;100;100;28;28;28;28;;;;;244;;;;;;;;;;;" names="0" />
                    <segment id="1241845016" length="9" startTrkptIdx="8804" segmentTime="26.97" speed="0.71" turnType="TR" turnAngle="45.37" types="12,243,213,60,61" pointTypes=";;;;249,244" names="0" />
                    <segment id="1241845015" length="16" startTrkptIdx="8812" segmentTime="7.43" speed="9.72" turnType="" turnAngle="" types="12,243,213,237,238" pointTypes=";100;98;98;98;100;28;;244;;;;;;;" names="0" />
                    <segment id="1073486195" length="22" startTrkptIdx="8827" segmentTime="17.94" speed="9.72" turnType="" turnAngle="" types="12,243,213,222,237,238" pointTypes=";;;;;;;;;;;100,244;;100;;32;98;101;;;;28" names="0" />
                    <segment id="1073486196" length="34" startTrkptIdx="8848" segmentTime="34.86" speed="9.72" turnType="" turnAngle="" types="12,243,213,237,238" pointTypes=";;;;;;;;;;;;;;;;;244;;;28;98;98;28;28;28;101;;28;32;;;;" names="0" />
                    <segment id="1073486197" length="3" startTrkptIdx="8881" segmentTime="4.30" speed="9.72" turnType="" turnAngle="" types="12,243,213,222,237,238" pointTypes=";32,244;100" names="0" />
                    <segment id="224934857" length="42" startTrkptIdx="8883" segmentTime="93.16" speed="9.72" turnType="" turnAngle="" types="12,243,213,170,237,238" pointTypes=";32;;;;;;;;;28;98;32;;;;98;;;;98;28;28;28;98;28;;;;32;;;;32;;32;32;32;;;28;32" names="0" />
                    <segment id="224934857" length="80" startTrkptIdx="8924" segmentTime="169.35" speed="6.85" turnType="" turnAngle="" types="12,243,213,170,237,238" pointTypes="32;;32;;32;32;;;;;28;28;;32;;;;;;;32;;;;249,244;;32;;;32;28;249,100;;101;100;32;;;;;;;;;;;32;;;;;32;;;;;;;;;;;;;32;;;;;;;28;98;;98;;;28;98;" names="0" />
                    <segment id="224934857" length="121" startTrkptIdx="9003" segmentTime="262.51" speed="7.87" turnType="C" turnAngle="" types="12,243,213,170,237,238" pointTypes=";98;28;;;98;;98;28;;;;;;;32;;;;;;;;;;;;;32;;;;;32;;;;;;;;;;;32;100;101;;249,100;28;32;;;32;;249,244;;;;32;;;;;;;32;;28;28;;;;;32;32;;32;;32;28;;;32;32;32;;32;;;;32;;;;28;98;28;28;28;98;;;;98;;;;32;98;28;;;;;;;;;32;" names="0" />
                    <segment id="224934857" length="121" startTrkptIdx="9123" segmentTime="262.51" speed="7.87" turnType="C" turnAngle="" types="12,243,213,170,237,238" pointTypes=";98;28;;;98;;98;28;;;;;;;32;;;;;;;;;;;;;32;;;;;32;;;;;;;;;;;32;100;101;;249,100;28;32;;;32;;249,244;;;;32;;;;;;;32;;28;28;;;;;32;32;;32;;32;28;;;32;32;32;;32;;;;32;;;;28;98;28;28;28;98;;;;98;;;;32;98;28;;;;;;;;;32;" names="0" />
                    <segment id="1073486197" length="3" startTrkptIdx="9243" segmentTime="4.30" speed="9.72" turnType="" turnAngle="" types="12,243,213,222,237,238" pointTypes="100;32,244;" names="0" />
                    <segment id="1073486196" length="34" startTrkptIdx="9245" segmentTime="34.86" speed="9.72" turnType="" turnAngle="" types="12,243,213,237,238" pointTypes=";;;;32;28;;101;28;28;28;98;98;28;;;244;;;;;;;;;;;;;;;;;" names="0" />
                    <segment id="1073486195" length="22" startTrkptIdx="9278" segmentTime="17.94" speed="9.72" turnType="" turnAngle="" types="12,243,213,222,237,238" pointTypes="28;;;;101;98;32;;100;;100,244;;;;;;;;;;;" names="0" />
                    <segment id="1241845015" length="16" startTrkptIdx="9299" segmentTime="7.43" speed="9.72" turnType="" turnAngle="" types="12,243,213,237,238" pointTypes=";;;;;;;244;;28;100;98;98;98;100;" names="0" />
                    <segment id="1241845016" length="9" startTrkptIdx="9314" segmentTime="26.97" speed="0.71" turnType="" turnAngle="" types="12,243,213,60,61" pointTypes="249,244;;;;" names="0" />
                    <segment id="1073486194" length="24" startTrkptIdx="9322" segmentTime="14.36" speed="9.72" turnType="TL" turnAngle="-45.37" types="12,243,213,237,238" pointTypes=";;;;;;;;;;;244;;;;;28;28;28;28;100;100;28;" names="0" />
                    <segment id="224934860" length="27" startTrkptIdx="9345" segmentTime="48.77" speed="9.72" turnType="" turnAngle="" types="12,213,246,61" pointTypes=";;28;32;32;;32;28;28;28;28;32;32;;;;;32;98;100;;;;;;;" names="0" />
                    <segment id="1023783572" length="22" startTrkptIdx="9371" segmentTime="12.98" speed="9.72" turnType="" turnAngle="" types="12,213,68,222,246,61" pointTypes=";;;;;;;;;;;;;;;;28;28;28;32;;" names="0" />
                    <segment id="224934856" length="2" startTrkptIdx="9392" segmentTime="1.35" speed="9.72" turnType="" turnAngle="" types="131,248,12,213,68,222,246,61" pointTypes="" names="0" />
                    <segment id="224934859" length="13" startTrkptIdx="9393" segmentTime="8.32" speed="9.72" turnType="" turnAngle="" types="12,213,68,222,246,61" pointTypes=";;;;;;;28;98;;101;;38,19,98" names="0" />
                    <segment id="224934855" length="101" startTrkptIdx="9405" segmentTime="302.58" speed="9.72" turnType="" turnAngle="" types="12,213,246,61" pointTypes="38,19;98;100;100;;;;;;;;;;100;;100;28;28;28;32;28;;;;;;;;32;32;32;28;32;28;32;;;;;;;;;;32;;;;;;;;;32;32;;28;100;28;28;100;100;100;28;;;;;;;;32;;;;;;;;;;;32;32;32;;;;32;32;28;32;;;32;32;;;32;;247" names="0" />
                    <segment id="224934858" length="36" startTrkptIdx="9505" segmentTime="97.46" speed="5.73" turnType="" turnAngle="" types="12,213,2,246,61" pointTypes="247;;32;;;;;;;;32;;247;;;32;247,32;;32;;;;;;;;;;247,32;32;32;32;32;;32;28" names="0" />
                    <segment id="846235706" length="2" startTrkptIdx="9540" segmentTime="1.12" speed="9.72" turnType="" turnAngle="" types="131,12,213,161,61" pointTypes="" names="0" />
                    <segment id="846235705" length="30" startTrkptIdx="9541" segmentTime="119.24" speed="9.72" turnType="" turnAngle="" types="12,213,161,61" pointTypes=";32;;;;;;;;;;;;;;32;32;;;;;32;;;;;32;;32;32" names="0" />
                    <segment id="1073486201" length="2" startTrkptIdx="9570" segmentTime="2.32" speed="9.72" turnType="" turnAngle="" types="243,213,222,161,61" pointTypes="" names="0" />
                    <segment id="733831978" length="2" startTrkptIdx="9571" segmentTime="1.63" speed="9.72" turnType="" turnAngle="" types="131,243,213,222,161,61" pointTypes="" names="0" />
                    <segment id="1073486200" length="2" startTrkptIdx="9572" segmentTime="1.58" speed="9.72" turnType="" turnAngle="" types="243,213,222,161,61" pointTypes="" names="0" />
                    <segment id="1073486198" length="6" startTrkptIdx="9573" segmentTime="17.20" speed="9.72" turnType="" turnAngle="" types="213,161,61" pointTypes=";;;;32;32" names="0" />
                    <segment id="1073486199" length="3" startTrkptIdx="9578" segmentTime="28.73" speed="1.26" turnType="" turnAngle="" types="213,222,161,61" pointTypes=";239;38,19" names="0" />
                    <segment id="733831979" length="100" startTrkptIdx="9580" segmentTime="300.77" speed="9.72" turnType="" turnAngle="" types="213,161,61" pointTypes="38,19;32;32;;;32;32;32;32;;;32;;;;;;;;;;;;28;32;32;32;32;;;;;;;;;;;;;;;;32;32;32;32;32;32;;;;;;;;;;;;;;;;32;32;32;;;;;;;;;;;;;;;;;;;;;;;;;;32;28;100;100;32;;;" names="0" />
                    <segment id="1073486202" length="2" startTrkptIdx="9679" segmentTime="1.83" speed="9.72" turnType="" turnAngle="" types="243,213,222,161,61" pointTypes=";" names="0" />
                    <segment id="654650324" length="2" startTrkptIdx="9680" segmentTime="6.73" speed="9.72" turnType="" turnAngle="" types="131,243,213,68,222,161,61" pointTypes="" names="0" />
                    <segment id="1073486203" length="2" startTrkptIdx="9681" segmentTime="3.07" speed="9.72" turnType="" turnAngle="" types="243,213,222,161,61" pointTypes=";38,19" names="0" />
                    <segment id="893180522" length="53" startTrkptIdx="9682" segmentTime="252.45" speed="9.72" turnType="" turnAngle="" types="243,213,161,61" pointTypes="38,19;;;;;;32;;;;;;;;;;32;100;98;;100;32;32;28;28;32;32,244;32;;;;;;;;28;;;;;;100;28;;;;32;32;;;;;28" names="0" />
                    <segment id="1073486205" length="2" startTrkptIdx="9734" segmentTime="2.32" speed="9.72" turnType="" turnAngle="" types="243,213,68,222,161,61" pointTypes=";" names="0" />
                    <segment id="893180523" length="2" startTrkptIdx="9735" segmentTime="6.48" speed="9.72" turnType="" turnAngle="" types="131,213,68,222,161,61" pointTypes="" names="0" />
                    <segment id="1073486204" length="2" startTrkptIdx="9736" segmentTime="2.71" speed="9.72" turnType="" turnAngle="" types="213,68,222,161,61" pointTypes=";38,19" names="0" />
                    <segment id="654650325" length="55" startTrkptIdx="9737" segmentTime="465.45" speed="9.72" turnType="" turnAngle="" types="213,161,61" pointTypes="38,19;;;;;;32;;32;32;;;32;32;;;;;;;32;32;;;;;;;;;;32;32;;32;;;32;;;;;32;;;;;;;32;;;;;" names="0" />
                    <segment id="1073486207" length="2" startTrkptIdx="9791" segmentTime="2.55" speed="9.72" turnType="" turnAngle="" types="243,213,68,222,161,61" pointTypes=";" names="0" />
                    <segment id="727701194" length="2" startTrkptIdx="9792" segmentTime="4.00" speed="9.72" turnType="" turnAngle="" types="131,243,213,68,222,9" pointTypes="" names="0" />
                    <segment id="1073486206" length="2" startTrkptIdx="9793" segmentTime="2.60" speed="9.72" turnType="" turnAngle="" types="243,213,68,222,161,61" pointTypes=";38,19" names="0" />
                    <segment id="893180530" length="13" startTrkptIdx="9794" segmentTime="167.43" speed="9.72" turnType="" turnAngle="" types="213,161,61" pointTypes="38,19;;;;;100;32;;;32;;;28" names="0" />
                    <segment id="893180531" length="2" startTrkptIdx="9806" segmentTime="1.86" speed="9.72" turnType="" turnAngle="" types="131,213,161,61" pointTypes="" names="0" />
                    <segment id="1073486208" length="5" startTrkptIdx="9807" segmentTime="22.01" speed="9.72" turnType="" turnAngle="" types="213,161,61" pointTypes=";;;32" names="0" />
                    <segment id="1073486209" length="3" startTrkptIdx="9811" segmentTime="10.41" speed="9.72" turnType="" turnAngle="" types="243,213,222,161,61" pointTypes=";244;" names="0" />
                    <segment id="1533746430" length="4" startTrkptIdx="9813" segmentTime="18.45" speed="9.72" turnType="" turnAngle="" types="213,161,61" pointTypes=";31,32;;" names="0" />
                    <segment id="727701195" length="80" startTrkptIdx="9816" segmentTime="73.89" speed="26.07" turnType="" turnAngle="" types="213,127,161,61" pointTypes=";;;;;;31,32;;;10,89;10,89;10,89;10,119;10,11;10,89;10,150;10,89;10,89;10,119;10,89;10,119;10,89;10,89;10,11;10,11;10,89;10,89;10,89;10,119;10,89;10,150;10,150;;142,100;141,98;141,98;141,98;142,100;142,100;27,28;27,28;142,100;141,98;154,101;154,101;157,158;142,100;27,28;;10,89;10,150;10,156;10,197;10,209;10,150;;10,144;147,148;10,150;141,98;10,119;157,158;31,32;10,119;;142,100;10,119;10,150;10,119;;27,28;10,11;31,32;27,28;142,100;141,98;142,100;;;142,100" names="0" />
                    <segment id="1073486211" length="2" startTrkptIdx="9895" segmentTime="0.26" speed="26.07" turnType="" turnAngle="" types="131,213,127,161,61" pointTypes="" names="0" />
                    <segment id="1073486212" length="4" startTrkptIdx="9896" segmentTime="3.28" speed="26.07" turnType="" turnAngle="" types="213,127,161,61" pointTypes=";10,11;10,150;10,150" names="0" />
                    <segment id="1073486213" length="2" startTrkptIdx="9899" segmentTime="0.23" speed="26.07" turnType="" turnAngle="" types="131,213,127,161,61" pointTypes="" names="0" />
                    <segment id="1073486214" length="31" startTrkptIdx="9900" segmentTime="19.31" speed="26.07" turnType="" turnAngle="" types="213,127,161,61" pointTypes=";10,150;10,119;10,89;;27,28;31,32;10,150;10,150;10,150;27,28;141,98;141,98;142,100;31,32;;;10,11;10,119;10,149;10,150;10,149;10,140;10,119;;31,32;;;;31,32" names="0" />
                    <segment id="1533746428" length="25" startTrkptIdx="9930" segmentTime="20.29" speed="8.33" turnType="" turnAngle="" types="213,3,161,61" pointTypes=";10,119;10,119;10,149;10,197;10,209;10,144;10,144;10,144;10,144;10,144;10,159;10,208;10,151;10,156;10,89;;141,98;147,148;145,146;145,146;203,204;152,153;154,101;245,142,100" names="0" />
                    <segment id="1073486210" length="24" startTrkptIdx="9954" segmentTime="34.41" speed="8.33" turnType="" turnAngle="" types="243,213,3,237,238" pointTypes="245;;10,11;10,11;;27,28;27,28;;10,11;10,119;10,156;10,151;244,10,143;10,149;10,140;10,119;31,32;157,158;27,28;27,28;141,98;147,148;147,148;157,158" names="0" />
                    <segment id="1533746429" length="7" startTrkptIdx="9977" segmentTime="7.80" speed="8.33" turnType="" turnAngle="" types="213,3,161,61" pointTypes=";27,28;10,89;10,119;10,149;10,143;10,149" names="0" />
                    <segment id="1073486215" length="14" startTrkptIdx="9983" segmentTime="9.32" speed="26.07" turnType="" turnAngle="" types="213,127,161,61" pointTypes=";10,119;;142,100;157,158;154,101;162,163;205,206;205,206;205,206;162,163;141,98;157,158;141,98" names="0" />
                    <segment id="221461279" length="2" startTrkptIdx="9996" segmentTime="0.87" speed="26.07" turnType="" turnAngle="" types="213,68,127,222,161,61" pointTypes=";31,32" names="0" />
                    <segment id="221461281" length="2" startTrkptIdx="9997" segmentTime="1.63" speed="26.07" turnType="" turnAngle="" types="131,213,68,127,222,161,61" pointTypes="" names="0" />
                    <segment id="221461285" length="4" startTrkptIdx="9998" segmentTime="0.93" speed="26.07" turnType="" turnAngle="" types="213,68,127,222,161,61" pointTypes=";10,150;10,119;38,19,10,119" names="0" />
                    <segment id="221461272" length="49" startTrkptIdx="10001" segmentTime="46.88" speed="26.07" turnType="" turnAngle="" types="213,127,161,61" pointTypes="38,19;10,119;10,119;10,119;;27,28;31,32;31,32;27,28;142,100;142,100;27,28;31,32;31,32;;;;;10,11;10,150;10,11;27,28;142,100;31,32;;;;;;10,89;10,119;10,119;10,119;10,150;10,140;10,156;10,149;10,140;10,89;10,119;10,89;10,119;10,149;10,140;10,149;10,156;10,149;10,150" names="0" />
                    <segment id="1073486217" length="5" startTrkptIdx="10049" segmentTime="0.52" speed="26.07" turnType="" turnAngle="" types="213,68,127,222,161,61" pointTypes=";;;27,28;27,28" names="0" />
                    <segment id="660605379" length="10" startTrkptIdx="10053" segmentTime="1.44" speed="26.07" turnType="" turnAngle="" types="131,213,68,127,222,161,61" pointTypes="" names="0" />
                    <segment id="1073486218" length="5" startTrkptIdx="10062" segmentTime="0.77" speed="26.07" turnType="" turnAngle="" types="213,68,127,222,161,61" pointTypes=";10,89;10,89;10,89;38,19,10,11" names="0" />
                    <segment id="1533746419" length="23" startTrkptIdx="10066" segmentTime="9.90" speed="26.07" turnType="" turnAngle="" types="213,127,161,61" pointTypes="38,19;10,11;10,11;10,11;10,11;10,11;;;;;10,11;10,89;10,89;10,11;31,32;142,100;27,28;27,28;27,28;27,28;142,100;141,98;141,98" names="0" />
                    <segment id="1533746420" length="23" startTrkptIdx="10088" segmentTime="14.87" speed="12.50" turnType="" turnAngle="" types="213,127,211,161,61" pointTypes=";141,98;142,100;27,28;;10,119;10,149;10,156;10,143;10,197;10,208;10,208;10,197;10,151;10,143;10,149;10,140;10,140;10,149;10,143;10,151;10,209;10,159" names="0" />
                    <segment id="1533746411" length="44" startTrkptIdx="10110" segmentTime="28.66" speed="26.07" turnType="" turnAngle="" types="213,127,161,61" pointTypes=";10,159;10,151;10,143;10,143;10,156;10,149;10,140;10,140;10,140;10,119;10,119;10,119;10,89;10,11;10,11;;;10,89;10,119;10,119;10,150;10,119;10,89;10,11;31,32;10,89;10,89;10,89;10,119;10,11;10,11;10,89;10,89;10,11;;;;31,32;27,28;27,28;142,100;10,11;10,140" names="0" />
                    <segment id="1533746424" length="8" startTrkptIdx="10153" segmentTime="6.61" speed="15.24" turnType="" turnAngle="" types="213,127,231,161,61" pointTypes=";10,156;10,143;10,151;10,143;10,151;10,156;10,140" names="0" />
                    <segment id="1533746423" length="6" startTrkptIdx="10160" segmentTime="5.25" speed="26.07" turnType="" turnAngle="" types="213,127,161,61" pointTypes=";10,156;10,143;10,149;10,156;10,156" names="0" />
                    <segment id="1533746422" length="5" startTrkptIdx="10165" segmentTime="3.54" speed="15.24" turnType="" turnAngle="" types="213,127,231,161,61" pointTypes=";10,143;10,149;10,150" names="0" />
                    <segment id="1533746421" length="11" startTrkptIdx="10169" segmentTime="16.09" speed="26.07" turnType="" turnAngle="" types="213,127,161,61" pointTypes=";142,100;142,100;142,100;142,100;27,28;27,28;27,28;142,100;27,28;142,100" names="0" />
                    <segment id="1533746418" length="13" startTrkptIdx="10179" segmentTime="7.31" speed="9.72" turnType="" turnAngle="" types="213,127,207,161,61" pointTypes=";141,98;157,158;157,158;157,158;157,158;157,158;141,98;142,100;27,28;;;10,89" names="0" />
                    <segment id="1533746417" length="10" startTrkptIdx="10191" segmentTime="4.51" speed="26.07" turnType="" turnAngle="" types="213,127,161,61" pointTypes=";10,150;10,119;10,89;;;10,11;10,11;10,119;10,150" names="0" />
                    <segment id="1533746412" length="9" startTrkptIdx="10200" segmentTime="8.02" speed="9.72" turnType="" turnAngle="" types="213,127,207,161,61" pointTypes=";10,150;10,150;10,89;10,11;142,100;157,158;154,101;154,101" names="0" />
                    <segment id="1533746415" length="11" startTrkptIdx="10208" segmentTime="4.83" speed="26.07" turnType="" turnAngle="" types="213,127,161,61" pointTypes=";154,101;142,100;31,32;31,32;;;142,100;142,100;31,32;31,32" names="0" />
                    <segment id="1533746416" length="15" startTrkptIdx="10218" segmentTime="9.50" speed="9.72" turnType="" turnAngle="" types="213,127,207,161,61" pointTypes=";;10,89;10,119;10,140;10,140;10,140;10,149;10,149;10,156;10,156;10,143;10,143;10,143;10,149" names="0" />
                    <segment id="1533746413" length="31" startTrkptIdx="10232" segmentTime="21.09" speed="26.07" turnType="" turnAngle="" types="213,127,161,61" pointTypes=";10,140;10,156;10,149;10,156;10,143;10,149;10,150;;31,32;31,32;31,32;;;10,89;10,140;10,140;10,156;10,149;10,149;10,150;10,119;27,28;27,28;;10,11;10,11;;31,32;27,28;141,98" names="0" />
                    <segment id="1533746414" length="6" startTrkptIdx="10262" segmentTime="3.29" speed="15.24" turnType="" turnAngle="" types="213,127,231,161,61" pointTypes=";154,101;147,148;162,163;162,163;147,148" names="0" />
                    <segment id="660605380" length="75" startTrkptIdx="10267" segmentTime="212.96" speed="26.07" turnType="" turnAngle="" types="213,127,161,61" pointTypes=";154,101;141,98;27,28;31,32;31,32;31,32;27,28;31,32;31,32;27,28;27,28;31,32;31,32;142,100;141,98;141,98;141,98;27,28;142,100;141,98;142,100;142,100;27,28;27,28;27,28;31,32;31,32;31,32;27,28;27,28;;31,32;10,11;31,32;;;;;31,32;31,32;142,100;;;31,32;142,100;142,100;31,32;;;10,89;10,89;10,11;;31,32;31,32;10,119;10,11;;31,32;31,32;31,32;27,28;27,28;27,28;;;;;31,32;;10,11;10,119;10,11;10,119" names="0" />
                    <segment id="161965295" length="35" startTrkptIdx="10341" segmentTime="86.51" speed="26.07" turnType="" turnAngle="" types="213,127,6,9" pointTypes=";10,150;10,89;10,119;10,150;10,140;10,140;10,140;10,140;10,156;10,140;10,140;10,140;10,140;10,140;10,150;10,119;10,119;10,119;10,89;10,89;10,11;10,89;10,89;10,89;10,89;10,11;;;10,11;10,89;10,11;10,11;;10,11" names="0" />
                    <segment id="161965295" length="3" startTrkptIdx="10375" segmentTime="15.95" speed="26.07" turnType="KR" turnAngle="-2.86" types="213,127,6,9" pointTypes="10,11;31,32;27,28" names="0" />
                    <segment id="1533746403" length="11" startTrkptIdx="10377" segmentTime="5.67" speed="17.65" turnType="" turnAngle="" types="213,127,242,6,9" pointTypes=";27,28;142,100;142,100;142,100;141,98;141,98;142,100;142,100;142,100;141,98" names="0" />
                    <segment id="1533746402" length="42" startTrkptIdx="10387" segmentTime="27.96" speed="26.07" turnType="" turnAngle="" types="213,127,6,9" pointTypes=";142,100;27,28;31,32;142,100;142,100;27,28;27,28;142,100;141,98;157,158;157,158;142,100;142,100;142,100;142,100;142,100;27,28;31,32;31,32;31,32;31,32;27,28;27,28;31,32;31,32;27,28;31,32;142,100;142,100;27,28;31,32;;27,28;27,28;31,32" names="0" />
                    <segment id="1533746404" length="6" startTrkptIdx="10428" segmentTime="1.41" speed="26.07" turnType="" turnAngle="" types="213,127,6,9" pointTypes=";;;;;18,19" names="0,416" />
                    <segment id="1533746404" length="2" startTrkptIdx="10433" segmentTime="10.22" speed="0.56" turnType="C" turnAngle="-14.89" types="213,127,6,9" pointTypes="18,19" names="0,416" />
                    <segment id="165574122" length="25" startTrkptIdx="10434" segmentTime="20.63" speed="26.07" turnType="TR" turnAngle="86.02" types="223,2,127,6,9" pointTypes=";;;;;31,32;31,32;31,32;10,11;10,11;;;;10,11;;;27,28;31,32;31,32;31,32;;;;;10,11" names="0" />
                    <segment id="1077825369" length="2" startTrkptIdx="10458" segmentTime="1.26" speed="26.07" turnType="" turnAngle="" types="223,68,127,222,6,9" pointTypes=";" names="0" />
                    <segment id="256789181" length="2" startTrkptIdx="10459" segmentTime="1.48" speed="26.07" turnType="" turnAngle="" types="131,223,68,229,127,230,222,6,9" pointTypes="" names="0" />
                    <segment id="1077825370" length="3" startTrkptIdx="10460" segmentTime="1.00" speed="26.07" turnType="" turnAngle="" types="223,68,127,222,6,9" pointTypes=";;38,19" names="0" />
                    <segment id="256789182" length="44" startTrkptIdx="10462" segmentTime="58.63" speed="26.07" turnType="" turnAngle="" types="223,2,127,6,9" pointTypes="38,19;;10,89;10,89;;10,89;;;10,11;;;;27,28;;;;;10,11;10,89;10,11;10,89;10,89;10,89;10,11;;;;10,11;31,32;;;;10,11;10,11;10,89;10,11;;;;;;31,32;;31,32" names="0" />
                    <segment id="1533766450" length="9" startTrkptIdx="10505" segmentTime="3.09" speed="26.07" turnType="" turnAngle="" types="223,2,127,241,6,9" pointTypes=";;10,11;10,119;10,150;10,150;10,119;10,89;10,89" names="0" />
                    <segment id="1533766449" length="23" startTrkptIdx="10513" segmentTime="35.21" speed="26.07" turnType="" turnAngle="" types="223,2,127,6,9" pointTypes=";10,89;10,89;31,32;27,28;27,28;;;;;;;;;;10,11;10,11;;;10,11;10,89;10,11;31,32" names="0" />
                    <segment id="467552683" length="18" startTrkptIdx="10535" segmentTime="30.48" speed="18.85" turnType="" turnAngle="" types="223,2,102,6,9" pointTypes=";27,28;142,100;27,28;;;;;;31,32;;" names="0" />
                    <segment id="1533752982" length="11" startTrkptIdx="10552" segmentTime="16.72" speed="18.85" turnType="" turnAngle="" types="223,2,102,6,9" pointTypes=";;;;;;;;31,32;31,32;31,32" names="0" />
                    <segment id="1077829758" length="2" startTrkptIdx="10562" segmentTime="4.84" speed="18.85" turnType="" turnAngle="" types="223,2,102,6,9" pointTypes=";32" names="0" />
                    <segment id="984592364" length="20" startTrkptIdx="10563" segmentTime="26.33" speed="26.07" turnType="" turnAngle="" types="223,2,127,6,9" pointTypes=";10,11;31,32;31,32;31,32;;;31,32;10,11;;;;10,11;31,32;31,32;31,32;;10,11;;31,32" names="0" />
                    <segment id="984592365" length="2" startTrkptIdx="10582" segmentTime="1.08" speed="26.07" turnType="" turnAngle="" types="131,223,2,127,161,61" pointTypes="" names="0" />
                    <segment id="467552682" length="8" startTrkptIdx="10583" segmentTime="60.01" speed="26.07" turnType="" turnAngle="" types="223,2,127,6,9" pointTypes=";27,28;31,32;31,32;;;31,32;27,28" names="0" />
                    <segment id="1533746386" length="12" startTrkptIdx="10590" segmentTime="8.27" speed="15.24" turnType="" turnAngle="" types="223,2,127,231,6,9" pointTypes=";27,28;27,28;27,28;31,32;;;10,11;10,11;31,32;31,32;31,32" names="0" />
                    <segment id="1533746385" length="12" startTrkptIdx="10601" segmentTime="22.09" speed="26.07" turnType="" turnAngle="" types="223,2,127,6,9" pointTypes=";;31,32;;27,28;27,28;;;;31,32;31,32" names="0" />
                    <segment id="854354867" length="2" startTrkptIdx="10612" segmentTime="0.30" speed="26.07" turnType="" turnAngle="" types="131,223,2,127,240,6,9" pointTypes="" names="0" />
                    <segment id="1533746383" length="27" startTrkptIdx="10613" segmentTime="49.17" speed="26.07" turnType="" turnAngle="" types="223,2,127,6,9" pointTypes=";;10,11;;;;;;;;10,11;;10,11;10,11;10,89;10,11;10,89;10,11;10,89;10,11;10,11;10,11;;10,11;10,11;10,11" names="0" />
                    <segment id="1533746384" length="10" startTrkptIdx="10639" segmentTime="4.46" speed="20.06" turnType="" turnAngle="" types="223,2,127,185,6,9" pointTypes=";10,11;10,89;10,89;10,89;10,89;10,119;10,119;10,150;10,150" names="0" />
                    <segment id="1533737634" length="4" startTrkptIdx="10648" segmentTime="9.21" speed="26.07" turnType="" turnAngle="" types="223,2,127,6,7,221,9" pointTypes=";;;" names="0,298,399,394,302,303,400,305,401" />
                    <segment id="31889084" length="2" startTrkptIdx="10651" segmentTime="8.72" speed="12.50" turnType="" turnAngle="" types="131,223,2,229,230,6,7,221,9" pointTypes="" names="0,298,399,394,302,303,400,305,401" />
                    <segment id="246154007" length="2" startTrkptIdx="10652" segmentTime="34.99" speed="12.50" turnType="" turnAngle="" types="223,2,6,9" pointTypes=";" names="0" />
                    <segment id="246154007" length="73" startTrkptIdx="10653" segmentTime="664.63" speed="12.50" turnType="C" turnAngle="" types="223,2,6,9" pointTypes=";;;;;;;;;;;;;;;;;;;;;;;;;;;;;;;;;;;;28;32;28;;;;;;28;28;28;28;;;;;;;;32;;28;;;;;;;;;;32;;;;;" names="0" />
                    <segment id="1092346296" length="9" startTrkptIdx="10725" segmentTime="40.31" speed="26.07" turnType="" turnAngle="" types="223,2,127,6,9" pointTypes=";;;;;;;;32" names="0" />
                    <segment id="1092346296" length="23" startTrkptIdx="10733" segmentTime="76.47" speed="26.07" turnType="TSLL" turnAngle="-12.76" types="223,2,127,6,9" pointTypes="32;32;;;;;;32;32;32;28;32;32;28;100;100;100;32;28;28;32;;" names="0" />
                    <segment id="1092346295" length="2" startTrkptIdx="10755" segmentTime="0.62" speed="26.07" turnType="" turnAngle="" types="131,223,2,127,240,6,9" pointTypes="" names="0" />
                    <segment id="165271936" length="38" startTrkptIdx="10756" segmentTime="124.99" speed="26.07" turnType="" turnAngle="" types="223,2,127,6,9" pointTypes=";;;;;;;;;;;;;;;;;;;;;;;;;;;;;;28;32;;28;32;;;" names="0" />
                    <segment id="1076712206" length="2" startTrkptIdx="10793" segmentTime="0.35" speed="26.07" turnType="" turnAngle="" types="131,223,2,127,240,161,61" pointTypes="" names="0" />
                    <segment id="1076712205" length="15" startTrkptIdx="10794" segmentTime="74.24" speed="20.81" turnType="" turnAngle="" types="223,2,127,6,9" pointTypes=";;;;;;;;;;;;;18,216" names="0" />
                    <segment id="114493810" length="2" startTrkptIdx="10808" segmentTime="38.00" speed="26.07" turnType="TL" turnAngle="-63.74" types="250,2,127,6,72,91,174,7,221,9,73,74,75,76,77,78,175,176,177,178,179,79,80,81,82,83,84,180,181,182,183,184" pointTypes=";" names="0,0,417,418,367,318,325,369,419,420,370,421,298,393,394,395,303,396,305,397,398,422,423,424,425,373,374,426" />
                    <segment id="1077849799" length="7" startTrkptIdx="10809" segmentTime="4.35" speed="12.50" turnType="" turnAngle="" types="250,2,127,211,6,72,91,174,7,221,9,73,74,75,76,77,78,175,176,177,178,179,79,80,81,82,83,84,180,181,182,183,184" pointTypes="" names="0,0,417,418,367,318,325,369,419,420,370,421,298,393,394,395,303,396,305,397,398,422,423,424,425,373,374,426" />
                    <segment id="114493814" length="2" startTrkptIdx="10815" segmentTime="2.87" speed="26.07" turnType="" turnAngle="" types="131,250,2,127,6,72,91,174,7,221,9,73,74,75,76,77,78,175,176,177,178,179,79,80,81,82,83,84,180,181,182,183,184" pointTypes="" names="0,0,417,418,367,318,325,369,419,420,370,421,298,393,394,395,303,396,305,397,398,422,423,424,425,373,374,426,427" />
                    <segment id="1077849798" length="7" startTrkptIdx="10816" segmentTime="4.53" speed="12.50" turnType="" turnAngle="" types="250,2,127,211,6,72,91,174,7,221,9,73,74,75,76,77,78,175,176,177,178,179,79,80,81,82,83,84,180,181,182,183,184" pointTypes="" names="0,0,417,418,367,318,325,369,419,420,370,421,298,393,394,395,303,396,305,397,398,422,423,424,425,373,374,426" />
                    <segment id="591536881" length="11" startTrkptIdx="10822" segmentTime="37.00" speed="26.07" turnType="" turnAngle="" types="250,2,127,6,72,91,174,7,221,9,73,74,75,76,77,78,175,176,177,178,179,79,80,81,82,83,84,180,181,182,183,184" pointTypes=";;;;31,32;27,28;31,32;27,28;;" names="0,0,417,418,367,318,325,369,419,420,370,421,298,393,394,395,303,396,305,397,398,422,423,424,425,373,374,426" />
                    <segment id="731711992" length="2" startTrkptIdx="10832" segmentTime="0.11" speed="26.07" turnType="" turnAngle="" types="250,2,127,6,72,91,174,7,221,9,73,74,75,76,77,78,175,176,177,178,179,79,80,81,82,83,84,180,181,182,183,184" pointTypes="" names="0,0,417,418,367,318,325,369,419,420,370,421,298,393,394,395,303,396,305,397,398,422,423,424,425,373,374,426" />
                    <segment id="48036656" length="13" startTrkptIdx="10833" segmentTime="89.61" speed="26.07" turnType="C" turnAngle="4.77" types="250,2,127,6,72,91,174,9,73,74,75,76,77,78,175,176,177,178,179,79,80,81,82,83,84,180,181,182,183,184" pointTypes="31,32;;;;;;10,89;10,11;;;;31,32;" names="0,0,417,418,367,318,325,369,419,420,370,421,422,423,424,425,373,374,426" />
                    <segment id="114493812" length="5" startTrkptIdx="10845" segmentTime="28.82" speed="13.41" turnType="" turnAngle="" types="250,2,23,6,72,91,174,9,73,74,75,76,77,78,175,176,177,178,179,79,80,81,82,83,84,180,181,182,183,184" pointTypes="27,28;31,32;64,14,16;;" names="0,0,417,418,367,318,325,369,419,420,370,421,422,423,424,425,373,374,426" />
                    <segment id="984802424" length="8" startTrkptIdx="10849" segmentTime="71.42" speed="8.05" turnType="" turnAngle="" types="250,2,23,6,72,91,174,9,73,74,75,76,77,78,175,176,177,178,179,79,80,81,82,83,84,180,181,182,183,184" pointTypes="31,32;39,35,40,16;31,32;;;31,32;251,252,253,220,31,32;" names="0,0,417,418,367,318,325,369,419,420,370,421,422,423,424,425,373,374,426" />
                    <segment id="984802426" length="11" startTrkptIdx="10856" segmentTime="12.98" speed="3.19" turnType="" turnAngle="" types="250,68,23,62,6,72,135,9,73,74,75,136,137,92,93,94,79,80,81,138,139,95,96,97" pointTypes=";10,11;;;;;;;;18,19;10,89" names="0,0,417,352,318,354,419,361,428,422,423,357,362,429" />
                    <segment id="661052874" length="2" startTrkptIdx="10866" segmentTime="1.74" speed="11.11" turnType="TL" turnAngle="-80.99" types="65,66,70,85,33,186,254,161,255,72,91,174,61,73,74,75,76,77,78,175,176,177,178,179,79,80,81,82,83,84,180,181,182,183,184" pointTypes=";" names="0,0,345,366,367,318,325,369,346,347,370,371,348,349,372,350,373,374,376,430,431" />
                    <segment id="678242976" length="2" startTrkptIdx="10867" segmentTime="3.56" speed="11.11" turnType="" turnAngle="" types="65,66,70,2,254,161,72,91,174,61,73,74,75,76,77,78,175,176,177,178,179,79,80,81,82,83,84,180,181,182,183,184" pointTypes=";" names="0,0,345,366,367,318,325,369,346,347,370,371,348,349,372,350,373,374,376" />
                    <segment id="1169535279" length="2" startTrkptIdx="10868" segmentTime="2.43" speed="11.11" turnType="" turnAngle="" types="65,66,70,2,254,161,214,72,91,174,215,61,73,74,75,76,77,78,175,176,177,178,179,79,80,81,82,83,84,180,181,182,183,184" pointTypes=";" names="0,0,345,366,367,318,325,369,346,347,370,371,379,380,381,382,383,384,385,386,387,388,389,390,391,392,348,349,372,350,373,374,376" />
                    <segment id="225745192" length="2" startTrkptIdx="10869" segmentTime="10.28" speed="13.89" turnType="" turnAngle="" types="65,66,70,2,23,161,214,72,91,174,215,61,73,74,75,76,77,78,175,176,177,178,179,79,80,81,82,83,84,180,181,182,183,184" pointTypes=";" names="0,0,345,366,367,318,325,369,346,347,370,371,379,380,381,382,383,384,385,386,387,388,389,390,391,392,348,349,372,350,373,374,376" />
                    <segment id="47289407" length="5" startTrkptIdx="10870" segmentTime="4.86" speed="13.89" turnType="" turnAngle="" types="65,66,70,2,23,161,214,72,91,174,215,61,73,74,75,76,77,78,175,176,177,178,179,79,80,81,82,83,84,180,181,182,183,184" pointTypes=";31,32;;" names="0,0,345,366,367,318,325,369,346,347,370,371,379,380,381,382,383,384,385,386,387,388,389,390,391,392,348,349,372,350,373,374,376" />
                    <segment id="48036655" length="5" startTrkptIdx="10874" segmentTime="7.47" speed="18.85" turnType="" turnAngle="" types="212,70,2,102,161,72,91,174,61,73,74,75,76,77,78,175,176,177,178,179,79,80,81,82,83,84,180,181,182,183,184" pointTypes="10,11;31,32;142,100;142,100" names="0,0,345,366,367,318,325,369,346,347,370,371,348,349,372,350,373,374,376" />
                    <segment id="48036655" length="11" startTrkptIdx="10878" segmentTime="9.08" speed="18.85" turnType="" turnAngle="" types="212,70,2,102,161,72,91,174,61,73,74,75,76,77,78,175,176,177,178,179,79,80,81,82,83,84,180,181,182,183,184" pointTypes="142,100;27,28;27,28;27,28;31,32;31,32;;;31,32;;" names="0,0,345,366,367,318,325,369,346,347,370,371,348,349,372,350,373,374,376" />
                    <segment id="298983130" length="27" startTrkptIdx="10888" segmentTime="22.98" speed="26.07" turnType="" turnAngle="" types="212,70,2,127,161,72,91,174,61,73,74,75,76,77,78,175,176,177,178,179,79,80,81,82,83,84,180,181,182,183,184" pointTypes=";;10,119;10,150;10,89;10,89;10,119;10,119;10,150;10,89;10,11;10,89;10,150;10,119;10,119;10,119;10,11;10,11;;31,32;31,32;10,11;27,28;142,100;27,28;27,28" names="0,0,345,366,367,318,325,369,346,347,370,371,348,349,372,350,373,374,376" />
                    <segment id="117527056" length="2" startTrkptIdx="10914" segmentTime="1.00" speed="26.07" turnType="" turnAngle="" types="131,70,2,127,161,72,91,174,61,73,74,75,76,77,78,175,176,177,178,179,79,80,81,82,83,84,180,181,182,183,184" pointTypes="" names="0,0,345,366,367,318,325,369,346,347,370,371,348,349,372,350,373,374,376" />
                    <segment id="298983135" length="23" startTrkptIdx="10915" segmentTime="43.86" speed="26.07" turnType="" turnAngle="" types="70,2,127,161,72,91,174,61,73,74,75,76,77,78,175,176,177,178,179,79,80,81,82,83,84,180,181,182,183,184" pointTypes=";10,119;10,119;;10,11;10,11;10,89;10,119;10,150;10,119;10,119;142,100;141,98;27,28;27,28;142,100;31,32;31,32;142,100;142,100;142,100;141,98;157,158" names="0,0,345,366,367,318,325,369,346,347,370,371,348,349,372,350,373,374,376" />
                    <segment id="117527050" length="2" startTrkptIdx="10937" segmentTime="1.72" speed="26.07" turnType="" turnAngle="" types="131,70,2,127,161,72,91,174,61,73,74,75,76,77,78,175,176,177,178,179,79,80,81,82,83,84,180,181,182,183,184" pointTypes="" names="0,0,345,366,367,318,325,369,346,347,370,371,348,349,372,350,373,374,376" />
                    <segment id="117527063" length="20" startTrkptIdx="10938" segmentTime="22.08" speed="26.07" turnType="" turnAngle="" types="70,2,127,161,72,91,174,61,73,74,75,76,77,78,175,176,177,178,179,79,80,81,82,83,84,180,181,182,183,184" pointTypes="27,28;142,100;142,100;141,98;142,100;31,32;142,100;27,28;31,32;141,98;142,100;142,100;142,100;;31,32;;10,11;10,89;10,89;10,119" names="0,0,345,366,367,318,325,369,346,347,370,371,348,349,372,350,373,374,376" />
                    <segment id="117527063" length="3" startTrkptIdx="10957" segmentTime="0.91" speed="26.07" turnType="" turnAngle="" types="70,2,127,161,72,91,174,61,73,74,75,76,77,78,175,176,177,178,179,79,80,81,82,83,84,180,181,182,183,184" pointTypes="10,119;10,119;" names="0,0,345,366,367,318,325,369,346,347,370,371,348,349,372,350,373,374,376" />
                    <segment id="298983131" length="6" startTrkptIdx="10959" segmentTime="4.45" speed="26.07" turnType="" turnAngle="" types="107,70,68,127,62,161,72,135,61,73,74,75,136,137,92,93,94,79,80,81,138,139,95,96,97" pointTypes=";141,98;142,100;31,32;10,11;10,119" names="0,0,345,352,318,354,346,361,356,348,349,357,362,360" />
                    <segment id="117527072" length="2" startTrkptIdx="10964" segmentTime="1.08" speed="26.07" turnType="" turnAngle="" types="131,107,70,68,127,62,161,72,135,61,73,74,75,136,137,92,93,94,79,80,81,138,139,95,96,97" pointTypes="" names="0,0,345,352,318,354,346,361,356,348,349,357,362,360" />
                    <segment id="117527049" length="8" startTrkptIdx="10965" segmentTime="6.71" speed="12.50" turnType="" turnAngle="" types="107,70,68,127,211,62,161,72,135,61,73,74,75,136,137,92,93,94,79,80,81,138,139,95,96,97" pointTypes=";10,151;10,151;10,151;10,140;10,150;10,89;10,11" names="0,0,345,352,318,354,346,361,356,348,349,357,362,360" />
                    <segment id="117599749" length="2" startTrkptIdx="10972" segmentTime="1.36" speed="26.07" turnType="" turnAngle="" types="107,70,195,2,127,4,161,72,91,174,61,73,74,75,76,77,78,175,176,177,178,179,79,80,81,82,83,84,180,181,182,183,184" pointTypes=";10,11" names="0,0,345,366,367,318,325,369,346,347,370,371,348,349,372,350,373,374,376" />
                    <segment id="298983136" length="20" startTrkptIdx="10973" segmentTime="18.32" speed="26.07" turnType="" turnAngle="" types="107,70,195,85,33,186,127,4,161,72,91,174,61,73,74,75,76,77,78,175,176,177,178,179,79,80,81,82,83,84,180,181,182,183,184" pointTypes=";10,89;10,119;10,119;10,11;10,11;31,32;;31,32;;;10,11;10,11;10,11;10,119;10,149;10,156;10,156;10,89;10,11" names="0,0,345,366,367,318,325,369,346,347,370,371,348,349,372,350,373,374,376" />
                    <segment id="884561614" length="19" startTrkptIdx="10992" segmentTime="18.48" speed="26.07" turnType="" turnAngle="" types="107,70,195,2,127,4,161,72,91,174,61,73,74,75,76,77,78,175,176,177,178,179,79,80,81,82,83,84,180,181,182,183,184" pointTypes=";31,32;31,32;;;10,119;10,140;10,89;10,11;31,32;;10,11;10,119;10,89;10,89;10,119;10,150;10,150;10,149" names="0,0,345,366,367,318,325,369,346,347,370,371,348,349,372,350,373,374,376" />
                    <segment id="884561615" length="9" startTrkptIdx="11010" segmentTime="9.36" speed="9.72" turnType="" turnAngle="" types="107,70,195,2,127,207,4,161,72,91,174,61,73,74,75,76,77,78,175,176,177,178,179,79,80,81,82,83,84,180,181,182,183,184" pointTypes=";10,149;10,150;10,119;157,158;162,163;145,146;145,146;205,206" names="0,0,345,366,367,318,325,369,346,347,370,371,348,349,372,350,373,374,376" />
                    <segment id="298983133" length="39" startTrkptIdx="11018" segmentTime="22.63" speed="26.07" turnType="" turnAngle="" types="107,70,195,2,127,4,161,72,91,174,61,73,74,75,76,77,78,175,176,177,178,179,79,80,81,82,83,84,180,181,182,183,184" pointTypes=";162,163;141,98;;10,119;10,149;10,156;10,156;10,149;10,150;10,149;10,208;10,144;10,144;10,159;10,208;10,151;10,143;10,143;10,143;10,149;10,89;31,32;;;10,89;10,150;10,150;10,119;10,89;10,119;10,140;10,156;10,143;10,197;10,149;10,119;27,28;31,32" names="0,0,345,366,367,318,325,369,346,347,370,371,348,349,372,350,373,374,376" />
                    <segment id="882651597" length="12" startTrkptIdx="11056" segmentTime="17.29" speed="6.94" turnType="" turnAngle="" types="107,70,195,2,127,210,4,161,72,91,174,61,73,74,75,76,77,78,175,176,177,178,179,79,80,81,82,83,84,180,181,182,183,184" pointTypes=";10,11;10,119;10,150;10,150;10,150;10,150;10,119;10,89;142,100;157,158;154,101" names="0,0,345,366,367,318,325,369,346,347,370,371,348,349,372,350,373,374,376" />
                    <segment id="882651596" length="34" startTrkptIdx="11067" segmentTime="19.03" speed="26.07" turnType="" turnAngle="" types="107,70,195,2,127,4,161,72,91,174,61,73,74,75,76,77,78,175,176,177,178,179,79,80,81,82,83,84,180,181,182,183,184" pointTypes=";154,101;154,101;157,158;;10,89;10,119;31,32;31,32;;;10,119;10,140;10,89;;10,11;10,140;10,197;10,159;10,144;10,144;10,209;10,197;10,149;10,11;31,32;27,28;10,89;10,149;10,151;10,143;10,151;10,209;10,156" names="0,0,345,366,367,318,325,369,346,347,370,371,348,349,372,350,373,374,376" />
                    <segment id="298983134" length="8" startTrkptIdx="11100" segmentTime="5.14" speed="26.07" turnType="" turnAngle="" types="107,70,195,85,33,186,127,4,161,72,91,174,61,73,74,75,76,77,78,175,176,177,178,179,79,80,81,82,83,84,180,181,182,183,184" pointTypes=";10,156;10,119;10,11;10,89;10,140;10,149;10,143" names="0,0,345,366,367,318,325,369,346,347,370,371,348,349,372,350,373,374,376" />
                    <segment id="884561612" length="86" startTrkptIdx="11107" segmentTime="51.38" speed="26.07" turnType="" turnAngle="" types="107,70,195,2,33,34,127,4,161,72,91,174,61,73,74,75,76,77,78,175,176,177,178,179,79,80,81,82,83,84,180,181,182,183,184" pointTypes=";10,151;10,149;10,89;10,150;10,143;10,144;10,144;10,140;142,100;157,158;147,148;152,153;141,98;10,11;10,151;10,144;10,144;10,144;10,144;10,197;10,119;154,101;201,202;201,202;201,202;201,202;201,202;203,204;147,148;152,153;201,202;145,146;154,101;10,149;10,144;10,144;10,144;10,144;10,209;10,156;10,208;10,144;10,143;10,140;;154,101;145,146;201,202;201,202;201,202;201,202;201,202;201,202;205,206;31,32;10,89;31,32;10,119;10,149;10,208;10,144;10,144;10,143;;10,11;10,156;10,144;10,144;10,144;10,144;10,197;10,156;10,89;162,163;145,146;203,204;162,163;;10,150;10,208;10,209;10,156;10,208;10,144;10,144" names="0,0,345,366,367,318,325,369,346,347,370,371,348,349,372,350,373,374,376" />
                    <segment id="884561613" length="8" startTrkptIdx="11192" segmentTime="11.77" speed="6.94" turnType="" turnAngle="" types="107,70,195,2,33,34,127,210,4,161,72,91,174,61,73,74,75,76,77,78,175,176,177,178,179,79,80,81,82,83,84,180,181,182,183,184" pointTypes=";10,209;10,156;27,28;141,98;162,163;205,206;205,206" names="0,0,345,366,367,318,325,369,346,347,370,371,348,349,372,350,373,374,376" />
                    <segment id="884561616" length="65" startTrkptIdx="11199" segmentTime="38.43" speed="26.07" turnType="" turnAngle="" types="107,70,195,2,33,34,127,4,161,72,91,174,61,73,74,75,76,77,78,175,176,177,178,179,79,80,81,82,83,84,180,181,182,183,184" pointTypes=";147,148;157,158;157,158;205,206;147,148;;10,208;10,144;10,144;10,144;10,144;10,209;10,150;27,28;145,146;199,200;145,146;205,206;145,146;201,202;162,163;27,28;10,89;10,89;;;10,156;10,208;10,197;10,159;10,159;10,144;10,197;10,143;10,156;10,197;10,151;10,140;10,11;10,119;10,149;10,144;10,144;10,144;10,209;10,150;142,100;205,206;145,146;162,163;31,32;27,28;157,158;31,32;10,197;10,144;10,144;10,144;10,144;10,159;10,209;10,197;10,144;10,144" names="0,0,345,366,367,318,325,369,346,347,370,371,348,349,372,350,373,374,376" />
                    <segment id="884561617" length="9" startTrkptIdx="11263" segmentTime="7.92" speed="9.72" turnType="" turnAngle="" types="107,70,195,2,33,34,127,207,4,161,72,91,174,61,73,74,75,76,77,78,175,176,177,178,179,79,80,81,82,83,84,180,181,182,183,184" pointTypes=";10,151;10,149;10,140;10,119;31,32;31,32;142,100;154,101" names="0,0,345,366,367,318,325,369,346,347,370,371,348,349,372,350,373,374,376" />
                    <segment id="298982602" length="84" startTrkptIdx="11271" segmentTime="43.35" speed="26.07" turnType="" turnAngle="" types="107,70,195,2,33,34,170,127,4,161,72,91,174,61,73,74,75,76,77,78,175,176,177,178,179,79,80,81,82,83,84,180,181,182,183,184" pointTypes=";154,101;152,153;205,206;203,204;152,153;147,148;;10,89;10,119;10,149;10,140;10,151;10,197;10,197;10,208;10,208;10,149;10,119;;142,100;27,28;31,32;31,32;10,11;10,143;10,197;10,144;10,144;10,144;10,144;10,144;10,208;10,209;10,156;10,89;157,158;145,146;145,146;203,204;154,101;10,89;10,197;10,144;10,144;10,144;10,144;10,144;10,197;10,150;;;10,11;;157,158;162,163;199,200;201,202;201,202;203,204;162,163;157,158;142,100;142,100;27,28;31,32;10,143;10,144;10,144;10,144;10,144;10,144;10,144;10,197;10,119;162,163;199,200;145,146;;10,89;10,197;10,208;10,209;10,159" names="0,0,345,366,367,318,325,369,346,347,370,371,348,349,372,350,373,374,376" />
                    <segment id="298982604" length="23" startTrkptIdx="11354" segmentTime="8.97" speed="26.07" turnType="" turnAngle="" types="107,70,195,85,33,186,170,127,4,161,72,91,174,61,73,74,75,76,77,78,175,176,177,178,179,79,80,81,82,83,84,180,181,182,183,184" pointTypes=";10,151;;154,101;154,101;154,101;142,100;31,32;10,119;10,149;10,209;10,144;10,144;10,144;10,159;10,197;10,151;10,149;10,89;27,28;154,101;199,200;201,202" names="0,0,345,366,367,318,325,369,346,347,370,371,348,349,372,350,373,374,376" />
                    <segment id="298982603" length="47" startTrkptIdx="11376" segmentTime="27.26" speed="26.07" turnType="" turnAngle="" types="107,70,195,2,170,127,4,6,72,91,174,9,73,74,75,76,77,78,175,176,177,178,179,79,80,81,82,83,84,180,181,182,183,184" pointTypes=";201,202;152,153;205,206;147,148;141,98;;10,140;10,159;10,144;10,144;10,149;10,156;10,209;10,140;157,158;152,153;201,202;203,204;157,158;10,119;10,151;10,144;10,144;10,144;10,144;10,208;10,156;10,119;10,11;142,100;147,148;201,202;201,202;142,100;10,89;10,143;10,209;10,197;10,140;31,32;147,148;141,98;31,32;10,140;10,209;10,144" names="0,0,345,366,367,318,325,369,346,347,370,371,348,349,372,350,373,374,376" />
                    <segment id="1423817072" length="8" startTrkptIdx="11422" segmentTime="3.94" speed="9.72" turnType="" turnAngle="" types="107,70,195,2,170,127,207,4,6,72,91,174,9,73,74,75,76,77,78,175,176,177,178,179,79,80,81,82,83,84,180,181,182,183,184" pointTypes=";10,144;10,144;10,159;10,149;;142,100;154,101" names="0,0,345,366,367,318,325,369,346,347,370,371,348,349,372,350,373,374,376" />
                    <segment id="1423817071" length="11" startTrkptIdx="11429" segmentTime="3.75" speed="26.07" turnType="" turnAngle="" types="107,70,195,2,170,127,4,6,72,91,174,9,73,74,75,76,77,78,175,176,177,178,179,79,80,81,82,83,84,180,181,182,183,184" pointTypes=";154,101;157,158;141,98;157,158;134,157,158;147,148;147,148;152,153;152,153;145,146" names="0,0,345,366,367,318,325,369,346,347,370,371,348,349,372,350,373,374,376" />
                    <segment id="884561619" length="9" startTrkptIdx="11439" segmentTime="3.81" speed="9.72" turnType="" turnAngle="" types="107,70,195,2,170,127,207,4,6,72,91,174,9,73,74,75,76,77,78,175,176,177,178,179,79,80,81,82,83,84,180,181,182,183,184" pointTypes=";145,146;205,206;152,153;152,153;147,148;154,101;154,101;157,158" names="0,0,345,366,367,318,325,369,346,347,370,371,348,349,372,350,373,374,376" />
                    <segment id="884561618" length="14" startTrkptIdx="11447" segmentTime="6.54" speed="9.72" turnType="" turnAngle="" types="107,70,198,2,170,127,207,4,6,72,91,174,9,73,74,75,76,77,78,175,176,177,178,179,79,80,81,82,83,84,180,181,182,183,184" pointTypes=";157,158;141,98;142,100;142,100;27,28;27,28;;10,11;10,119;10,140;10,156;10,143;10,208" names="0,0,345,366,367,318,325,369,346,347,370,371,348,349,372,350,373,374,376" />
                    <segment id="117527070" length="94" startTrkptIdx="11460" segmentTime="50.43" speed="26.07" turnType="" turnAngle="" types="107,70,198,2,170,127,4,6,72,91,174,9,73,74,75,76,77,78,175,176,177,178,179,79,80,81,82,83,84,180,181,182,183,184" pointTypes=";10,159;10,144;10,144;10,144;10,209;10,143;10,140;;;157,158;154,101;147,148;162,163;162,163;157,158;154,101;157,158;154,101;154,101;154,101;154,101;147,148;147,148;154,101;141,98;142,100;27,28;27,28;142,100;147,148;152,153;205,206;162,163;141,98;;;10,89;10,140;10,143;10,208;10,197;10,140;;141,98;157,158;147,148;152,153;147,148;147,148;147,148;147,148;147,148;147,148;147,148;145,146;147,148;154,101;141,98;141,98;27,28;142,100;157,158;152,153;205,206;145,146;152,153;147,148;205,206;145,146;145,146;154,101;10,11;10,150;10,119;10,150;10,150;10,140;142,100;154,101;162,163;157,158;10,150;10,149;10,143;10,209;10,197;10,140;10,89;10,11;27,28;27,28;27,28;27,28" names="0,0,345,366,367,318,325,369,346,347,370,371,348,349,372,350,373,374,376" />
                    <segment id="119112856" length="25" startTrkptIdx="11553" segmentTime="11.60" speed="26.07" turnType="" turnAngle="" types="107,70,198,85,129,34,127,4,161,72,91,174,61,73,74,75,76,77,78,175,176,177,178,179,79,80,81,82,83,84,180,181,182,183,184" pointTypes=";31,32;142,100;141,98;205,206;199,200;201,202;199,200;203,204;152,153;27,28;10,89;10,149;10,143;10,140;10,89;10,140;10,149;10,119;10,89;141,98;162,163;205,206;203,204;199,200" names="0,0,345,366,367,318,325,369,346,347,370,371,348,349,372,350,373,374,376" />
                    <segment id="117527037" length="95" startTrkptIdx="11577" segmentTime="56.31" speed="26.07" turnType="" turnAngle="" types="107,70,198,2,127,4,161,72,91,174,61,73,74,75,76,77,78,175,176,177,178,179,79,80,81,82,83,84,180,181,182,183,184" pointTypes=";201,202;203,204;203,204;145,146;201,202;201,202;201,202;201,202;145,146;154,101;31,32;10,11;10,197;10,149;10,11;10,89;10,140;10,208;10,197;10,149;10,149;10,140;142,100;205,206;201,202;201,202;201,202;145,146;152,153;141,98;147,148;157,158;142,100;10,156;10,159;10,144;10,144;10,144;10,159;10,149;10,156;;154,101;152,153;199,200;199,200;199,200;147,148;141,98;31,32;10,11;142,100;154,101;154,101;154,101;157,158;154,101;142,100;;31,32;31,32;10,119;10,149;10,143;;10,89;10,89;27,28;31,32;147,148;201,202;201,202;201,202;201,202;199,200;145,146;152,153;162,163;142,100;31,32;10,150;10,149;10,151;10,143;31,32;162,163;201,202;201,202;201,202;203,204;152,153;205,206;152,153;147,148" names="0,0,345,366,367,318,325,369,346,347,370,371,348,349,372,350,373,374,376" />
                    <segment id="119112857" length="16" startTrkptIdx="11671" segmentTime="9.42" speed="26.07" turnType="" turnAngle="" types="107,70,198,85,129,34,127,4,161,72,91,174,61,73,74,75,76,77,78,175,176,177,178,179,79,80,81,82,83,84,180,181,182,183,184" pointTypes=";27,28;10,89;10,89;10,89;31,32;;10,11;10,89;10,140;10,150;10,119;;141,98;147,148;162,163" names="0,0,345,366,367,318,325,369,346,347,370,371,348,349,372,350,373,374,376" />
                    <segment id="884561620" length="6" startTrkptIdx="11686" segmentTime="2.83" speed="26.07" turnType="" turnAngle="" types="107,70,2,127,4,161,72,91,174,61,73,74,75,76,77,78,175,176,177,178,179,79,80,81,82,83,84,180,181,182,183,184" pointTypes=";154,101;141,98;31,32;10,89;10,89" names="0,0,345,366,367,318,325,369,346,347,370,371,348,349,372,350,373,374,376" />
                    <segment id="119112858" length="19" startTrkptIdx="11691" segmentTime="23.06" speed="9.72" turnType="" turnAngle="" types="107,70,2,127,207,4,161,72,91,174,61,73,74,75,76,77,78,175,176,177,178,179,79,80,81,82,83,84,180,181,182,183,184" pointTypes=";10,149;10,149;10,149;10,150;27,28;154,101;162,163;205,206;201,202;201,202;201,202;201,202;199,200;201,202;162,163;141,98;10,11;10,119" names="0,0,345,366,367,318,325,369,346,347,370,371,348,349,372,350,373,374,376" />
                    <segment id="884561621" length="4" startTrkptIdx="11709" segmentTime="3.68" speed="26.07" turnType="" turnAngle="" types="107,70,2,127,4,161,72,91,174,61,73,74,75,76,77,78,175,176,177,178,179,79,80,81,82,83,84,180,181,182,183,184" pointTypes=";10,89;31,32;142,100" names="0,0,345,366,367,318,325,369,346,347,370,371,348,349,372,350,373,374,376" />
                    <segment id="220966747" length="12" startTrkptIdx="11712" segmentTime="7.28" speed="26.07" turnType="" turnAngle="" types="107,70,198,85,129,34,127,4,161,72,91,174,61,73,74,75,76,77,78,175,176,177,178,179,79,80,81,82,83,84,180,181,182,183,184" pointTypes=";157,158;142,100;;10,150;10,140;10,149;;157,158;27,28;147,148;205,206" names="0,0,345,366,367,318,325,369,346,347,370,371,348,349,372,350,373,374,376" />
                    <segment id="220966748" length="49" startTrkptIdx="11723" segmentTime="33.30" speed="26.07" turnType="" turnAngle="" types="107,70,2,127,4,161,72,91,174,61,73,74,75,76,77,78,175,176,177,178,179,79,80,81,82,83,84,180,181,182,183,184" pointTypes=";203,204;201,202;201,202;199,200;145,146;152,153;147,148;154,101;157,158;142,100;31,32;;;142,100;141,98;142,100;142,100;142,100;31,32;;;;31,32;31,32;27,28;27,28;27,28;27,28;142,100;142,100;157,158;141,98;142,100;27,28;;10,89;10,150;10,119;10,11;31,32;142,100;141,98;154,101;154,101;141,98;;;27,28" names="0,0,345,366,367,318,325,369,346,347,370,371,348,349,372,350,373,374,376" />
                    <segment id="298982601" length="45" startTrkptIdx="11771" segmentTime="76.82" speed="20.98" turnType="" turnAngle="" types="65,66,70,2,127,4,161,72,91,174,61,73,74,75,76,77,78,175,176,177,178,179,79,80,81,82,83,84,180,181,182,183,184" pointTypes=";103,104,142,100;141,98;142,100;27,28;27,28;31,32;10,11;10,11;31,32;27,28;27,28;27,28;142,100;31,32;31,32;31,32;142,100;142,100;31,32;31,32;;31,32;27,28;31,32;27,28;142,100;27,28;27,28;31,32;27,28;27,28;27,28;31,32;31,32;;10,11;;;27,28;141,98;141,98;141,98;157,158;141,98" names="0,0,345,366,367,318,325,369,346,347,370,371,348,349,372,350,373,374,376" />
                    <segment id="117527069" length="7" startTrkptIdx="11815" segmentTime="2.49" speed="26.07" turnType="" turnAngle="" types="65,131,66,70,2,127,4,161,72,91,174,61,73,74,75,76,77,78,175,176,177,178,179,79,80,81,82,83,84,180,181,182,183,184" pointTypes="" names="0,0,345,366,367,318,325,369,346,347,370,371,348,349,372,350,373,374,376" />
                    <segment id="119113265" length="61" startTrkptIdx="11821" segmentTime="116.91" speed="26.07" turnType="" turnAngle="" types="65,66,70,2,127,4,6,72,91,174,9,73,74,75,76,77,78,175,176,177,178,179,79,80,81,82,83,84,180,181,182,183,184" pointTypes="10,119;10,11;31,32;;31,32;27,28;31,32;;27,28;31,32;;10,11;10,89;10,150;10,119;10,11;;31,32;142,100;141,98;141,98;157,158;31,32;;;27,28;27,28;27,28;141,98;142,100;141,98;141,98;142,100;142,100;27,28;27,28;31,32;27,28;141,98;141,98;142,100;142,100;142,100;31,32;;;;31,32;;10,11;;10,89;10,119;10,89;10,149;10,150;10,119;10,150;10,140;10,119;" names="0,0,345,366,367,318,325,369,346,347,370,371,348,349,372,350,373,374,376" />
                    <segment id="119113269" length="5" startTrkptIdx="11881" segmentTime="9.21" speed="26.07" turnType="" turnAngle="" types="65,12,66,70,198,2,127,6,72,91,174,9,73,74,75,76,77,78,175,176,177,178,179,79,80,81,82,83,84,180,181,182,183,184" pointTypes="10,89;;157,158;141,98;" names="0,0,345,366,367,318,325,369,346,347,370,371,348,349,372,350,373,374,376" />
                    <segment id="119113264" length="11" startTrkptIdx="11885" segmentTime="16.53" speed="26.07" turnType="" turnAngle="" types="65,66,70,198,85,129,34,127,6,72,91,174,9,73,74,75,76,77,78,175,176,177,178,179,79,80,81,82,83,84,180,181,182,183,184" pointTypes="157,158;154,101;154,101;154,101;157,158;141,98;141,98;27,28;31,32;141,98;" names="0,0,345,366,367,318,325,369,346,347,370,371,348,349,372,350,373,374,376" />
                    <segment id="119113266" length="3" startTrkptIdx="11895" segmentTime="5.46" speed="26.07" turnType="" turnAngle="" types="65,66,70,111,127,6,72,91,174,9,73,74,75,76,77,78,175,176,177,178,179,79,80,81,82,83,84,180,181,182,183,184" pointTypes="31,32;10,11;" names="0,0,345,366,367,318,325,369,346,347,370,371,348,349,372,350,373,374,376" />
                    <segment id="667042469" length="42" startTrkptIdx="11897" segmentTime="35.55" speed="26.07" turnType="" turnAngle="" types="65,66,70,195,85,33,186,127,6,72,91,174,9,73,74,75,76,77,78,175,176,177,178,179,79,80,81,82,83,84,180,181,182,183,184" pointTypes="10,11;10,11;10,119;10,89;10,89;10,89;10,119;10,119;10,11;;;10,11;10,89;10,150;10,140;10,156;10,143;10,151;10,197;10,143;10,151;10,197;10,151;10,156;10,140;10,140;10,149;10,89;10,89;10,119;10,150;10,119;10,150;10,140;10,149;10,149;10,149;10,149;10,149;10,140;10,140;" names="0,0,345,366,367,318,325,369,346,347,370,371,348,349,372,350,373,374,376" />
                    <segment id="119113267" length="10" startTrkptIdx="11938" segmentTime="4.29" speed="26.07" turnType="" turnAngle="" types="65,66,70,195,85,33,186,127,6,72,91,174,9,73,74,75,76,77,78,175,176,177,178,179,79,80,81,82,83,84,180,181,182,183,184" pointTypes="10,150;10,150;10,119;10,119;10,119;10,150;10,119;10,119;10,150;" names="0,0,345,366,367,318,325,369,346,347,370,371,348,349,372,350,373,374,376" />
                    <segment id="667042468" length="6" startTrkptIdx="11947" segmentTime="3.11" speed="26.07" turnType="" turnAngle="" types="65,66,70,195,2,127,6,72,91,174,9,73,74,75,76,77,78,175,176,177,178,179,79,80,81,82,83,84,180,181,182,183,184" pointTypes="10,149;10,149;10,156;10,143;10,140;" names="0,0,345,366,367,318,325,369,346,347,370,371,348,349,372,350,373,374,376" />
                    <segment id="830542425" length="3" startTrkptIdx="11952" segmentTime="0.99" speed="26.07" turnType="" turnAngle="" types="65,66,70,195,85,33,186,127,6,196,72,91,174,9,73,74,75,76,77,78,175,176,177,178,179,79,80,81,82,83,84,180,181,182,183,184" pointTypes="10,149;10,149;" names="0,0,345,366,367,318,325,369,346,347,370,371,348,349,372,350,373,374,376" />
                    <segment id="97179887" length="30" startTrkptIdx="11954" segmentTime="35.25" speed="26.07" turnType="" turnAngle="" types="65,66,70,195,2,127,6,72,91,174,9,73,74,75,76,77,78,175,176,177,178,179,79,80,81,82,83,84,180,181,182,183,184" pointTypes="10,150;10,89;10,11;10,149;10,156;10,143;10,156;10,156;10,140;10,119;10,89;;;31,32;31,32;10,119;10,89;10,119;10,89;10,89;10,11;10,89;10,150;10,119;;27,28;31,32;10,119;10,156;" names="0,0,345,366,367,318,325,369,346,347,370,371,348,349,372,350,373,374,376" />
                    <segment id="107403009" length="22" startTrkptIdx="11983" segmentTime="40.67" speed="21.26" turnType="" turnAngle="" types="65,66,70,2,160,4,161,72,91,174,61,73,74,75,76,77,78,175,176,177,178,179,79,80,81,82,83,84,180,181,182,183,184" pointTypes="10,150;10,149;10,149;10,150;10,140;10,89;;;;;;10,89;10,89;10,89;10,11;10,11;10,11;10,89;;;;" names="0,0,345,366,367,318,325,369,346,347,370,371,348,349,372,350,373,374,376" />
                    <segment id="244095228" length="4" startTrkptIdx="12004" segmentTime="3.97" speed="21.26" turnType="" turnAngle="" types="65,66,70,2,160,4,194,161,72,91,174,61,73,74,75,76,77,78,175,176,177,178,179,79,80,81,82,83,84,180,181,182,183,184" pointTypes="10,89;10,89;10,11;" names="0,0,345,366,367,318,325,369,346,347,370,371,348,349,372,350,373,374,376" />
                    <segment id="215564525" length="7" startTrkptIdx="12007" segmentTime="7.18" speed="21.26" turnType="" turnAngle="" types="65,66,70,2,160,4,161,72,91,174,61,73,74,75,76,77,78,175,176,177,178,179,79,80,81,82,83,84,180,181,182,183,184" pointTypes="10,119;10,150;10,119;10,11;;27,28;134" names="0,0,345,366,367,318,325,369,346,347,370,371,348,349,372,350,373,374,376" />
                    <segment id="215564524" length="2" startTrkptIdx="12013" segmentTime="1.78" speed="21.26" turnType="" turnAngle="" types="65,131,66,70,2,160,4,161,72,91,174,61,73,74,75,76,77,78,175,176,177,178,179,79,80,81,82,83,84,180,181,182,183,184" pointTypes="134;" names="0,0,345,366,367,318,325,369,346,347,370,371,348,349,372,350,373,374,376" />
                    <segment id="380052272" length="32" startTrkptIdx="12014" segmentTime="54.78" speed="21.26" turnType="" turnAngle="" types="65,66,70,2,160,4,161,72,91,174,61,73,74,75,76,77,78,175,176,177,178,179,79,80,81,82,83,84,180,181,182,183,184" pointTypes="27,28;27,28;31,32;10,89;10,89;;;10,11;;31,32;27,28;31,32;142,100;31,32;;10,11;10,89;10,119;10,150;10,150;10,119;10,11;31,32;31,32;31,32;142,100;142,100;27,28;27,28;31,32;;" names="0,0,345,366,367,318,325,369,346,347,370,371,348,349,372,350,373,374,376" />
                    <segment id="48036658" length="3" startTrkptIdx="12045" segmentTime="6.59" speed="21.26" turnType="" turnAngle="" types="65,66,70,2,160,4,161,72,91,174,61,73,74,75,76,77,78,175,176,177,178,179,79,80,81,82,83,84,180,181,182,183,184" pointTypes="31,32;31,32;" names="0,0,345,366,367,318,325,369,346,347,370,371,348,349,372,350,373,374,376" />
                    <segment id="48036658" length="16" startTrkptIdx="12047" segmentTime="26.00" speed="21.26" turnType="" turnAngle="" types="65,66,70,2,160,4,161,72,91,174,61,73,74,75,76,77,78,175,176,177,178,179,79,80,81,82,83,84,180,181,182,183,184" pointTypes=";;31,32;;27,28;142,100;31,32;31,32;27,28;27,28;31,32;;;27,28;27,28;" names="0,0,345,366,367,318,325,369,346,347,370,371,348,349,372,350,373,374,376" />
                    <segment id="150449662" length="3" startTrkptIdx="12062" segmentTime="2.14" speed="18.85" turnType="" turnAngle="" types="65,66,70,2,102,4,161,72,91,174,61,73,74,75,76,77,78,175,176,177,178,179,79,80,81,82,83,84,180,181,182,183,184" pointTypes="31,32;31,32;142,100" names="0,0,345,366,367,318,325,369,346,347,370,371,348,349,372,350,373,374,376" />
                    <segment id="150449662" length="5" startTrkptIdx="12064" segmentTime="5.73" speed="18.85" turnType="C" turnAngle="2.75" types="65,66,70,2,102,4,161,72,91,174,61,73,74,75,76,77,78,175,176,177,178,179,79,80,81,82,83,84,180,181,182,183,184" pointTypes="142,100;27,28;31,32;31,32;" names="0,0,345,366,367,318,325,369,346,347,370,371,348,349,372,350,373,374,376" />
                    <segment id="119116659" length="20" startTrkptIdx="12068" segmentTime="25.30" speed="18.85" turnType="" turnAngle="" types="65,66,70,2,102,4,161,72,91,174,61,73,74,75,76,77,78,175,176,177,178,179,79,80,81,82,83,84,180,181,182,183,184" pointTypes="27,28;27,28;31,32;10,89;10,11;10,11;10,11;10,11;10,11;10,11;10,11;10,89;10,150;10,150;10,149;10,149;10,149;10,140;10,140;" names="0,0,345,366,367,318,325,369,346,347,370,371,348,349,372,350,373,374,376" />
                    <segment id="819975986" length="10" startTrkptIdx="12087" segmentTime="10.06" speed="18.85" turnType="" turnAngle="" types="65,66,70,2,102,4,6,72,91,174,9,73,74,75,76,77,78,175,176,177,178,179,79,80,81,82,83,84,180,181,182,183,184" pointTypes="10,149;10,140;10,89;;;;;10,11;10,11;" names="0,0,345,366,367,318,325,369,346,347,370,371,348,349,372,350,373,374,376" />
                    <segment id="814608782" length="2" startTrkptIdx="12096" segmentTime="1.97" speed="18.85" turnType="" turnAngle="" types="65,66,70,2,102,4,6,72,91,174,9,73,74,75,76,77,78,175,176,177,178,179,79,80,81,82,83,84,180,181,182,183,184" pointTypes="10,11;" names="0,0,345,366,367,318,325,369,346,347,370,371,348,349,372,350,373,374,376" />
                    <segment id="814608783" length="2" startTrkptIdx="12097" segmentTime="1.21" speed="18.85" turnType="" turnAngle="" types="65,66,70,2,102,4,6,72,91,174,9,73,74,75,76,77,78,175,176,177,178,179,79,80,81,82,83,84,180,181,182,183,184" pointTypes="10,11;" names="0,0,345,366,367,318,325,369,346,347,370,371,348,349,372,350,373,374,376" />
                    <segment id="1120010812" length="3" startTrkptIdx="12098" segmentTime="3.25" speed="18.85" turnType="" turnAngle="" types="65,66,70,2,102,4,6,72,91,174,9,73,74,75,76,77,78,175,176,177,178,179,79,80,81,82,83,84,180,181,182,183,184" pointTypes="10,11;;" names="0,0,345,366,367,318,325,369,346,347,370,371,348,349,372,350,373,374,376" />
                    <segment id="814608781" length="2" startTrkptIdx="12100" segmentTime="3.56" speed="18.85" turnType="" turnAngle="" types="65,66,70,85,33,186,102,4,6,193,72,91,174,9,73,74,75,76,77,78,175,176,177,178,179,79,80,81,82,83,84,180,181,182,183,184" pointTypes="10,11;" names="0,0,345,366,367,318,325,369,346,347,370,371,348,349,372,350,373,374,376" />
                    <segment id="1120010811" length="2" startTrkptIdx="12101" segmentTime="0.66" speed="18.85" turnType="" turnAngle="" types="65,66,70,2,102,4,6,72,91,174,9,73,74,75,76,77,78,175,176,177,178,179,79,80,81,82,83,84,180,181,182,183,184" pointTypes="10,11;" names="0,0,345,366,367,318,325,369,346,347,370,371,348,349,372,350,373,374,376" />
                    <segment id="814608780" length="2" startTrkptIdx="12102" segmentTime="4.87" speed="18.85" turnType="" turnAngle="" types="65,66,70,2,102,4,6,72,91,174,9,73,74,75,76,77,78,175,176,177,178,179,79,80,81,82,83,84,180,181,182,183,184" pointTypes="10,89;" names="0,0,345,366,367,318,325,369,346,347,370,371,348,349,372,350,373,374,376" />
                    <segment id="1120010807" length="2" startTrkptIdx="12103" segmentTime="0.86" speed="18.85" turnType="" turnAngle="" types="65,66,70,85,33,186,102,4,6,191,72,91,174,9,73,74,75,76,77,78,175,176,177,178,179,79,80,81,82,83,84,180,181,182,183,184" pointTypes="10,89;" names="0,0,345,366,367,318,325,369,346,347,370,371,348,349,372,350,373,374,376" />
                    <segment id="1120010805" length="3" startTrkptIdx="12104" segmentTime="4.24" speed="14.41" turnType="" turnAngle="" types="65,66,70,2,102,4,6,72,91,174,9,73,74,75,76,77,78,175,176,177,178,179,79,80,81,82,83,84,180,181,182,183,184" pointTypes="10,89;64,13,14,16,10,89;" names="0,0,345,366,367,318,325,369,346,347,370,371,348,349,372,350,373,374,376" />
                    <segment id="1120010806" length="3" startTrkptIdx="12106" segmentTime="0.78" speed="18.85" turnType="" turnAngle="" types="65,66,70,85,129,34,102,4,6,192,72,91,174,9,73,74,75,76,77,78,175,176,177,178,179,79,80,81,82,83,84,180,181,182,183,184" pointTypes="10,89;10,89;" names="0,0,345,366,367,318,325,369,346,347,370,371,348,349,372,350,373,374,376" />
                    <segment id="119116658" length="4" startTrkptIdx="12108" segmentTime="4.80" speed="18.85" turnType="C" turnAngle="0.83" types="65,66,70,2,102,4,6,72,91,174,9,73,74,75,76,77,78,175,176,177,178,179,79,80,81,82,83,84,180,181,182,183,184" pointTypes="10,89;10,11;10,11;" names="0,0,345,366,367,318,325,369,346,347,370,371,348,349,372,350,373,374,376" />
                    <segment id="1120010802" length="2" startTrkptIdx="12111" segmentTime="0.64" speed="18.85" turnType="" turnAngle="" types="65,66,70,85,129,34,102,4,6,192,72,91,174,9,73,74,75,76,77,78,175,176,177,178,179,79,80,81,82,83,84,180,181,182,183,184" pointTypes="" names="0,0,345,366,367,318,325,369,346,347,370,371,348,349,372,350,373,374,376" />
                    <segment id="1120010803" length="2" startTrkptIdx="12112" segmentTime="0.60" speed="18.85" turnType="C" turnAngle="0.38" types="65,66,70,2,102,4,161,72,91,174,61,73,74,75,76,77,78,175,176,177,178,179,79,80,81,82,83,84,180,181,182,183,184" pointTypes="" names="0,0,345,366,367,318,325,369,346,347,370,371,348,349,372,350,373,374,376" />
                    <segment id="1120010799" length="2" startTrkptIdx="12113" segmentTime="1.16" speed="18.85" turnType="" turnAngle="" types="65,66,70,85,33,186,102,4,6,191,72,91,174,9,73,74,75,76,77,78,175,176,177,178,179,79,80,81,82,83,84,180,181,182,183,184" pointTypes="" names="0,0,345,366,367,318,325,369,346,347,370,371,348,349,372,350,373,374,376" />
                    <segment id="1120010800" length="2" startTrkptIdx="12114" segmentTime="1.72" speed="18.85" turnType="" turnAngle="" types="65,66,70,2,102,4,6,72,91,174,9,73,74,75,76,77,78,175,176,177,178,179,79,80,81,82,83,84,180,181,182,183,184" pointTypes="" names="0,0,345,366,367,318,325,369,346,347,370,371,348,349,372,350,373,374,376" />
                    <segment id="119116660" length="11" startTrkptIdx="12115" segmentTime="13.32" speed="18.85" turnType="" turnAngle="" types="65,66,70,2,102,4,6,72,91,174,9,73,74,75,76,77,78,175,176,177,178,179,79,80,81,82,83,84,180,181,182,183,184" pointTypes="10,11;10,11;10,89;10,11;10,11;;;31,32;31,32;;" names="0,0,345,366,367,318,325,369,346,347,370,371,348,349,372,350,373,374,376" />
                    <segment id="239550468" length="8" startTrkptIdx="12125" segmentTime="5.11" speed="18.85" turnType="" turnAngle="" types="65,66,70,85,129,34,102,4,6,72,91,174,9,73,74,75,76,77,78,175,176,177,178,179,79,80,81,82,83,84,180,181,182,183,184" pointTypes="10,11;;31,32;31,32;" names="0,0,345,366,367,318,325,369,346,347,370,371,348,349,372,350,373,374,376" />
                    <segment id="643924827" length="2" startTrkptIdx="12132" segmentTime="0.89" speed="18.85" turnType="" turnAngle="" types="65,66,70,111,129,186,102,4,6,72,91,174,9,73,74,75,76,77,78,175,176,177,178,179,79,80,81,82,83,84,180,181,182,183,184" pointTypes="" names="0,0,345,366,367,318,325,369,346,347,370,371,348,349,372,350,373,374,376" />
                    <segment id="431594691" length="2" startTrkptIdx="12133" segmentTime="0.60" speed="18.85" turnType="" turnAngle="" types="65,66,70,2,102,62,6,72,135,9,73,74,75,136,137,92,93,94,79,80,81,138,139,95,96,97" pointTypes=";10,89" names="0,0,345,352,318,354,346,361,356,348,349,357,362,360" />
                    <segment id="239550469" length="4" startTrkptIdx="12134" segmentTime="22.17" speed="1.85" turnType="TSLR" turnAngle="43.67" types="65,66,70,2,102,62,6,72,135,9,73,74,75,136,137,92,93,94,79,80,81,138,139,95,96,97" pointTypes=";31,32;53,59,31,32;31,32" names="0,0,345,352,318,354,346,361,356,348,349,357,362,360" />
                    <segment id="119116662" length="4" startTrkptIdx="12137" segmentTime="1.45" speed="18.85" turnType="" turnAngle="" types="65,66,70,2,102,62,6,72,135,9,73,74,75,136,137,92,93,94,79,80,81,138,139,95,96,97" pointTypes=";31,32" names="0,0,345,352,353,318,354,346,361,356,348,349,357,362,359,360" />
                    <segment id="819634990" length="5" startTrkptIdx="12140" segmentTime="5.36" speed="18.85" turnType="" turnAngle="" types="65,66,70,2,102,62,6,72,135,9,73,74,75,136,137,92,93,94,79,80,81,138,139,95,96,97" pointTypes=";142,100;141,98;142,100;157,158" names="0,0,345,352,353,318,354,346,361,356,348,349,357,362,359,360" />
                    <segment id="119116866" length="6" startTrkptIdx="12144" segmentTime="8.78" speed="18.85" turnType="" turnAngle="" types="65,70,2,102,4,6,72,91,174,9,73,74,75,76,77,78,175,176,177,178,179,79,80,81,82,83,84,180,181,182,183,184" pointTypes="10,89;10,89;10,89;10,11;;" names="0,0,345,366,367,368,318,325,369,346,347,370,371,348,349,372,350,373,374,375,376" />
                    <segment id="119116869" length="19" startTrkptIdx="12149" segmentTime="28.64" speed="26.07" turnType="" turnAngle="" types="65,70,2,127,4,6,72,91,174,9,73,74,75,76,77,78,175,176,177,178,179,79,80,81,82,83,84,180,181,182,183,184" pointTypes=";10,11;10,11;10,89;10,11;10,11;10,11;;31,32;31,32;;;10,11;;;;;;" names="0,0,345,366,367,368,318,325,369,346,347,370,371,348,349,372,350,373,374,375,376" />
                    <segment id="1054125056" length="3" startTrkptIdx="12167" segmentTime="2.90" speed="26.07" turnType="" turnAngle="" types="65,70,68,127,62,161,72,135,61,73,74,75,136,137,92,93,94,79,80,81,138,139,95,96,97" pointTypes=";;" names="0,0,345,352,353,318,354,346,361,356,348,349,357,362,359,360" />
                    <segment id="819951308" length="3" startTrkptIdx="12169" segmentTime="2.76" speed="26.07" turnType="" turnAngle="" types="65,70,2,127,62,161,72,135,61,73,74,75,136,137,92,93,94,79,80,81,138,139,95,96,97" pointTypes=";;31,32" names="0,0,345,352,353,318,354,346,361,356,348,349,357,362,359,360" />
                    <segment id="1054125057" length="4" startTrkptIdx="12171" segmentTime="21.96" speed="2.33" turnType="" turnAngle="" types="65,70,85,127,62,161,86,72,135,61,73,74,75,136,137,92,93,94,79,80,81,138,139,95,96,97" pointTypes=";53,59,31,32" names="0,0,345,352,353,318,354,346,361,356,348,349,357,362,359,360" />
                    <segment id="1054125061" length="2" startTrkptIdx="12174" segmentTime="0.39" speed="26.07" turnType="C" turnAngle="-2.79" types="65,70,85,127,62,161,88,72,135,61,73,74,75,136,137,92,93,94,79,80,81,138,139,95,96,97" pointTypes="" names="0,0,345,352,353,318,354,346,361,356,348,349,357,362,359,360" />
                    <segment id="239550459" length="4" startTrkptIdx="12175" segmentTime="6.96" speed="26.07" turnType="" turnAngle="" types="65,70,2,127,62,161,72,135,61,73,74,75,136,137,92,93,94,79,80,81,138,139,95,96,97" pointTypes=";31,32" names="0,0,345,352,353,318,354,346,361,356,348,349,357,362,359,360" />
                    <segment id="119116870" length="14" startTrkptIdx="12178" segmentTime="21.88" speed="26.07" turnType="" turnAngle="" types="65,70,85,33,186,127,4,161,72,91,174,61,73,74,75,76,77,78,175,176,177,178,179,79,80,81,82,83,84,180,181,182,183,184" pointTypes=";31,32;;;;;;31,32" names="0,0,345,366,367,368,318,325,369,346,347,370,371,348,349,372,350,373,374,375,376" />
                    <segment id="1112813330" length="8" startTrkptIdx="12191" segmentTime="8.58" speed="26.07" turnType="" turnAngle="" types="65,70,85,33,186,127,4,6,189,72,91,174,9,73,74,75,76,77,78,175,176,177,178,179,79,80,81,82,83,84,180,181,182,183,184" pointTypes=";;;10,11;;31,32;31,32;" names="0,0,345,366,367,368,318,325,369,346,347,370,371,348,349,372,350,373,374,375,376" />
                    <segment id="1112813329" length="2" startTrkptIdx="12198" segmentTime="6.86" speed="26.07" turnType="" turnAngle="" types="65,70,2,127,62,6,165,72,135,9,73,74,75,136,137,92,93,94,79,80,81,138,139,95,96,97" pointTypes=";31,32" names="0,0,345,352,353,318,354,346,361,356,348,349,357,362,359,360" />
                    <segment id="1112813328" length="2" startTrkptIdx="12199" segmentTime="2.76" speed="26.07" turnType="" turnAngle="" types="65,70,85,127,62,6,256,72,135,9,73,74,75,136,137,92,93,94,79,80,81,138,139,95,96,97" pointTypes=";" names="0,0,345,352,353,318,354,346,361,356,348,349,357,362,359,360" />
                    <segment id="1112813327" length="2" startTrkptIdx="12200" segmentTime="1.72" speed="26.07" turnType="" turnAngle="" types="65,70,85,127,62,6,256,72,135,9,73,74,75,136,137,92,93,94,79,80,81,138,139,95,96,97" pointTypes="" names="0,0,345,352,353,318,354,346,361,356,348,349,357,362,359,360" />
                    <segment id="1112813469" length="2" startTrkptIdx="12201" segmentTime="1.07" speed="26.07" turnType="" turnAngle="" types="65,70,85,127,62,6,256,72,135,9,73,74,75,136,137,92,93,94,79,80,81,138,139,95,96,97" pointTypes="" names="0,0,345,352,353,318,354,346,361,356,348,349,357,362,359,360" />
                    <segment id="156916521" length="3" startTrkptIdx="12202" segmentTime="21.42" speed="1.73" turnType="" turnAngle="" types="65,70,2,127,62,6,257,72,135,9,73,74,75,136,137,92,93,94,79,80,81,138,139,95,96,97" pointTypes=";258,53,59" names="432,0,0,345,352,353,318,354,346,361,356,348,349,357,362,359,360,351" />
                    <segment id="1112813325" length="5" startTrkptIdx="12204" segmentTime="1.56" speed="26.07" turnType="" turnAngle="" types="65,70,2,127,62,6,72,135,9,73,74,75,136,137,92,93,94,79,80,81,138,139,95,96,97" pointTypes="" names="0,0,345,352,353,318,354,346,361,356,348,349,357,362,359,360" />
                    <segment id="206617769" length="12" startTrkptIdx="12208" segmentTime="4.31" speed="26.07" turnType="" turnAngle="" types="65,70,2,127,62,6,259,72,135,9,73,74,75,136,137,92,93,94,79,80,81,138,139,95,96,97" pointTypes=";27,28;27,28;31,32;;31,32;27,28;31,32" names="0,0,345,352,353,318,354,346,361,356,348,349,357,362,359,360" />
                    <segment id="156916528" length="2" startTrkptIdx="12219" segmentTime="7.25" speed="26.07" turnType="" turnAngle="" types="65,70,68,127,62,6,72,135,9,73,74,75,136,137,92,93,94,79,80,81,138,139,95,96,97" pointTypes=";" names="0,0,345,352,353,318,354,346,361,356,348,349,357,362,359,360" />
                    <segment id="156916531" length="3" startTrkptIdx="12220" segmentTime="5.65" speed="26.07" turnType="" turnAngle="" types="65,70,2,33,34,127,4,6,187,72,91,174,9,73,74,75,76,77,78,175,176,177,178,179,79,80,81,82,83,84,180,181,182,183,184" pointTypes=";31,32;31,32" names="0,0,345,366,367,368,318,325,369,346,347,370,371,348,349,372,350,373,374,375,376" />
                    <segment id="1112813332" length="2" startTrkptIdx="12222" segmentTime="8.59" speed="26.07" turnType="" turnAngle="" types="65,70,2,33,34,127,4,6,72,91,174,9,73,74,75,76,77,78,175,176,177,178,179,79,80,81,82,83,84,180,181,182,183,184" pointTypes=";" names="0,0,345,366,367,368,318,325,369,346,347,370,371,348,349,372,350,373,374,375,376" />
                    <segment id="156916533" length="16" startTrkptIdx="12223" segmentTime="25.37" speed="26.07" turnType="" turnAngle="" types="65,70,85,33,186,127,4,6,72,91,174,9,73,74,75,76,77,78,175,176,177,178,179,79,80,81,82,83,84,180,181,182,183,184" pointTypes="10,11;;10,11;31,32;31,32;31,32;;;;10,11;;;;27,28;10,11;" names="0,0,345,366,367,368,318,325,369,346,347,370,371,348,349,372,350,373,374,375,376" />
                    <segment id="156916518" length="4" startTrkptIdx="12238" segmentTime="4.31" speed="26.07" turnType="" turnAngle="" types="65,70,68,127,62,6,72,135,9,73,74,75,136,137,92,93,94,79,80,81,138,139,95,96,97" pointTypes=";27,28" names="0,0,345,352,353,318,354,346,361,356,348,349,357,362,359,360" />
                    <segment id="819986050" length="5" startTrkptIdx="12241" segmentTime="24.11" speed="4.45" turnType="C" turnAngle="1.74" types="65,70,68,127,62,6,72,135,9,73,74,75,136,137,92,93,94,79,80,81,138,139,95,96,97" pointTypes=";10,89;;53,59" names="0,0,345,352,353,318,354,346,361,356,348,349,357,362,359,360" />
                    <segment id="819986052" length="5" startTrkptIdx="12245" segmentTime="6.66" speed="26.07" turnType="" turnAngle="" types="65,70,68,127,62,6,72,135,9,73,74,75,136,137,92,93,94,79,80,81,138,139,95,96,97" pointTypes=";31,32;31,32;31,32" names="0,0,345,352,353,318,354,346,361,356,348,349,357,362,359,360" />
                    <segment id="819986051" length="5" startTrkptIdx="12249" segmentTime="5.29" speed="26.07" turnType="" turnAngle="" types="65,70,2,127,62,6,72,135,9,73,74,75,136,137,92,93,94,79,80,81,138,139,95,96,97" pointTypes=";;;" names="0,0,345,352,353,318,354,346,361,356,348,349,357,362,359,360" />
                    <segment id="1081634347" length="2" startTrkptIdx="12253" segmentTime="3.66" speed="26.07" turnType="" turnAngle="" types="65,70,68,127,62,6,72,135,9,73,74,75,136,137,92,93,94,79,80,81,138,139,95,96,97" pointTypes=";" names="0,0,345,352,353,318,354,346,361,356,348,349,357,362,359,360" />
                    <segment id="204496553" length="5" startTrkptIdx="12254" segmentTime="11.67" speed="26.07" turnType="" turnAngle="" types="65,70,68,127,62,6,72,135,9,73,74,75,136,137,92,93,94,79,80,81,138,139,95,96,97" pointTypes=";;;10,11" names="0,0,345,352,353,318,354,346,361,356,348,349,357,362,359,360" />
                    <segment id="1081634348" length="6" startTrkptIdx="12258" segmentTime="3.72" speed="26.07" turnType="" turnAngle="" types="65,70,2,127,62,161,260,72,135,61,73,74,75,136,137,92,93,94,79,80,81,138,139,95,96,97" pointTypes=";10,11;;10,11;10,11;10,11" names="0,0,345,352,353,318,354,346,361,356,348,349,357,362,359,360" />
                    <segment id="1081634349" length="5" startTrkptIdx="12263" segmentTime="3.40" speed="20.06" turnType="C" turnAngle="9.71" types="65,70,68,127,185,62,161,72,135,61,73,74,75,136,137,92,93,94,79,80,81,138,139,95,96,97" pointTypes=";;31,32" names="0,0,345,352,353,318,354,346,361,356,348,349,357,362,359,360" />
                    <segment id="795160970" length="6" startTrkptIdx="12267" segmentTime="2.81" speed="20.06" turnType="" turnAngle="" types="65,70,68,127,185,62,161,72,135,61,73,74,75,136,137,92,93,94,79,80,81,138,139,95,96,97" pointTypes=";31,32;31,32" names="433,0,0,345,352,353,318,354,346,361,356,348,349,357,362,359,360,351" />
                    <segment id="1081634350" length="2" startTrkptIdx="12272" segmentTime="0.43" speed="20.06" turnType="" turnAngle="" types="65,70,2,127,185,4,161,72,91,174,61,73,74,75,76,77,78,175,176,177,178,179,79,80,81,82,83,84,180,181,182,183,184" pointTypes=";134" names="0,0,345,366,367,368,318,325,369,346,347,370,371,348,349,372,350,373,374,375,376" />
                    <segment id="38420056" length="12" startTrkptIdx="12273" segmentTime="8.90" speed="20.06" turnType="" turnAngle="" types="65,131,70,2,127,185,4,161,72,91,174,61,73,74,75,76,77,78,175,176,177,178,179,79,80,81,82,83,84,180,181,182,183,184" pointTypes="134" names="0,0,345,366,367,368,318,325,369,346,347,370,371,348,349,372,350,373,374,375,376" />
                    <segment id="1415075057" length="4" startTrkptIdx="12284" segmentTime="2.22" speed="20.06" turnType="" turnAngle="" types="65,70,68,127,185,161,72,91,174,61,73,74,75,76,77,78,175,176,177,178,179,79,80,81,82,83,84,180,181,182,183,184" pointTypes="31,32;31,32;;" names="0,0,345,366,367,368,318,325,369,346,347,370,371,348,349,372,350,373,374,375,376" />
                    <segment id="1081634351" length="4" startTrkptIdx="12287" segmentTime="3.20" speed="26.07" turnType="" turnAngle="" types="65,70,68,127,161,72,91,174,61,73,74,75,76,77,78,175,176,177,178,179,79,80,81,82,83,84,180,181,182,183,184" pointTypes="31,32;;;" names="0,0,345,366,367,368,318,325,369,346,347,370,371,348,349,372,350,373,374,375,376" />
                    <segment id="1081634352" length="5" startTrkptIdx="12290" segmentTime="5.32" speed="26.07" turnType="" turnAngle="" types="65,70,68,127,62,161,72,135,61,73,74,75,136,137,92,93,94,79,80,81,138,139,95,96,97" pointTypes=";;31,32;;31,32" names="0,0,345,352,353,318,354,346,361,356,348,349,357,362,359,360" />
                    <segment id="1415075050" length="3" startTrkptIdx="12294" segmentTime="2.44" speed="26.07" turnType="" turnAngle="" types="65,70,2,127,62,161,261,72,135,61,73,74,75,136,137,92,93,94,79,80,81,138,139,95,96,97" pointTypes=";31,32;132,31,32" names="0,0,345,352,353,318,354,346,361,356,348,349,357,362,359,360" />
                    <segment id="1415075051" length="2" startTrkptIdx="12296" segmentTime="3.83" speed="26.07" turnType="C" turnAngle="-0.97" types="65,70,68,127,62,6,262,72,135,9,73,74,75,136,137,92,93,94,79,80,81,138,139,95,96,97" pointTypes="132;31,32" names="434,0,0,345,352,353,318,354,346,361,356,348,349,357,362,359,360,351" />
                    <segment id="1415075047" length="3" startTrkptIdx="12297" segmentTime="7.92" speed="26.07" turnType="" turnAngle="" types="65,70,68,127,62,6,72,135,9,73,74,75,136,137,92,93,94,79,80,81,138,139,95,96,97" pointTypes=";27,28;10,11" names="0,0,345,352,353,318,354,346,361,356,348,349,357,362,359,360" />
                    <segment id="1415075048" length="8" startTrkptIdx="12299" segmentTime="8.98" speed="26.07" turnType="" turnAngle="" types="65,70,2,127,62,6,72,135,9,73,74,75,136,137,92,93,94,79,80,81,138,139,95,96,97" pointTypes=";10,89;31,32;;27,28;;31,32" names="0,0,345,352,353,318,354,346,361,356,348,349,357,362,359,360" />
                    <segment id="1415075049" length="3" startTrkptIdx="12306" segmentTime="2.02" speed="26.07" turnType="" turnAngle="" types="65,70,2,127,62,6,263,72,135,9,73,74,75,136,137,92,93,94,79,80,81,138,139,95,96,97" pointTypes=";10,11;31,32" names="0,0,345,352,353,318,354,346,361,356,348,349,357,362,359,360" />
                    <segment id="76308586" length="18" startTrkptIdx="12308" segmentTime="42.09" speed="26.07" turnType="" turnAngle="" types="65,70,68,127,62,6,72,135,9,73,74,75,136,137,92,93,94,79,80,81,138,139,95,96,97" pointTypes=";10,11;10,89;;31,32;31,32;;;31,32;31,32;31,32;;31,32;;10,11;10,11;;27,28" names="0,0,345,352,353,318,354,346,361,356,348,349,357,362,359,360" />
                    <segment id="156911995" length="16" startTrkptIdx="12325" segmentTime="30.25" speed="26.07" turnType="" turnAngle="" types="65,70,2,127,62,6,72,135,9,73,74,75,136,137,92,93,94,79,80,81,138,139,95,96,97" pointTypes=";;10,89;;27,28;;10,11;;10,11;10,89;31,32;10,11;;;;31,32" names="434,0,0,345,352,353,318,354,346,361,356,348,349,357,362,359,360" />
                    <segment id="118991840" length="25" startTrkptIdx="12340" segmentTime="47.70" speed="26.07" turnType="" turnAngle="" types="65,70,68,127,62,6,72,135,9,73,74,75,136,137,92,93,94,79,80,81,138,139,95,96,97" pointTypes=";;10,11;31,32;31,32;31,32;10,11;10,11;;31,32;;;31,32;31,32;31,32;10,11;10,119;31,32;31,32;;31,32;;31,32;27,28;142,100" names="0,0,345,352,353,318,354,346,361,356,348,349,357,362,359,360" />
                    <segment id="1414811011" length="2" startTrkptIdx="12364" segmentTime="1.24" speed="26.07" turnType="" turnAngle="" types="65,70,2,127,62,6,72,135,9,73,74,75,136,137,92,93,94,79,80,81,138,139,95,96,97" pointTypes=";142,100" names="0,0,345,352,353,318,354,346,361,356,348,349,357,362,359,360" />
                    <segment id="1414811009" length="2" startTrkptIdx="12365" segmentTime="0.91" speed="26.07" turnType="" turnAngle="" types="65,70,85,127,62,6,264,72,135,9,73,74,75,136,137,92,93,94,79,80,81,138,139,95,96,97" pointTypes=";132" names="0,0,345,352,353,318,354,346,361,356,348,349,357,362,359,360" />
                    <segment id="118991830" length="4" startTrkptIdx="12366" segmentTime="23.71" speed="4.08" turnType="" turnAngle="" types="65,70,2,127,62,6,72,135,9,73,74,75,136,137,92,93,94,79,80,81,138,139,95,96,97" pointTypes="132;53,59;10,89" names="434,0,0,345,352,353,318,354,346,361,356,348,349,357,362,359,360" />
                    <segment id="1056129706" length="2" startTrkptIdx="12369" segmentTime="0.79" speed="26.07" turnType="" turnAngle="" types="65,70,2,127,62,6,72,135,9,73,74,75,136,137,92,93,94,79,80,81,138,139,95,96,97" pointTypes=";" names="0,0,345,352,353,318,354,346,361,356,348,349,357,362,359,360" />
                    <segment id="1056129706" length="26" startTrkptIdx="12370" segmentTime="36.71" speed="26.07" turnType="" turnAngle="" types="65,70,2,127,62,6,72,135,9,73,74,75,136,137,92,93,94,79,80,81,138,139,95,96,97" pointTypes=";10,11;10,11;10,89;10,119;10,89;10,89;10,89;10,119;10,11;10,89;142,100;;10,89;;10,11;10,11;10,11;;;;27,28;27,28;142,100;142,100;142,100" names="0,0,345,352,353,318,354,346,361,356,348,349,357,362,359,360" />
                    <segment id="39160190" length="49" startTrkptIdx="12395" segmentTime="37.61" speed="26.07" turnType="" turnAngle="" types="65,70,2,127,62,6,171,72,135,9,73,74,75,136,137,92,93,94,79,80,81,138,139,95,96,97" pointTypes=";142,100;141,98;141,98;141,98;141,98;141,98;141,98;27,28;31,32;31,32;31,32;;;10,11;10,11;10,89;10,89;10,119;10,119;10,119;10,11;10,89;10,89;10,119;10,89;;;;27,28;27,28;27,28;142,100;142,100;141,98;142,100;142,100;142,100;27,28;27,28;142,100;142,100;142,100;27,28;142,100;142,100;27,28;31,32;132,31,32" names="0,0,345,352,353,318,354,346,361,356,348,349,357,362,359,360" />
                    <segment id="1056129705" length="4" startTrkptIdx="12443" segmentTime="5.58" speed="26.07" turnType="" turnAngle="" types="106,70,2,127,62,6,72,135,9,73,74,75,136,137,92,93,94,79,80,81,138,139,95,96,97" pointTypes="132;;31,32;27,28" names="435,0,0,345,352,353,318,354,346,361,356,348,349,357,362,359,360,351" />
                    <segment id="1056129708" length="69" startTrkptIdx="12446" segmentTime="31.87" speed="26.07" turnType="" turnAngle="" types="106,70,2,127,62,6,72,135,9,73,74,75,136,137,92,93,94,79,80,81,138,139,95,96,97" pointTypes=";31,32;31,32;31,32;31,32;10,11;10,89;10,11;;;;;;;;;10,11;10,11;10,11;10,11;;27,28;;;;;;10,11;;;31,32;27,28;;10,11;10,89;31,32;31,32;;31,32;31,32;;10,89;10,89;10,89;10,11;10,11;10,11;10,11;;;;;10,11;10,89;10,89;;;;;10,11;10,11;10,11;;;;;31,32;31,32;31,32" names="0,0,345,352,353,318,354,346,361,356,348,349,357,362,359,360" />
                    <segment id="1056129702" length="14" startTrkptIdx="12514" segmentTime="9.70" speed="26.07" turnType="" turnAngle="" types="65,70,2,22,127,62,87,6,72,135,9,73,74,75,136,137,92,93,94,79,80,81,138,139,95,96,97" pointTypes=";31,32;31,32;31,32;31,32;31,32;31,32;27,28;31,32;31,32;31,32;27,28" names="0,0,345,352,353,318,354,346,361,356,348,349,357,362,359,360" />
                    <segment id="1056129710" length="63" startTrkptIdx="12527" segmentTime="86.67" speed="26.07" turnType="" turnAngle="" types="65,169,70,2,22,127,62,87,6,72,135,9,73,74,75,136,137,92,93,94,79,80,81,138,139,95,96,97" pointTypes=";;;31,32;;10,11;10,89;10,11;10,89;10,119;10,140;10,140;10,140;10,119;10,11;;10,11;10,89;10,11;;31,32;31,32;27,28;10,89;10,89;10,119;10,119;10,89;;27,28;27,28;27,28;;;31,32;31,32;;27,28;10,11;;142,100;27,28;;10,11;10,11;10,11;10,89;;27,28;;10,11;27,28;31,32;10,11;10,89;;27,28;31,32;31,32;10,89;10,11;31,32;10,11" names="0,0,345,352,353,318,354,346,361,356,348,349,357,362,359,360" />
                    <segment id="1414811022" length="2" startTrkptIdx="12589" segmentTime="2.30" speed="26.07" turnType="" turnAngle="" types="65,169,70,2,22,127,62,87,6,72,135,9,73,74,75,136,137,92,93,94,79,80,81,138,139,95,96,97" pointTypes=";27,28" names="0,0,345,352,353,318,354,346,361,356,348,349,357,362,359,360" />
                    <segment id="1414811021" length="2" startTrkptIdx="12590" segmentTime="5.67" speed="26.07" turnType="" turnAngle="" types="65,169,70,2,22,127,62,87,6,72,135,9,73,74,75,136,137,92,93,94,79,80,81,138,139,95,96,97" pointTypes=";31,32" names="0,0,345,352,353,318,354,346,361,356,348,349,357,362,359,360" />
                    <segment id="580611551" length="8" startTrkptIdx="12591" segmentTime="21.46" speed="26.07" turnType="" turnAngle="" types="65,169,70,2,170,127,62,87,6,72,135,9,73,74,75,136,137,92,93,94,79,80,81,138,139,95,96,97" pointTypes=";10,11;10,11;27,28;27,28;;31,32;" names="0,0,345,352,353,318,354,346,361,356,348,349,357,362,359,360" />
                    <segment id="580611554" length="11" startTrkptIdx="12598" segmentTime="30.73" speed="26.07" turnType="" turnAngle="" types="65,169,70,2,22,127,62,87,6,72,135,9,73,74,75,136,137,92,93,94,79,80,81,138,139,95,96,97" pointTypes=";;;10,11;10,11;31,32;;31,32;;10,11;10,11" names="0,0,345,352,353,318,354,346,361,356,348,349,357,362,359,360" />
                    <segment id="458121095" length="7" startTrkptIdx="12608" segmentTime="16.55" speed="26.07" turnType="" turnAngle="" types="65,70,2,22,127,62,6,72,135,9,73,74,75,136,137,92,93,94,79,80,81,138,139,95,96,97" pointTypes=";;31,32;10,89;31,32;31,32;27,28" names="0,0,345,352,353,318,354,346,361,356,348,349,357,362,359,360" />
                    <segment id="1415049288" length="2" startTrkptIdx="12614" segmentTime="1.07" speed="26.07" turnType="" turnAngle="" types="65,70,85,22,127,62,6,256,72,135,9,73,74,75,136,137,92,93,94,79,80,81,138,139,95,96,97" pointTypes=";31,32" names="0,0,345,352,353,318,354,346,361,356,348,349,357,362,359,360" />
                    <segment id="815089255" length="3" startTrkptIdx="12615" segmentTime="21.16" speed="1.44" turnType="" turnAngle="" types="65,107,70,2,22,127,62,87,6,257,72,135,9,73,74,75,136,137,92,93,94,79,80,81,138,139,95,96,97" pointTypes=";53,59,27,28;27,28" names="0,0,345,352,353,318,354,346,361,356,348,349,357,362,359,360" />
                    <segment id="376762374" length="2" startTrkptIdx="12617" segmentTime="0.32" speed="26.07" turnType="" turnAngle="" types="70,2,22,127,62,6,72,135,9,73,74,75,136,137,92,93,94,79,80,81,138,139,95,96,97" pointTypes=";31,32" names="0,0,345,352,353,318,354,346,361,356,348,349,357,362,359,360" />
                    <segment id="107262262" length="2" startTrkptIdx="12618" segmentTime="1.23" speed="26.07" turnType="" turnAngle="" types="65,107,70,2,22,127,62,87,6,72,135,9,73,74,75,136,137,92,93,94,79,80,81,138,139,95,96,97" pointTypes=";27,28" names="0,0,345,352,353,318,354,346,361,356,348,349,357,362,359,360" />
                    <segment id="640760795" length="3" startTrkptIdx="12619" segmentTime="22.60" speed="2.99" turnType="" turnAngle="" types="65,70,85,22,127,62,87,6,88,72,135,9,73,74,75,136,137,92,93,94,79,80,81,138,139,95,96,97" pointTypes=";53,59,142,100;31,32" names="0,0,345,352,353,318,354,346,361,356,348,349,357,362,359,360" />
                    <segment id="1414811039" length="2" startTrkptIdx="12621" segmentTime="0.59" speed="26.07" turnType="" turnAngle="" types="65,107,70,2,22,127,62,87,6,72,135,9,73,74,75,136,137,92,93,94,79,80,81,138,139,95,96,97" pointTypes=";10,11" names="0,0,345,352,353,318,354,346,361,356,348,349,357,362,359,360" />
                    <segment id="1414811040" length="2" startTrkptIdx="12622" segmentTime="0.31" speed="26.07" turnType="" turnAngle="" types="65,131,107,70,2,22,127,62,87,6,72,135,9,73,74,75,136,137,92,93,94,79,80,81,138,139,95,96,97" pointTypes="" names="0,0,345,352,353,318,354,346,361,356,348,349,357,362,359,360" />
                    <segment id="107262261" length="13" startTrkptIdx="12623" segmentTime="28.52" speed="26.07" turnType="" turnAngle="" types="65,107,70,2,22,127,62,87,6,72,135,9,73,74,75,136,137,92,93,94,79,80,81,138,139,95,96,97" pointTypes=";10,119;10,150;;31,32;27,28;31,32;31,32;31,32;27,28;;10,11;" names="0,0,345,352,353,318,354,346,361,356,348,349,357,362,359,360" />
                    <segment id="1477465306" length="4" startTrkptIdx="12635" segmentTime="37.30" speed="1.61" turnType="" turnAngle="" types="65,107,70,85,22,127,62,87,6,88,72,135,9,73,74,75,136,137,92,93,94,79,80,81,138,139,95,96,97" pointTypes=";53,59,10,89;55,16;10,89" names="0,0,345,352,353,318,354,346,361,356,348,349,357,362,359,360" />
                    <segment id="146841884" length="19" startTrkptIdx="12638" segmentTime="48.88" speed="26.07" turnType="" turnAngle="" types="65,107,70,2,22,127,62,87,6,72,135,9,73,74,75,136,137,92,93,94,79,80,81,138,139,95,96,97" pointTypes=";10,11;10,89;31,32;;;31,32;27,28;;10,89;10,119;10,11;;31,32;31,32;142,100;31,32;;10,11" names="0,0,345,352,353,318,354,346,361,356,348,349,357,362,359,360" />
                    <segment id="201355187" length="4" startTrkptIdx="12656" segmentTime="2.56" speed="26.07" turnType="" turnAngle="" types="65,70,85,22,127,62,161,72,135,61,73,74,75,136,137,92,93,94,79,80,81,138,139,95,96,97" pointTypes=";31,32;31,32;31,32" names="0,0,345,352,353,318,354,346,361,356,348,349,357,362,359,360" />
                    <segment id="1423469563" length="2" startTrkptIdx="12659" segmentTime="0.93" speed="26.07" turnType="" turnAngle="" types="65,70,85,22,127,62,161,265,72,135,61,73,74,75,136,137,92,93,94,79,80,81,138,139,95,96,97" pointTypes=";27,28" names="0,0,345,352,353,318,354,346,361,356,348,349,357,362,359,360" />
                    <segment id="1423469564" length="2" startTrkptIdx="12660" segmentTime="0.38" speed="26.07" turnType="" turnAngle="" types="65,70,111,22,127,62,161,266,72,135,61,73,74,75,136,137,92,93,94,79,80,81,138,139,95,96,97" pointTypes=";27,28" names="0,0,345,352,353,318,354,346,361,356,348,349,357,362,359,360" />
                    <segment id="478218321" length="3" startTrkptIdx="12661" segmentTime="21.69" speed="2.03" turnType="" turnAngle="" types="65,70,111,22,127,62,161,266,72,135,61,73,74,75,136,137,92,93,94,79,80,81,138,139,95,96,97" pointTypes=";53,59" names="0,0,345,352,353,318,354,346,361,356,348,349,357,362,359,360" />
                    <segment id="1168938308" length="2" startTrkptIdx="12663" segmentTime="0.18" speed="26.07" turnType="C" turnAngle="2.99" types="65,70,85,22,127,62,161,256,72,135,61,73,74,75,136,137,92,93,94,79,80,81,138,139,95,96,97" pointTypes="" names="0,0,345,352,353,318,354,346,361,356,348,349,357,362,359,360" />
                    <segment id="376762373" length="2" startTrkptIdx="12664" segmentTime="0.91" speed="26.07" turnType="" turnAngle="" types="65,70,85,22,127,62,161,256,72,135,61,73,74,75,136,137,92,93,94,79,80,81,138,139,95,96,97" pointTypes=";31,32" names="432,0,0,345,352,353,318,354,346,361,356,348,349,357,362,359,360,351" />
                    <segment id="815089593" length="2" startTrkptIdx="12665" segmentTime="1.28" speed="26.07" turnType="" turnAngle="" types="65,70,85,22,127,62,161,256,72,135,61,73,74,75,136,137,92,93,94,79,80,81,138,139,95,96,97" pointTypes=";27,28" names="432,0,0,345,352,353,318,354,346,361,356,348,349,357,362,359,360,351" />
                    <segment id="1459980234" length="2" startTrkptIdx="12666" segmentTime="0.93" speed="26.07" turnType="" turnAngle="" types="65,70,2,22,127,62,161,257,72,61,73,74,75,76,77,78,79,80,81,82,83,84" pointTypes=";28" names="0,0,345,436,318,346,347,348,349,437,350" />
                    <segment id="145852417" length="3" startTrkptIdx="12667" segmentTime="21.19" speed="1.46" turnType="" turnAngle="" types="65,70,85,22,127,62,161,88,72,135,174,61,73,74,75,136,137,175,176,177,178,179,79,80,81,138,139,180,181,182,183,184" pointTypes=";53,59,31,32;10,11" names="0,0,345,352,367,368,318,354,369,346,361,370,371,348,349,357,362,373,374,375,376" />
                    <segment id="1168938309" length="2" startTrkptIdx="12669" segmentTime="0.34" speed="26.07" turnType="" turnAngle="" types="65,70,2,22,127,62,161,72,135,61,73,74,75,136,137,92,93,94,79,80,81,138,139,95,96,97" pointTypes=";10,11" names="0,0,345,352,353,318,354,346,361,356,348,349,357,362,359,360" />
                    <segment id="819962673" length="3" startTrkptIdx="12670" segmentTime="16.16" speed="1.88" turnType="" turnAngle="" types="65,70,2,22,127,62,161,72,135,61,73,74,75,136,137,92,93,94,79,80,81,138,139,95,96,97" pointTypes=";55,56,16,10,11;31,32" names="432,0,0,345,352,353,318,354,346,361,356,348,349,357,362,359,360,351" />
                    <segment id="819962672" length="2" startTrkptIdx="12672" segmentTime="2.47" speed="26.07" turnType="" turnAngle="" types="65,70,2,22,127,62,161,72,135,61,73,74,75,136,137,92,93,94,79,80,81,138,139,95,96,97" pointTypes=";10,89" names="432,0,0,345,352,353,318,354,346,361,356,348,349,357,362,359,360,351" />
                    <segment id="1423700164" length="20" startTrkptIdx="12673" segmentTime="43.08" speed="26.07" turnType="" turnAngle="" types="65,70,2,22,127,62,161,72,135,61,73,74,75,136,137,92,93,94,79,80,81,138,139,95,96,97" pointTypes=";;;10,89;;27,28;142,100;141,98;27,28;31,32;;10,89;;;10,89;10,89;;;;10,11" names="0,0,345,352,353,318,354,346,361,356,348,349,357,362,359,360" />
                    <segment id="1423700165" length="2" startTrkptIdx="12692" segmentTime="0.53" speed="26.07" turnType="" turnAngle="" types="65,70,2,22,127,62,161,72,135,61,73,74,75,136,137,92,93,94,79,80,81,138,139,95,96,97" pointTypes=";10,11" names="0,0,345,352,353,318,354,346,361,356,348,349,357,362,359,360" />
                    <segment id="201846136" length="17" startTrkptIdx="12693" segmentTime="32.43" speed="26.07" turnType="" turnAngle="" types="65,70,2,22,127,62,161,72,135,61,73,74,75,136,137,92,93,94,79,80,81,138,139,95,96,97" pointTypes=";267;10,89;10,89;;;;10,11;;31,32;31,32;31,32;;10,11;;31,32;132,10,11" names="0,0,345,352,353,318,354,346,361,356,348,349,357,362,359,360" />
                    <segment id="201846136" length="15" startTrkptIdx="12709" segmentTime="19.61" speed="26.07" turnType="" turnAngle="" types="65,70,2,22,127,62,161,72,135,61,73,74,75,136,137,92,93,94,79,80,81,138,139,95,96,97" pointTypes="132,10,11;31,32;31,32;31,32;31,32;31,32;31,32;27,28;;;31,32;10,11;31,32" names="0,0,345,352,353,318,354,346,361,356,348,349,357,362,359,360" />
                    <segment id="1427409659" length="4" startTrkptIdx="12723" segmentTime="5.81" speed="26.07" turnType="" turnAngle="" types="106,70,2,22,127,62,161,72,135,61,73,74,75,136,137,92,93,94,79,80,81,138,139,95,96,97" pointTypes=";;;27,28" names="0,0,345,352,353,318,354,346,361,356,348,349,357,362,359,360" />
                    <segment id="1427409658" length="2" startTrkptIdx="12726" segmentTime="1.78" speed="26.07" turnType="" turnAngle="" types="65,70,2,22,127,62,161,72,135,61,73,74,75,136,137,92,93,94,79,80,81,138,139,95,96,97" pointTypes=";31,32" names="0,0,345,352,353,318,354,346,361,356,348,349,357,362,359,360" />
                    <segment id="1427409658" length="9" startTrkptIdx="12727" segmentTime="25.86" speed="26.07" turnType="" turnAngle="" types="65,70,2,22,127,62,161,72,135,61,73,74,75,136,137,92,93,94,79,80,81,138,139,95,96,97" pointTypes="31,32;27,28;10,11;10,11;;;31,32;10,11;31,32" names="0,0,345,352,353,318,354,346,361,356,348,349,357,362,359,360" />
                    <segment id="970599318" length="7" startTrkptIdx="12735" segmentTime="11.58" speed="26.07" turnType="" turnAngle="" types="65,70,2,22,127,62,161,72,135,61,73,74,75,136,137,92,93,94,79,80,81,138,139,95,96,97" pointTypes=";27,28;;31,32;31,32;27,28;132,31,32" names="0,0,345,352,353,318,354,346,361,356,348,349,357,362,359,360" />
                    <segment id="1029445157" length="3" startTrkptIdx="12741" segmentTime="5.85" speed="26.07" turnType="" turnAngle="" types="65,70,2,22,127,62,161,72,135,61,73,74,75,136,137,92,93,94,79,80,81,138,139,95,96,97" pointTypes="132;;10,11" names="438,0,0,345,352,353,318,354,346,361,356,348,349,357,362,359,360,351" />
                    <segment id="156708642" length="14" startTrkptIdx="12743" segmentTime="25.99" speed="21.26" turnType="" turnAngle="" types="65,70,2,22,160,62,161,72,135,61,73,74,75,136,137,92,93,94,79,80,81,138,139,95,96,97" pointTypes=";31,32;;31,32;;31,32;27,28;;;;;10,11;10,11;10,11" names="0,0,345,352,353,318,354,346,361,356,348,349,357,362,359,360" />
                    <segment id="1054150427" length="2" startTrkptIdx="12756" segmentTime="0.51" speed="21.26" turnType="" turnAngle="" types="65,131,70,2,22,160,62,161,72,135,61,73,74,75,136,137,92,93,94,79,80,81,138,139,95,96,97" pointTypes="" names="0,0,345,352,353,318,354,346,361,356,348,349,357,362,359,360" />
                    <segment id="1054150426" length="14" startTrkptIdx="12757" segmentTime="7.68" speed="21.26" turnType="" turnAngle="" types="65,70,2,22,160,62,161,72,135,61,73,74,75,136,137,92,93,94,79,80,81,138,139,95,96,97" pointTypes=";;;10,89;10,89;;10,150;10,149;10,149;10,149;10,140;10,150;10,150;10,89" names="0,0,345,352,353,318,354,346,361,356,348,349,357,362,359,360" />
                    <segment id="1163574138" length="4" startTrkptIdx="12770" segmentTime="4.30" speed="21.26" turnType="" turnAngle="" types="106,70,2,22,160,62,87,161,72,135,61,73,74,75,136,137,92,93,94,79,80,81,138,139,95,96,97" pointTypes=";31,32;31,32;31,32" names="0,0,345,352,353,318,354,346,361,356,348,349,357,362,359,360" />
                    <segment id="1053189736" length="2" startTrkptIdx="12773" segmentTime="7.63" speed="26.07" turnType="" turnAngle="" types="65,268,70,85,22,127,62,87,161,269,72,135,61,30,73,74,75,136,137,92,93,94,79,80,81,138,139,95,96,97" pointTypes=";" names="0,0,345,352,353,318,354,346,361,356,348,349,357,362,359,360" />
                    <segment id="1516802060" length="11" startTrkptIdx="12774" segmentTime="23.24" speed="26.07" turnType="" turnAngle="" types="65,268,107,70,2,22,127,62,6,72,135,9,30,73,74,75,136,137,92,93,94,79,80,81,138,139,95,96,97" pointTypes=";;10,11;10,11;147,148;10,11;10,197;10,140;201,202;10,149;154,101" names="0,0,345,352,353,318,354,346,361,356,348,349,357,362,359,360" />
                    <segment id="107136525" length="40" startTrkptIdx="12784" segmentTime="131.52" speed="26.07" turnType="" turnAngle="" types="65,107,70,2,22,127,62,6,72,135,9,73,74,75,136,137,92,93,94,79,80,81,138,139,95,96,97" pointTypes=";31,32;31,32;10,89;10,11;152,153;27,28;31,32;27,28;27,28;10,89;10,89;10,150;31,32;142,100;31,32;10,119;10,151;201,202;10,11;31,32;;31,32;27,28;10,11;31,32;10,11;;;;10,11;31,32;10,150;157,158;10,11;10,11;10,11;31,32;31,32;132,31,32" names="0,0,345,352,353,318,354,346,361,356,348,349,357,362,359,360" />
                    <segment id="835900762" length="4" startTrkptIdx="12823" segmentTime="6.55" speed="26.07" turnType="" turnAngle="" types="106,107,126,2,22,127,128,62,6,72,9,73,74,75,76,77,78,79,80,81,82,83,84" pointTypes="132;32;32;32" names="432,0,0,345,318,346,347,348,349,350" />
                    <segment id="121054838" length="5" startTrkptIdx="12826" segmentTime="6.49" speed="26.07" turnType="" turnAngle="" types="106,107,126,2,22,127,128,62,6,72,9,73,74,75,76,77,78,79,80,81,82,83,84" pointTypes=";32;32;;32" names="432,0,0,345,333,318,346,347,348,349,334,350" />
                    <segment id="121054842" length="2" startTrkptIdx="12830" segmentTime="1.85" speed="26.07" turnType="" turnAngle="" types="106,131,107,126,2,127,128,62,6,72,9,73,74,75,76,77,78,79,80,81,82,83,84" pointTypes="" names="0,0,345,333,318,346,347,348,349,334,350" />
                    <segment id="121054836" length="6" startTrkptIdx="12831" segmentTime="19.06" speed="26.07" turnType="" turnAngle="" types="106,107,126,2,22,127,128,62,6,72,9,73,74,75,76,77,78,79,80,81,82,83,84" pointTypes=";32;;134;;" names="0,0,345,333,318,346,347,348,349,334,350" />
                    <segment id="5184893" length="2" startTrkptIdx="12836" segmentTime="2.29" speed="26.07" turnType="" turnAngle="" types="106,107,126,85,22,127,128,62,6,72,9,73,74,75,76,77,78,79,80,81,82,83,84" pointTypes=";" names="0,0,317,333,318,319,320,321,322,334,323" />
                    <segment id="5184893" length="38" startTrkptIdx="12837" segmentTime="72.38" speed="26.07" turnType="" turnAngle="" types="106,107,126,85,22,127,128,62,6,72,9,73,74,75,76,77,78,79,80,81,82,83,84" pointTypes=";;;;28;100;32;;;;;;;;32;;;;;100;;;28;;28;98;;32;32;;;;;;;;;32" names="0,0,317,333,318,319,320,321,322,334,323" />
                    <segment id="156110101" length="15" startTrkptIdx="12874" segmentTime="22.40" speed="26.07" turnType="" turnAngle="" types="106,131,248,107,126,85,22,127,128,62,6,72,9,73,74,75,76,77,78,79,80,81,82,83,84" pointTypes=";;;;;;;;;;;;;;132" names="0,0,317,333,318,319,320,321,322,334,323" />
                    <segment id="156110101" length="9" startTrkptIdx="12888" segmentTime="28.85" speed="26.07" turnType="" turnAngle="" types="106,131,248,107,126,85,22,127,128,62,6,72,9,73,74,75,76,77,78,79,80,81,82,83,84" pointTypes="132" names="0,0,317,333,318,319,320,321,322,334,323" />
                    <segment id="156110104" length="2" startTrkptIdx="12896" segmentTime="0.89" speed="26.07" turnType="" turnAngle="" types="106,107,126,85,22,127,128,62,6,72,9,73,74,75,76,77,78,79,80,81,82,83,84" pointTypes=";132" names="0,0,317,333,318,319,320,321,322,334,323" />
                    <segment id="1464300509" length="2" startTrkptIdx="12897" segmentTime="1.61" speed="26.07" turnType="" turnAngle="" types="106,107,126,85,22,127,128,62,6,72,9,73,74,75,76,77,78,79,80,81,82,83,84" pointTypes="132;" names="0,0,317,333,318,319,320,321,322,334,323" />
                    <segment id="1464300510" length="2" startTrkptIdx="12898" segmentTime="1.03" speed="26.07" turnType="" turnAngle="" types="106,107,126,85,22,127,128,62,6,72,9,73,74,75,76,77,78,79,80,81,82,83,84" pointTypes=";32" names="0,0,317,333,318,319,320,321,322,334,323" />
                    <segment id="1464300511" length="5" startTrkptIdx="12899" segmentTime="7.07" speed="26.07" turnType="" turnAngle="" types="106,107,126,85,22,127,128,62,6,72,9,73,74,75,76,77,78,79,80,81,82,83,84" pointTypes=";;32;;" names="0,0,317,333,318,319,320,321,322,334,323" />
                    <segment id="1464300512" length="2" startTrkptIdx="12903" segmentTime="1.48" speed="26.07" turnType="" turnAngle="" types="106,107,126,85,22,127,128,62,6,72,9,73,74,75,76,77,78,79,80,81,82,83,84" pointTypes=";" names="0,0,317,333,318,319,320,321,322,334,323" />
                    <segment id="77450197" length="2" startTrkptIdx="12904" segmentTime="1.12" speed="26.07" turnType="" turnAngle="" types="106,107,126,85,22,127,128,62,6,72,9,73,74,75,76,77,78,79,80,81,82,83,84" pointTypes=";132" names="0,0,317,333,318,319,320,321,322,334,323" />
                    <segment id="77450197" length="14" startTrkptIdx="12905" segmentTime="25.10" speed="26.07" turnType="" turnAngle="" types="106,107,126,85,22,127,128,62,6,72,9,73,74,75,76,77,78,79,80,81,82,83,84" pointTypes="132;;;;;;;;;;32;32;28;28" names="0,0,317,333,318,319,320,321,322,334,323" />
                    <segment id="167047136" length="4" startTrkptIdx="12918" segmentTime="3.76" speed="26.07" turnType="" turnAngle="" types="106,131,107,126,85,22,127,128,62,6,270,72,9,73,74,75,76,77,78,79,80,81,82,83,84" pointTypes="" names="0,0,317,333,318,319,320,321,322,334,323" />
                    <segment id="167047132" length="2" startTrkptIdx="12921" segmentTime="0.96" speed="26.07" turnType="" turnAngle="" types="106,107,126,85,22,127,128,62,6,270,72,9,73,74,75,76,77,78,79,80,81,82,83,84" pointTypes=";132" names="0,0,317,333,318,319,320,321,322,334,323" />
                    <segment id="78142036" length="11" startTrkptIdx="12922" segmentTime="17.38" speed="21.26" turnType="" turnAngle="" types="106,107,99,126,2,22,160,128,62,6,72,9,73,74,75,76,77,78,79,80,81,82,83,84" pointTypes="132;;;;32;;;;;;32" names="439,0,0,317,333,318,319,320,321,322,334,323,440" />
                    <segment id="970629270" length="3" startTrkptIdx="12932" segmentTime="3.67" speed="21.26" turnType="" turnAngle="" types="106,131,107,99,126,68,22,160,128,62,6,72,9,73,74,75,76,77,78,79,80,81,82,83,84" pointTypes="" names="439,0,0,317,333,318,319,320,321,322,334,323,440" />
                    <segment id="367071140" length="9" startTrkptIdx="12934" segmentTime="15.36" speed="21.26" turnType="" turnAngle="" types="106,131,107,99,126,68,22,160,128,62,6,72,9,73,74,75,76,77,78,79,80,81,82,83,84" pointTypes="" names="439,0,0,317,333,318,319,320,321,322,334,323,440" />
                    <segment id="367071114" length="2" startTrkptIdx="12942" segmentTime="1.48" speed="21.26" turnType="" turnAngle="" types="106,107,99,126,68,22,160,128,62,6,72,9,73,74,75,76,77,78,79,80,81,82,83,84" pointTypes=";" names="439,0,0,317,333,318,319,320,321,322,334,323,440" />
                    <segment id="225753957" length="8" startTrkptIdx="12943" segmentTime="25.90" speed="7.93" turnType="" turnAngle="" types="106,107,99,126,68,22,102,128,62,6,72,9,73,74,75,76,77,78,79,80,81,82,83,84" pointTypes=";;;;59;103,104;;" names="439,0,0,317,333,318,319,320,321,322,334,323,440" />
                    <segment id="17151353" length="8" startTrkptIdx="12950" segmentTime="17.85" speed="26.07" turnType="" turnAngle="" types="106,107,99,126,85,129,34,127,128,4,6,108,130,72,91,9,22,73,74,75,76,77,78,92,93,94,79,80,81,82,83,84,95,96,97" pointTypes="" names="0,0,317,324,336,318,325,319,320,326,321,322,327,323,337,328,338,339,340,341" />
                    <segment id="122890809" length="4" startTrkptIdx="12957" segmentTime="1.71" speed="18.85" turnType="" turnAngle="" types="106,107,99,126,85,129,34,22,102,4,6,72,91,9,73,74,75,76,77,78,92,93,94,79,80,81,82,83,84,95,96,97" pointTypes=";101;98;98" names="0,0,317,324,336,318,325,319,320,326,321,322,327,323,337,328,338,339,340,341" />
                    <segment id="38182736" length="7" startTrkptIdx="12960" segmentTime="4.97" speed="18.85" turnType="" turnAngle="" types="106,107,99,126,68,22,102,128,62,6,72,9,73,74,75,76,77,78,79,80,81,82,83,84" pointTypes=";100;28;32" names="0,0,317,333,318,319,320,321,322,334,323" />
                    <segment id="478223368" length="12" startTrkptIdx="12966" segmentTime="10.45" speed="13.89" turnType="" turnAngle="" types="106,107,99,126,2,22,23,62,6,165,72,9,73,74,75,76,77,78,79,80,81,82,83,84" pointTypes=";;;;;;;;;28;28;32" names="0,0,317,333,318,319,320,321,322,334,323" />
                    <segment id="640842148" length="7" startTrkptIdx="12977" segmentTime="37.77" speed="1.02" turnType="" turnAngle="" types="106,107,99,126,2,22,23,62,6,257,72,9,73,74,75,76,77,78,79,80,81,82,83,84" pointTypes=";31,32;27,28;27,28;53,59,27,28;55,47,57,16;27,28" names="0,0,317,333,318,319,320,321,322,334,323" />
                    <segment id="5184379" length="3" startTrkptIdx="12983" segmentTime="17.61" speed="2.06" turnType="" turnAngle="" types="65,12,66,70,111,22,23,62,90,6,190,72,9,63,73,74,75,76,77,78,79,80,81,82,83,84" pointTypes=";55,47,57,16,27,28;27,28" names="439,0,0,317,318,319,320,321,322,323" />
                    <segment id="478223359" length="5" startTrkptIdx="12985" segmentTime="38.01" speed="1.10" turnType="C" turnAngle="6.87" types="65,12,66,70,85,22,23,62,6,88,72,9,63,73,74,75,76,77,78,79,80,81,82,83,84" pointTypes=";142,100;53,59,142,100;55,56,16,42,142,100;142,100" names="439,0,0,317,318,319,320,321,322,323" />
                    <segment id="119122495" length="2" startTrkptIdx="12989" segmentTime="0.72" speed="13.89" turnType="" turnAngle="" types="65,12,66,70,2,22,23,62,90,161,72,61,63,73,74,75,76,77,78,79,80,81,82,83,84" pointTypes=";55,16,27,28" names="439,0,0,317,318,319,320,321,322,323" />
                    <segment id="1054122396" length="17" startTrkptIdx="12990" segmentTime="89.63" speed="3.82" turnType="" turnAngle="" types="65,12,66,70,2,22,23,62,6,72,9,87,73,74,75,76,77,78,79,80,81,82,83,84" pointTypes="55,16;31,32;31,32;;;31,32;53,59,31,32;55,47,57,16,42;;55,56,16,42;;27,28;31,32;;27,28;27,28;31,32" names="439,0,0,317,318,319,320,321,322,323" />
                    <segment id="1054122397" length="4" startTrkptIdx="13006" segmentTime="37.33" speed="0.87" turnType="" turnAngle="" types="65,66,70,85,22,23,62,90,161,86,72,61,87,73,74,75,76,77,78,79,80,81,82,83,84" pointTypes=";53,59,31,32;55,56,16;" names="439,0,0,317,318,319,320,321,322,323" />
                    <segment id="822261499" length="17" startTrkptIdx="13009" segmentTime="89.83" speed="3.84" turnType="C" turnAngle="0.84" types="65,66,70,2,23,62,161,72,61,87,73,74,75,76,77,78,79,80,81,82,83,84" pointTypes=";55,35,56,57,16,42;;;31,32;10,11;10,11;53,59,31,32;55,56,16;31,32;55,56,16,125,42,31,32;31,32;;27,28;;31,32" names="439,0,0,317,318,319,320,321,322,323" />
                    <segment id="203046445" length="3" startTrkptIdx="13025" segmentTime="4.40" speed="13.89" turnType="" turnAngle="" types="65,66,70,2,22,23,62,161,271,72,61,63,73,74,75,76,77,78,79,80,81,82,83,84" pointTypes=";32;100" names="0,0,317,318,319,320,321,322,323" />
                    <segment id="640842157" length="4" startTrkptIdx="13027" segmentTime="37.48" speed="0.92" turnType="" turnAngle="" types="65,66,70,85,22,23,62,90,6,272,72,9,63,73,74,75,76,77,78,79,80,81,82,83,84" pointTypes=";53,59,32;55,16,42;32" names="0,0,317,318,319,320,321,322,323" />
                    <segment id="1524244275" length="2" startTrkptIdx="13030" segmentTime="0.39" speed="13.89" turnType="C" turnAngle="3.32" types="65,66,70,85,33,186,22,23,90,6,273,274,72,9,63,73,74,75,76,77,78,79,80,81,82,83,84" pointTypes=";55,35,16,28" names="0,0,317,318,319,320,321,322,323" />
                    <segment id="203046444" length="3" startTrkptIdx="13031" segmentTime="31.49" speed="0.66" turnType="" turnAngle="" types="65,66,70,85,33,186,22,23,90,6,273,274,72,7,26,9,63,73,74,75,76,77,78,79,80,81,82,83,84" pointTypes="55,35,16;55,35,16,42,28;32" names="0,0,317,318,319,320,298,441,313,395,303,442,305,443,321,322,323" />
                    <segment id="16869015" length="6" startTrkptIdx="13033" segmentTime="11.31" speed="13.89" turnType="TR" turnAngle="90.04" types="65,275,48,66,70,111,22,23,62,6,72,9,49,63,73,74,75,76,77,78,79,80,81,82,83,84" pointTypes=";;28;" names="439,0,0,317,318,319,320,321,322,323" />
                    <segment id="640831105" length="2" startTrkptIdx="13038" segmentTime="4.14" speed="13.89" turnType="" turnAngle="" types="65,275,48,66,70,111,22,23,62,6,72,9,49,63,73,74,75,76,77,78,79,80,81,82,83,84" pointTypes="" names="0,0,317,318,319,320,321,322,323,444" />
                    <segment id="640831115" length="2" startTrkptIdx="13039" segmentTime="2.15" speed="13.89" turnType="" turnAngle="" types="65,275,48,66,70,111,22,23,62,6,276,72,9,49,63,73,74,75,76,77,78,79,80,81,82,83,84" pointTypes=";53,59" names="0,0,317,318,319,320,321,322,323,444" />
                    <segment id="1524576351" length="3" startTrkptIdx="13040" segmentTime="35.91" speed="0.35" turnType="" turnAngle="" types="65,275,48,66,70,111,22,23,62,6,276,72,9,49,63,73,74,75,76,77,78,79,80,81,82,83,84" pointTypes="53,59;55,56,16,42;55,16,42" names="0,0,317,318,319,320,321,322,323,444" />
                    <segment id="640831108" length="8" startTrkptIdx="13042" segmentTime="18.24" speed="2.47" turnType="" turnAngle="" types="65,66,70,85,22,23,62,6,72,9,63,73,74,75,76,77,78,79,80,81,82,83,84" pointTypes="55,16,42;;;;" names="0,0,317,318,319,320,321,322,323,445" />
                    <segment id="25519692" length="5" startTrkptIdx="13049" segmentTime="3.13" speed="13.89" turnType="RNLB2" turnAngle="31.18" types="65,66,70,85,22,23,62,161,72,61,21,63,73,74,75,76,77,78,79,80,81,82,83,84" pointTypes=";;" names="439,329,0,0,317,318,319,320,321,322,323" />
                    <segment id="119122499" length="4" startTrkptIdx="13053" segmentTime="1.87" speed="13.89" turnType="" turnAngle="" types="65,66,70,111,23,62,6,277,72,9,21,73,74,75,76,77,78,79,80,81,82,83,84" pointTypes=";;;" names="329,0,0,317,318,319,320,321,322,323,446" />
                    <segment id="819902123" length="4" startTrkptIdx="13056" segmentTime="1.91" speed="13.89" turnType="" turnAngle="" types="65,66,70,111,23,62,6,277,72,9,21,73,74,75,76,77,78,79,80,81,82,83,84" pointTypes=";;;" names="329,0,0,317,318,319,320,321,322,323,446" />
                    <segment id="1179882156" length="2" startTrkptIdx="13059" segmentTime="1.86" speed="13.89" turnType="" turnAngle="" types="65,66,99,70,2,23,62,6,72,9,73,74,75,76,77,78,79,80,81,82,83,84" pointTypes=";" names="439,0,0,317,318,319,320,321,322,323" />
                    <segment id="5184771" length="10" startTrkptIdx="13060" segmentTime="39.78" speed="1.67" turnType="" turnAngle="" types="65,66,99,70,2,23,62,6,72,9,73,74,75,76,77,78,79,80,81,82,83,84" pointTypes=";;;53,59;55,35,56,57,16,17;;;10,11;10,119;10,119" names="439,0,0,317,318,319,320,321,322,323" />
                    <segment id="47893722" length="8" startTrkptIdx="13069" segmentTime="8.19" speed="13.89" turnType="" turnAngle="" types="65,66,99,70,111,22,23,6,72,91,9,63,73,74,75,76,77,78,92,93,94,79,80,81,82,83,84,95,96,97" pointTypes=";;;;;;;109,110" names="0,0,317,324,318,325,319,320,326,321,322,327,323,328" />
                    <segment id="119122494" length="3" startTrkptIdx="13076" segmentTime="7.62" speed="13.89" turnType="" turnAngle="" types="106,107,99,70,2,22,23,6,72,91,9,63,73,74,75,76,77,78,92,93,94,79,80,81,82,83,84,95,96,97" pointTypes="109,110;109;" names="0,0,317,324,318,325,319,320,326,321,322,327,323,328" />
                    <segment id="5184780" length="2" startTrkptIdx="13078" segmentTime="44.91" speed="13.89" turnType="" turnAngle="" types="106,107,99,70,2,105,23,4,6,108,72,91,9,22,63,73,74,75,76,77,78,92,93,94,79,80,81,82,83,84,95,96,97" pointTypes="" names="0,0,317,324,318,325,319,320,326,321,322,327,323,328" />
                    <segment id="5184769" length="2" startTrkptIdx="13079" segmentTime="4.77" speed="13.89" turnType="" turnAngle="" types="106,107,99,70,2,22,23,4,6,72,91,9,63,73,74,75,76,77,78,92,93,94,79,80,81,82,83,84,95,96,97" pointTypes=";" names="0,0,317,324,318,325,319,320,326,321,322,327,323,328" />
                    <segment id="5184769" length="4" startTrkptIdx="13080" segmentTime="1.37" speed="13.89" turnType="TSLR" turnAngle="5.54" types="106,107,99,70,2,22,23,4,6,72,91,9,63,73,74,75,76,77,78,92,93,94,79,80,81,82,83,84,95,96,97" pointTypes=";;;" names="0,0,317,324,318,325,319,320,326,321,322,327,323,328" />
                    <segment id="846232583" length="3" startTrkptIdx="13083" segmentTime="2.56" speed="13.89" turnType="" turnAngle="" types="65,66,99,70,2,22,23,4,6,72,91,9,63,73,74,75,76,77,78,92,93,94,79,80,81,82,83,84,95,96,97" pointTypes=";;" names="0,0,317,324,318,325,319,320,326,321,322,327,323,328" />
                    <segment id="846232584" length="4" startTrkptIdx="13085" segmentTime="1.91" speed="13.89" turnType="" turnAngle="" types="65,66,99,70,2,22,23,4,24,25,6,72,91,9,73,74,75,76,77,78,92,93,94,79,80,81,82,83,84,95,96,97" pointTypes=";101;101;" names="0,0,317,324,318,325,319,320,326,321,322,327,323,328" />
                    <segment id="1241184201" length="3" startTrkptIdx="13088" segmentTime="1.57" speed="13.89" turnType="" turnAngle="" types="65,66,99,70,2,105,23,4,6,72,91,9,63,73,74,75,76,77,78,92,93,94,79,80,81,82,83,84,95,96,97" pointTypes=";;100" names="0,0,317,324,318,325,319,320,326,321,322,327,323,328" />
                    <segment id="1167250256" length="11" startTrkptIdx="13090" segmentTime="26.70" speed="8.26" turnType="" turnAngle="" types="65,66,99,70,2,22,102,4,71,6,72,91,9,63,73,74,75,76,77,78,92,93,94,79,80,81,82,83,84,95,96,97" pointTypes=";28;59,28;103,104,28;54,28;28;32;28;28;32;" names="0,0,317,324,318,325,319,320,326,321,322,327,323,328" />
                    <segment id="41163413" length="11" startTrkptIdx="13100" segmentTime="24.47" speed="18.85" turnType="" turnAngle="" types="65,66,99,70,2,22,102,4,71,6,72,91,9,63,73,74,75,76,77,78,92,93,94,79,80,81,82,83,84,95,96,97" pointTypes=";;28;100;100;28;;;;;" names="0,0,317,324,318,325,319,320,326,321,322,327,323,328" />
                    <segment id="41163413" length="2" startTrkptIdx="13110" segmentTime="0.86" speed="18.85" turnType="" turnAngle="" types="65,66,99,70,2,22,102,4,71,6,72,91,9,63,73,74,75,76,77,78,92,93,94,79,80,81,82,83,84,95,96,97" pointTypes=";" names="0,0,317,324,318,325,319,320,326,321,322,327,323,328" />
                    <segment id="41378433" length="6" startTrkptIdx="13111" segmentTime="5.16" speed="13.89" turnType="" turnAngle="" types="65,66,99,70,68,22,23,62,6,72,9,63,73,74,75,76,77,78,79,80,81,82,83,84" pointTypes=";;;;32;101" names="0,0,317,318,319,320,321,322,323" />
                    <segment id="649919866" length="5" startTrkptIdx="13116" segmentTime="2.88" speed="13.89" turnType="" turnAngle="" types="65,12,66,70,2,22,23,62,6,72,9,63,73,74,75,76,77,78,79,80,81,82,83,84" pointTypes=";;;;" names="0,0,317,318,319,320,321,322,323" />
                    <segment id="16869579" length="6" startTrkptIdx="13120" segmentTime="10.14" speed="13.89" turnType="" turnAngle="" types="65,12,66,70,2,22,23,4,90,6,72,91,9,63,73,74,75,76,77,78,92,93,94,79,80,81,82,83,84,95,96,97" pointTypes=";;98;98;98;98" names="0,0,317,324,318,325,319,320,326,321,322,327,323,328" />
                    <segment id="819640904" length="2" startTrkptIdx="13125" segmentTime="1.47" speed="13.89" turnType="" turnAngle="" types="65,12,66,70,2,22,23,4,90,6,72,91,9,63,73,74,75,76,77,78,92,93,94,79,80,81,82,83,84,95,96,97" pointTypes=";98" names="0,0,317,324,318,325,319,320,326,321,322,327,323,328" />
                    <segment id="334266274" length="5" startTrkptIdx="13126" segmentTime="8.78" speed="5.98" turnType="" turnAngle="" types="65,66,70,85,22,23,62,71,6,86,72,9,63,73,74,75,76,77,78,79,80,81,82,83,84" pointTypes=";28;28;56,16,17,39;53" names="0,0,317,318,319,320,321,322,323" />
                    <segment id="5184182" length="9" startTrkptIdx="13130" segmentTime="35.88" speed="4.21" turnType="C" turnAngle="14.39" types="65,12,66,70,2,22,23,62,71,6,72,9,63,73,74,75,76,77,78,79,80,81,82,83,84" pointTypes="53;56,16,17,28,39;28;28;;32;;;" names="0,0,317,318,319,320,321,322,323" />
                    <segment id="814290725" length="3" startTrkptIdx="13138" segmentTime="22.47" speed="1.52" turnType="C" turnAngle="-0.83" types="65,66,70,85,22,23,62,87,6,88,72,9,73,74,75,76,77,78,79,80,81,82,83,84" pointTypes=";53,59,100;28" names="0,0,317,318,319,320,321,322,323" />
                    <segment id="814277343" length="4" startTrkptIdx="13140" segmentTime="32.12" speed="0.92" turnType="" turnAngle="" types="65,66,70,2,22,23,62,6,72,9,73,74,75,76,77,78,79,80,81,82,83,84" pointTypes=";55,13,16,42,28;55,16,42;28" names="0,0,317,318,319,320,321,322,323" />
                    <segment id="5184178" length="2" startTrkptIdx="13143" segmentTime="1.23" speed="13.89" turnType="" turnAngle="" types="65,36,268,66,70,2,22,23,62,6,72,9,73,74,75,76,77,78,79,80,81,82,83,84" pointTypes=";" names="0,0,317,318,319,320,321,322,323" />
                    <segment id="5184178" length="8" startTrkptIdx="13144" segmentTime="5.20" speed="13.89" turnType="C" turnAngle="" types="65,36,268,66,70,2,22,23,62,6,72,9,73,74,75,76,77,78,79,80,81,82,83,84" pointTypes=";28;32;32;28;28;28;32" names="0,0,317,318,319,320,321,322,323" />
                    <segment id="41378431" length="8" startTrkptIdx="13152" segmentTime="67.03" speed="9.01" turnType="" turnAngle="" types="65,36,268,107,70,2,22,102,62,6,72,9,73,74,75,76,77,78,79,80,81,82,83,84" pointTypes=";;32;;;53,59;55,13,57,16,42,32" names="0,0,317,318,319,320,321,322,323" />
                    <segment id="1053232446" length="6" startTrkptIdx="13159" segmentTime="15.30" speed="6.53" turnType="" turnAngle="" types="65,107,70,2,22,102,62,24,25,6,278,72,9,73,74,75,76,77,78,79,80,81,82,83,84" pointTypes=";;;;18,19" names="0,0,317,318,319,320,321,322,323" />
                    <segment id="818559262" length="6" startTrkptIdx="13164" segmentTime="1.38" speed="18.85" turnType="RNLB3" turnAngle="-119.16" types="65,107,70,21,2,22,102,24,25,6,72,9,73,74,75,76,77,78,79,80,81,82,83,84" pointTypes="" names="0,317,318,319,320,321,322,323" />
                    <segment id="5184172" length="8" startTrkptIdx="13169" segmentTime="3.50" speed="18.85" turnType="" turnAngle="" types="65,107,70,21,68,22,102,87,6,9,73,74,75,79,80,81" pointTypes=";32;;;;;;" names="0,319,322" />
                    <segment id="818559266" length="5" startTrkptIdx="13176" segmentTime="1.60" speed="18.85" turnType="" turnAngle="" types="65,107,70,21,2,22,102,24,25,6,72,9,73,74,75,76,77,78,79,80,81,82,83,84" pointTypes=";" names="0,317,318,319,320,321,322,323" />
                    <segment id="818559265" length="10" startTrkptIdx="13180" segmentTime="3.36" speed="18.85" turnType="" turnAngle="" types="65,107,70,21,2,22,102,6,72,9,73,74,75,76,77,78,79,80,81,82,83,84" pointTypes=";;;;;;;;;" names="0,317,318,319,320,321,322,323" />
                    <segment id="818559264" length="7" startTrkptIdx="13189" segmentTime="2.22" speed="18.85" turnType="" turnAngle="" types="65,107,70,21,85,22,102,6,113,72,9,73,74,75,76,77,78,79,80,81,82,83,84" pointTypes=";;;;;32;28" names="0,317,318,319,320,321,322,323" />
                    <segment id="1428411535" length="8" startTrkptIdx="13195" segmentTime="8.87" speed="18.85" turnType="" turnAngle="" types="65,12,107,70,2,22,102,62,6,72,9,73,74,75,76,77,78,79,80,81,82,83,84" pointTypes=";28;28;;;;32;" names="0,0,317,318,319,320,321,322,323" />
                    <segment id="5184181" length="8" startTrkptIdx="13202" segmentTime="63.46" speed="8.45" turnType="" turnAngle="" types="65,12,107,70,2,22,102,62,6,72,9,73,74,75,76,77,78,79,80,81,82,83,84" pointTypes=";53,59;55,13,57,16,42;32;;;;" names="0,0,317,318,319,320,321,322,323" />
                    <segment id="119131412" length="11" startTrkptIdx="13209" segmentTime="57.94" speed="1.90" turnType="" turnAngle="" types="65,12,66,70,85,22,23,62,6,86,72,9,73,74,75,76,77,78,79,80,81,82,83,84" pointTypes=";;;;;;;53,59;55,16,42;55,13,16,42;" names="0,0,317,318,319,320,321,322,323" />
                    <segment id="814277344" length="3" startTrkptIdx="13219" segmentTime="3.30" speed="13.89" turnType="C" turnAngle="3.28" types="65,66,70,2,22,23,62,87,6,72,9,73,74,75,76,77,78,79,80,81,82,83,84" pointTypes=";;" names="0,0,317,318,319,320,321,322,323" />
                    <segment id="5184183" length="3" startTrkptIdx="13221" segmentTime="5.45" speed="13.89" turnType="" turnAngle="" types="65,12,66,70,2,22,23,62,71,6,72,9,63,73,74,75,76,77,78,79,80,81,82,83,84" pointTypes=";;" names="0,0,317,318,319,320,321,322,323" />
                    <segment id="1453012190" length="2" startTrkptIdx="13223" segmentTime="2.57" speed="13.89" turnType="" turnAngle="" types="65,12,66,70,85,22,23,62,71,6,86,72,9,63,73,74,75,76,77,78,79,80,81,82,83,84" pointTypes=";" names="0,0,317,318,319,320,321,322,323" />
                    <segment id="819640901" length="4" startTrkptIdx="13224" segmentTime="7.05" speed="4.04" turnType="KR" turnAngle="-1.24" types="65,66,70,85,22,23,62,87,6,88,72,9,73,74,75,76,77,78,79,80,81,82,83,84" pointTypes=";56,16,17,39,10,89;;53,10,89" names="0,0,317,318,319,320,321,322,323" />
                    <segment id="1180941290" length="3" startTrkptIdx="13227" segmentTime="26.40" speed="0.74" turnType="" turnAngle="" types="65,66,70,2,22,23,62,71,6,72,9,63,73,74,75,76,77,78,79,80,81,82,83,84" pointTypes="53;56,16,17,39;" names="0,0,317,318,319,320,321,322,323" />
                    <segment id="334266272" length="4" startTrkptIdx="13229" segmentTime="2.33" speed="13.89" turnType="" turnAngle="" types="65,66,70,2,22,23,62,71,6,72,9,63,73,74,75,76,77,78,79,80,81,82,83,84" pointTypes=";;;" names="0,0,317,318,319,320,321,322,323" />
                    <segment id="819640904" length="2" startTrkptIdx="13232" segmentTime="1.47" speed="13.89" turnType="" turnAngle="" types="65,12,66,70,2,22,23,4,90,6,72,91,9,63,73,74,75,76,77,78,92,93,94,79,80,81,82,83,84,95,96,97" pointTypes="98;" names="0,0,317,324,318,325,319,320,326,321,322,327,323,328" />
                    <segment id="16869579" length="6" startTrkptIdx="13233" segmentTime="10.14" speed="13.89" turnType="" turnAngle="" types="65,12,66,70,2,22,23,4,90,6,72,91,9,63,73,74,75,76,77,78,92,93,94,79,80,81,82,83,84,95,96,97" pointTypes="98;98;98;98;;" names="0,0,317,324,318,325,319,320,326,321,322,327,323,328" />
                    <segment id="649919874" length="3" startTrkptIdx="13238" segmentTime="1.30" speed="13.89" turnType="" turnAngle="" types="65,12,66,99,70,23,62,6,72,9,73,74,75,76,77,78,79,80,81,82,83,84" pointTypes=";;" names="0,0,317,318,319,320,321,322,323" />
                    <segment id="649919874" length="6" startTrkptIdx="13240" segmentTime="3.29" speed="13.89" turnType="KR" turnAngle="15.14" types="65,12,66,99,70,23,62,6,72,9,73,74,75,76,77,78,79,80,81,82,83,84" pointTypes=";;;;;" names="0,0,317,318,319,320,321,322,323" />
                    <segment id="814270687" length="4" startTrkptIdx="13245" segmentTime="4.05" speed="13.89" turnType="" turnAngle="" types="65,66,99,70,68,22,23,62,6,72,9,63,73,74,75,76,77,78,79,80,81,82,83,84" pointTypes=";100;101;" names="0,0,317,318,319,320,321,322,323" />
                    <segment id="41163413" length="12" startTrkptIdx="13248" segmentTime="25.33" speed="18.85" turnType="" turnAngle="" types="65,66,99,70,2,22,102,4,71,6,72,91,9,63,73,74,75,76,77,78,92,93,94,79,80,81,82,83,84,95,96,97" pointTypes=";;;;;;28;100;100;28;;" names="0,0,317,324,318,325,319,320,326,321,322,327,323,328" />
                    <segment id="1167250256" length="11" startTrkptIdx="13259" segmentTime="26.70" speed="8.26" turnType="" turnAngle="" types="65,66,99,70,2,22,102,4,71,6,72,91,9,63,73,74,75,76,77,78,92,93,94,79,80,81,82,83,84,95,96,97" pointTypes=";32;28;28;32;28;54,28;103,104,28;59,28;28;" names="0,0,317,324,318,325,319,320,326,321,322,327,323,328" />
                    <segment id="1241184201" length="3" startTrkptIdx="13269" segmentTime="1.57" speed="13.89" turnType="" turnAngle="" types="65,66,99,70,2,105,23,4,6,72,91,9,63,73,74,75,76,77,78,92,93,94,79,80,81,82,83,84,95,96,97" pointTypes="100;;" names="0,0,317,324,318,325,319,320,326,321,322,327,323,328" />
                    <segment id="846232584" length="4" startTrkptIdx="13271" segmentTime="1.91" speed="13.89" turnType="" turnAngle="" types="65,66,99,70,2,22,23,4,24,25,6,72,91,9,73,74,75,76,77,78,92,93,94,79,80,81,82,83,84,95,96,97" pointTypes=";101;101;" names="0,0,317,324,318,325,319,320,326,321,322,327,323,328" />
                    <segment id="846232583" length="3" startTrkptIdx="13274" segmentTime="2.56" speed="13.89" turnType="" turnAngle="" types="65,66,99,70,2,22,23,4,6,72,91,9,63,73,74,75,76,77,78,92,93,94,79,80,81,82,83,84,95,96,97" pointTypes=";;" names="0,0,317,324,318,325,319,320,326,321,322,327,323,328" />
                    <segment id="5184769" length="5" startTrkptIdx="13276" segmentTime="6.14" speed="13.89" turnType="" turnAngle="" types="106,107,99,70,2,22,23,4,6,72,91,9,63,73,74,75,76,77,78,92,93,94,79,80,81,82,83,84,95,96,97" pointTypes=";;;;" names="0,0,317,324,318,325,319,320,326,321,322,327,323,328" />
                    <segment id="5184780" length="2" startTrkptIdx="13280" segmentTime="44.91" speed="13.89" turnType="" turnAngle="" types="106,107,99,70,2,105,23,4,6,108,72,91,9,22,63,73,74,75,76,77,78,92,93,94,79,80,81,82,83,84,95,96,97" pointTypes="" names="0,0,317,324,318,325,319,320,326,321,322,327,323,328" />
                    <segment id="119122494" length="3" startTrkptIdx="13281" segmentTime="7.62" speed="13.89" turnType="" turnAngle="" types="106,107,99,70,2,22,23,6,72,91,9,63,73,74,75,76,77,78,92,93,94,79,80,81,82,83,84,95,96,97" pointTypes=";109;109,110" names="0,0,317,324,318,325,319,320,326,321,322,327,323,328" />
                    <segment id="47893722" length="8" startTrkptIdx="13283" segmentTime="8.19" speed="13.89" turnType="" turnAngle="" types="65,66,99,70,111,22,23,6,72,91,9,63,73,74,75,76,77,78,92,93,94,79,80,81,82,83,84,95,96,97" pointTypes="109,110;;;;;;;" names="0,0,317,324,318,325,319,320,326,321,322,327,323,328" />
                    <segment id="5184778" length="9" startTrkptIdx="13290" segmentTime="39.97" speed="1.73" turnType="" turnAngle="" types="65,66,99,70,2,23,62,6,72,9,73,74,75,76,77,78,79,80,81,82,83,84" pointTypes=";100;100;28;53,59;55,47,57,16;;28;28" names="0,0,317,318,319,320,321,322,323" />
                    <segment id="160180748" length="9" startTrkptIdx="13298" segmentTime="5.82" speed="13.89" turnType="RNLB8" turnAngle="108.50" types="65,66,70,2,23,62,6,72,9,21,63,73,74,75,76,77,78,79,80,81,82,83,84" pointTypes=";32;32;;;" names="329,0,0,317,318,319,320,321,322,323" />
                    <segment id="1179882159" length="6" startTrkptIdx="13306" segmentTime="2.58" speed="13.89" turnType="" turnAngle="" types="65,66,70,111,23,62,6,112,72,9,21,63,73,74,75,76,77,78,79,80,81,82,83,84" pointTypes=";32;28;32" names="329,0,0,317,318,319,320,321,322,323" />
                    <segment id="24869438" length="2" startTrkptIdx="13311" segmentTime="3.20" speed="13.89" turnType="" turnAngle="" types="65,66,70,111,23,62,6,112,72,9,21,63,73,74,75,76,77,78,79,80,81,82,83,84" pointTypes=";32" names="329,0,0,317,318,319,320,321,322,323" />
                    <segment id="119122496" length="5" startTrkptIdx="13312" segmentTime="52.99" speed="0.78" turnType="" turnAngle="" types="65,66,70,85,22,23,62,6,72,9,21,63,73,74,75,76,77,78,79,80,81,82,83,84" pointTypes=";53,59;55,16,42;55,16;" names="329,0,0,317,318,319,320,321,322,323" />
                    <segment id="821640412" length="3" startTrkptIdx="13316" segmentTime="4.14" speed="13.89" turnType="" turnAngle="" types="65,36,66,70,85,22,23,62,90,6,72,9,21,63,73,74,75,76,77,78,79,80,81,82,83,84" pointTypes=";;" names="329,0,0,317,318,319,320,321,322,323" />
                    <segment id="208406756" length="7" startTrkptIdx="13318" segmentTime="4.22" speed="13.89" turnType="" turnAngle="" types="65,66,70,85,22,23,62,90,6,72,9,21,63,73,74,75,76,77,78,79,80,81,82,83,84" pointTypes=";;;;;;" names="329,0,0,317,318,319,320,321,322,323" />
                    <segment id="640831122" length="7" startTrkptIdx="13324" segmentTime="9.20" speed="13.89" turnType="" turnAngle="" types="65,66,70,85,22,23,62,90,6,113,72,9,21,63,73,74,75,76,77,78,79,80,81,82,83,84" pointTypes=";;;;;32;32" names="329,0,0,317,318,319,320,321,322,323" />
                    <segment id="202880708" length="12" startTrkptIdx="13330" segmentTime="21.83" speed="4.35" turnType="" turnAngle="" types="106,107,70,2,22,23,62,87,6,72,9,73,74,75,76,77,78,79,80,81,82,83,84" pointTypes=";32;59;103,104;;;;;;;;" names="0,0,317,330,318,319,320,321,322,331,323" />
                    <segment id="640842167" length="4" startTrkptIdx="13341" segmentTime="2.35" speed="13.89" turnType="" turnAngle="" types="106,107,70,85,23,62,87,6,72,9,22,73,74,75,76,77,78,79,80,81,82,83,84" pointTypes=";;;" names="0,0,317,330,318,319,320,321,322,331,323" />
                    <segment id="202880711" length="2" startTrkptIdx="13344" segmentTime="9.46" speed="13.89" turnType="" turnAngle="" types="106,107,99,70,85,23,62,87,6,108,114,72,9,22,73,74,75,76,77,78,79,80,81,82,83,84" pointTypes="" names="0,0,317,330,318,319,320,321,322,331,323" />
                    <segment id="202880709" length="2" startTrkptIdx="13345" segmentTime="1.70" speed="13.89" turnType="" turnAngle="" types="106,107,70,85,22,23,62,87,6,72,9,73,74,75,76,77,78,79,80,81,82,83,84" pointTypes=";28" names="0,0,317,330,318,319,320,321,322,331,323" />
                    <segment id="640842145" length="4" startTrkptIdx="13346" segmentTime="40.82" speed="1.98" turnType="" turnAngle="" types="106,107,70,111,22,23,62,87,6,115,72,9,73,74,75,76,77,78,79,80,81,82,83,84" pointTypes=";53,28;55,35,56,16,42" names="0,0,317,330,318,319,320,321,322,331,323" />
                    <segment id="814755713" length="3" startTrkptIdx="13349" segmentTime="16.59" speed="1.33" turnType="C" turnAngle="-0.53" types="65,66,70,85,22,23,62,116,6,72,9,63,73,74,75,76,77,78,79,80,81,82,83,84" pointTypes=";55,35,56,16,42,32" names="0,0,317,330,318,319,320,321,322,331,323" />
                    <segment id="16868570" length="2" startTrkptIdx="13351" segmentTime="0.72" speed="13.89" turnType="" turnAngle="" types="65,66,70,85,22,23,62,6,72,9,63,73,74,75,76,77,78,79,80,81,82,83,84" pointTypes=";" names="0,0,317,330,318,319,320,321,322,331,323" />
                    <segment id="16868570" length="3" startTrkptIdx="13352" segmentTime="7.79" speed="13.89" turnType="" turnAngle="" types="65,66,70,85,22,23,62,6,72,9,63,73,74,75,76,77,78,79,80,81,82,83,84" pointTypes=";;" names="0,0,317,330,318,319,320,321,322,331,323" />
                    <segment id="814755712" length="2" startTrkptIdx="13354" segmentTime="2.73" speed="13.89" turnType="" turnAngle="" types="65,66,70,85,22,23,62,6,117,72,9,63,73,74,75,76,77,78,79,80,81,82,83,84" pointTypes=";" names="0,0,317,330,318,319,320,321,322,331,323" />
                    <segment id="812578378" length="5" startTrkptIdx="13355" segmentTime="51.85" speed="0.50" turnType="" turnAngle="" types="65,66,70,85,23,62,6,117,72,9,63,73,74,75,76,77,78,79,80,81,82,83,84" pointTypes=";53,59,10,11;55,16,42;55,16;10,89" names="0,0,317,330,318,319,320,321,322,331,323" />
                    <segment id="16868592" length="12" startTrkptIdx="13359" segmentTime="26.23" speed="5.94" turnType="C" turnAngle="-0.52" types="65,66,70,85,22,23,62,6,118,72,9,63,73,74,75,76,77,78,79,80,81,82,83,84" pointTypes=";10,89;55,35,56,16,42;;31,32;10,11;10,11;;10,11;10,119;10,11;10,11" names="0,0,317,330,318,319,320,321,322,331,323" />
                    <segment id="478223363" length="5" startTrkptIdx="13370" segmentTime="37.62" speed="0.97" turnType="KR" turnAngle="5.69" types="65,66,70,85,22,23,62,6,120,72,9,63,73,74,75,76,77,78,79,80,81,82,83,84" pointTypes=";;53,59,121;55,35,56,16,42;122,53,23,32" names="0,0,317,330,318,319,320,321,322,331,323" />
                    <segment id="478223369" length="4" startTrkptIdx="13374" segmentTime="37.52" speed="0.93" turnType="" turnAngle="" types="65,66,70,85,22,23,62,90,6,72,9,63,73,74,75,76,77,78,79,80,81,82,83,84" pointTypes="122,53,23;55,35,56,16,42,28" names="0,0,317,330,318,319,320,321,322,331,323" />
                    <segment id="810891908" length="2" startTrkptIdx="13377" segmentTime="1.21" speed="13.89" turnType="" turnAngle="" types="65,66,70,111,22,23,62,90,6,123,72,9,124,63,73,74,75,76,77,78,79,80,81,82,83,84" pointTypes=";" names="0,0,317,330,318,319,320,321,322,331,323" />
                    <segment id="640842153" length="4" startTrkptIdx="13378" segmentTime="38.23" speed="1.17" turnType="" turnAngle="" types="65,66,70,111,22,23,62,90,6,123,72,9,63,73,74,75,76,77,78,79,80,81,82,83,84" pointTypes=";53;55,35,56,57,16,125,42;" names="0,0,317,330,318,319,320,321,322,331,323" />
                    <segment id="41378439" length="9" startTrkptIdx="13381" segmentTime="19.89" speed="6.41" turnType="C" turnAngle="5.61" types="106,107,99,126,2,22,127,62,6,72,9,73,74,75,76,77,78,79,80,81,82,83,84" pointTypes=";55,35,56,57,16,125,42;;;;;;;" names="332,0,0,317,333,318,319,320,321,322,334,323,335" />
                    <segment id="41378440" length="9" startTrkptIdx="13389" segmentTime="10.91" speed="18.85" turnType="" turnAngle="" types="106,107,99,126,2,22,102,128,62,6,72,9,73,74,75,76,77,78,79,80,81,82,83,84" pointTypes=";;;;;32;32;28;28" names="332,0,0,317,333,318,319,320,321,322,334,323,335" />
                    <segment id="224717418" length="3" startTrkptIdx="13397" segmentTime="5.09" speed="18.85" turnType="" turnAngle="" types="106,107,99,126,2,22,102,128,62,6,72,9,73,74,75,76,77,78,79,80,81,82,83,84" pointTypes=";;" names="332,0,0,317,333,318,319,320,321,322,334,323,335" />
                    <segment id="122890809" length="4" startTrkptIdx="13399" segmentTime="1.71" speed="18.85" turnType="" turnAngle="" types="106,107,99,126,85,129,34,22,102,4,6,72,91,9,73,74,75,76,77,78,92,93,94,79,80,81,82,83,84,95,96,97" pointTypes="98;98;101;" names="0,0,317,324,336,318,325,319,320,326,321,322,327,323,337,328,338,339,340,341" />
                    <segment id="17151353" length="8" startTrkptIdx="13402" segmentTime="17.85" speed="26.07" turnType="" turnAngle="" types="106,107,99,126,85,129,34,127,128,4,6,108,130,72,91,9,22,73,74,75,76,77,78,92,93,94,79,80,81,82,83,84,95,96,97" pointTypes="" names="0,0,317,324,336,318,325,319,320,326,321,322,327,323,337,328,338,339,340,341" />
                    <segment id="121864852" length="8" startTrkptIdx="13409" segmentTime="9.28" speed="18.85" turnType="" turnAngle="" types="106,107,99,126,2,22,102,128,62,6,72,9,73,74,75,76,77,78,79,80,81,82,83,84" pointTypes=";32;100;98;98;100;28" names="332,0,0,317,333,318,319,320,321,322,334,323,335" />
                    <segment id="1348083283" length="2" startTrkptIdx="13416" segmentTime="1.43" speed="18.85" turnType="" turnAngle="" types="106,107,99,126,2,22,102,128,62,6,72,9,73,74,75,76,77,78,79,80,81,82,83,84" pointTypes=";32" names="332,0,0,317,333,318,319,320,321,322,334,323,335" />
                    <segment id="225753952" length="2" startTrkptIdx="13417" segmentTime="1.36" speed="26.07" turnType="" turnAngle="" types="106,107,99,126,2,22,127,128,62,6,72,9,73,74,75,76,77,78,79,80,81,82,83,84" pointTypes=";32" names="332,0,0,317,333,318,319,320,321,322,334,323,335" />
                    <segment id="367071110" length="10" startTrkptIdx="13418" segmentTime="11.62" speed="26.07" turnType="" turnAngle="" types="106,131,107,99,126,2,22,127,128,62,6,72,9,73,74,75,76,77,78,79,80,81,82,83,84" pointTypes="" names="332,0,0,317,333,318,319,320,321,322,334,323,335" />
                    <segment id="78142043" length="4" startTrkptIdx="13427" segmentTime="3.77" speed="26.07" turnType="" turnAngle="" types="106,131,107,126,85,22,127,128,62,6,72,9,73,74,75,76,77,78,79,80,81,82,83,84" pointTypes="" names="332,0,0,317,333,318,319,320,321,322,334,323,335" />
                    <segment id="367071139" length="4" startTrkptIdx="13430" segmentTime="7.82" speed="26.07" turnType="" turnAngle="" types="106,107,126,85,22,127,128,62,6,72,9,73,74,75,76,77,78,79,80,81,82,83,84" pointTypes=";;;132,28" names="332,0,0,317,333,318,319,320,321,322,334,323,335" />
                    <segment id="367071139" length="6" startTrkptIdx="13433" segmentTime="7.32" speed="26.07" turnType="" turnAngle="" types="106,107,126,85,22,127,128,62,6,72,9,73,74,75,76,77,78,79,80,81,82,83,84" pointTypes="132,28;32;32;100;28;32" names="332,0,0,317,333,318,319,320,321,322,334,323,335" />
                    <segment id="167047135" length="4" startTrkptIdx="13438" segmentTime="3.74" speed="26.07" turnType="" turnAngle="" types="106,131,107,126,85,22,127,128,62,6,72,9,73,74,75,76,77,78,79,80,81,82,83,84" pointTypes="" names="332,0,0,317,333,318,319,320,321,322,334,323,335" />
                    <segment id="167047131" length="15" startTrkptIdx="13441" segmentTime="20.75" speed="26.07" turnType="" turnAngle="" types="106,107,126,85,22,127,128,62,6,72,9,73,74,75,76,77,78,79,80,81,82,83,84" pointTypes=";;;;;;;28;32;32;100;32;32;;" names="332,0,0,317,333,318,319,320,321,322,334,323,335" />
                    <segment id="1464299738" length="2" startTrkptIdx="13455" segmentTime="0.98" speed="26.07" turnType="" turnAngle="" types="106,107,126,85,22,127,128,62,6,72,9,73,74,75,76,77,78,79,80,81,82,83,84" pointTypes="" names="332,0,0,317,333,318,319,320,321,322,334,323,335" />
                    <segment id="1464299739" length="6" startTrkptIdx="13456" segmentTime="11.76" speed="26.07" turnType="" turnAngle="" types="106,107,126,85,22,127,128,62,6,72,9,73,74,75,76,77,78,79,80,81,82,83,84" pointTypes=";28;18,109,110,127,28;32;;" names="332,0,0,317,333,318,319,320,321,322,334,323,335" />
                    <segment id="1464300533" length="2" startTrkptIdx="13461" segmentTime="1.88" speed="26.07" turnType="" turnAngle="" types="106,107,126,85,22,127,128,62,6,72,9,73,74,75,76,77,78,79,80,81,82,83,84" pointTypes=";" names="332,0,0,317,333,318,319,320,321,322,334,323,335" />
                    <segment id="1464300534" length="2" startTrkptIdx="13462" segmentTime="0.98" speed="26.07" turnType="" turnAngle="" types="106,107,126,85,22,127,128,62,6,72,9,73,74,75,76,77,78,79,80,81,82,83,84" pointTypes=";" names="332,0,0,317,333,318,319,320,321,322,334,323,335" />
                    <segment id="5184892" length="3" startTrkptIdx="13463" segmentTime="2.41" speed="26.07" turnType="" turnAngle="" types="106,107,126,85,22,127,128,62,6,72,9,73,74,75,76,77,78,79,80,81,82,83,84" pointTypes=";32;100" names="332,0,0,317,333,318,319,320,321,322,334,323,335" />
                    <segment id="156110106" length="13" startTrkptIdx="13465" segmentTime="37.17" speed="26.07" turnType="" turnAngle="" types="106,131,107,126,85,22,127,128,62,6,72,9,73,74,75,76,77,78,79,80,81,82,83,84" pointTypes="" names="332,0,0,317,333,318,319,320,321,322,334,323,335" />
                    <segment id="426674670" length="13" startTrkptIdx="13477" segmentTime="14.09" speed="26.07" turnType="" turnAngle="" types="106,131,107,126,111,22,127,128,62,6,72,9,73,74,75,76,77,78,79,80,81,82,83,84" pointTypes="" names="332,0,0,317,333,318,319,320,321,322,334,323,335" />
                    <segment id="121054828" length="11" startTrkptIdx="13489" segmentTime="16.31" speed="26.07" turnType="" turnAngle="" types="106,107,126,111,22,127,128,62,6,72,9,73,74,75,76,77,78,79,80,81,82,83,84" pointTypes=";;;;;28;;32;32;;" names="332,0,0,317,333,318,319,320,321,322,334,323,335" />
                    <segment id="158306216" length="33" startTrkptIdx="13499" segmentTime="61.76" speed="26.07" turnType="" turnAngle="" types="106,107,126,111,22,127,128,62,6,133,72,9,73,74,75,76,77,78,79,80,81,82,83,84" pointTypes=";;;98;;;;;;32;;28;32;;;;32;;;;32;;;32;;;;;;;;28;132,32" names="0,0,317,333,318,319,320,321,322,334,323,342,343" />
                    <segment id="5182519" length="6" startTrkptIdx="13531" segmentTime="15.45" speed="26.07" turnType="TSLL" turnAngle="-4.30" types="106,107,126,2,22,127,128,62,6,72,9,73,74,75,76,77,78,79,80,81,82,83,84" pointTypes="132;32;134;;;32" names="447,0,317,318,319,320,321,322,323,440" />
                    <segment id="5182520" length="7" startTrkptIdx="13536" segmentTime="5.85" speed="26.07" turnType="" turnAngle="" types="106,131,107,126,2,22,127,128,62,6,72,9,73,74,75,76,77,78,79,80,81,82,83,84" pointTypes="" names="0,317,318,319,320,321,322,323" />
                    <segment id="17269145" length="12" startTrkptIdx="13542" segmentTime="9.50" speed="26.07" turnType="" turnAngle="" types="106,107,126,2,22,127,128,62,6,72,9,73,74,75,76,77,78,79,80,81,82,83,84" pointTypes=";;;;;;;;;;32;100" names="0,317,318,319,320,321,322,323" />
                    <segment id="35448587" length="4" startTrkptIdx="13553" segmentTime="3.48" speed="26.07" turnType="" turnAngle="" types="106,131,107,126,2,22,127,128,62,6,72,9,73,74,75,76,77,78,79,80,81,82,83,84" pointTypes="" names="0,317,318,319,320,321,322,323" />
                    <segment id="835903024" length="4" startTrkptIdx="13556" segmentTime="1.88" speed="26.07" turnType="" turnAngle="" types="106,107,126,2,22,127,128,62,6,72,9,73,74,75,76,77,78,79,80,81,82,83,84" pointTypes=";;;" names="0,317,318,319,320,321,322,323" />
                    <segment id="35448589" length="11" startTrkptIdx="13559" segmentTime="7.46" speed="26.07" turnType="" turnAngle="" types="106,107,126,2,22,127,128,62,6,72,9,73,74,75,76,77,78,79,80,81,82,83,84" pointTypes=";;;;;;;;;;" names="0,317,318,319,320,321,322,323" />
                    <segment id="17154723" length="2" startTrkptIdx="13569" segmentTime="2.68" speed="21.26" turnType="" turnAngle="" types="65,70,279,85,22,160,128,62,6,72,9,107,73,74,75,76,77,78,79,80,81,82,83,84" pointTypes=";132" names="0,0,317,318,319,320,321,322,323" />
                    <segment id="17154723" length="21" startTrkptIdx="13570" segmentTime="22.68" speed="21.26" turnType="" turnAngle="" types="65,70,279,85,22,160,128,62,6,72,9,107,73,74,75,76,77,78,79,80,81,82,83,84" pointTypes="132;;;;;;;;;;;;;;;;;;;;" names="0,0,317,318,319,320,321,322,323" />
                    <segment id="1046721061" length="4" startTrkptIdx="13590" segmentTime="2.57" speed="21.26" turnType="" turnAngle="" types="65,70,279,111,22,160,128,62,6,280,72,9,107,73,74,75,76,77,78,79,80,81,82,83,84" pointTypes=";;;132,32" names="0,0,317,318,319,320,321,322,323" />
                    <segment id="1046721060" length="8" startTrkptIdx="13593" segmentTime="7.83" speed="21.26" turnType="" turnAngle="" types="65,70,279,85,22,160,128,62,6,72,9,107,73,74,75,76,77,78,79,80,81,82,83,84" pointTypes="132;28;;;;;;" names="0,0,317,318,319,320,321,322,323" />
                    <segment id="118991318" length="12" startTrkptIdx="13600" segmentTime="12.88" speed="21.26" turnType="" turnAngle="" types="65,70,279,111,22,160,128,62,6,281,72,9,107,73,74,75,76,77,78,79,80,81,82,83,84" pointTypes=";;;;;;;;;;;132" names="0,0,317,318,319,320,321,322,323" />
                    <segment id="107171607" length="26" startTrkptIdx="13611" segmentTime="42.86" speed="21.26" turnType="" turnAngle="" types="65,70,85,22,160,128,62,6,270,72,9,107,73,74,75,76,77,78,79,80,81,82,83,84" pointTypes="132;;;32;;;;;;;;;;;;;;;;;;;;;;132" names="0,0,317,318,319,320,321,322,323" />
                    <segment id="835903022" length="5" startTrkptIdx="13636" segmentTime="4.00" speed="21.26" turnType="" turnAngle="" types="106,107,126,2,22,160,128,62,6,72,9,73,74,75,76,77,78,79,80,81,82,83,84" pointTypes="132;32;;32;100" names="0,0,317,448,318,319,320,321,322,449,323" />
                    <segment id="17590870" length="26" startTrkptIdx="13640" segmentTime="35.22" speed="21.26" turnType="" turnAngle="" types="106,107,126,2,22,160,128,62,6,72,9,73,74,75,76,77,78,79,80,81,82,83,84" pointTypes=";28;28;100;100;28;32;;;;;;;;;;;;;;;;;;32;" names="0,0,317,448,318,319,320,321,322,449,323" />
                    <segment id="580607941" length="8" startTrkptIdx="13665" segmentTime="13.73" speed="26.07" turnType="" turnAngle="" types="106,107,126,2,22,127,62,6,72,9,73,74,75,76,77,78,79,80,81,82,83,84" pointTypes=";;28;100;100;32;32;32" names="447,0,0,317,448,318,319,320,321,322,449,323" />
                    <segment id="580607939" length="7" startTrkptIdx="13672" segmentTime="44.53" speed="26.07" turnType="" turnAngle="" types="106,107,126,2,170,127,62,6,72,9,73,74,75,76,77,78,79,80,81,82,83,84" pointTypes=";100;;28;;100;" names="447,0,0,317,448,318,319,320,321,322,449,323" />
                    <segment id="225754126" length="2" startTrkptIdx="13678" segmentTime="2.77" speed="26.07" turnType="" turnAngle="" types="106,107,126,2,127,62,6,72,9,73,74,75,76,77,78,79,80,81,82,83,84" pointTypes=";132" names="447,0,0,317,448,318,319,320,321,322,449,323" />
                    <segment id="225754126" length="18" startTrkptIdx="13679" segmentTime="32.07" speed="26.07" turnType="" turnAngle="" types="106,107,126,2,127,62,6,72,9,73,74,75,76,77,78,79,80,81,82,83,84" pointTypes="132;;32;28;100;98;28;;;;;;32;28;98;98;28;32" names="447,0,0,317,448,318,319,320,321,322,449,323" />
                    <segment id="968107099" length="3" startTrkptIdx="13696" segmentTime="4.01" speed="26.07" turnType="" turnAngle="" types="106,107,126,85,127,62,6,282,72,9,73,74,75,76,77,78,79,80,81,82,83,84" pointTypes=";;" names="447,0,0,317,448,318,319,320,321,322,449,323" />
                    <segment id="107284006" length="36" startTrkptIdx="13698" segmentTime="49.78" speed="26.07" turnType="" turnAngle="" types="106,107,126,2,127,62,6,72,9,73,74,75,76,77,78,79,80,81,82,83,84" pointTypes=";;32;100;100;98;28;100;32;;;;32;28;100;;;;;;;100;32;;;28;;;100;28;32;;;;;32" names="0,0,317,448,318,319,320,321,322,449,323" />
                    <segment id="1014966670" length="23" startTrkptIdx="13733" segmentTime="8.54" speed="26.07" turnType="" turnAngle="" types="106,107,126,2,127,62,6,171,72,9,73,74,75,76,77,78,79,80,81,82,83,84" pointTypes=";32;28;28;28;28;28;28;28;28;100;100;98;98;98;98;100;100;100;28;32;32;32" names="0,0,317,448,318,319,320,321,322,449,323" />
                    <segment id="968055382" length="2" startTrkptIdx="13755" segmentTime="4.25" speed="26.07" turnType="" turnAngle="" types="106,107,126,85,127,62,6,283,72,9,73,74,75,76,77,78,79,80,81,82,83,84" pointTypes=";132" names="0,0,317,448,318,319,320,321,322,449,323" />
                    <segment id="1014966671" length="2" startTrkptIdx="13756" segmentTime="3.76" speed="26.07" turnType="" turnAngle="" types="106,107,126,2,127,62,6,72,9,73,74,75,76,77,78,79,80,81,82,83,84" pointTypes="132;32" names="447,0,0,317,448,318,319,320,321,322,449,323,440" />
                    <segment id="107284042" length="111" startTrkptIdx="13757" segmentTime="111.90" speed="26.07" turnType="" turnAngle="" types="106,107,126,2,127,128,62,6,72,9,73,74,75,76,77,78,79,80,81,82,83,84" pointTypes=";;;;32;32;;;;;;;;32;28;28;32;;;;32;28;28;32;32;28;28;28;32;32;28;28;28;28;100;98;98;100;100;32;;;;;;;;;;;;;;;;;28;28;28;28;28;100;100;100;28;28;28;28;100;100;100;100;100;28;28;32;32;32;32;32;32;;;;32;28;28;;;;;32;32;;;;;;28;98;98;;100;28;32;32;28;;28;32;" names="0,0,317,448,318,319,320,321,322,449,323" />
                    <segment id="478782430" length="2" startTrkptIdx="13867" segmentTime="16.86" speed="26.07" turnType="" turnAngle="" types="106,107,126,85,127,128,62,6,284,72,9,73,74,75,76,77,78,79,80,81,82,83,84" pointTypes=";" names="0,0,317,448,318,319,320,321,322,449,323,450,451,452" />
                    <segment id="17310866" length="2" startTrkptIdx="13868" segmentTime="4.70" speed="26.07" turnType="" turnAngle="" types="106,131,107,126,85,127,128,62,6,284,72,9,73,74,75,76,77,78,79,80,81,82,83,84" pointTypes="" names="0,0,317,448,318,319,320,321,322,449,323,450,451,452" />
                    <segment id="953228183" length="2" startTrkptIdx="13869" segmentTime="0.46" speed="26.07" turnType="" turnAngle="" types="106,107,126,85,127,128,62,6,284,72,9,73,74,75,76,77,78,79,80,81,82,83,84" pointTypes=";132" names="0,0,317,448,318,319,320,321,322,449,323,450,451,452" />
                    <segment id="295451154" length="17" startTrkptIdx="13870" segmentTime="15.15" speed="26.07" turnType="KL" turnAngle="-8.97" types="106,107,126,2,127,62,6,72,9,73,74,75,76,77,78,79,80,81,82,83,84" pointTypes="132;;;;;;;;;;;;;;28;28;32" names="453,0,0,317,454,318,319,320,321,322,455,323,456,440,457" />
                    <segment id="759428487" length="9" startTrkptIdx="13886" segmentTime="5.46" speed="26.07" turnType="" turnAngle="" types="106,131,107,126,2,127,62,6,72,9,73,74,75,76,77,78,79,80,81,82,83,84" pointTypes="" names="0,0,317,454,318,319,320,321,322,455,323,456,457" />
                    <segment id="759428488" length="8" startTrkptIdx="13894" segmentTime="13.92" speed="26.07" turnType="" turnAngle="" types="106,107,126,2,127,62,6,72,9,73,74,75,76,77,78,79,80,81,82,83,84" pointTypes=";;;;;;32;134" names="0,0,317,454,318,319,320,321,322,455,323,456,457" />
                    <segment id="295451162" length="2" startTrkptIdx="13901" segmentTime="1.36" speed="28.48" turnType="" turnAngle="" types="106,131,107,126,2,285,62,6,72,9,73,74,75,76,77,78,79,80,81,82,83,84" pointTypes="134" names="0,0,317,454,318,319,320,321,322,455,323,456,457" />
                    <segment id="295451160" length="15" startTrkptIdx="13902" segmentTime="12.47" speed="28.48" turnType="" turnAngle="" types="106,107,126,2,285,62,6,72,9,73,74,75,76,77,78,79,80,81,82,83,84" pointTypes=";;;;;;101;98;28;;;;;;" names="0,0,317,454,318,319,320,321,322,455,323,456,457" />
                    <segment id="1096996006" length="8" startTrkptIdx="13916" segmentTime="4.27" speed="28.48" turnType="" turnAngle="" types="106,107,126,2,285,62,6,72,9,73,74,75,76,77,78,79,80,81,82,83,84" pointTypes=";;32;28;28;28;28;" names="0,0,317,454,318,319,320,321,322,455,323,456,457" />
                    <segment id="1096996005" length="2" startTrkptIdx="13923" segmentTime="0.54" speed="28.48" turnType="" turnAngle="" types="106,107,126,85,285,62,6,72,9,73,74,75,76,77,78,79,80,81,82,83,84" pointTypes=";" names="0,0,317,454,318,319,320,321,322,455,323,456,457" />
                    <segment id="1096996005" length="25" startTrkptIdx="13924" segmentTime="19.94" speed="28.48" turnType="" turnAngle="" types="106,107,126,85,285,62,6,72,9,73,74,75,76,77,78,79,80,81,82,83,84" pointTypes=";;;;;;;;;;;;;;;;;;;;;;;101;" names="0,0,317,454,318,319,320,321,322,455,323,456,457" />
                    <segment id="626207179" length="25" startTrkptIdx="13948" segmentTime="33.66" speed="28.48" turnType="" turnAngle="" types="106,107,126,85,285,62,246,72,61,73,74,75,76,77,78,79,80,81,82,83,84" pointTypes=";;98;98;32;;;;;;;;;;;28;101;;100;32;;32;;;" names="0,0,317,454,318,319,320,321,322,455,323,456,457" />
                    <segment id="1096996011" length="19" startTrkptIdx="13972" segmentTime="26.88" speed="26.07" turnType="" turnAngle="" types="106,107,126,2,127,62,161,72,61,73,74,75,76,77,78,79,80,81,82,83,84" pointTypes=";;;;;;28;32;100;32;32;103,132;;;28;;;;" names="0,0,317,454,318,319,320,321,322,455,323,456,457" />
                    <segment id="629746359" length="9" startTrkptIdx="13990" segmentTime="8.05" speed="28.48" turnType="" turnAngle="" types="106,131,107,126,2,285,62,161,72,61,73,74,75,76,77,78,79,80,81,82,83,84" pointTypes=";;;;;;;;134" names="0,0,317,454,318,319,320,321,322,455,323,456,457" />
                    <segment id="1096996012" length="4" startTrkptIdx="13998" segmentTime="1.41" speed="28.48" turnType="" turnAngle="" types="106,107,126,2,285,62,6,72,9,73,74,75,76,77,78,79,80,81,82,83,84" pointTypes="134;;;" names="0,0,317,454,318,319,320,321,322,455,323,456,457" />
                    <segment id="887387306" length="16" startTrkptIdx="14001" segmentTime="18.90" speed="28.48" turnType="" turnAngle="" types="106,107,126,2,285,62,161,72,61,73,74,75,76,77,78,79,80,81,82,83,84" pointTypes=";;;;;;;;;32;;;;;;134" names="0,0,317,454,318,319,320,321,322,455,323,456,457" />
                    <segment id="887387307" length="2" startTrkptIdx="14016" segmentTime="0.93" speed="28.48" turnType="" turnAngle="" types="106,131,107,126,2,285,62,72,9,73,74,75,76,77,78,79,80,81,82,83,84" pointTypes="134" names="0,0,317,454,318,319,320,321,322,455,323,456,457" />
                    <segment id="629746358" length="29" startTrkptIdx="14017" segmentTime="68.60" speed="28.48" turnType="" turnAngle="" types="106,107,126,2,170,285,62,6,72,9,73,74,75,76,77,78,79,80,81,82,83,84" pointTypes=";;101;28;98;32;;;28;28;32;98;28;32;100;98;;101;100;;100;;;;32;100;100;;32" names="0,0,317,454,318,319,320,321,322,455,323,456,457" />
                    <segment id="1245459104" length="4" startTrkptIdx="14045" segmentTime="13.36" speed="28.48" turnType="" turnAngle="" types="106,107,126,2,22,285,62,6,72,9,73,74,75,76,77,78,79,80,81,82,83,84" pointTypes=";;;132,98" names="0,0,317,454,318,319,320,321,322,455,323,456,457" />
                    <segment id="1245459104" length="5" startTrkptIdx="14048" segmentTime="13.57" speed="28.48" turnType="" turnAngle="" types="106,107,126,2,22,285,62,6,72,9,73,74,75,76,77,78,79,80,81,82,83,84" pointTypes="132,98;28;;;" names="0,0,317,454,318,319,320,321,322,455,323,456,457" />
                    <segment id="887387312" length="2" startTrkptIdx="14052" segmentTime="0.85" speed="28.48" turnType="" turnAngle="" types="106,131,107,126,2,22,285,62,6,72,9,73,74,75,76,77,78,79,80,81,82,83,84" pointTypes="" names="0,0,317,454,318,319,320,321,322,455,323,456,457" />
                    <segment id="887387311" length="25" startTrkptIdx="14053" segmentTime="76.30" speed="28.48" turnType="" turnAngle="" types="106,107,126,286,2,22,285,62,6,72,9,73,74,75,76,77,78,79,80,81,82,83,84" pointTypes=";100;;;;;;;100;28;32;28;;;;;28;;;101;32;28;100;101;132,101" names="0,0,317,454,318,319,320,321,322,455,323,456,457" />
                    <segment id="887387311" length="3" startTrkptIdx="14077" segmentTime="11.27" speed="28.48" turnType="" turnAngle="" types="106,107,126,286,2,22,285,62,6,72,9,73,74,75,76,77,78,79,80,81,82,83,84" pointTypes="132,101;;" names="0,0,317,454,318,319,320,321,322,455,323,456,457" />
                    <segment id="800863905" length="2" startTrkptIdx="14079" segmentTime="1.14" speed="28.48" turnType="" turnAngle="" types="106,131,248,107,126,2,22,285,62,6,72,9,73,74,75,76,77,78,79,80,81,82,83,84" pointTypes="" names="0,0,317,454,318,319,320,321,322,455,323,456,457" />
                    <segment id="800863906" length="4" startTrkptIdx="14080" segmentTime="3.49" speed="28.48" turnType="" turnAngle="" types="106,107,126,2,22,285,62,6,72,9,73,74,75,76,77,78,79,80,81,82,83,84" pointTypes=";28;" names="0,0,317,454,318,319,320,321,322,455,323,456,457" />
                    <segment id="295452151" length="2" startTrkptIdx="14083" segmentTime="1.43" speed="28.48" turnType="" turnAngle="" types="106,131,248,107,126,2,22,285,62,6,72,9,73,74,75,76,77,78,79,80,81,82,83,84" pointTypes=";134" names="0,0,317,454,318,319,320,321,322,455,323,456,457" />
                    <segment id="298986551" length="47" startTrkptIdx="14084" segmentTime="33.64" speed="28.48" turnType="" turnAngle="" types="106,107,126,2,22,285,62,6,72,9,73,74,75,76,77,78,79,80,81,82,83,84" pointTypes="134;;;;;;;;;;;;;;;;;;;;;;;;32;32;;28;98;100;32;32;32;32;;;;;;;;;;;;;" names="0,0,317,454,318,319,320,321,322,455,323,456,457" />
                    <segment id="1245452886" length="46" startTrkptIdx="14130" segmentTime="167.63" speed="28.48" turnType="" turnAngle="" types="106,107,126,2,170,285,62,6,72,9,73,74,75,76,77,78,79,80,81,82,83,84" pointTypes=";;;;;;;;;;;100;;32;28;;28;;132;28;;;;;;;;32;100;;;;;100;28;;28;28;100;98;;32;32;100;100;100" names="0,0,317,454,318,319,320,321,322,455,323,456,457" />
                    <segment id="940881916" length="2" startTrkptIdx="14175" segmentTime="0.91" speed="28.48" turnType="" turnAngle="" types="106,131,107,126,2,285,62,6,72,9,73,74,75,76,77,78,79,80,81,82,83,84" pointTypes="" names="0,0,317,454,318,319,320,321,322,455,323,456,457" />
                    <segment id="940881915" length="22" startTrkptIdx="14176" segmentTime="70.67" speed="28.48" turnType="" turnAngle="" types="106,107,126,2,285,62,6,72,9,73,74,75,76,77,78,79,80,81,82,83,84" pointTypes=";;32;;;;;32;;;;;;;;;;;;;100;32" names="0,0,317,454,318,319,320,321,322,455,323,456,457" />
                    <segment id="940881908" length="2" startTrkptIdx="14197" segmentTime="0.63" speed="28.48" turnType="" turnAngle="" types="106,131,107,126,2,285,62,72,9,73,74,75,76,77,78,79,80,81,82,83,84" pointTypes="" names="0,0,317,454,318,319,320,321,322,455,323,456,457" />
                    <segment id="969132879" length="18" startTrkptIdx="14198" segmentTime="40.78" speed="28.48" turnType="" turnAngle="" types="106,107,126,2,285,62,6,72,9,73,74,75,76,77,78,79,80,81,82,83,84" pointTypes=";;;;;;;;;;;32;32;;;;;" names="0,0,317,454,318,319,320,321,322,455,323,456,457" />
                    <segment id="978366006" length="2" startTrkptIdx="14215" segmentTime="0.95" speed="28.48" turnType="" turnAngle="" types="106,131,107,126,2,285,62,6,72,9,73,74,75,76,77,78,79,80,81,82,83,84" pointTypes="" names="0,0,317,454,318,319,320,321,322,455,323,456,457" />
                    <segment id="1049883659" length="3" startTrkptIdx="14216" segmentTime="4.21" speed="28.48" turnType="" turnAngle="" types="106,107,126,195,2,170,285,62,6,72,9,73,74,75,76,77,78,79,80,81,82,83,84" pointTypes=";;" names="0,0,317,454,318,319,320,321,322,455,323,456,457" />
                    <segment id="1049883658" length="3" startTrkptIdx="14218" segmentTime="5.65" speed="28.48" turnType="" turnAngle="" types="106,107,126,195,85,22,285,62,6,72,9,73,74,75,76,77,78,79,80,81,82,83,84" pointTypes=";;" names="0,0,317,454,318,319,320,321,322,455,323,456,457" />
                    <segment id="940881905" length="36" startTrkptIdx="14220" segmentTime="63.00" speed="28.48" turnType="" turnAngle="" types="106,107,126,195,85,170,285,62,6,72,9,73,74,75,76,77,78,79,80,81,82,83,84" pointTypes=";;;;;;;;;;;;;;;;;;;;;;;;;;;;;;;;;;;" names="0,0,317,454,318,319,320,321,322,455,323,456,457" />
                    <segment id="1049883661" length="21" startTrkptIdx="14255" segmentTime="30.59" speed="28.48" turnType="" turnAngle="" types="106,107,126,195,85,22,285,62,6,72,9,73,74,75,76,77,78,79,80,81,82,83,84" pointTypes=";;;;;;;;;;;;32;;;;;;;;" names="0,0,317,454,318,319,320,321,322,455,323,456,457" />
                    <segment id="1049883654" length="9" startTrkptIdx="14275" segmentTime="14.37" speed="28.48" turnType="" turnAngle="" types="106,107,126,198,85,22,285,62,6,72,9,73,74,75,76,77,78,79,80,81,82,83,84" pointTypes=";;;;;;32;32;100" names="0,0,317,454,318,319,320,321,322,455,323,456,457" />
                    <segment id="1049883662" length="4" startTrkptIdx="14283" segmentTime="4.03" speed="28.48" turnType="" turnAngle="" types="106,107,126,286,85,22,285,62,6,72,9,73,74,75,76,77,78,79,80,81,82,83,84" pointTypes=";100;98;" names="0,0,317,454,318,319,320,321,322,455,323,456,457" />
                    <segment id="1049883652" length="4" startTrkptIdx="14286" segmentTime="6.57" speed="28.48" turnType="" turnAngle="" types="106,107,126,286,85,22,285,62,6,282,72,9,73,74,75,76,77,78,79,80,81,82,83,84" pointTypes=";;;" names="0,0,317,454,318,319,320,321,322,455,323,456,457" />
                    <segment id="1049883657" length="4" startTrkptIdx="14289" segmentTime="5.43" speed="28.48" turnType="" turnAngle="" types="106,107,126,286,2,22,285,62,6,72,9,73,74,75,76,77,78,79,80,81,82,83,84" pointTypes=";;98;98" names="0,0,317,454,318,319,320,321,322,455,323,456,457" />
                    <segment id="1046384057" length="22" startTrkptIdx="14292" segmentTime="43.57" speed="28.48" turnType="" turnAngle="" types="106,107,126,286,2,170,285,62,6,72,9,73,74,75,76,77,78,79,80,81,82,83,84" pointTypes=";101;;;;;98;100;32;28;100;;;100;;;100;98;100;;;100" names="0,0,317,454,318,319,320,321,322,455,323,456,457" />
                    <segment id="1049883656" length="12" startTrkptIdx="14313" segmentTime="24.17" speed="28.48" turnType="" turnAngle="" types="106,107,126,198,2,170,285,62,6,72,9,73,74,75,76,77,78,79,80,81,82,83,84" pointTypes=";100;100;134,28;100;100;98;;101;98;98;100" names="0,0,317,454,318,319,320,321,322,455,323,456,457" />
                    <segment id="940881900" length="2" startTrkptIdx="14324" segmentTime="1.21" speed="28.48" turnType="" turnAngle="" types="106,131,107,126,198,2,170,285,62,6,72,9,73,74,75,76,77,78,79,80,81,82,83,84" pointTypes="" names="0,0,317,454,318,319,320,321,322,455,323,456,457" />
                    <segment id="940881899" length="24" startTrkptIdx="14325" segmentTime="25.56" speed="28.48" turnType="" turnAngle="" types="106,107,126,198,2,170,285,62,6,72,9,73,74,75,76,77,78,79,80,81,82,83,84" pointTypes=";100;28;100;100;100;98;28;28;;;;100;101;;;;98;100;100;100;32;32;32" names="0,0,317,454,318,319,320,321,322,455,323,456,457" />
                    <segment id="940881896" length="2" startTrkptIdx="14348" segmentTime="1.03" speed="28.48" turnType="" turnAngle="" types="106,131,107,126,198,2,170,285,62,6,72,9,73,74,75,76,77,78,79,80,81,82,83,84" pointTypes="" names="0,0,317,454,318,319,320,321,322,455,323,456,457" />
                    <segment id="940881895" length="17" startTrkptIdx="14349" segmentTime="18.95" speed="28.48" turnType="" turnAngle="" types="106,107,126,2,22,285,62,6,72,9,73,74,75,76,77,78,79,80,81,82,83,84" pointTypes=";;32;;32;32;32;;;32;28;32;28;32;32;;" names="0,0,317,454,318,319,320,321,322,455,323,456,457" />
                    <segment id="860864583" length="22" startTrkptIdx="14365" segmentTime="29.05" speed="28.48" turnType="" turnAngle="" types="106,107,126,2,22,285,62,6,171,72,9,73,74,75,76,77,78,79,80,81,82,83,84" pointTypes=";;;32;;;;;;;;;32;;;;32;;;;;132" names="0,0,317,454,318,319,320,321,322,455,323,456,457" />
                    <segment id="464465426" length="8" startTrkptIdx="14386" segmentTime="12.21" speed="28.48" turnType="" turnAngle="" types="106,107,126,2,22,285,62,6,72,9,73,74,75,76,77,78,79,80,81,82,83,84" pointTypes="132;;32;28;28;;32;" names="0,0,317,454,318,319,320,321,322,455,323,456,457" />
                    <segment id="156251680" length="2" startTrkptIdx="14393" segmentTime="0.47" speed="26.07" turnType="" turnAngle="" types="106,131,107,126,2,22,127,62,6,72,9,73,74,75,76,77,78,79,80,81,82,83,84" pointTypes=";134" names="0,0,317,454,318,319,320,321,322,455,323,456,457" />
                    <segment id="983445384" length="7" startTrkptIdx="14394" segmentTime="12.55" speed="26.07" turnType="" turnAngle="" types="106,107,126,2,22,127,62,6,72,9,73,74,75,76,77,78,79,80,81,82,83,84" pointTypes="134;;32;32;;;28" names="0,0,317,454,318,319,320,321,322,455,323" />
                    <segment id="809159657" length="12" startTrkptIdx="14400" segmentTime="21.92" speed="26.07" turnType="" turnAngle="" types="106,107,126,2,127,62,6,72,9,73,74,75,76,77,78,79,80,81,82,83,84" pointTypes=";28;32;32;32;;;;;;;" names="0,0,317,458,318,319,320,321,322,459,323,460" />
                    <segment id="288001055" length="21" startTrkptIdx="14411" segmentTime="82.94" speed="26.07" turnType="" turnAngle="" types="65,107,126,2,127,62,6,72,9,73,74,75,76,77,78,79,80,81,82,83,84" pointTypes=";32;32;32;32;;;;32;;32;;;;;;;;;;132" names="0,0,317,458,318,319,320,321,322,459,323,460" />
                    <segment id="450036701" length="3" startTrkptIdx="14431" segmentTime="20.50" speed="26.07" turnType="" turnAngle="" types="65,107,126,2,127,62,6,72,9,73,74,75,76,77,78,79,80,81,82,83,84" pointTypes="132;;" names="0,0,317,458,318,319,320,321,322,459,323,460" />
                    <segment id="450036697" length="2" startTrkptIdx="14433" segmentTime="1.71" speed="28.48" turnType="" turnAngle="" types="65,131,107,126,2,285,62,6,72,9,73,74,75,76,77,78,79,80,81,82,83,84" pointTypes="" names="0,0,317,458,318,319,320,321,322,459,323,461,462,460" />
                    <segment id="492697724" length="31" startTrkptIdx="14434" segmentTime="63.41" speed="28.48" turnType="" turnAngle="" types="65,107,126,2,285,62,6,72,9,73,74,75,76,77,78,79,80,81,82,83,84" pointTypes=";;;;;;;;;;;32;32;;;;28;28;28;28;32;;;;;;;;;;" names="0,0,317,458,318,319,320,321,322,459,323,461,462,460" />
                    <segment id="449472711" length="2" startTrkptIdx="14464" segmentTime="2.08" speed="28.48" turnType="" turnAngle="" types="65,131,107,126,2,285,62,6,72,9,73,74,75,76,77,78,79,80,81,82,83,84" pointTypes="" names="0,0,317,458,318,319,320,321,322,459,323,461,462,460" />
                    <segment id="492697726" length="11" startTrkptIdx="14465" segmentTime="30.64" speed="28.48" turnType="" turnAngle="" types="65,107,126,2,285,62,6,72,9,73,74,75,76,77,78,79,80,81,82,83,84" pointTypes=";32;32;;32;32;32;;;;" names="0,0,317,458,318,319,320,321,322,459,323,461,462,460" />
                    <segment id="492697725" length="2" startTrkptIdx="14475" segmentTime="2.52" speed="28.48" turnType="" turnAngle="" types="65,131,107,126,2,285,62,6,72,9,73,74,75,76,77,78,79,80,81,82,83,84" pointTypes="" names="0,0,317,458,318,319,320,321,322,459,323,461,462,460" />
                    <segment id="492697729" length="6" startTrkptIdx="14476" segmentTime="15.42" speed="28.48" turnType="" turnAngle="" types="65,107,126,2,285,62,6,72,9,73,74,75,76,77,78,79,80,81,82,83,84" pointTypes=";;;;;132,32" names="0,0,317,458,318,319,320,321,322,459,323,461,462,460" />
                    <segment id="492697729" length="4" startTrkptIdx="14481" segmentTime="13.92" speed="28.48" turnType="" turnAngle="" types="65,107,126,2,285,62,6,72,9,73,74,75,76,77,78,79,80,81,82,83,84" pointTypes="132,32;32;32;" names="0,0,317,458,318,319,320,321,322,459,323,461,462,460" />
                    <segment id="288001049" length="2" startTrkptIdx="14484" segmentTime="3.31" speed="28.48" turnType="" turnAngle="" types="65,131,107,126,2,22,285,62,6,72,9,73,74,75,76,77,78,79,80,81,82,83,84" pointTypes="" names="0,0,317,458,318,319,320,321,322,459,323,461,462,460" />
                    <segment id="288003448" length="11" startTrkptIdx="14485" segmentTime="53.62" speed="28.48" turnType="" turnAngle="" types="65,107,126,2,285,62,6,72,9,73,74,75,76,77,78,79,80,81,82,83,84" pointTypes=";;;;;;;;;;" names="463,0,0,317,458,318,319,320,321,322,459,323,461,462,460" />
                    <segment id="449472705" length="2" startTrkptIdx="14495" segmentTime="2.07" speed="28.48" turnType="" turnAngle="" types="65,131,107,126,2,285,62,6,72,9,73,74,75,76,77,78,79,80,81,82,83,84" pointTypes="" names="463,0,0,317,458,318,319,320,321,322,459,323,461,462,460" />
                    <segment id="449472704" length="12" startTrkptIdx="14496" segmentTime="41.15" speed="28.48" turnType="" turnAngle="" types="65,107,126,2,285,62,6,72,9,73,74,75,76,77,78,79,80,81,82,83,84" pointTypes=";;;32;;;;;;;;" names="463,0,0,317,458,318,319,320,321,322,459,323,461,462,460" />
                    <segment id="449472699" length="3" startTrkptIdx="14507" segmentTime="2.39" speed="28.48" turnType="" turnAngle="" types="65,131,107,126,2,170,285,62,6,72,9,73,74,75,76,77,78,79,80,81,82,83,84" pointTypes="" names="463,0,0,317,458,318,319,320,321,322,459,323,461,462,460" />
                    <segment id="449472712" length="17" startTrkptIdx="14509" segmentTime="47.23" speed="28.48" turnType="" turnAngle="" types="65,107,126,2,285,62,6,72,9,73,74,75,76,77,78,79,80,81,82,83,84" pointTypes=";;;;32;32;;;;32;32;28;32;;;;" names="463,0,0,317,458,318,319,320,321,322,459,323,461,462,460" />
                    <segment id="288003457" length="2" startTrkptIdx="14525" segmentTime="6.52" speed="28.48" turnType="" turnAngle="" types="65,131,107,126,2,170,285,62,6,72,9,73,74,75,76,77,78,79,80,81,82,83,84" pointTypes="" names="463,0,0,317,458,318,319,320,321,322,459,323,461,462,460" />
                    <segment id="477809982" length="9" startTrkptIdx="14526" segmentTime="19.73" speed="28.48" turnType="" turnAngle="" types="65,107,126,2,285,62,6,72,9,73,74,75,76,77,78,79,80,81,82,83,84" pointTypes=";32;;;;;;;132" names="463,0,0,317,458,318,319,320,321,322,459,323,461,462,460" />
                    <segment id="477809979" length="6" startTrkptIdx="14534" segmentTime="9.35" speed="26.07" turnType="TSLL" turnAngle="-6.68" types="65,107,287,68,22,285,62,6,9" pointTypes="132;;;;32;28" names="464" />
                    <segment id="1410838876" length="6" startTrkptIdx="14539" segmentTime="8.68" speed="26.07" turnType="" turnAngle="" types="65,30,107,287,68,22,285,62,6,9" pointTypes=";28;32;28;;" names="464" />
                    <segment id="639675378" length="5" startTrkptIdx="14544" segmentTime="37.17" speed="1.53" turnType="" turnAngle="" types="65,30,107,287,2,22,23,62,6,288,9" pointTypes=";53,59;52,18;55,16,289,17;" names="0" />
                    <segment id="475718266" length="2" startTrkptIdx="14548" segmentTime="0.39" speed="26.07" turnType="C" turnAngle="4.29" types="65,107,287,68,22,23,62,6,9" pointTypes=";" names="463,440" />
                    <segment id="639675377" length="4" startTrkptIdx="14549" segmentTime="4.91" speed="13.89" turnType="TR" turnAngle="83.86" types="1,68,23,62,6,9" pointTypes="" names="0" />
                    <segment id="639675375" length="4" startTrkptIdx="14552" segmentTime="4.60" speed="13.89" turnType="" turnAngle="" types="1,2,23,62,6,261,9" pointTypes=";;28;53,32" names="0" />
                    <segment id="639675372" length="7" startTrkptIdx="14555" segmentTime="57.29" speed="1.77" turnType="C" turnAngle="11.08" types="1,68,23,62,6,9,30" pointTypes="53;55,16,289;44,55,16,17;;;;" names="0" />
                    <segment id="639670757" length="55" startTrkptIdx="14561" segmentTime="137.28" speed="13.79" turnType="" turnAngle="" types="1,2,23,6,9,63" pointTypes=";;;;;;;;;;;;;;;;32;32;;64,16;;;;;;;32;;;;;;;;;;;;;;;;;;;;;;;;;;;;" names="0" />
                    <segment id="392037387" length="29" startTrkptIdx="14615" segmentTime="72.91" speed="13.89" turnType="" turnAngle="" types="1,2,23,24,25,6,9" pointTypes=";;;;;;;;;;;;;;;;;;;;;;;;;;;;" names="0" />
                    <segment id="392037381" length="5" startTrkptIdx="14643" segmentTime="5.45" speed="13.89" turnType="" turnAngle="" types="1,23,6,9" pointTypes=";;;;32" names="0" />
                    <segment id="391358842" length="4" startTrkptIdx="14647" segmentTime="13.14" speed="3.32" turnType="KL" turnAngle="-32.21" types="290,23,62,6,9" pointTypes=";32;16,43,39" names="0" />
                    <segment id="903208621" length="11" startTrkptIdx="14650" segmentTime="55.77" speed="5.17" turnType="" turnAngle="" types="1,2,23,62,6,9" pointTypes=";;;;;53;55,16,17;;;;53" names="0" />
                    <segment id="1393161934" length="7" startTrkptIdx="14660" segmentTime="36.24" speed="6.22" turnType="" turnAngle="" types="1,2,23,6,9" pointTypes="53;;;;32;32" names="0" />
                    <segment id="141919263" length="8" startTrkptIdx="14666" segmentTime="49.71" speed="13.89" turnType="" turnAngle="" types="1,2,23,6,9,30" pointTypes=";;32;;32;;32;32" names="0" />
                    <segment id="1549196572" length="2" startTrkptIdx="14673" segmentTime="21.37" speed="26.07" turnType="" turnAngle="" types="1,2,127,6,9,30" pointTypes=";31,32" names="0" />
                    <segment id="1549196573" length="2" startTrkptIdx="14674" segmentTime="10.97" speed="26.07" turnType="" turnAngle="" types="1,2,127,6,9,30" pointTypes=";" names="0" />
                    <segment id="158629091" length="4" startTrkptIdx="14675" segmentTime="39.36" speed="26.07" turnType="" turnAngle="" types="1,2,127,6,9,30" pointTypes=";;;" names="0" />
                    <segment id="189137629" length="9" startTrkptIdx="14678" segmentTime="20.86" speed="26.07" turnType="" turnAngle="" types="1,2,127,6,9,30" pointTypes=";32;;;;;;;" names="0" />
                    <segment id="1393161937" length="2" startTrkptIdx="14686" segmentTime="1.26" speed="26.07" turnType="" turnAngle="" types="36,1,2,127,291,6,9,30" pointTypes=";" names="0" />
                    <segment id="1393161936" length="2" startTrkptIdx="14687" segmentTime="1.52" speed="21.26" turnType="" turnAngle="" types="36,1,85,160,291,6,9,30" pointTypes=";" names="0" />
                    <segment id="1393161929" length="2" startTrkptIdx="14688" segmentTime="2.02" speed="21.26" turnType="" turnAngle="" types="1,85,160,6,9,30" pointTypes="" names="0" />
                    <segment id="1022762728" length="14" startTrkptIdx="14689" segmentTime="12.44" speed="21.26" turnType="" turnAngle="" types="1,2,160,6,9" pointTypes=";32;32;32;100;28;32;32;32;32;32;32;32;32" names="0" />
                    <segment id="639665060" length="2" startTrkptIdx="14702" segmentTime="3.86" speed="21.26" turnType="" turnAngle="" types="1,2,160,6,9" pointTypes=";32" names="0" />
                    <segment id="639665060" length="2" startTrkptIdx="14703" segmentTime="6.17" speed="21.26" turnType="" turnAngle="" types="1,2,160,6,9" pointTypes="32" names="0" />
                    <segment id="461099653" length="10" startTrkptIdx="14704" segmentTime="4.09" speed="21.26" turnType="" turnAngle="" types="131,1,2,170,160,6,9" pointTypes="" names="0" />
                    <segment id="461099652" length="37" startTrkptIdx="14713" segmentTime="28.28" speed="21.26" turnType="" turnAngle="" types="1,2,160,6,9" pointTypes=";;;;;;;;;;;32;32;32;32;;;;;;;;;;;;;;;;;;32;32" names="0" />
                    <segment id="1038909662" length="3" startTrkptIdx="14749" segmentTime="2.41" speed="12.44" turnType="" turnAngle="" types="1,68,160,62,6,9" pointTypes=";64,16" names="0" />
                    <segment id="479013859" length="9" startTrkptIdx="14751" segmentTime="2.42" speed="21.26" turnType="RNLB2" turnAngle="43.88" types="1,21,68,160,6,9" pointTypes=";;;;;;" names="0" />
                    <segment id="1038909666" length="3" startTrkptIdx="14759" segmentTime="1.46" speed="21.26" turnType="" turnAngle="" types="1,68,160,62,6,9" pointTypes=";;" names="0" />
                    <segment id="475467720" length="9" startTrkptIdx="14761" segmentTime="31.25" speed="21.26" turnType="" turnAngle="" types="292,1,2,160,6,9" pointTypes=";;32;;;;;;" names="0" />
                    <segment id="864541051" length="4" startTrkptIdx="14769" segmentTime="10.37" speed="16.44" turnType="" turnAngle="" types="1,6,9" pointTypes="32;;;" names="0" />
                    <segment id="971050329" length="4" startTrkptIdx="14772" segmentTime="16.10" speed="18.85" turnType="" turnAngle="" types="65,107,1,2,102,4,6,72,9,73,74,75,79,80,81" pointTypes=";;28;" names="0,465,318,466,467,468" />
                    <segment id="864541055" length="9" startTrkptIdx="14775" segmentTime="32.68" speed="21.26" turnType="" turnAngle="" types="65,107,1,2,160,4,6,72,9,73,74,75,79,80,81" pointTypes=";;32;;;;;;" names="0,465,318,466,467,468" />
                    <segment id="1046981537" length="6" startTrkptIdx="14783" segmentTime="1.84" speed="16.44" turnType="KL" turnAngle="-26.29" types="290,62,6,9" pointTypes=";32;28;100;100;100" names="0" />
                    <segment id="896062182" length="17" startTrkptIdx="14788" segmentTime="28.25" speed="15.86" turnType="" turnAngle="" types="223,293,6,9" pointTypes=";64,16;;32;;;;;;28;100;100;32;;;;" names="0" />
                    <segment id="58217699" length="101" startTrkptIdx="14804" segmentTime="230.63" speed="9.72" turnType="" turnAngle="" types="235,161,61" pointTypes=";;;;;32;32;;;;;32;32;100;28;28;28;28;32;32;28;28;;;;32;;;;;32;28;32;;28;;;;;;;;;;;32;28;;;;;;;;;;;32;32;32;32;32;32;32;32;;;;;;;;;;;;;;;;;;;;;;;;;;;;;;;;;;;;" names="0" />
                    <segment id="58217699" length="101" startTrkptIdx="14904" segmentTime="230.63" speed="9.72" turnType="C" turnAngle="" types="235,161,61" pointTypes=";;;;;;;;;;;;;;;;;;;;;;;;;;;;;;;;;;;;32;32;32;32;32;32;32;32;;;;;;;;;;;28;32;;;;;;;;;;;28;;32;28;32;;;;;32;;;;28;28;32;32;28;28;28;28;100;32;32;;;;;32;32;;;;;" names="0" />
                    <segment id="896062182" length="19" startTrkptIdx="15004" segmentTime="39.47" speed="11.86" turnType="" turnAngle="" types="223,293,6,9" pointTypes=";;;;32;100;100;28;;;;;;32;;64,16;;18,19;" names="0" />
                    <segment id="864541055" length="10" startTrkptIdx="15022" segmentTime="33.71" speed="21.26" turnType="TR" turnAngle="93.25" types="65,107,1,2,160,4,6,72,9,73,74,75,79,80,81" pointTypes=";;;;;;;32;;" names="0,465,318,466,467,468" />
                    <segment id="971050329" length="4" startTrkptIdx="15031" segmentTime="16.10" speed="18.85" turnType="" turnAngle="" types="65,107,1,2,102,4,6,72,9,73,74,75,79,80,81" pointTypes=";28;;" names="0,465,318,466,467,468" />
                    <segment id="864541051" length="4" startTrkptIdx="15034" segmentTime="10.37" speed="16.44" turnType="" turnAngle="" types="1,6,9" pointTypes=";;;32" names="0" />
                    <segment id="475467720" length="9" startTrkptIdx="15037" segmentTime="31.25" speed="21.26" turnType="" turnAngle="" types="292,1,2,160,6,9" pointTypes=";;;;;;32;;" names="0" />
                    <segment id="1038909665" length="3" startTrkptIdx="15045" segmentTime="1.41" speed="21.26" turnType="" turnAngle="" types="1,68,160,62,6,9" pointTypes=";32" names="0" />
                    <segment id="479013859" length="3" startTrkptIdx="15047" segmentTime="0.49" speed="21.26" turnType="RNLB2" turnAngle="41.44" types="1,21,68,160,6,9" pointTypes="" names="0" />
                    <segment id="58217699" length="101" startTrkptIdx="15049" segmentTime="230.63" speed="9.72" turnType="C" turnAngle="" types="235,161,61" pointTypes=";;;;;;;;;;;;;;;;;;;;;;;;;;;;;;;;;;;;32;32;32;32;32;32;32;32;;;;;;;;;;;28;32;;;;;;;;;;;28;;32;28;32;;;;;32;;;;28;28;32;32;28;28;28;28;100;32;32;;;;;32;32;;;;;" names="470" />
                    <segment id="896062182" length="19" startTrkptIdx="15149" segmentTime="39.47" speed="11.86" turnType="" turnAngle="" types="223,293,6,9" pointTypes=";;;;32;100;100;28;;;;;;32;;64,16;;18,19;" names="470" />
                    <segment id="864541055" length="10" startTrkptIdx="15167" segmentTime="33.71" speed="21.26" turnType="TR" turnAngle="93.25" types="65,107,1,2,160,4,6,72,9,73,74,75,79,80,81" pointTypes=";;;;;;;32;;" names="472,465,318,466,467,468" />
                    <segment id="971050329" length="4" startTrkptIdx="15176" segmentTime="16.10" speed="18.85" turnType="" turnAngle="" types="65,107,1,2,102,4,6,72,9,73,74,75,79,80,81" pointTypes=";28;;" names="472,465,318,466,467,468" />
                    <segment id="864541051" length="4" startTrkptIdx="15179" segmentTime="10.37" speed="16.44" turnType="" turnAngle="" types="1,6,9" pointTypes=";;;32" names="473" />
                    <segment id="475467720" length="9" startTrkptIdx="15182" segmentTime="31.25" speed="21.26" turnType="" turnAngle="" types="292,1,2,160,6,9" pointTypes=";;;;;;32;;" names="474" />
                    <segment id="1038909665" length="3" startTrkptIdx="15190" segmentTime="1.41" speed="21.26" turnType="" turnAngle="" types="1,68,160,62,6,9" pointTypes=";32" names="474" />
                    <segment id="479013859" length="3" startTrkptIdx="15192" segmentTime="0.49" speed="21.26" turnType="RNLB2" turnAngle="41.44" types="1,21,68,160,6,9" pointTypes="" names="" />
                    <segment id="1124323200" length="7" startTrkptIdx="15194" segmentTime="1.80" speed="21.26" turnType="" turnAngle="" types="1,21,68,160,6,9" pointTypes=";;;32;28;28;32" names="" />
                    <segment id="1038909663" length="4" startTrkptIdx="15200" segmentTime="2.53" speed="12.86" turnType="" turnAngle="" types="1,68,160,62,6,9" pointTypes=";64,16,32" names="475" />
                    <segment id="461099652" length="37" startTrkptIdx="15203" segmentTime="28.28" speed="21.26" turnType="" turnAngle="" types="1,2,160,6,9" pointTypes="32;32;;;;;;;;;;;;;;;;;;32;32;32;32;;;;;;;;;;;" names="475" />
                    <segment id="461099653" length="10" startTrkptIdx="15239" segmentTime="4.09" speed="21.26" turnType="" turnAngle="" types="131,1,2,170,160,6,9" pointTypes="" names="475" />
                    <segment id="639665060" length="3" startTrkptIdx="15248" segmentTime="10.03" speed="21.26" turnType="" turnAngle="" types="1,2,160,6,9" pointTypes="32;" names="475" />
                    <segment id="1022762728" length="14" startTrkptIdx="15250" segmentTime="12.44" speed="21.26" turnType="" turnAngle="" types="1,2,160,6,9" pointTypes="32;32;32;32;32;32;32;32;28;100;32;32;32;" names="472" />
                    <segment id="1393161929" length="2" startTrkptIdx="15263" segmentTime="2.02" speed="21.26" turnType="" turnAngle="" types="1,85,160,6,9,30" pointTypes="" names="472" />
                    <segment id="1393161936" length="2" startTrkptIdx="15264" segmentTime="1.52" speed="21.26" turnType="" turnAngle="" types="36,1,85,160,291,6,9,30" pointTypes=";" names="472" />
                    <segment id="1393161937" length="2" startTrkptIdx="15265" segmentTime="1.26" speed="26.07" turnType="" turnAngle="" types="36,1,2,127,291,6,9,30" pointTypes=";" names="472" />
                    <segment id="189137629" length="9" startTrkptIdx="15266" segmentTime="20.86" speed="26.07" turnType="" turnAngle="" types="1,2,127,6,9,30" pointTypes=";;;;;;;32;" names="472" />
                    <segment id="158629091" length="4" startTrkptIdx="15274" segmentTime="39.36" speed="26.07" turnType="" turnAngle="" types="1,2,127,6,9,30" pointTypes=";;;" names="472" />
                    <segment id="1549196573" length="2" startTrkptIdx="15277" segmentTime="10.97" speed="26.07" turnType="" turnAngle="" types="1,2,127,6,9,30" pointTypes=";" names="472" />
                    <segment id="1549196572" length="2" startTrkptIdx="15278" segmentTime="21.37" speed="26.07" turnType="" turnAngle="" types="1,2,127,6,9,30" pointTypes="31,32;" names="472" />
                    <segment id="141919263" length="8" startTrkptIdx="15279" segmentTime="49.71" speed="13.89" turnType="" turnAngle="" types="1,2,23,6,9,30" pointTypes="32;32;;32;;32;;" names="476" />
                    <segment id="1393161934" length="7" startTrkptIdx="15286" segmentTime="16.24" speed="13.89" turnType="" turnAngle="" types="1,2,23,6,9" pointTypes="32;32;;;;53" names="476" />
                    <segment id="1178287242" length="2" startTrkptIdx="15292" segmentTime="23.32" speed="1.98" turnType="" turnAngle="" types="65,66,1,111,23,62,24,25,6,9" pointTypes="53;" names="476" />
                    <segment id="816638251" length="2" startTrkptIdx="15293" segmentTime="5.41" speed="13.89" turnType="" turnAngle="" types="65,66,1,111,23,62,24,25,6,9" pointTypes=";32" names="476" />
                    <segment id="1178287240" length="4" startTrkptIdx="15294" segmentTime="18.99" speed="2.92" turnType="" turnAngle="" types="65,66,1,111,23,62,6,9" pointTypes=";32;55,16,17,28;53,32" names="476" />
                    <segment id="141919274" length="8" startTrkptIdx="15297" segmentTime="29.87" speed="4.59" turnType="" turnAngle="" types="65,66,1,111,23,62,24,25,6,9" pointTypes="53;32;;32;;;52,18;53" names="476" />
                    <segment id="1393160649" length="2" startTrkptIdx="15304" segmentTime="20.68" speed="0.45" turnType="TR" turnAngle="88.13" types="1,23,6,9" pointTypes="53;53" names="477" />
                    <segment id="1338244120" length="4" startTrkptIdx="15305" segmentTime="37.20" speed="0.82" turnType="" turnAngle="" types="1,23,6,9" pointTypes="53;55,56,16;52,18,28;" names="477" />
                    <segment id="392037381" length="5" startTrkptIdx="15308" segmentTime="5.45" speed="13.89" turnType="" turnAngle="" types="1,23,6,9" pointTypes="32;;;;" names="477" />
                    <segment id="392037387" length="29" startTrkptIdx="15312" segmentTime="72.91" speed="13.89" turnType="" turnAngle="" types="1,2,23,24,25,6,9" pointTypes=";;;;;;;;;;;;;;;;;;;;;;;;;;;;" names="477" />
                    <segment id="639670757" length="55" startTrkptIdx="15340" segmentTime="137.28" speed="13.79" turnType="" turnAngle="" types="1,2,23,6,9,63" pointTypes=";;;;;;;;;;;;;;;;;;;;;;;;;;;;32;;;;;;;64,16;;32;32;;;;;;;;;;;;;;;;" names="477" />
                    <segment id="639670759" length="4" startTrkptIdx="15394" segmentTime="3.94" speed="13.89" turnType="" turnAngle="" types="1,68,23,62,6,9,30" pointTypes=";32" names="477" />
                    <segment id="639675373" length="5" startTrkptIdx="15397" segmentTime="33.05" speed="1.28" turnType="" turnAngle="" types="1,2,23,62,6,294,9" pointTypes=";;44,55,16;55,16,289,42;53" names="477" />
                    <segment id="477809985" length="3" startTrkptIdx="15401" segmentTime="37.53" speed="1.76" turnType="TL" turnAngle="-90.31" types="65,107,287,68,22,23,62,6,9" pointTypes="53;55,16,289" names="432,440" />
                    <segment id="639675376" length="11" startTrkptIdx="15403" segmentTime="19.10" speed="26.07" turnType="" turnAngle="" types="65,107,287,68,22,285,62,6,9" pointTypes=";32;;;;;;;;;32" names="432,440" />
                    <segment id="475718270" length="9" startTrkptIdx="15413" segmentTime="18.36" speed="28.48" turnType="" turnAngle="" types="65,107,126,2,285,62,6,72,9,73,74,75,76,77,78,79,80,81,82,83,84" pointTypes="32;32;;;;;;;" names="478,479,317,458,318,319,320,321,322,459,323,461,462,460" />
                    <segment id="288003446" length="2" startTrkptIdx="15421" segmentTime="6.50" speed="28.48" turnType="" turnAngle="" types="65,131,107,126,2,170,285,62,6,72,9,73,74,75,76,77,78,79,80,81,82,83,84" pointTypes="" names="478,479,317,458,318,319,320,321,322,459,323,461,462,460" />
                    <segment id="449472379" length="17" startTrkptIdx="15422" segmentTime="47.39" speed="28.48" turnType="" turnAngle="" types="65,107,126,2,285,62,6,72,9,73,74,75,76,77,78,79,80,81,82,83,84" pointTypes=";32;;;32;;;;;;32;;;;;;32" names="478,479,317,458,318,319,320,321,322,459,323,461,462,460" />
                    <segment id="449472706" length="3" startTrkptIdx="15438" segmentTime="2.42" speed="28.48" turnType="" turnAngle="" types="65,131,107,126,2,170,285,62,6,72,9,73,74,75,76,77,78,79,80,81,82,83,84" pointTypes="" names="478,479,317,458,318,319,320,321,322,459,323,461,462,460" />
                    <segment id="449472702" length="12" startTrkptIdx="15440" segmentTime="41.23" speed="28.48" turnType="" turnAngle="" types="65,107,126,2,285,62,6,72,9,73,74,75,76,77,78,79,80,81,82,83,84" pointTypes=";32;;32;;;;32;;;;" names="478,479,317,458,318,319,320,321,322,459,323,461,462,460" />
                    <segment id="449472709" length="2" startTrkptIdx="15451" segmentTime="2.02" speed="28.48" turnType="" turnAngle="" types="65,131,107,126,2,285,62,6,72,9,73,74,75,76,77,78,79,80,81,82,83,84" pointTypes="" names="478,479,317,458,318,319,320,321,322,459,323,461,462,460" />
                    <segment id="449472710" length="8" startTrkptIdx="15452" segmentTime="38.11" speed="28.48" turnType="" turnAngle="" types="65,107,126,2,285,62,6,72,9,73,74,75,76,77,78,79,80,81,82,83,84" pointTypes=";;;;;;;132" names="478,479,317,458,318,319,320,321,322,459,323,461,462,460" />
                    <segment id="449472710" length="3" startTrkptIdx="15459" segmentTime="15.51" speed="28.48" turnType="" turnAngle="" types="65,107,126,2,285,62,6,72,9,73,74,75,76,77,78,79,80,81,82,83,84" pointTypes="132;" names="478,479,317,458,318,319,320,321,322,459,323,461,462,460" />
                    <segment id="288001053" length="2" startTrkptIdx="15461" segmentTime="3.36" speed="28.48" turnType="" turnAngle="" types="65,131,107,126,2,22,285,62,6,72,9,73,74,75,76,77,78,79,80,81,82,83,84" pointTypes="" names="478,479,317,458,318,319,320,321,322,459,323,461,462,460" />
                    <segment id="477808873" length="10" startTrkptIdx="15462" segmentTime="29.19" speed="28.48" turnType="" turnAngle="" types="65,107,126,2,285,62,6,72,9,73,74,75,76,77,78,79,80,81,82,83,84" pointTypes=";32;;;;;;;32;32" names="478,479,317,458,318,319,320,321,322,459,323,461,462,460" />
                    <segment id="492697727" length="2" startTrkptIdx="15471" segmentTime="2.52" speed="28.48" turnType="" turnAngle="" types="65,131,107,126,2,285,62,6,72,9,73,74,75,76,77,78,79,80,81,82,83,84" pointTypes="" names="478,479,317,458,318,319,320,321,322,459,323,461,462,460" />
                    <segment id="492697728" length="11" startTrkptIdx="15472" segmentTime="30.74" speed="28.48" turnType="" turnAngle="" types="65,107,126,2,285,62,6,72,9,73,74,75,76,77,78,79,80,81,82,83,84" pointTypes=";;;;;;;;;;" names="478,479,317,458,318,319,320,321,322,459,323,461,462,460" />
                    <segment id="449472698" length="2" startTrkptIdx="15482" segmentTime="2.10" speed="28.48" turnType="" turnAngle="" types="65,131,107,126,2,285,62,6,72,9,73,74,75,76,77,78,79,80,81,82,83,84" pointTypes="" names="478,479,317,458,318,319,320,321,322,459,323,461,462,460" />
                    <segment id="492697730" length="32" startTrkptIdx="15483" segmentTime="63.21" speed="28.48" turnType="" turnAngle="" types="65,107,126,2,285,62,6,72,9,73,74,75,76,77,78,79,80,81,82,83,84" pointTypes=";;;;32;28;100;28;28;32;;;;;;;;;;;;;;32;32;32;32;32;;;32;" names="478,479,317,458,318,319,320,321,322,459,323,461,462,460" />
                    <segment id="288001046" length="2" startTrkptIdx="15514" segmentTime="1.74" speed="28.48" turnType="" turnAngle="" types="65,131,107,126,2,285,62,6,72,9,73,74,75,76,77,78,79,80,81,82,83,84" pointTypes="" names="478,479,317,458,318,319,320,321,322,459,323,461,462,460" />
                    <segment id="443341578" length="3" startTrkptIdx="15515" segmentTime="15.75" speed="26.07" turnType="" turnAngle="" types="65,107,126,2,127,62,6,72,9,73,74,75,76,77,78,79,80,81,82,83,84" pointTypes=";;" names="480,479,317,458,318,319,320,321,322,459,323,460" />
                    <segment id="450036696" length="2" startTrkptIdx="15517" segmentTime="1.01" speed="26.07" turnType="" turnAngle="" types="65,107,126,2,127,62,6,72,9,73,74,75,76,77,78,79,80,81,82,83,84" pointTypes=";" names="480,479,317,458,318,319,320,321,322,459,323,460" />
                    <segment id="450036696" length="39" startTrkptIdx="15518" segmentTime="108.69" speed="26.07" turnType="" turnAngle="" types="65,107,126,2,127,62,6,72,9,73,74,75,76,77,78,79,80,81,82,83,84" pointTypes=";;;;;;;;32;32;32;;32;;;;;;;32;;;;;32;;28;32;28;32;32;32;;;;;;;132" names="480,479,317,458,318,319,320,321,322,459,323,460" />
                    <segment id="983445385" length="9" startTrkptIdx="15556" segmentTime="12.51" speed="26.07" turnType="" turnAngle="" types="106,107,126,2,22,127,62,6,72,9,73,74,75,76,77,78,79,80,81,82,83,84" pointTypes="132;;;;;;;;134" names="480,479,317,454,318,319,320,321,322,455,323" />
                    <segment id="81349918" length="2" startTrkptIdx="15564" segmentTime="0.47" speed="26.07" turnType="" turnAngle="" types="106,131,107,126,2,22,127,62,6,72,9,73,74,75,76,77,78,79,80,81,82,83,84" pointTypes="134" names="481,479,317,454,318,319,320,321,322,455,323,456,457" />
                    <segment id="81349899" length="8" startTrkptIdx="15565" segmentTime="9.81" speed="28.48" turnType="" turnAngle="" types="106,107,126,2,22,285,62,6,72,9,73,74,75,76,77,78,79,80,81,82,83,84" pointTypes=";;;;;;;32" names="482,479,317,454,318,319,320,321,322,455,323,456,457" />
                    <segment id="1013914180" length="13" startTrkptIdx="15572" segmentTime="23.63" speed="28.48" turnType="" turnAngle="" types="106,107,126,2,22,285,62,6,72,9,73,74,75,76,77,78,79,80,81,82,83,84" pointTypes=";;32;;32;;;;;32;32;28;32" names="481,479,317,454,318,319,320,321,322,455,323,456,457" />
                    <segment id="1049883669" length="9" startTrkptIdx="15584" segmentTime="12.36" speed="28.48" turnType="" turnAngle="" types="106,107,126,2,22,285,62,87,6,171,72,9,73,74,75,76,77,78,79,80,81,82,83,84" pointTypes=";28;32;32;;;;32;132" names="482,479,317,454,318,319,320,321,322,455,323,456,457" />
                    <segment id="940881893" length="2" startTrkptIdx="15592" segmentTime="1.95" speed="28.48" turnType="" turnAngle="" types="106,107,126,2,22,285,62,6,72,9,73,74,75,76,77,78,79,80,81,82,83,84" pointTypes="132;" names="481,479,317,454,318,319,320,321,322,455,323,456,457" />
                    <segment id="940881893" length="12" startTrkptIdx="15593" segmentTime="12.63" speed="28.48" turnType="" turnAngle="" types="106,107,126,2,22,285,62,6,72,9,73,74,75,76,77,78,79,80,81,82,83,84" pointTypes=";;;;;;;;;;;" names="481,479,317,454,318,319,320,321,322,455,323,456,457" />
                    <segment id="940881894" length="2" startTrkptIdx="15604" segmentTime="1.06" speed="28.48" turnType="" turnAngle="" types="106,131,107,126,195,2,170,285,62,6,72,9,73,74,75,76,77,78,79,80,81,82,83,84" pointTypes="" names="481,479,317,454,318,319,320,321,322,455,323,456,457" />
                    <segment id="940881897" length="25" startTrkptIdx="15605" segmentTime="25.23" speed="28.48" turnType="" turnAngle="" types="106,107,126,195,2,170,285,62,6,72,9,73,74,75,76,77,78,79,80,81,82,83,84" pointTypes=";;;;;;;;;;;;;;32;;;;;;;;;;" names="481,479,317,454,318,319,320,321,322,455,323,456,457" />
                    <segment id="940881898" length="2" startTrkptIdx="15629" segmentTime="1.19" speed="28.48" turnType="" turnAngle="" types="106,131,107,126,195,2,170,285,62,6,72,9,73,74,75,76,77,78,79,80,81,82,83,84" pointTypes="" names="481,479,317,454,318,319,320,321,322,455,323,456,457" />
                    <segment id="1049883668" length="3" startTrkptIdx="15630" segmentTime="2.02" speed="28.48" turnType="" turnAngle="" types="106,107,126,195,2,170,285,62,6,72,9,73,74,75,76,77,78,79,80,81,82,83,84" pointTypes=";;" names="482,479,317,454,318,319,320,321,322,455,323,456,457" />
                    <segment id="1049883660" length="5" startTrkptIdx="15632" segmentTime="5.04" speed="28.48" turnType="" turnAngle="" types="106,107,126,195,85,22,285,62,6,72,9,73,74,75,76,77,78,79,80,81,82,83,84" pointTypes=";;;;" names="481,479,317,454,318,319,320,321,322,455,323,456,457" />
                    <segment id="1049883667" length="10" startTrkptIdx="15636" segmentTime="16.43" speed="28.48" turnType="" turnAngle="" types="106,107,126,195,85,170,285,62,6,72,9,73,74,75,76,77,78,79,80,81,82,83,84" pointTypes=";;;;;134;;;;" names="481,479,317,454,318,319,320,321,322,455,323,456,457" />
                    <segment id="1046384056" length="18" startTrkptIdx="15645" segmentTime="44.36" speed="28.48" turnType="" turnAngle="" types="106,107,126,279,85,170,285,62,6,72,9,73,74,75,76,77,78,79,80,81,82,83,84" pointTypes=";;;;;;;;32;;;;;;;;;" names="481,479,317,454,318,319,320,321,322,455,323,456,457" />
                    <segment id="1049883655" length="5" startTrkptIdx="15662" segmentTime="5.37" speed="28.48" turnType="" turnAngle="" types="106,107,126,279,85,22,285,62,6,72,9,73,74,75,76,77,78,79,80,81,82,83,84" pointTypes=";;;;" names="481,479,317,454,318,319,320,321,322,455,323,456,457" />
                    <segment id="1049883666" length="7" startTrkptIdx="15666" segmentTime="10.58" speed="28.48" turnType="" turnAngle="" types="106,107,126,279,85,22,285,62,6,72,9,73,74,75,76,77,78,79,80,81,82,83,84" pointTypes=";;;;;;" names="481,479,317,454,318,319,320,321,322,455,323,456,457" />
                    <segment id="1049883653" length="9" startTrkptIdx="15672" segmentTime="14.38" speed="28.48" turnType="" turnAngle="" types="106,107,126,195,85,22,285,62,6,72,9,73,74,75,76,77,78,79,80,81,82,83,84" pointTypes=";;;32;32;100;98;100;100" names="481,479,317,454,318,319,320,321,322,455,323,456,457" />
                    <segment id="1049883665" length="9" startTrkptIdx="15680" segmentTime="14.97" speed="28.48" turnType="" turnAngle="" types="106,107,126,198,85,22,285,62,6,72,9,73,74,75,76,77,78,79,80,81,82,83,84" pointTypes=";98;;;98;28;32;28;32" names="482,479,317,454,318,319,320,321,322,455,323,456,457" />
                    <segment id="1049883664" length="5" startTrkptIdx="15688" segmentTime="7.12" speed="28.48" turnType="" turnAngle="" types="106,107,126,198,85,22,285,62,6,282,72,9,73,74,75,76,77,78,79,80,81,82,83,84" pointTypes=";28;28;98;100" names="482,479,317,454,318,319,320,321,322,455,323,456,457" />
                    <segment id="1049883663" length="7" startTrkptIdx="15692" segmentTime="8.38" speed="28.48" turnType="" turnAngle="" types="106,107,126,198,2,22,285,62,6,72,9,73,74,75,76,77,78,79,80,81,82,83,84" pointTypes=";100;100;100;100;28;100" names="481,479,317,454,318,319,320,321,322,455,323,456,457" />
                    <segment id="940881906" length="31" startTrkptIdx="15698" segmentTime="72.86" speed="28.48" turnType="" turnAngle="" types="106,107,126,198,2,170,285,62,6,72,9,73,74,75,76,77,78,79,80,81,82,83,84" pointTypes=";98;;98;98;100;100;100;98;32;;28;98;98;100;100;28;32;28;100;100;32;28;100;28;28;32;28;32;32;28" names="481,479,317,454,318,319,320,321,322,455,323,456,457" />
                    <segment id="978366007" length="2" startTrkptIdx="15728" segmentTime="0.95" speed="28.48" turnType="" turnAngle="" types="106,131,107,126,2,285,62,6,72,9,73,74,75,76,77,78,79,80,81,82,83,84" pointTypes="" names="481,479,317,454,318,319,320,321,322,455,323,456,457" />
                    <segment id="978366004" length="19" startTrkptIdx="15729" segmentTime="40.92" speed="28.48" turnType="" turnAngle="" types="106,107,126,2,285,62,6,72,9,73,74,75,76,77,78,79,80,81,82,83,84" pointTypes=";32;28;;;;;;;28;98;98;28;32;28;100;28;100;28" names="481,479,317,454,318,319,320,321,322,455,323,456,457" />
                    <segment id="940881907" length="2" startTrkptIdx="15747" segmentTime="0.64" speed="28.48" turnType="" turnAngle="" types="106,131,107,126,2,285,62,72,9,73,74,75,76,77,78,79,80,81,82,83,84" pointTypes="" names="481,479,317,454,318,319,320,321,322,455,323,456,457" />
                    <segment id="940881913" length="21" startTrkptIdx="15748" segmentTime="70.52" speed="28.48" turnType="" turnAngle="" types="106,107,126,2,285,62,6,72,9,73,74,75,76,77,78,79,80,81,82,83,84" pointTypes=";;;;98;28;;;32;;;;32;;28;;;98;98;32;" names="481,479,317,454,318,319,320,321,322,455,323,456,457" />
                    <segment id="940881914" length="2" startTrkptIdx="15768" segmentTime="0.92" speed="28.48" turnType="" turnAngle="" types="106,131,107,126,2,285,62,6,72,9,73,74,75,76,77,78,79,80,81,82,83,84" pointTypes="" names="482,479,317,454,318,319,320,321,322,455,323,456,457" />
                    <segment id="860864585" length="47" startTrkptIdx="15769" segmentTime="167.81" speed="28.48" turnType="" turnAngle="" types="106,107,126,2,170,285,62,6,72,9,73,74,75,76,77,78,79,80,81,82,83,84" pointTypes=";;;;;;;;;;;;;;;;100;98;28;;;28;28;;;100;;100;;;32;100;;;;;32;;28;100;100;100;98;100;28;100;28" names="482,479,317,454,318,319,320,321,322,455,323,456,457" />
                    <segment id="1245452887" length="24" startTrkptIdx="15815" segmentTime="17.19" speed="28.48" turnType="" turnAngle="" types="106,107,126,2,22,285,62,6,72,9,73,74,75,76,77,78,79,80,81,82,83,84" pointTypes=";28;100;100;;32;;;;32;;;32;;;;;;;;;;;132,28" names="482,479,317,454,318,319,320,321,322,455,323,456,457" />
                    <segment id="1009526891" length="19" startTrkptIdx="15838" segmentTime="15.32" speed="26.07" turnType="TSLL" turnAngle="-5.08" types="106,107,287,68,22,285,62,6,9" pointTypes="132;100;98;;100;28;100;98;28;100;98;;98;98;98;98;98;28;100" names="485,486" />
                    <segment id="1191549050" length="11" startTrkptIdx="15856" segmentTime="13.66" speed="5.07" turnType="" turnAngle="" types="106,107,287,2,22,127,62,6,288,9" pointTypes=";28;32;32;;64,14,16,42;;18,19;;;32" names="485,486" />
                    <segment id="295451792" length="2" startTrkptIdx="15866" segmentTime="0.22" speed="21.26" turnType="" turnAngle="" types="65,36,268,70,2,22,160,62,6,72,9,73,74,75,76,77,78,79,80,81,82,83,84" pointTypes="" names="487,488,318,489,490,491,492,493" />
                    <segment id="1227319336" length="5" startTrkptIdx="15867" segmentTime="3.63" speed="15.40" turnType="TSLL" turnAngle="-22.83" types="65,36,268,70,68,22,160,62,6,72,9,73,74,75,76,77,78,79,80,81,82,83,84" pointTypes=";;;64,14,16,42;" names="494,495,487,488,318,489,490,491,492,493,486" />
                    <segment id="669603497" length="10" startTrkptIdx="15871" segmentTime="9.98" speed="21.26" turnType="" turnAngle="" types="65,12,70,68,160,62,6,72,9,73,74,75,76,77,78,79,80,81,82,83,84" pointTypes=";;;;;;;32;32;" names="494,495,487,488,318,489,490,491,492,493,486" />
                    <segment id="760193164" length="3" startTrkptIdx="15880" segmentTime="9.31" speed="21.26" turnType="" turnAngle="" types="65,12,107,70,2,160,87,6,72,91,9,73,74,75,76,77,78,92,93,94,79,80,81,82,83,84,95,96,97" pointTypes=";;" names="495,487,488,496,318,325,489,490,497,491,492,498,493,499" />
                    <segment id="648017075" length="2" startTrkptIdx="15882" segmentTime="0.87" speed="21.26" turnType="" turnAngle="" types="65,131,12,70,2,160,87,6,72,91,9,73,74,75,76,77,78,92,93,94,79,80,81,82,83,84,95,96,97" pointTypes="" names="495,487,488,496,318,325,489,490,497,491,492,498,493,499" />
                    <segment id="34099405" length="8" startTrkptIdx="15883" segmentTime="26.98" speed="21.26" turnType="" turnAngle="" types="65,12,66,70,2,160,87,6,72,91,9,73,74,75,76,77,78,92,93,94,79,80,81,82,83,84,95,96,97" pointTypes=";;100;100;;;;32" names="495,487,488,496,318,325,489,490,497,491,492,498,493,499" />
                    <segment id="34099405" length="2" startTrkptIdx="15890" segmentTime="0.99" speed="21.26" turnType="" turnAngle="" types="65,12,66,70,2,160,87,6,72,91,9,73,74,75,76,77,78,92,93,94,79,80,81,82,83,84,95,96,97" pointTypes="32;32" names="495,487,488,496,318,325,489,490,497,491,492,498,493,499" />
                    <segment id="1156552082" length="2" startTrkptIdx="15891" segmentTime="0.56" speed="21.26" turnType="" turnAngle="" types="65,131,12,66,70,2,160,6,72,91,9,73,74,75,76,77,78,92,93,94,79,80,81,82,83,84,95,96,97" pointTypes="" names="495,487,488,496,318,325,489,490,497,491,492,498,493,499" />
                    <segment id="1156552081" length="9" startTrkptIdx="15892" segmentTime="5.58" speed="21.26" turnType="" turnAngle="" types="65,12,66,70,2,160,6,72,91,9,73,74,75,76,77,78,92,93,94,79,80,81,82,83,84,95,96,97" pointTypes=";;;;;" names="495,487,488,496,318,325,489,490,497,491,492,498,493,499" />
                    <segment id="1514418615" length="8" startTrkptIdx="15900" segmentTime="9.63" speed="13.89" turnType="" turnAngle="" types="65,12,66,70,2,23,161,72,91,61,73,74,75,76,77,78,92,93,94,79,80,81,82,83,84,95,96,97" pointTypes=";;;32;;;;32" names="495,487,488,496,318,325,489,490,497,491,492,498,493,499" />
                    <segment id="1507435438" length="4" startTrkptIdx="15907" segmentTime="1.78" speed="26.07" turnType="" turnAngle="" types="70,62,9" pointTypes=";28;28;32" names="" />
                    <segment id="1507435437" length="2" startTrkptIdx="15910" segmentTime="0.25" speed="26.07" turnType="" turnAngle="" types="70,62,9" pointTypes="" names="" />
                    <segment id="1507435437" length="2" startTrkptIdx="15911" segmentTime="0.24" speed="26.07" turnType="" turnAngle="" types="70,62,9" pointTypes=";" names="" />
                    <segment id="1507435437" length="4" startTrkptIdx="15912" segmentTime="0.74" speed="26.07" turnType="TSLR" turnAngle="29.96" types="70,62,9" pointTypes=";32;28;100" names="" />
                    <segment id="1522086267" length="2" startTrkptIdx="15915" segmentTime="1.36" speed="26.07" turnType="TSLR" turnAngle="10.55" types="70,62,9" pointTypes=";142,100" names="" />
                    <segment id="967160494" length="5" startTrkptIdx="15916" segmentTime="20.64" speed="13.89" turnType="" turnAngle="" types="65,12,66,70,2,23,4,161,72,91,61,73,74,75,76,77,78,92,93,94,79,80,81,82,83,84,95,96,97" pointTypes=";;;32;" names="495,487,488,496,318,325,489,490,497,491,492,498,493,499" />
                    <segment id="1514418616" length="5" startTrkptIdx="15920" segmentTime="17.34" speed="13.89" turnType="" turnAngle="" types="65,12,66,70,2,23,161,72,91,61,73,74,75,76,77,78,92,93,94,79,80,81,82,83,84,95,96,97" pointTypes=";;;;" names="495,487,488,496,318,325,489,490,497,491,492,498,493,499" />
                    <segment id="967160495" length="5" startTrkptIdx="15924" segmentTime="28.00" speed="21.26" turnType="" turnAngle="" types="65,12,66,70,2,160,161,72,91,61,73,74,75,76,77,78,92,93,94,79,80,81,82,83,84,95,96,97" pointTypes=";;;;" names="495,487,488,496,318,325,489,490,497,491,492,498,493,499" />
                    <segment id="951851222" length="2" startTrkptIdx="15928" segmentTime="0.53" speed="21.26" turnType="" turnAngle="" types="65,131,12,70,2,160,161,72,91,61,73,74,75,76,77,78,92,93,94,79,80,81,82,83,84,95,96,97" pointTypes="" names="495,487,488,496,318,325,489,490,497,491,492,498,493,499" />
                    <segment id="951851221" length="20" startTrkptIdx="15929" segmentTime="27.13" speed="21.26" turnType="" turnAngle="" types="65,12,66,70,2,160,161,72,91,61,73,74,75,76,77,78,92,93,94,79,80,81,82,83,84,95,96,97" pointTypes=";10,11;10,11;;27,28;31,32;31,32;;10,11;10,89;10,11;10,11;;;;10,89;10,11;10,89;10,11;" names="495,487,488,496,318,325,489,490,497,491,492,498,493,499" />
                    <segment id="1549055239" length="2" startTrkptIdx="15948" segmentTime="0.83" speed="21.26" turnType="" turnAngle="" types="65,12,66,70,2,160,161,72,91,61,73,74,75,76,77,78,92,93,94,79,80,81,82,83,84,95,96,97" pointTypes="" names="495,487,488,496,318,325,489,490,497,491,492,498,493,499" />
                    <segment id="1549055235" length="23" startTrkptIdx="15949" segmentTime="4.38" speed="21.26" turnType="RNLB2" turnAngle="63.07" types="70,21,160,62,9,73,74,75,79,80,81" pointTypes=";;;;;;;;;;;;;;;;10,89;10,89;10,89;10,89;10,89" names="495,487,489,492" />
                    <segment id="1549055238" length="3" startTrkptIdx="15971" segmentTime="0.88" speed="21.26" turnType="" turnAngle="" types="70,160,62,9,73,74,75,79,80,81" pointTypes="" names="495,487,489,492" />
                    <segment id="1549055236" length="9" startTrkptIdx="15973" segmentTime="13.39" speed="21.26" turnType="" turnAngle="" types="65,12,66,70,2,160,161,72,91,61,73,74,75,76,77,78,92,93,94,79,80,81,82,83,84,95,96,97" pointTypes=";;;;;10,89;10,11;10,119;10,150" names="495,487,488,496,318,325,489,490,497,491,492,498,493,499" />
                    <segment id="1475181764" length="11" startTrkptIdx="15981" segmentTime="40.18" speed="21.26" turnType="" turnAngle="" types="65,66,70,2,33,186,160,6,72,91,9,73,74,75,76,77,78,92,93,94,79,80,81,82,83,84,95,96,97" pointTypes=";;;;;;;;;;32" names="495,487,488,496,318,325,489,490,497,491,492,498,493,499" />
                    <segment id="1270254087" length="16" startTrkptIdx="15991" segmentTime="14.96" speed="26.07" turnType="" turnAngle="" types="70,68,62,9" pointTypes=";100;32;32;;;;;;;;;;;28;" names="" />
                    <segment id="1097019275" length="89" startTrkptIdx="16006" segmentTime="81.63" speed="21.26" turnType="" turnAngle="" types="65,66,70,68,160,62,6,72,9,73,74,75,76,77,78,79,80,81,82,83,84" pointTypes=";98;;;;;32;;100;101;101;98;100;28;;;;;;;;;;;;;;;;;;;;;;;;;;;;;;;32;;;;;;;;;;;;;;;;;;;;;;;;;;;;;;;;;;;;;;;;;;;;" names="500,487,488,318,489,490,491,492,493" />
                    <segment id="1097019260" length="142" startTrkptIdx="16094" segmentTime="112.50" speed="21.26" turnType="" turnAngle="" types="65,107,70,68,160,62,6,72,9,73,74,75,76,77,78,79,80,81,82,83,84" pointTypes=";;;;32;;;32;32;;;;;;;;;;;32;;;;;;;;;;;;;;;;;;;;;28;98;98;98;100;28;32;32;28;28;100;;101;;;;101;;;;;;;98;100;98;98;101;101;;;101;;;;28;32;;28;100;98;98;100;100;;100;;28;98;98;28;28;100;98;98;100;100;100;28;32;32;28;100;28;;32;32;28;100;100;100;100;100;100;100;100;100;;;101;100;98;101;;;101;101;;;;;;;101;101;98;28;28;28;28" names="500,487,488,318,489,490,491,492,493" />
                    <segment id="394549028" length="5" startTrkptIdx="16235" segmentTime="6.51" speed="21.26" turnType="" turnAngle="" types="65,107,70,68,160,62,6,72,9,73,74,75,76,77,78,79,80,81,82,83,84" pointTypes=";;;;" names="500,487,488,318,489,490,491,492,493" />
                    <segment id="1053786491" length="4" startTrkptIdx="16239" segmentTime="1.48" speed="21.26" turnType="" turnAngle="" types="65,107,70,68,160,62,6,72,9,73,74,75,76,77,78,79,80,81,82,83,84" pointTypes=";;32;98" names="501,500,487,488,318,489,490,491,492,493,502,503" />
                    <segment id="1046372003" length="13" startTrkptIdx="16242" segmentTime="14.99" speed="7.08" turnType="" turnAngle="" types="65,107,70,2,160,62,6,288,72,9,73,74,75,76,77,78,79,80,81,82,83,84" pointTypes=";;;;;;;;;;;18,19;134" names="500,487,488,318,489,490,491,492,493" />
                    <segment id="1053790362" length="2" startTrkptIdx="16254" segmentTime="0.25" speed="21.26" turnType="RNLB1" turnAngle="-77.32" types="65,107,70,21,2,160,62,6,9" pointTypes="134;" names="504" />
                    <segment id="373820075" length="2" startTrkptIdx="16255" segmentTime="0.71" speed="23.67" turnType="" turnAngle="" types="65,67,68,160,62,161,61" pointTypes=";28" names="364,505,351" />
                    <segment id="1053790361" length="2" startTrkptIdx="16256" segmentTime="1.72" speed="23.67" turnType="" turnAngle="" types="65,67,2,160,62,161,295,61" pointTypes="" names="364,506,507,351,508,509,510" />
                    <segment id="373820079" length="7" startTrkptIdx="16257" segmentTime="21.42" speed="23.67" turnType="KR" turnAngle="2.43" types="65,67,68,127,62,6,9" pointTypes=";32;32;;;;" names="364,351" />
                    <segment id="1056129707" length="33" startTrkptIdx="16263" segmentTime="19.03" speed="26.07" turnType="" turnAngle="" types="65,70,2,127,62,6,72,135,9,73,74,75,136,137,92,93,94,79,80,81,138,139,95,96,97" pointTypes=";;10,11;10,89;10,119;10,119;10,89;10,89;10,119;10,119;10,119;10,119;10,119;10,119;10,119;10,119;10,150;10,119;10,119;10,89;10,89;10,11;;31,32;27,28;142,100;142,100;31,32;31,32;27,28;142,100;142,100;142,100" names="511,512,345,352,353,318,354,346,361,356,348,349,357,362,359,360" />
                    <segment id="1056129707" length="9" startTrkptIdx="16295" segmentTime="6.72" speed="26.07" turnType="" turnAngle="" types="65,70,2,127,62,6,72,135,9,73,74,75,136,137,92,93,94,79,80,81,138,139,95,96,97" pointTypes="142,100;27,28;;31,32;;10,11;10,89;10,89;10,89" names="511,512,345,352,353,318,354,346,361,356,348,349,357,362,359,360" />
                    <segment id="201067293" length="25" startTrkptIdx="16303" segmentTime="30.07" speed="26.07" turnType="" turnAngle="" types="65,70,2,127,62,6,172,72,135,9,73,74,75,136,137,92,93,94,79,80,81,138,139,95,96,97" pointTypes=";10,119;10,150;10,150;10,119;10,150;10,150;10,150;10,150;10,119;10,119;10,150;10,11;31,32;;27,28;31,32;31,32;31,32;27,28;31,32;10,11;10,119;31,32;132,31,32" names="511,512,345,352,353,318,354,346,361,356,348,349,357,362,359,360,365" />
                    <segment id="118991834" length="11" startTrkptIdx="16327" segmentTime="22.38" speed="26.07" turnType="C" turnAngle="0.32" types="65,70,68,127,62,6,72,135,9,73,74,75,136,137,92,93,94,79,80,81,138,139,95,96,97" pointTypes="132;27,28;27,28;;10,11;10,119;10,89;10,11;;10,11;31,32" names="364,513,512,345,352,353,318,354,346,361,356,348,349,357,362,359,360" />
                    <segment id="118992269" length="14" startTrkptIdx="16337" segmentTime="24.14" speed="26.07" turnType="" turnAngle="" types="65,70,2,127,62,6,72,135,9,73,74,75,136,137,92,93,94,79,80,81,138,139,95,96,97" pointTypes=";10,11;;10,11;142,100;142,100;10,11;;10,89;;;31,32;10,11;31,32" names="364,513,512,345,352,353,318,354,346,361,356,348,349,357,362,359,360" />
                    <segment id="156911998" length="30" startTrkptIdx="16350" segmentTime="59.20" speed="26.07" turnType="" turnAngle="" types="65,70,68,127,62,6,72,135,9,73,74,75,136,137,92,93,94,79,80,81,138,139,95,96,97" pointTypes=";;27,28;31,32;10,11;10,11;10,11;31,32;;;10,11;;10,11;31,32;31,32;;;;27,28;;;;10,11;;10,89;10,11;31,32;31,32;;10,11" names="364,513,512,345,352,353,318,354,346,361,356,348,349,357,362,359,360" />
                    <segment id="156912000" length="9" startTrkptIdx="16379" segmentTime="28.34" speed="26.07" turnType="" turnAngle="" types="65,70,2,127,62,6,72,135,9,73,74,75,136,137,92,93,94,79,80,81,138,139,95,96,97" pointTypes=";10,11;;10,11;;10,11;10,89;31,32;31,32" names="364,513,512,345,352,353,318,354,346,361,356,348,349,357,362,359,360" />
                    <segment id="76308580" length="7" startTrkptIdx="16387" segmentTime="11.76" speed="26.07" turnType="" turnAngle="" types="65,70,68,127,62,6,72,135,9,73,74,75,136,137,92,93,94,79,80,81,138,139,95,96,97" pointTypes=";31,32;;;;10,11;132" names="364,513,512,345,352,353,318,354,346,361,356,348,349,357,362,359,360" />
                    <segment id="76308580" length="4" startTrkptIdx="16393" segmentTime="6.92" speed="26.07" turnType="C" turnAngle="0.74" types="65,70,68,127,62,6,72,135,9,73,74,75,136,137,92,93,94,79,80,81,138,139,95,96,97" pointTypes="132;27,28;31,32;10,11" names="364,513,512,345,352,353,318,354,346,361,356,348,349,357,362,359,360" />
                    <segment id="795160972" length="2" startTrkptIdx="16396" segmentTime="2.03" speed="26.07" turnType="" turnAngle="" types="65,70,68,127,62,161,72,135,61,73,74,75,136,137,92,93,94,79,80,81,138,139,95,96,97" pointTypes=";10,89" names="513,512,345,352,353,318,354,346,361,356,348,349,357,362,359,360" />
                    <segment id="188036580" length="7" startTrkptIdx="16397" segmentTime="8.66" speed="26.07" turnType="" turnAngle="" types="65,70,2,127,62,6,72,135,9,73,74,75,136,137,92,93,94,79,80,81,138,139,95,96,97" pointTypes=";10,11;10,11;10,11;10,11;10,11" names="513,512,345,352,353,318,354,346,361,356,348,349,357,362,359,360" />
                    <segment id="1415075046" length="2" startTrkptIdx="16403" segmentTime="1.36" speed="26.07" turnType="" turnAngle="" types="65,70,2,127,62,6,173,72,135,9,73,74,75,136,137,92,93,94,79,80,81,138,139,95,96,97" pointTypes=";" names="513,512,345,352,353,318,354,346,361,356,348,349,357,362,359,360" />
                    <segment id="1415075045" length="3" startTrkptIdx="16404" segmentTime="1.75" speed="26.07" turnType="" turnAngle="" types="65,70,68,127,62,6,72,135,9,73,74,75,136,137,92,93,94,79,80,81,138,139,95,96,97" pointTypes=";;142,100" names="513,512,345,352,353,318,354,346,361,356,348,349,357,362,359,360" />
                    <segment id="1081634351" length="4" startTrkptIdx="16406" segmentTime="3.20" speed="26.07" turnType="" turnAngle="" types="65,70,68,127,161,72,91,174,61,73,74,75,76,77,78,175,176,177,178,179,79,80,81,82,83,84,180,181,182,183,184" pointTypes=";;;31,32" names="513,512,345,366,367,368,318,325,369,346,347,370,371,348,349,372,350,373,374,375,376" />
                    <segment id="1415075057" length="4" startTrkptIdx="16409" segmentTime="2.22" speed="20.06" turnType="" turnAngle="" types="65,70,68,127,185,161,72,91,174,61,73,74,75,76,77,78,175,176,177,178,179,79,80,81,82,83,84,180,181,182,183,184" pointTypes=";;31,32;31,32" names="513,512,345,366,367,368,318,325,369,346,347,370,371,348,349,372,350,373,374,375,376" />
                    <segment id="38420056" length="12" startTrkptIdx="16412" segmentTime="8.90" speed="20.06" turnType="" turnAngle="" types="65,131,70,2,127,185,4,161,72,91,174,61,73,74,75,76,77,78,175,176,177,178,179,79,80,81,82,83,84,180,181,182,183,184" pointTypes="134" names="513,512,345,366,367,368,318,325,369,346,347,370,371,348,349,372,350,373,374,375,376" />
                    <segment id="1081634350" length="2" startTrkptIdx="16423" segmentTime="0.43" speed="20.06" turnType="" turnAngle="" types="65,70,2,127,185,4,161,72,91,174,61,73,74,75,76,77,78,175,176,177,178,179,79,80,81,82,83,84,180,181,182,183,184" pointTypes="134;" names="513,512,345,366,367,368,318,325,369,346,347,370,371,348,349,372,350,373,374,375,376" />
                    <segment id="1415075058" length="11" startTrkptIdx="16424" segmentTime="5.95" speed="20.06" turnType="" turnAngle="" types="65,70,68,127,185,62,6,72,135,9,73,74,75,136,137,92,93,94,79,80,81,138,139,95,96,97" pointTypes=";;;10,11;10,89;10,11" names="364,513,512,345,352,353,318,354,346,361,356,348,349,357,362,359,360" />
                    <segment id="156916516" length="10" startTrkptIdx="16434" segmentTime="13.93" speed="26.07" turnType="" turnAngle="" types="65,70,68,127,62,6,72,135,9,73,74,75,136,137,92,93,94,79,80,81,138,139,95,96,97" pointTypes=";;31,32;;31,32;;31,32;;31,32;" names="364,513,512,345,352,353,318,354,346,361,356,348,349,357,362,359,360" />
                    <segment id="156916516" length="3" startTrkptIdx="16443" segmentTime="2.90" speed="26.07" turnType="" turnAngle="" types="65,70,68,127,62,6,72,135,9,73,74,75,136,137,92,93,94,79,80,81,138,139,95,96,97" pointTypes=";31,32;" names="364,513,512,345,352,353,318,354,346,361,356,348,349,357,362,359,360" />
                    <segment id="814691378" length="4" startTrkptIdx="16445" segmentTime="7.82" speed="26.07" turnType="" turnAngle="" types="65,70,68,127,62,6,72,135,9,73,74,75,136,137,92,93,94,79,80,81,138,139,95,96,97" pointTypes=";;;" names="364,513,512,345,352,353,318,354,346,361,356,348,349,357,362,359,360" />
                    <segment id="795160971" length="9" startTrkptIdx="16448" segmentTime="11.67" speed="26.07" turnType="C" turnAngle="-3.11" types="65,70,68,127,62,6,72,135,9,73,74,75,136,137,92,93,94,79,80,81,138,139,95,96,97" pointTypes=";;10,11;10,11;10,11;10,11;;31,32" names="364,513,512,345,352,353,318,354,346,361,356,348,349,357,362,359,360" />
                    <segment id="204496551" length="3" startTrkptIdx="16456" segmentTime="3.20" speed="26.07" turnType="" turnAngle="" types="65,70,2,127,62,6,72,135,9,73,74,75,136,137,92,93,94,79,80,81,138,139,95,96,97" pointTypes=";;10,89" names="513,512,345,352,353,318,354,346,361,356,348,349,357,362,359,360" />
                    <segment id="156916533" length="16" startTrkptIdx="16458" segmentTime="25.37" speed="26.07" turnType="" turnAngle="" types="65,70,85,33,186,127,4,6,72,91,174,9,73,74,75,76,77,78,175,176,177,178,179,79,80,81,82,83,84,180,181,182,183,184" pointTypes=";10,11;27,28;;;;10,11;;;;31,32;31,32;31,32;10,11;;10,11" names="513,512,345,366,367,368,318,325,369,346,347,370,371,348,349,372,350,373,374,375,376" />
                    <segment id="1112813332" length="2" startTrkptIdx="16473" segmentTime="8.59" speed="26.07" turnType="" turnAngle="" types="65,70,2,33,34,127,4,6,72,91,174,9,73,74,75,76,77,78,175,176,177,178,179,79,80,81,82,83,84,180,181,182,183,184" pointTypes=";" names="513,512,345,366,367,368,318,325,369,346,347,370,371,348,349,372,350,373,374,375,376" />
                    <segment id="156916531" length="3" startTrkptIdx="16474" segmentTime="5.65" speed="26.07" turnType="" turnAngle="" types="65,70,2,33,34,127,4,6,187,72,91,174,9,73,74,75,76,77,78,175,176,177,178,179,79,80,81,82,83,84,180,181,182,183,184" pointTypes="31,32;31,32;" names="513,512,345,366,367,368,318,325,369,346,347,370,371,348,349,372,350,373,374,375,376" />
                    <segment id="75714796" length="2" startTrkptIdx="16476" segmentTime="3.27" speed="26.07" turnType="" turnAngle="" types="70,68,127,62,6,188,72,135,9,73,74,75,136,137,92,93,94,79,80,81,138,139,95,96,97" pointTypes=";31,32" names="513,512,345,352,353,318,354,346,361,356,348,349,357,362,359,360" />
                    <segment id="201067295" length="5" startTrkptIdx="16477" segmentTime="15.63" speed="26.07" turnType="KL" turnAngle="0.02" types="65,70,68,127,62,6,72,135,9,73,74,75,136,137,92,93,94,79,80,81,138,139,95,96,97" pointTypes=";31,32;10,11;" names="377,513,512,345,352,353,318,354,346,361,356,348,349,357,362,359,360,351" />
                    <segment id="201067296" length="2" startTrkptIdx="16481" segmentTime="8.00" speed="26.07" turnType="" turnAngle="" types="65,70,68,127,62,6,72,135,9,73,74,75,136,137,92,93,94,79,80,81,138,139,95,96,97" pointTypes=";10,11" names="513,512,345,352,353,318,354,346,361,356,348,349,357,362,359,360" />
                    <segment id="1112813330" length="8" startTrkptIdx="16482" segmentTime="8.58" speed="26.07" turnType="" turnAngle="" types="65,70,85,33,186,127,4,6,189,72,91,174,9,73,74,75,76,77,78,175,176,177,178,179,79,80,81,82,83,84,180,181,182,183,184" pointTypes=";31,32;31,32;;10,11;;;" names="513,512,345,366,367,368,318,325,369,346,347,370,371,348,349,372,350,373,374,375,376" />
                    <segment id="119116870" length="14" startTrkptIdx="16489" segmentTime="21.88" speed="26.07" turnType="" turnAngle="" types="65,70,85,33,186,127,4,161,72,91,174,61,73,74,75,76,77,78,175,176,177,178,179,79,80,81,82,83,84,180,181,182,183,184" pointTypes="31,32;;;;;;31,32;" names="513,512,345,366,367,368,318,325,369,346,347,370,371,348,349,372,350,373,374,375,376" />
                    <segment id="1054125058" length="2" startTrkptIdx="16502" segmentTime="1.36" speed="26.07" turnType="" turnAngle="" types="65,70,68,127,62,161,72,135,61,73,74,75,136,137,92,93,94,79,80,81,138,139,95,96,97" pointTypes="" names="378,513,512,345,352,353,318,354,346,361,356,348,349,357,362,359,360" />
                    <segment id="819951307" length="3" startTrkptIdx="16503" segmentTime="3.69" speed="26.07" turnType="" turnAngle="" types="65,70,2,127,62,161,72,135,61,73,74,75,136,137,92,93,94,79,80,81,138,139,95,96,97" pointTypes=";;" names="378,513,512,345,352,353,318,354,346,361,356,348,349,357,362,359,360" />
                    <segment id="1054125059" length="3" startTrkptIdx="16505" segmentTime="21.91" speed="2.27" turnType="" turnAngle="" types="65,70,111,127,62,161,190,72,135,61,73,74,75,136,137,92,93,94,79,80,81,138,139,95,96,97" pointTypes=";53,59,10,11" names="378,513,512,345,352,353,318,354,346,361,356,348,349,357,362,359,360" />
                    <segment id="1054125060" length="2" startTrkptIdx="16507" segmentTime="0.39" speed="26.07" turnType="C" turnAngle="-0.45" types="65,70,85,127,62,161,88,72,135,61,73,74,75,136,137,92,93,94,79,80,81,138,139,95,96,97" pointTypes="" names="378,513,512,345,352,353,318,354,346,361,356,348,349,357,362,359,360" />
                    <segment id="204496915" length="4" startTrkptIdx="16508" segmentTime="4.56" speed="26.07" turnType="" turnAngle="" types="65,70,2,127,62,161,72,135,61,73,74,75,136,137,92,93,94,79,80,81,138,139,95,96,97" pointTypes=";;10,11;" names="378,513,512,345,352,353,318,354,346,361,356,348,349,357,362,359,360" />
                    <segment id="1054125055" length="3" startTrkptIdx="16511" segmentTime="3.02" speed="26.07" turnType="" turnAngle="" types="65,70,68,127,62,161,72,135,61,73,74,75,136,137,92,93,94,79,80,81,138,139,95,96,97" pointTypes=";10,11" names="378,513,512,345,352,353,318,354,346,361,356,348,349,357,362,359,360" />
                    <segment id="119116869" length="19" startTrkptIdx="16513" segmentTime="28.64" speed="26.07" turnType="" turnAngle="" types="65,70,2,127,4,6,72,91,174,9,73,74,75,76,77,78,175,176,177,178,179,79,80,81,82,83,84,180,181,182,183,184" pointTypes=";;;;;;10,11;;;31,32;31,32;;10,11;10,11;10,11;10,89;10,11;10,11;" names="513,512,345,366,367,368,318,325,369,346,347,370,371,348,349,372,350,373,374,375,376" />
                    <segment id="119116866" length="6" startTrkptIdx="16531" segmentTime="8.78" speed="18.85" turnType="" turnAngle="" types="65,70,2,102,4,6,72,91,174,9,73,74,75,76,77,78,175,176,177,178,179,79,80,81,82,83,84,180,181,182,183,184" pointTypes=";;10,11;10,89;10,89;10,89" names="513,512,345,366,367,368,318,325,369,346,347,370,371,348,349,372,350,373,374,375,376" />
                    <segment id="239550461" length="5" startTrkptIdx="16536" segmentTime="26.19" speed="4.45" turnType="" turnAngle="" types="65,66,70,2,102,62,6,72,135,9,73,74,75,136,137,92,93,94,79,80,81,138,139,95,96,97" pointTypes=";10,11;53,59,10,119" names="513,512,345,352,353,318,354,346,361,356,348,349,357,362,359,360" />
                    <segment id="819634989" length="2" startTrkptIdx="16540" segmentTime="0.63" speed="18.85" turnType="" turnAngle="" types="65,66,70,2,102,62,6,72,135,9,73,74,75,136,137,92,93,94,79,80,81,138,139,95,96,97" pointTypes="" names="514,512,345,352,318,354,346,361,356,348,349,357,362,360" />
                    <segment id="119116657" length="3" startTrkptIdx="16541" segmentTime="2.62" speed="18.85" turnType="" turnAngle="" types="65,66,70,2,102,62,6,72,135,9,73,74,75,136,137,92,93,94,79,80,81,138,139,95,96,97" pointTypes=";10,11;10,11" names="514,512,345,352,318,354,346,361,356,348,349,357,362,360" />
                    <segment id="643924827" length="2" startTrkptIdx="16543" segmentTime="0.89" speed="18.85" turnType="" turnAngle="" types="65,66,70,111,129,186,102,4,6,72,91,174,9,73,74,75,76,77,78,175,176,177,178,179,79,80,81,82,83,84,180,181,182,183,184" pointTypes="" names="514,512,345,366,367,318,325,369,346,347,370,371,348,349,372,350,373,374,376" />
                    <segment id="239550468" length="8" startTrkptIdx="16544" segmentTime="5.11" speed="18.85" turnType="" turnAngle="" types="65,66,70,85,129,34,102,4,6,72,91,174,9,73,74,75,76,77,78,175,176,177,178,179,79,80,81,82,83,84,180,181,182,183,184" pointTypes=";31,32;31,32;;10,11" names="514,512,345,366,367,318,325,369,346,347,370,371,348,349,372,350,373,374,376" />
                    <segment id="119116660" length="11" startTrkptIdx="16551" segmentTime="13.32" speed="18.85" turnType="" turnAngle="" types="65,66,70,2,102,4,6,72,91,174,9,73,74,75,76,77,78,175,176,177,178,179,79,80,81,82,83,84,180,181,182,183,184" pointTypes=";;31,32;31,32;;;10,11;10,11;10,89;10,11;10,11" names="514,512,345,366,367,318,325,369,346,347,370,371,348,349,372,350,373,374,376" />
                    <segment id="1120010800" length="2" startTrkptIdx="16561" segmentTime="1.72" speed="18.85" turnType="" turnAngle="" types="65,66,70,2,102,4,6,72,91,174,9,73,74,75,76,77,78,175,176,177,178,179,79,80,81,82,83,84,180,181,182,183,184" pointTypes="" names="514,512,345,366,367,318,325,369,346,347,370,371,348,349,372,350,373,374,376" />
                    <segment id="1120010799" length="2" startTrkptIdx="16562" segmentTime="1.16" speed="18.85" turnType="" turnAngle="" types="65,66,70,85,33,186,102,4,6,191,72,91,174,9,73,74,75,76,77,78,175,176,177,178,179,79,80,81,82,83,84,180,181,182,183,184" pointTypes="" names="514,512,345,366,367,318,325,369,346,347,370,371,348,349,372,350,373,374,376" />
                    <segment id="1120010803" length="2" startTrkptIdx="16563" segmentTime="0.60" speed="18.85" turnType="C" turnAngle="0.37" types="65,66,70,2,102,4,161,72,91,174,61,73,74,75,76,77,78,175,176,177,178,179,79,80,81,82,83,84,180,181,182,183,184" pointTypes="" names="514,512,345,366,367,318,325,369,346,347,370,371,348,349,372,350,373,374,376" />
                    <segment id="1120010802" length="2" startTrkptIdx="16564" segmentTime="0.64" speed="18.85" turnType="" turnAngle="" types="65,66,70,85,129,34,102,4,6,192,72,91,174,9,73,74,75,76,77,78,175,176,177,178,179,79,80,81,82,83,84,180,181,182,183,184" pointTypes="" names="514,512,345,366,367,318,325,369,346,347,370,371,348,349,372,350,373,374,376" />
                    <segment id="119116658" length="4" startTrkptIdx="16565" segmentTime="4.80" speed="18.85" turnType="" turnAngle="" types="65,66,70,2,102,4,6,72,91,174,9,73,74,75,76,77,78,175,176,177,178,179,79,80,81,82,83,84,180,181,182,183,184" pointTypes=";10,11;10,11;10,89" names="514,512,345,366,367,318,325,369,346,347,370,371,348,349,372,350,373,374,376" />
                    <segment id="1120010806" length="3" startTrkptIdx="16568" segmentTime="0.78" speed="18.85" turnType="" turnAngle="" types="65,66,70,85,129,34,102,4,6,192,72,91,174,9,73,74,75,76,77,78,175,176,177,178,179,79,80,81,82,83,84,180,181,182,183,184" pointTypes=";10,89;10,89" names="514,512,345,366,367,318,325,369,346,347,370,371,348,349,372,350,373,374,376" />
                    <segment id="1120010805" length="3" startTrkptIdx="16570" segmentTime="4.24" speed="14.41" turnType="" turnAngle="" types="65,66,70,2,102,4,6,72,91,174,9,73,74,75,76,77,78,175,176,177,178,179,79,80,81,82,83,84,180,181,182,183,184" pointTypes=";64,13,14,16,10,89;10,89" names="514,512,345,366,367,318,325,369,346,347,370,371,348,349,372,350,373,374,376" />
                    <segment id="1120010807" length="2" startTrkptIdx="16572" segmentTime="0.86" speed="18.85" turnType="" turnAngle="" types="65,66,70,85,33,186,102,4,6,191,72,91,174,9,73,74,75,76,77,78,175,176,177,178,179,79,80,81,82,83,84,180,181,182,183,184" pointTypes=";10,89" names="514,512,345,366,367,318,325,369,346,347,370,371,348,349,372,350,373,374,376" />
                    <segment id="814608780" length="2" startTrkptIdx="16573" segmentTime="4.87" speed="18.85" turnType="C" turnAngle="-0.02" types="65,66,70,2,102,4,6,72,91,174,9,73,74,75,76,77,78,175,176,177,178,179,79,80,81,82,83,84,180,181,182,183,184" pointTypes=";10,89" names="514,512,345,366,367,318,325,369,346,347,370,371,348,349,372,350,373,374,376" />
                    <segment id="1120010811" length="2" startTrkptIdx="16574" segmentTime="0.66" speed="18.85" turnType="" turnAngle="" types="65,66,70,2,102,4,6,72,91,174,9,73,74,75,76,77,78,175,176,177,178,179,79,80,81,82,83,84,180,181,182,183,184" pointTypes=";10,11" names="514,512,345,366,367,318,325,369,346,347,370,371,348,349,372,350,373,374,376" />
                    <segment id="814608781" length="2" startTrkptIdx="16575" segmentTime="3.56" speed="18.85" turnType="" turnAngle="" types="65,66,70,85,33,186,102,4,6,193,72,91,174,9,73,74,75,76,77,78,175,176,177,178,179,79,80,81,82,83,84,180,181,182,183,184" pointTypes=";10,11" names="514,512,345,366,367,318,325,369,346,347,370,371,348,349,372,350,373,374,376" />
                    <segment id="1120010812" length="3" startTrkptIdx="16576" segmentTime="3.25" speed="18.85" turnType="C" turnAngle="0.22" types="65,66,70,2,102,4,6,72,91,174,9,73,74,75,76,77,78,175,176,177,178,179,79,80,81,82,83,84,180,181,182,183,184" pointTypes=";;10,11" names="514,512,345,366,367,318,325,369,346,347,370,371,348,349,372,350,373,374,376" />
                    <segment id="814608783" length="2" startTrkptIdx="16578" segmentTime="1.21" speed="18.85" turnType="" turnAngle="" types="65,66,70,2,102,4,6,72,91,174,9,73,74,75,76,77,78,175,176,177,178,179,79,80,81,82,83,84,180,181,182,183,184" pointTypes=";10,11" names="515,512,345,366,367,318,325,369,346,347,370,371,348,349,372,350,373,374,376" />
                    <segment id="814608782" length="2" startTrkptIdx="16579" segmentTime="1.97" speed="18.85" turnType="" turnAngle="" types="65,66,70,2,102,4,6,72,91,174,9,73,74,75,76,77,78,175,176,177,178,179,79,80,81,82,83,84,180,181,182,183,184" pointTypes=";10,11" names="515,512,345,366,367,318,325,369,346,347,370,371,348,349,372,350,373,374,376" />
                    <segment id="819975986" length="10" startTrkptIdx="16580" segmentTime="10.06" speed="18.85" turnType="" turnAngle="" types="65,66,70,2,102,4,6,72,91,174,9,73,74,75,76,77,78,175,176,177,178,179,79,80,81,82,83,84,180,181,182,183,184" pointTypes=";10,11;10,11;;;;;10,89;10,140;10,149" names="515,512,345,366,367,318,325,369,346,347,370,371,348,349,372,350,373,374,376" />
                    <segment id="119116659" length="20" startTrkptIdx="16589" segmentTime="25.30" speed="18.85" turnType="" turnAngle="" types="65,66,70,2,102,4,161,72,91,174,61,73,74,75,76,77,78,175,176,177,178,179,79,80,81,82,83,84,180,181,182,183,184" pointTypes=";10,140;10,140;10,149;10,149;10,149;10,150;10,150;10,89;10,11;10,11;10,11;10,11;10,11;10,11;10,11;10,89;31,32;27,28;27,28" names="515,512,345,366,367,318,325,369,346,347,370,371,348,349,372,350,373,374,376" />
                    <segment id="150449662" length="7" startTrkptIdx="16608" segmentTime="7.87" speed="18.85" turnType="" turnAngle="" types="65,66,70,2,102,4,161,72,91,174,61,73,74,75,76,77,78,175,176,177,178,179,79,80,81,82,83,84,180,181,182,183,184" pointTypes=";31,32;31,32;27,28;142,100;31,32;31,32" names="515,512,345,366,367,318,325,369,346,347,370,371,348,349,372,350,373,374,376" />
                    <segment id="48036658" length="18" startTrkptIdx="16614" segmentTime="32.59" speed="21.26" turnType="" turnAngle="" types="65,66,70,2,160,4,161,72,91,174,61,73,74,75,76,77,78,175,176,177,178,179,79,80,81,82,83,84,180,181,182,183,184" pointTypes=";27,28;27,28;;;31,32;27,28;27,28;31,32;31,32;142,100;27,28;;31,32;;;31,32;31,32" names="515,512,345,366,367,318,325,369,346,347,370,371,348,349,372,350,373,374,376" />
                    <segment id="380052272" length="32" startTrkptIdx="16631" segmentTime="54.78" speed="21.26" turnType="" turnAngle="" types="65,66,70,2,160,4,161,72,91,174,61,73,74,75,76,77,78,175,176,177,178,179,79,80,81,82,83,84,180,181,182,183,184" pointTypes=";;31,32;27,28;27,28;142,100;142,100;31,32;31,32;31,32;10,11;10,119;10,150;10,150;10,119;10,89;10,11;;31,32;142,100;31,32;27,28;31,32;;10,11;;;10,89;10,89;31,32;27,28;27,28" names="515,512,345,366,367,318,325,369,346,347,370,371,348,349,372,350,373,374,376" />
                    <segment id="215564524" length="2" startTrkptIdx="16662" segmentTime="1.78" speed="21.26" turnType="" turnAngle="" types="65,131,66,70,2,160,4,161,72,91,174,61,73,74,75,76,77,78,175,176,177,178,179,79,80,81,82,83,84,180,181,182,183,184" pointTypes=";134" names="515,512,345,366,367,318,325,369,346,347,370,371,348,349,372,350,373,374,376" />
                    <segment id="215564525" length="7" startTrkptIdx="16663" segmentTime="7.18" speed="21.26" turnType="" turnAngle="" types="65,66,70,2,160,4,161,72,91,174,61,73,74,75,76,77,78,175,176,177,178,179,79,80,81,82,83,84,180,181,182,183,184" pointTypes="134;27,28;;10,11;10,119;10,150;10,119" names="515,512,345,366,367,318,325,369,346,347,370,371,348,349,372,350,373,374,376" />
                    <segment id="244095228" length="4" startTrkptIdx="16669" segmentTime="3.97" speed="21.26" turnType="" turnAngle="" types="65,66,70,2,160,4,194,161,72,91,174,61,73,74,75,76,77,78,175,176,177,178,179,79,80,81,82,83,84,180,181,182,183,184" pointTypes=";10,11;10,89;10,89" names="515,512,345,366,367,318,325,369,346,347,370,371,348,349,372,350,373,374,376" />
                    <segment id="107403009" length="22" startTrkptIdx="16672" segmentTime="40.67" speed="21.26" turnType="" turnAngle="" types="65,66,70,2,160,4,161,72,91,174,61,73,74,75,76,77,78,175,176,177,178,179,79,80,81,82,83,84,180,181,182,183,184" pointTypes=";;;;10,89;10,11;10,11;10,11;10,89;10,89;10,89;;;;;;10,89;10,140;10,150;10,149;10,149;10,150" names="515,512,345,366,367,318,325,369,346,347,370,371,348,349,372,350,373,374,376" />
                    <segment id="97179887" length="30" startTrkptIdx="16693" segmentTime="35.25" speed="26.07" turnType="" turnAngle="" types="65,66,70,195,2,127,6,72,91,174,9,73,74,75,76,77,78,175,176,177,178,179,79,80,81,82,83,84,180,181,182,183,184" pointTypes=";10,156;10,119;31,32;27,28;;10,119;10,150;10,89;10,11;10,89;10,89;10,119;10,89;10,119;31,32;31,32;;;10,89;10,119;10,140;10,156;10,156;10,143;10,156;10,149;10,11;10,89;10,150" names="516,512,345,366,367,318,325,369,346,347,370,371,348,349,372,350,373,374,376" />
                    <segment id="830542425" length="3" startTrkptIdx="16722" segmentTime="0.99" speed="26.07" turnType="" turnAngle="" types="65,66,70,195,85,33,186,127,6,196,72,91,174,9,73,74,75,76,77,78,175,176,177,178,179,79,80,81,82,83,84,180,181,182,183,184" pointTypes=";10,149;10,149" names="516,512,345,366,367,318,325,369,346,347,370,371,348,349,372,350,373,374,376" />
                    <segment id="667042468" length="6" startTrkptIdx="16724" segmentTime="3.11" speed="26.07" turnType="C" turnAngle="2.68" types="65,66,70,195,2,127,6,72,91,174,9,73,74,75,76,77,78,175,176,177,178,179,79,80,81,82,83,84,180,181,182,183,184" pointTypes=";10,140;10,143;10,156;10,149;10,149" names="516,512,345,366,367,318,325,369,346,347,370,371,348,349,372,350,373,374,376" />
                    <segment id="119113267" length="10" startTrkptIdx="16729" segmentTime="4.29" speed="26.07" turnType="" turnAngle="" types="65,66,70,195,85,33,186,127,6,72,91,174,9,73,74,75,76,77,78,175,176,177,178,179,79,80,81,82,83,84,180,181,182,183,184" pointTypes=";10,150;10,119;10,119;10,150;10,119;10,119;10,119;10,150;10,150" names="516,512,345,366,367,318,325,369,346,347,370,371,348,349,372,350,373,374,376" />
                    <segment id="667042469" length="42" startTrkptIdx="16738" segmentTime="35.55" speed="26.07" turnType="" turnAngle="" types="65,66,70,195,85,33,186,127,6,72,91,174,9,73,74,75,76,77,78,175,176,177,178,179,79,80,81,82,83,84,180,181,182,183,184" pointTypes=";10,140;10,140;10,149;10,149;10,149;10,149;10,149;10,140;10,150;10,119;10,150;10,119;10,89;10,89;10,149;10,140;10,140;10,156;10,151;10,197;10,151;10,143;10,197;10,151;10,143;10,156;10,140;10,150;10,89;10,11;;;10,11;10,119;10,119;10,89;10,89;10,89;10,119;10,11;10,11" names="516,512,345,366,367,318,325,369,346,347,370,371,348,349,372,350,373,374,376" />
                    <segment id="119113266" length="3" startTrkptIdx="16779" segmentTime="5.46" speed="26.07" turnType="" turnAngle="" types="65,66,70,111,127,6,72,91,174,9,73,74,75,76,77,78,175,176,177,178,179,79,80,81,82,83,84,180,181,182,183,184" pointTypes=";10,11;31,32" names="516,512,345,366,367,318,325,369,346,347,370,371,348,349,372,350,373,374,376" />
                    <segment id="119113264" length="11" startTrkptIdx="16781" segmentTime="16.53" speed="26.07" turnType="" turnAngle="" types="65,66,70,198,85,129,34,127,6,72,91,174,9,73,74,75,76,77,78,175,176,177,178,179,79,80,81,82,83,84,180,181,182,183,184" pointTypes=";141,98;31,32;27,28;141,98;141,98;157,158;154,101;154,101;154,101;157,158" names="516,512,345,366,367,318,325,369,346,347,370,371,348,349,372,350,373,374,376" />
                    <segment id="119113269" length="5" startTrkptIdx="16791" segmentTime="9.21" speed="26.07" turnType="" turnAngle="" types="65,12,66,70,198,2,127,6,72,91,174,9,73,74,75,76,77,78,175,176,177,178,179,79,80,81,82,83,84,180,181,182,183,184" pointTypes=";141,98;157,158;;10,89" names="516,512,345,366,367,318,325,369,346,347,370,371,348,349,372,350,373,374,376" />
                    <segment id="119113265" length="61" startTrkptIdx="16795" segmentTime="116.91" speed="26.07" turnType="" turnAngle="" types="65,66,70,2,127,4,6,72,91,174,9,73,74,75,76,77,78,175,176,177,178,179,79,80,81,82,83,84,180,181,182,183,184" pointTypes=";10,119;10,140;10,150;10,119;10,150;10,149;10,89;10,119;10,89;;10,11;;31,32;;;;31,32;142,100;142,100;142,100;141,98;141,98;27,28;31,32;27,28;27,28;142,100;142,100;141,98;141,98;142,100;141,98;27,28;27,28;27,28;;;31,32;157,158;141,98;141,98;142,100;31,32;;10,11;10,119;10,150;10,89;10,11;;31,32;27,28;;31,32;27,28;31,32;;31,32;10,11;10,119" names="516,512,345,366,367,318,325,369,346,347,370,371,348,349,372,350,373,374,376" />
                    <segment id="117527069" length="7" startTrkptIdx="16855" segmentTime="2.49" speed="26.07" turnType="" turnAngle="" types="65,131,66,70,2,127,4,161,72,91,174,61,73,74,75,76,77,78,175,176,177,178,179,79,80,81,82,83,84,180,181,182,183,184" pointTypes="" names="516,512,345,366,367,318,325,369,346,347,370,371,348,349,372,350,373,374,376" />
                    <segment id="298982601" length="45" startTrkptIdx="16861" segmentTime="76.82" speed="20.98" turnType="" turnAngle="" types="65,66,70,2,127,4,161,72,91,174,61,73,74,75,76,77,78,175,176,177,178,179,79,80,81,82,83,84,180,181,182,183,184" pointTypes="141,98;157,158;141,98;141,98;141,98;27,28;;;10,11;;31,32;31,32;27,28;27,28;27,28;31,32;27,28;27,28;142,100;27,28;31,32;27,28;31,32;;31,32;31,32;142,100;142,100;31,32;31,32;31,32;142,100;27,28;27,28;27,28;31,32;10,11;10,11;31,32;27,28;27,28;142,100;141,98;103,104,142,100;" names="516,512,345,366,367,318,325,369,346,347,370,371,348,349,372,350,373,374,376" />
                    <segment id="220966748" length="49" startTrkptIdx="16905" segmentTime="33.30" speed="26.07" turnType="" turnAngle="" types="107,70,2,127,4,161,72,91,174,61,73,74,75,76,77,78,175,176,177,178,179,79,80,81,82,83,84,180,181,182,183,184" pointTypes="27,28;;;141,98;154,101;154,101;141,98;142,100;31,32;10,11;10,119;10,150;10,89;;27,28;142,100;141,98;157,158;142,100;142,100;27,28;27,28;27,28;27,28;31,32;31,32;;;;31,32;142,100;142,100;142,100;141,98;142,100;;;31,32;142,100;157,158;154,101;147,148;152,153;145,146;199,200;201,202;201,202;203,204;" names="516,512,345,366,367,318,325,369,346,347,370,371,348,349,372,350,373,374,376" />
                    <segment id="220966747" length="12" startTrkptIdx="16953" segmentTime="7.28" speed="26.07" turnType="" turnAngle="" types="107,70,198,85,129,34,127,4,161,72,91,174,61,73,74,75,76,77,78,175,176,177,178,179,79,80,81,82,83,84,180,181,182,183,184" pointTypes="205,206;147,148;27,28;157,158;;10,149;10,140;10,150;;142,100;157,158;" names="516,512,345,366,367,318,325,369,346,347,370,371,348,349,372,350,373,374,376" />
                    <segment id="884561621" length="4" startTrkptIdx="16964" segmentTime="3.68" speed="26.07" turnType="" turnAngle="" types="107,70,2,127,4,161,72,91,174,61,73,74,75,76,77,78,175,176,177,178,179,79,80,81,82,83,84,180,181,182,183,184" pointTypes="142,100;31,32;10,89;" names="516,512,345,366,367,318,325,369,346,347,370,371,348,349,372,350,373,374,376" />
                    <segment id="119112858" length="19" startTrkptIdx="16967" segmentTime="23.06" speed="9.72" turnType="" turnAngle="" types="107,70,2,127,207,4,161,72,91,174,61,73,74,75,76,77,78,175,176,177,178,179,79,80,81,82,83,84,180,181,182,183,184" pointTypes="10,119;10,11;141,98;162,163;201,202;199,200;201,202;201,202;201,202;201,202;205,206;162,163;154,101;27,28;10,150;10,149;10,149;10,149;" names="516,512,345,366,367,318,325,369,346,347,370,371,348,349,372,350,373,374,376" />
                    <segment id="884561620" length="6" startTrkptIdx="16985" segmentTime="2.83" speed="26.07" turnType="" turnAngle="" types="107,70,2,127,4,161,72,91,174,61,73,74,75,76,77,78,175,176,177,178,179,79,80,81,82,83,84,180,181,182,183,184" pointTypes="10,89;10,89;31,32;141,98;154,101;" names="516,512,345,366,367,318,325,369,346,347,370,371,348,349,372,350,373,374,376" />
                    <segment id="119112857" length="16" startTrkptIdx="16990" segmentTime="9.42" speed="26.07" turnType="" turnAngle="" types="107,70,198,85,129,34,127,4,161,72,91,174,61,73,74,75,76,77,78,175,176,177,178,179,79,80,81,82,83,84,180,181,182,183,184" pointTypes="162,163;147,148;141,98;;10,119;10,150;10,140;10,89;10,11;;31,32;10,89;10,89;10,89;27,28;" names="516,512,345,366,367,318,325,369,346,347,370,371,348,349,372,350,373,374,376" />
                    <segment id="117527037" length="95" startTrkptIdx="17005" segmentTime="56.31" speed="26.07" turnType="" turnAngle="" types="107,70,198,2,127,4,161,72,91,174,61,73,74,75,76,77,78,175,176,177,178,179,79,80,81,82,83,84,180,181,182,183,184" pointTypes="147,148;152,153;205,206;152,153;203,204;201,202;201,202;201,202;162,163;31,32;10,143;10,151;10,149;10,150;31,32;142,100;162,163;152,153;145,146;199,200;201,202;201,202;201,202;201,202;147,148;31,32;27,28;10,89;10,89;;10,143;10,149;10,119;31,32;31,32;;142,100;154,101;157,158;154,101;154,101;154,101;142,100;10,11;31,32;141,98;147,148;199,200;199,200;199,200;152,153;154,101;;10,156;10,149;10,159;10,144;10,144;10,144;10,159;10,156;142,100;157,158;147,148;141,98;152,153;145,146;201,202;201,202;201,202;205,206;142,100;10,140;10,149;10,149;10,197;10,208;10,140;10,89;10,11;10,149;10,197;10,11;31,32;154,101;145,146;201,202;201,202;201,202;201,202;145,146;203,204;203,204;201,202;" names="516,512,345,366,367,318,325,369,346,347,370,371,348,349,372,350,373,374,376" />
                    <segment id="119112856" length="25" startTrkptIdx="17099" segmentTime="11.60" speed="26.07" turnType="" turnAngle="" types="107,70,198,85,129,34,127,4,161,72,91,174,61,73,74,75,76,77,78,175,176,177,178,179,79,80,81,82,83,84,180,181,182,183,184" pointTypes="199,200;203,204;205,206;162,163;141,98;10,89;10,119;10,149;10,140;10,89;10,140;10,143;10,149;10,89;27,28;152,153;203,204;199,200;201,202;199,200;205,206;141,98;142,100;31,32;" names="516,512,345,366,367,318,325,369,346,347,370,371,348,349,372,350,373,374,376" />
                    <segment id="117527070" length="94" startTrkptIdx="17123" segmentTime="50.43" speed="26.07" turnType="" turnAngle="" types="107,70,198,2,170,127,4,6,72,91,174,9,73,74,75,76,77,78,175,176,177,178,179,79,80,81,82,83,84,180,181,182,183,184" pointTypes="27,28;27,28;27,28;27,28;10,11;10,89;10,140;10,197;10,209;10,143;10,149;10,150;157,158;162,163;154,101;142,100;10,140;10,150;10,150;10,119;10,150;10,11;154,101;145,146;145,146;205,206;147,148;152,153;145,146;205,206;152,153;157,158;142,100;27,28;141,98;141,98;154,101;147,148;145,146;147,148;147,148;147,148;147,148;147,148;147,148;147,148;152,153;147,148;157,158;141,98;;10,140;10,197;10,208;10,143;10,140;10,89;;;141,98;162,163;205,206;152,153;147,148;142,100;27,28;27,28;142,100;141,98;154,101;147,148;147,148;154,101;154,101;154,101;154,101;157,158;154,101;157,158;162,163;162,163;147,148;154,101;157,158;;;10,140;10,143;10,209;10,144;10,144;10,144;10,159;" names="516,512,345,366,367,318,325,369,346,347,370,371,348,349,372,350,373,374,376" />
                    <segment id="884561618" length="8" startTrkptIdx="17216" segmentTime="3.91" speed="9.72" turnType="" turnAngle="" types="107,70,198,2,170,127,207,4,6,72,91,174,9,73,74,75,76,77,78,175,176,177,178,179,79,80,81,82,83,84,180,181,182,183,184" pointTypes="10,208;10,143;10,156;10,140;10,119;10,11;;27,28" names="516,512,345,366,367,318,325,369,346,347,370,371,348,349,372,350,373,374,376" />
                    <segment id="884561618" length="7" startTrkptIdx="17223" segmentTime="2.63" speed="9.72" turnType="" turnAngle="" types="107,70,198,2,170,127,207,4,6,72,91,174,9,73,74,75,76,77,78,175,176,177,178,179,79,80,81,82,83,84,180,181,182,183,184" pointTypes="27,28;27,28;142,100;142,100;141,98;157,158;" names="516,512,345,366,367,318,325,369,346,347,370,371,348,349,372,350,373,374,376" />
                    <segment id="884561619" length="9" startTrkptIdx="17229" segmentTime="3.81" speed="9.72" turnType="" turnAngle="" types="107,70,195,2,170,127,207,4,6,72,91,174,9,73,74,75,76,77,78,175,176,177,178,179,79,80,81,82,83,84,180,181,182,183,184" pointTypes="157,158;154,101;154,101;147,148;152,153;152,153;205,206;145,146;" names="516,512,345,366,367,318,325,369,346,347,370,371,348,349,372,350,373,374,376" />
                    <segment id="1423817071" length="11" startTrkptIdx="17237" segmentTime="3.75" speed="26.07" turnType="" turnAngle="" types="107,70,195,2,170,127,4,6,72,91,174,9,73,74,75,76,77,78,175,176,177,178,179,79,80,81,82,83,84,180,181,182,183,184" pointTypes="145,146;152,153;152,153;147,148;147,148;134,157,158;157,158;141,98;157,158;154,101;" names="516,512,345,366,367,318,325,369,346,347,370,371,348,349,372,350,373,374,376" />
                    <segment id="1423817072" length="8" startTrkptIdx="17247" segmentTime="3.94" speed="9.72" turnType="" turnAngle="" types="107,70,195,2,170,127,207,4,6,72,91,174,9,73,74,75,76,77,78,175,176,177,178,179,79,80,81,82,83,84,180,181,182,183,184" pointTypes="154,101;142,100;;10,149;10,159;10,144;10,144;" names="516,512,345,366,367,318,325,369,346,347,370,371,348,349,372,350,373,374,376" />
                    <segment id="298982603" length="47" startTrkptIdx="17254" segmentTime="27.26" speed="26.07" turnType="" turnAngle="" types="107,70,195,2,170,127,4,6,72,91,174,9,73,74,75,76,77,78,175,176,177,178,179,79,80,81,82,83,84,180,181,182,183,184" pointTypes="10,144;10,209;10,140;31,32;141,98;147,148;31,32;10,140;10,197;10,209;10,143;10,89;142,100;201,202;201,202;147,148;142,100;10,11;10,119;10,156;10,208;10,144;10,144;10,144;10,144;10,151;10,119;157,158;203,204;201,202;152,153;157,158;10,140;10,209;10,156;10,149;10,144;10,144;10,159;10,140;;141,98;147,148;205,206;152,153;201,202;" names="516,512,345,366,367,318,325,369,346,347,370,371,348,349,372,350,373,374,376" />
                    <segment id="298982604" length="23" startTrkptIdx="17300" segmentTime="8.97" speed="26.07" turnType="" turnAngle="" types="107,70,195,85,33,186,170,127,4,161,72,91,174,61,73,74,75,76,77,78,175,176,177,178,179,79,80,81,82,83,84,180,181,182,183,184" pointTypes="201,202;199,200;154,101;27,28;10,89;10,149;10,151;10,197;10,159;10,144;10,144;10,144;10,209;10,149;10,119;31,32;142,100;154,101;154,101;154,101;;10,151;" names="516,512,345,366,367,318,325,369,346,347,370,371,348,349,372,350,373,374,376" />
                    <segment id="298982602" length="84" startTrkptIdx="17322" segmentTime="43.35" speed="26.07" turnType="" turnAngle="" types="107,70,195,2,33,34,170,127,4,161,72,91,174,61,73,74,75,76,77,78,175,176,177,178,179,79,80,81,82,83,84,180,181,182,183,184" pointTypes="10,159;10,209;10,208;10,197;10,89;;145,146;199,200;162,163;10,119;10,197;10,144;10,144;10,144;10,144;10,144;10,144;10,143;31,32;27,28;142,100;142,100;157,158;162,163;203,204;201,202;201,202;199,200;162,163;157,158;;10,11;;;10,150;10,197;10,144;10,144;10,144;10,144;10,144;10,197;10,89;154,101;203,204;145,146;145,146;157,158;10,89;10,156;10,209;10,208;10,144;10,144;10,144;10,144;10,144;10,197;10,143;10,11;31,32;31,32;27,28;142,100;;10,119;10,149;10,208;10,208;10,197;10,197;10,151;10,140;10,149;10,119;10,89;;147,148;152,153;203,204;205,206;152,153;154,101;" names="516,512,345,366,367,318,325,369,346,347,370,371,348,349,372,350,373,374,376" />
                    <segment id="884561617" length="9" startTrkptIdx="17405" segmentTime="7.92" speed="9.72" turnType="" turnAngle="" types="107,70,195,2,33,34,127,207,4,161,72,91,174,61,73,74,75,76,77,78,175,176,177,178,179,79,80,81,82,83,84,180,181,182,183,184" pointTypes="154,101;142,100;31,32;31,32;10,119;10,140;10,149;10,151;" names="516,512,345,366,367,318,325,369,346,347,370,371,348,349,372,350,373,374,376" />
                    <segment id="884561616" length="65" startTrkptIdx="17413" segmentTime="38.43" speed="26.07" turnType="" turnAngle="" types="107,70,195,2,33,34,127,4,161,72,91,174,61,73,74,75,76,77,78,175,176,177,178,179,79,80,81,82,83,84,180,181,182,183,184" pointTypes="10,144;10,144;10,197;10,209;10,159;10,144;10,144;10,144;10,144;10,197;31,32;157,158;27,28;31,32;162,163;145,146;205,206;142,100;10,150;10,209;10,144;10,144;10,144;10,149;10,119;10,11;10,140;10,151;10,197;10,156;10,143;10,197;10,144;10,159;10,159;10,197;10,208;10,156;;;10,89;10,89;27,28;162,163;201,202;145,146;205,206;145,146;199,200;145,146;27,28;10,150;10,209;10,144;10,144;10,144;10,144;10,208;;147,148;205,206;157,158;157,158;147,148;" names="516,512,345,366,367,318,325,369,346,347,370,371,348,349,372,350,373,374,376" />
                    <segment id="884561613" length="8" startTrkptIdx="17477" segmentTime="11.77" speed="6.94" turnType="" turnAngle="" types="107,70,195,2,33,34,127,210,4,161,72,91,174,61,73,74,75,76,77,78,175,176,177,178,179,79,80,81,82,83,84,180,181,182,183,184" pointTypes="205,206;205,206;162,163;141,98;27,28;10,156;10,209;" names="516,512,345,366,367,318,325,369,346,347,370,371,348,349,372,350,373,374,376" />
                    <segment id="884561612" length="86" startTrkptIdx="17484" segmentTime="51.38" speed="26.07" turnType="" turnAngle="" types="107,70,195,2,33,34,127,4,161,72,91,174,61,73,74,75,76,77,78,175,176,177,178,179,79,80,81,82,83,84,180,181,182,183,184" pointTypes="10,144;10,144;10,208;10,156;10,209;10,208;10,150;;162,163;203,204;145,146;162,163;10,89;10,156;10,197;10,144;10,144;10,144;10,144;10,156;10,11;;10,143;10,144;10,144;10,208;10,149;10,119;31,32;10,89;31,32;205,206;201,202;201,202;201,202;201,202;201,202;201,202;145,146;154,101;;10,140;10,143;10,144;10,208;10,156;10,209;10,144;10,144;10,144;10,144;10,149;154,101;145,146;201,202;152,153;147,148;203,204;201,202;201,202;201,202;201,202;201,202;154,101;10,119;10,197;10,144;10,144;10,144;10,144;10,151;10,11;141,98;152,153;147,148;157,158;142,100;10,140;10,144;10,144;10,143;10,150;10,89;10,149;10,151;" names="516,512,345,366,367,318,325,369,346,347,370,371,348,349,372,350,373,374,376" />
                    <segment id="298983134" length="8" startTrkptIdx="17569" segmentTime="5.14" speed="26.07" turnType="" turnAngle="" types="107,70,195,85,33,186,127,4,161,72,91,174,61,73,74,75,76,77,78,175,176,177,178,179,79,80,81,82,83,84,180,181,182,183,184" pointTypes="10,143;10,149;10,140;10,89;10,11;10,119;10,156;" names="516,512,345,366,367,318,325,369,346,347,370,371,348,349,372,350,373,374,376" />
                    <segment id="882651596" length="34" startTrkptIdx="17576" segmentTime="19.03" speed="26.07" turnType="" turnAngle="" types="107,70,195,2,127,4,161,72,91,174,61,73,74,75,76,77,78,175,176,177,178,179,79,80,81,82,83,84,180,181,182,183,184" pointTypes="10,156;10,209;10,151;10,143;10,151;10,149;10,89;27,28;31,32;10,11;10,149;10,197;10,209;10,144;10,144;10,159;10,197;10,140;10,11;;10,89;10,140;10,119;;;31,32;31,32;10,119;10,89;;157,158;154,101;154,101;" names="516,512,345,366,367,318,325,369,346,347,370,371,348,349,372,350,373,374,376" />
                    <segment id="882651597" length="12" startTrkptIdx="17609" segmentTime="17.29" speed="6.94" turnType="" turnAngle="" types="107,70,195,2,127,210,4,161,72,91,174,61,73,74,75,76,77,78,175,176,177,178,179,79,80,81,82,83,84,180,181,182,183,184" pointTypes="154,101;157,158;142,100;10,89;10,119;10,150;10,150;10,150;10,150;10,119;10,11;" names="516,512,345,366,367,318,325,369,346,347,370,371,348,349,372,350,373,374,376" />
                    <segment id="298983133" length="39" startTrkptIdx="17620" segmentTime="22.63" speed="26.07" turnType="" turnAngle="" types="107,70,195,2,127,4,161,72,91,174,61,73,74,75,76,77,78,175,176,177,178,179,79,80,81,82,83,84,180,181,182,183,184" pointTypes="31,32;27,28;10,119;10,149;10,197;10,143;10,156;10,140;10,119;10,89;10,119;10,150;10,150;10,89;;;31,32;10,89;10,149;10,143;10,143;10,143;10,151;10,208;10,159;10,144;10,144;10,208;10,149;10,150;10,149;10,156;10,156;10,149;10,119;;141,98;162,163;" names="516,512,345,366,367,318,325,369,346,347,370,371,348,349,372,350,373,374,376" />
                    <segment id="884561615" length="9" startTrkptIdx="17658" segmentTime="9.36" speed="9.72" turnType="" turnAngle="" types="107,70,195,2,127,207,4,161,72,91,174,61,73,74,75,76,77,78,175,176,177,178,179,79,80,81,82,83,84,180,181,182,183,184" pointTypes="205,206;145,146;145,146;162,163;157,158;10,119;10,150;10,149;" names="516,512,345,366,367,318,325,369,346,347,370,371,348,349,372,350,373,374,376" />
                    <segment id="884561614" length="19" startTrkptIdx="17666" segmentTime="18.48" speed="26.07" turnType="" turnAngle="" types="107,70,195,2,127,4,161,72,91,174,61,73,74,75,76,77,78,175,176,177,178,179,79,80,81,82,83,84,180,181,182,183,184" pointTypes="10,149;10,150;10,150;10,119;10,89;10,89;10,119;10,11;;31,32;10,11;10,89;10,140;10,119;;;31,32;31,32;" names="516,512,345,366,367,318,325,369,346,347,370,371,348,349,372,350,373,374,376" />
                    <segment id="298983136" length="20" startTrkptIdx="17684" segmentTime="18.32" speed="26.07" turnType="" turnAngle="" types="107,70,195,85,33,186,127,4,161,72,91,174,61,73,74,75,76,77,78,175,176,177,178,179,79,80,81,82,83,84,180,181,182,183,184" pointTypes="10,11;10,89;10,156;10,156;10,149;10,119;10,11;10,11;10,11;;;31,32;;31,32;10,11;10,11;10,119;10,119;10,89;" names="516,512,345,366,367,318,325,369,346,347,370,371,348,349,372,350,373,374,376" />
                    <segment id="117599749" length="2" startTrkptIdx="17703" segmentTime="1.36" speed="26.07" turnType="" turnAngle="" types="107,70,195,2,127,4,161,72,91,174,61,73,74,75,76,77,78,175,176,177,178,179,79,80,81,82,83,84,180,181,182,183,184" pointTypes="10,11;" names="516,512,345,366,367,318,325,369,346,347,370,371,348,349,372,350,373,374,376" />
                    <segment id="298983132" length="7" startTrkptIdx="17704" segmentTime="5.88" speed="12.50" turnType="" turnAngle="" types="107,70,68,127,211,62,161,72,135,61,73,74,75,136,137,92,93,94,79,80,81,138,139,95,96,97" pointTypes=";141,98;142,100;157,158;147,148;152,153;162,163" names="516,512,345,352,318,354,346,361,356,348,349,357,362,360" />
                    <segment id="117527045" length="2" startTrkptIdx="17710" segmentTime="1.37" speed="26.07" turnType="" turnAngle="" types="131,107,70,68,127,62,161,72,135,61,73,74,75,136,137,92,93,94,79,80,81,138,139,95,96,97" pointTypes="" names="516,512,345,352,318,354,346,361,356,348,349,357,362,360" />
                    <segment id="117527061" length="6" startTrkptIdx="17711" segmentTime="4.25" speed="26.07" turnType="" turnAngle="" types="107,70,68,127,62,161,72,135,61,73,74,75,136,137,92,93,94,79,80,81,138,139,95,96,97" pointTypes=";27,28;10,11;10,89;10,119;10,119" names="516,512,345,352,318,354,346,361,356,348,349,357,362,360" />
                    <segment id="117527063" length="22" startTrkptIdx="17716" segmentTime="23.00" speed="26.07" turnType="" turnAngle="" types="70,2,127,161,72,91,174,61,73,74,75,76,77,78,175,176,177,178,179,79,80,81,82,83,84,180,181,182,183,184" pointTypes=";10,119;10,119;10,89;10,89;10,11;;31,32;;142,100;142,100;142,100;141,98;31,32;27,28;142,100;31,32;142,100;141,98;142,100;142,100;27,28" names="516,512,345,366,367,318,325,369,346,347,370,371,348,349,372,350,373,374,376" />
                    <segment id="117527050" length="2" startTrkptIdx="17737" segmentTime="1.72" speed="26.07" turnType="" turnAngle="" types="131,70,2,127,161,72,91,174,61,73,74,75,76,77,78,175,176,177,178,179,79,80,81,82,83,84,180,181,182,183,184" pointTypes="" names="516,512,345,366,367,318,325,369,346,347,370,371,348,349,372,350,373,374,376" />
                    <segment id="298983135" length="23" startTrkptIdx="17738" segmentTime="43.86" speed="26.07" turnType="" turnAngle="" types="70,2,127,161,72,91,174,61,73,74,75,76,77,78,175,176,177,178,179,79,80,81,82,83,84,180,181,182,183,184" pointTypes="157,158;141,98;142,100;142,100;142,100;31,32;31,32;142,100;27,28;27,28;141,98;142,100;10,119;10,119;10,150;10,119;10,89;10,11;10,11;;10,119;10,119;" names="516,512,345,366,367,318,325,369,346,347,370,371,348,349,372,350,373,374,376" />
                    <segment id="117527056" length="2" startTrkptIdx="17760" segmentTime="1.00" speed="26.07" turnType="" turnAngle="" types="131,70,2,127,161,72,91,174,61,73,74,75,76,77,78,175,176,177,178,179,79,80,81,82,83,84,180,181,182,183,184" pointTypes="" names="516,512,345,366,367,318,325,369,346,347,370,371,348,349,372,350,373,374,376" />
                    <segment id="298983130" length="27" startTrkptIdx="17761" segmentTime="22.98" speed="26.07" turnType="" turnAngle="" types="212,70,2,127,161,72,91,174,61,73,74,75,76,77,78,175,176,177,178,179,79,80,81,82,83,84,180,181,182,183,184" pointTypes="27,28;27,28;142,100;27,28;10,11;31,32;31,32;;10,11;10,11;10,119;10,119;10,119;10,150;10,89;10,11;10,89;10,150;10,119;10,119;10,89;10,89;10,150;10,119;;" names="516,512,345,366,367,318,325,369,346,347,370,371,348,349,372,350,373,374,376" />
                    <segment id="48036655" length="12" startTrkptIdx="17787" segmentTime="10.11" speed="18.85" turnType="" turnAngle="" types="212,70,2,102,161,72,91,174,61,73,74,75,76,77,78,175,176,177,178,179,79,80,81,82,83,84,180,181,182,183,184" pointTypes=";;31,32;;;31,32;31,32;27,28;27,28;27,28;142,100;142,100" names="517,512,345,366,367,318,325,369,346,347,370,371,348,349,372,350,373,374,376" />
                    <segment id="48036655" length="4" startTrkptIdx="17798" segmentTime="6.44" speed="18.85" turnType="" turnAngle="" types="212,70,2,102,161,72,91,174,61,73,74,75,76,77,78,175,176,177,178,179,79,80,81,82,83,84,180,181,182,183,184" pointTypes="142,100;31,32;10,11" names="517,512,345,366,367,318,325,369,346,347,370,371,348,349,372,350,373,374,376" />
                    <segment id="47289407" length="5" startTrkptIdx="17801" segmentTime="4.86" speed="13.89" turnType="" turnAngle="" types="65,66,70,2,23,161,214,72,91,174,215,61,73,74,75,76,77,78,175,176,177,178,179,79,80,81,82,83,84,180,181,182,183,184" pointTypes=";;31,32;" names="518,512,345,366,367,318,325,369,346,347,370,371,379,380,381,382,383,384,385,386,387,388,389,390,391,392,348,349,372,350,373,374,376" />
                    <segment id="225745192" length="2" startTrkptIdx="17805" segmentTime="10.28" speed="13.89" turnType="" turnAngle="" types="65,66,70,2,23,161,214,72,91,174,215,61,73,74,75,76,77,78,175,176,177,178,179,79,80,81,82,83,84,180,181,182,183,184" pointTypes=";" names="518,512,345,366,367,318,325,369,346,347,370,371,379,380,381,382,383,384,385,386,387,388,389,390,391,392,348,349,372,350,373,374,376" />
                    <segment id="1169535279" length="2" startTrkptIdx="17806" segmentTime="2.43" speed="11.11" turnType="" turnAngle="" types="65,66,70,2,254,161,214,72,91,174,215,61,73,74,75,76,77,78,175,176,177,178,179,79,80,81,82,83,84,180,181,182,183,184" pointTypes=";" names="518,512,345,366,367,318,325,369,346,347,370,371,379,380,381,382,383,384,385,386,387,388,389,390,391,392,348,349,372,350,373,374,376" />
                    <segment id="678242976" length="2" startTrkptIdx="17807" segmentTime="3.56" speed="11.11" turnType="" turnAngle="" types="65,66,70,2,254,161,72,91,174,61,73,74,75,76,77,78,175,176,177,178,179,79,80,81,82,83,84,180,181,182,183,184" pointTypes=";" names="518,512,345,366,367,318,325,369,346,347,370,371,348,349,372,350,373,374,376" />
                    <segment id="661052874" length="2" startTrkptIdx="17808" segmentTime="1.74" speed="11.11" turnType="" turnAngle="" types="65,66,70,85,33,186,254,161,255,72,91,174,61,73,74,75,76,77,78,175,176,177,178,179,79,80,81,82,83,84,180,181,182,183,184" pointTypes=";" names="518,512,345,366,367,318,325,369,346,347,370,371,348,349,372,350,373,374,376,430,431" />
                    <segment id="984802423" length="2" startTrkptIdx="17809" segmentTime="1.30" speed="11.11" turnType="" turnAngle="" types="65,66,70,85,33,186,254,161,255,72,91,174,61,73,74,75,76,77,78,175,176,177,178,179,79,80,81,82,83,84,180,181,182,183,184" pointTypes="" names="518,512,345,366,367,318,325,369,346,347,370,371,348,349,372,350,373,374,376,519,431" />
                    <segment id="984802425" length="8" startTrkptIdx="17810" segmentTime="2.30" speed="13.89" turnType="TR" turnAngle="90.27" types="250,68,23,62,6,72,135,9,73,74,75,136,137,92,93,94,79,80,81,138,139,95,96,97" pointTypes=";27,28;27,28;;;;;31,32" names="520,521,522,417,352,318,354,419,361,428,422,423,357,362,429,523" />
                    <segment id="984802424" length="8" startTrkptIdx="17817" segmentTime="71.42" speed="8.05" turnType="" turnAngle="" types="250,2,23,6,72,91,174,9,73,74,75,76,77,78,175,176,177,178,179,79,80,81,82,83,84,180,181,182,183,184" pointTypes=";251,252,253,220,31,32;31,32;;;31,32;39,35,40,16;31,32" names="521,522,417,418,367,318,325,369,419,420,370,421,422,423,424,425,373,374,426" />
                    <segment id="114493812" length="5" startTrkptIdx="17824" segmentTime="28.82" speed="13.41" turnType="" turnAngle="" types="250,2,23,6,72,91,174,9,73,74,75,76,77,78,175,176,177,178,179,79,80,81,82,83,84,180,181,182,183,184" pointTypes=";;64,14,16;31,32;27,28" names="521,522,417,418,367,318,325,369,419,420,370,421,422,423,424,425,373,374,426" />
                    <segment id="48036656" length="8" startTrkptIdx="17828" segmentTime="83.19" speed="26.07" turnType="" turnAngle="" types="250,2,127,6,72,91,174,9,73,74,75,76,77,78,175,176,177,178,179,79,80,81,82,83,84,180,181,182,183,184" pointTypes=";31,32;;;;10,11;10,89;" names="524,522,417,418,367,318,325,369,419,420,370,421,422,423,424,425,373,374,426" />
                    <segment id="48036656" length="6" startTrkptIdx="17835" segmentTime="6.43" speed="26.07" turnType="C" turnAngle="4.02" types="250,2,127,6,72,91,174,9,73,74,75,76,77,78,175,176,177,178,179,79,80,81,82,83,84,180,181,182,183,184" pointTypes=";;;;;31,32" names="524,522,417,418,367,318,325,369,419,420,370,421,422,423,424,425,373,374,426" />
                    <segment id="731711992" length="2" startTrkptIdx="17840" segmentTime="0.11" speed="26.07" turnType="" turnAngle="" types="250,2,127,6,72,91,174,7,221,9,73,74,75,76,77,78,175,176,177,178,179,79,80,81,82,83,84,180,181,182,183,184" pointTypes="" names="524,522,417,418,367,318,325,369,419,420,370,421,298,393,394,395,303,396,305,397,398,422,423,424,425,373,374,426" />
                    <segment id="591536881" length="11" startTrkptIdx="17841" segmentTime="37.00" speed="26.07" turnType="" turnAngle="" types="250,2,127,6,72,91,174,7,221,9,73,74,75,76,77,78,175,176,177,178,179,79,80,81,82,83,84,180,181,182,183,184" pointTypes=";;27,28;31,32;27,28;31,32;;;;" names="524,522,417,418,367,318,325,369,419,420,370,421,298,393,394,395,303,396,305,397,398,422,423,424,425,373,374,426" />
                    <segment id="1077849798" length="7" startTrkptIdx="17851" segmentTime="4.53" speed="12.50" turnType="" turnAngle="" types="250,2,127,211,6,72,91,174,7,221,9,73,74,75,76,77,78,175,176,177,178,179,79,80,81,82,83,84,180,181,182,183,184" pointTypes="" names="524,522,417,418,367,318,325,369,419,420,370,421,298,393,394,395,303,396,305,397,398,422,423,424,425,373,374,426" />
                    <segment id="114493814" length="2" startTrkptIdx="17857" segmentTime="2.87" speed="26.07" turnType="" turnAngle="" types="131,250,2,127,6,72,91,174,7,221,9,73,74,75,76,77,78,175,176,177,178,179,79,80,81,82,83,84,180,181,182,183,184" pointTypes="" names="524,522,417,418,367,318,325,369,419,420,370,421,298,393,394,395,303,396,305,397,398,422,423,424,425,373,374,426,427" />
                    <segment id="1077849799" length="7" startTrkptIdx="17858" segmentTime="4.35" speed="12.50" turnType="" turnAngle="" types="250,2,127,211,6,72,91,174,7,221,9,73,74,75,76,77,78,175,176,177,178,179,79,80,81,82,83,84,180,181,182,183,184" pointTypes="" names="524,522,417,418,367,318,325,369,419,420,370,421,298,393,394,395,303,396,305,397,398,422,423,424,425,373,374,426" />
                    <segment id="114493810" length="2" startTrkptIdx="17864" segmentTime="38.00" speed="26.07" turnType="" turnAngle="" types="250,2,127,6,72,91,174,7,221,9,73,74,75,76,77,78,175,176,177,178,179,79,80,81,82,83,84,180,181,182,183,184" pointTypes=";" names="524,522,417,418,367,318,325,369,419,420,370,421,298,393,394,395,303,396,305,397,398,422,423,424,425,373,374,426" />
                    <segment id="1076712205" length="15" startTrkptIdx="17865" segmentTime="59.24" speed="26.07" turnType="TR" turnAngle="63.74" types="223,2,127,6,9" pointTypes="18,216;;;;;;;;;;;;;" names="525" />
                    <segment id="1076712206" length="2" startTrkptIdx="17879" segmentTime="0.35" speed="26.07" turnType="" turnAngle="" types="131,223,2,127,240,161,61" pointTypes="" names="525" />
                    <segment id="165271936" length="38" startTrkptIdx="17880" segmentTime="124.99" speed="26.07" turnType="" turnAngle="" types="223,2,127,6,9" pointTypes=";;;32;28;;32;28;;;;;;;;;;;;;;;;;;;;;;;;;;;;;;" names="525" />
                    <segment id="1092346295" length="2" startTrkptIdx="17917" segmentTime="0.62" speed="26.07" turnType="" turnAngle="" types="131,223,2,127,240,6,9" pointTypes="" names="525" />
                    <segment id="1092346296" length="24" startTrkptIdx="17918" segmentTime="76.85" speed="26.07" turnType="" turnAngle="" types="223,2,127,6,9" pointTypes=";;32;28;28;32;100;100;100;28;32;32;28;32;32;32;;;;;;32;32;" names="525" />
                    <segment id="1092346296" length="8" startTrkptIdx="17941" segmentTime="39.92" speed="26.07" turnType="" turnAngle="" types="223,2,127,6,9" pointTypes=";;;;;;;" names="525" />
                    <segment id="246154007" length="4" startTrkptIdx="17948" segmentTime="34.55" speed="12.50" turnType="" turnAngle="" types="223,2,6,9" pointTypes=";;;" names="525" />
                    <segment id="246154007" length="70" startTrkptIdx="17951" segmentTime="665.06" speed="12.50" turnType="C" turnAngle="0.10" types="223,2,6,9" pointTypes=";;32;;;;;;;;;;28;;32;;;;;;;;28;28;28;28;;;;;;28;32;28;;;;;;;;;;;;;;;;;;;;;;;;;;;;;;;;;;;;" names="525" />
                    <segment id="231158801" length="10" startTrkptIdx="18020" segmentTime="112.80" speed="5.56" turnType="TRU" turnAngle="174.14" types="224,225,226" pointTypes=";;;;;;;;;" names="" />
                </osmand:route>
                <osmand:types>
                    <type t="cycleway" v="no" />
                    <type t="highway" v="secondary" />
                    <type t="lanes" v="2" />
                    <type t="maxspeed" v="30" />
                    <type t="oneway" v="no" />
                    <type t="sidewalk:both" v="separate" />
                    <type t="surface" v="asphalt" />
                    <type t="route_bicycle" v="" />
                    <type t="network" v="rcn" />
                    <type t="osmand_highway_integrity_brouting" v="0" />
                    <type t="osmand_ele_incline_" v="1" />
                    <type t="osmand_ele_incline_max" v="1" />
                    <type t="cycleway:both" v="no" />
                    <type t="crossing:island" v="yes" />
                    <type t="crossing:markings" v="no" />
                    <type t="crossing:signals" v="no" />
                    <type t="highway" v="crossing" />
                    <type t="tactile_paving" v="no" />
                    <type t="direction" v="forward" />
                    <type t="highway" v="give_way" />
                    <type t="cycleway:left" v="no" />
                    <type t="junction" v="roundabout" />
                    <type t="lit" v="yes" />
                    <type t="maxspeed" v="50" />
                    <type t="sidewalk:left" v="separate" />
                    <type t="sidewalk:right" v="no" />
                    <type t="network" v="lcn" />
                    <type t="osmand_ele_decline_max" v="3" />
                    <type t="osmand_ele_decline_3" v="1" />
                    <type t="cycleway:left:lane" v="pictogram" />
                    <type t="cycleway" v="lane" />
                    <type t="osmand_ele_decline_max" v="1" />
                    <type t="osmand_ele_decline_1" v="1" />
                    <type t="lanes:backward" v="1" />
                    <type t="lanes:forward" v="1" />
                    <type t="crossing:island" v="no" />
                    <type t="cycleway:left" v="separate" />
                    <type t="cycleway" v="separate" />
                    <type t="direction" v="backward" />
                    <type t="crossing" v="uncontrolled" />
                    <type t="crossing:markings" v="zebra" />
                    <type t="kerb" v="flush" />
                    <type t="tactile_paving" v="yes" />
                    <type t="traffic_calming" v="table" />
                    <type t="bicycle" v="designated" />
                    <type t="construction" v="crossing" />
                    <type t="foot" v="designated" />
                    <type t="crossing:markings" v="yes" />
                    <type t="cycleway:right" v="separate" />
                    <type t="cycleway" v="share_busway" />
                    <type t="smoothness" v="good" />
                    <type t="osmand_highway_integrity_brouting" v="-1" />
                    <type t="cycleway" v="asl" />
                    <type t="highway" v="traffic_signals" />
                    <type t="traffic_signals:direction" v="backward" />
                    <type t="crossing" v="traffic_signals" />
                    <type t="crossing:markings" v="lines" />
                    <type t="crossing:signals" v="yes" />
                    <type t="highway" v="traffic_signals;crossing" />
                    <type t="traffic_signals:direction" v="forward" />
                    <type t="surface" v="concrete" />
                    <type t="osmand_highway_integrity_brouting" v="1" />
                    <type t="oneway" v="yes" />
                    <type t="sidewalk" v="yes" />
                    <type t="crossing" v="unmarked" />
                    <type t="bicycle" v="yes" />
                    <type t="foot" v="yes" />
                    <type t="highway" v="trunk_link" />
                    <type t="lanes" v="1" />
                    <type t="sidewalk:left:surface" v="concrete" />
                    <type t="highway" v="trunk" />
                    <type t="sidewalk:left:surface" v="asphalt" />
                    <type t="route_road_1_network" v="nz:sh" />
                    <type t="route_road_1_shield_color" v="red" />
                    <type t="route_road_1_shield_shape" v="cshield" />
                    <type t="route_road_1_shield_order" v="1" />
                    <type t="route_road_2_shield_color" v="red" />
                    <type t="route_road_2_shield_shape" v="cshield" />
                    <type t="route_road_2_shield_order" v="1" />
                    <type t="road_shield_color_1" v="red" />
                    <type t="road_shield_shape_1" v="cshield" />
                    <type t="road_shield_order_1" v="1" />
                    <type t="road_shield_color_2" v="red" />
                    <type t="road_shield_shape_2" v="cshield" />
                    <type t="road_shield_order_2" v="1" />
                    <type t="lanes" v="3" />
                    <type t="turn:lanes" v="left;through|through|right" />
                    <type t="sidewalk" v="no" />
                    <type t="turn:lanes" v="through|through|right" />
                    <type t="osmand_ele_incline_max" v="3" />
                    <type t="sidewalk:both:surface" v="asphalt" />
                    <type t="route_road_2_network" v="nz:sh" />
                    <type t="route_road_3_shield_color" v="red" />
                    <type t="route_road_3_shield_shape" v="cshield" />
                    <type t="route_road_3_shield_order" v="1" />
                    <type t="road_shield_color_3" v="red" />
                    <type t="road_shield_shape_3" v="cshield" />
                    <type t="road_shield_order_3" v="1" />
                    <type t="osmand_ele_decline_7" v="1" />
                    <type t="hazmat" v="no" />
                    <type t="osmand_ele_decline_5" v="1" />
                    <type t="osmand_ele_decline_11" v="1" />
                    <type t="maxspeed" v="70" />
                    <type t="access" v="yes" />
                    <type t="barrier" v="lift_gate" />
                    <type t="maxheight:signed" v="no" />
                    <type t="bicycle" v="no" />
                    <type t="foot" v="no" />
                    <type t="tunnel" v="yes" />
                    <type t="enforcement" v="maxspeed" />
                    <type t="highway" v="speed_camera" />
                    <type t="lanes" v="4" />
                    <type t="turn:lanes" v="left|left;through|through|through" />
                    <type t="turn:lanes" v="left|left;right|right" />
                    <type t="tunnel:name" v="Arras Tunnel" />
                    <type t="turn:lanes" v="left;through|through|through|right" />
                    <type t="sidewalk:right:surface" v="asphalt" />
                    <type t="turn:lanes" v="left;through|through|through;right" />
                    <type t="turn:lanes" v="left;through|through|through" />
                    <type t="osmand_ele_incline_max" v="5" />
                    <type t="turn:lanes" v="through|through|through" />
                    <type t="enforcement" v="traffic_signals" />
                    <type t="enforcement" v="maxspeed, traffic_signals" />
                    <type t="turn:lanes" v="slight_left;through|through|right|right" />
                    <type t="cycleway" v="opposite" />
                    <type t="kerb" v="lowered" />
                    <type t="highway" v="motorway" />
                    <type t="maxspeed" v="100" />
                    <type t="maxspeed:variable" v="yes" />
                    <type t="lanes:backward" v="2" />
                    <type t="tunnel:name" v="Terrace Tunnel" />
                    <type t="bridge" v="yes" />
                    <type t="highway" v="motorway_junction" />
                    <type t="turn:lanes" v="slight_left|slight_left|through|through" />
                    <type t="highway" v="milestone" />
                    <type t="route_road_2_network" v="nz:touring:cnzwt" />
                    <type t="route_road_2_shield_color" v="white" />
                    <type t="route_road_2_shield_shape" v="pentagon" />
                    <type t="road_shield_color_2" v="white" />
                    <type t="road_shield_shape_2" v="pentagon" />
                    <type t="osmand_ele_incline_max" v="9" />
                    <type t="osmand_ele_decline_max" v="7" />
                    <type t="osmand_ele_decline_max" v="5" />
                    <type t="osmand_ele_incline_max" v="15" />
                    <type t="osmand_ele_incline_max" v="27" />
                    <type t="osmand_ele_decline_max" v="21" />
                    <type t="osmand_ele_decline_21" v="1" />
                    <type t="osmand_ele_decline_max" v="13" />
                    <type t="osmand_ele_decline_13" v="1" />
                    <type t="osmand_ele_incline_max" v="11" />
                    <type t="osmand_ele_incline_max" v="7" />
                    <type t="osmand_ele_incline_max" v="17" />
                    <type t="osmand_ele_decline_max" v="17" />
                    <type t="osmand_ele_decline_17" v="1" />
                    <type t="osmand_ele_decline_max" v="11" />
                    <type t="bicycle" v="use_sidepath" />
                    <type t="osmand_ele_incline_max" v="13" />
                    <type t="osmand_ele_decline_max" v="9" />
                    <type t="osmand_ele_decline_9" v="1" />
                    <type t="osmand_ele_incline_max" v="25" />
                    <type t="maxspeed" v="80" />
                    <type t="surface" v="paved" />
                    <type t="osmand_ele_decline_max" v="15" />
                    <type t="osmand_ele_decline_15" v="1" />
                    <type t="maxheight" v="4.30" />
                    <type t="turn:lanes" v="left;through|through" />
                    <type t="turn:lanes" v="left||" />
                    <type t="turn:lanes" v="none|none|right" />
                    <type t="turn:lanes" v="none|none|merge_to_left" />
                    <type t="cycleway:left" v="shoulder" />
                    <type t="lit" v="no" />
                    <type t="turn:lanes" v="slight_left;through|through" />
                    <type t="turn:lanes" v="through|slight_right" />
                    <type t="turn:lanes" v="merge_to_right|none" />
                    <type t="route_road_3_network" v="nz:touring:cnzwt" />
                    <type t="route_road_3_shield_color" v="white" />
                    <type t="route_road_3_shield_shape" v="pentagon" />
                    <type t="route_road_4_shield_color" v="red" />
                    <type t="route_road_4_shield_shape" v="cshield" />
                    <type t="route_road_4_shield_order" v="1" />
                    <type t="road_shield_color_3" v="white" />
                    <type t="road_shield_shape_3" v="pentagon" />
                    <type t="road_shield_color_4" v="red" />
                    <type t="road_shield_shape_4" v="cshield" />
                    <type t="road_shield_order_4" v="1" />
                    <type t="maxspeed:advisory" v="75" />
                    <type t="lanes:forward" v="2" />
                    <type t="turn:lanes:backward" v="through;slight_right" />
                    <type t="turn" v="through;slight_right" />
                    <type t="turn:lanes:forward" v="left;through|through" />
                    <type t="turn:lanes" v="left|through|through|right" />
                    <type t="turn:lanes:forward" v="none|right" />
                    <type t="turn:lanes:backward" v="none|right" />
                    <type t="turn:lanes:forward" v="left|through" />
                    <type t="route" v="hiking" />
                    <type t="incline" v="up" />
                    <type t="turn:lanes:forward" v="left|none" />
                    <type t="osmand_ele_incline_max" v="19" />
                    <type t="incline" v="down" />
                    <type t="osmand_ele_decline_max" v="25" />
                    <type t="osmand_ele_decline_25" v="1" />
                    <type t="osmand_ele_decline_max" v="27" />
                    <type t="osmand_ele_decline_27" v="1" />
                    <type t="osmand_ele_decline_max" v="23" />
                    <type t="osmand_ele_decline_23" v="1" />
                    <type t="osmand_ele_decline_max" v="19" />
                    <type t="osmand_ele_decline_19" v="1" />
                    <type t="maxspeed:advisory" v="35" />
                    <type t="osmand_ele_incline_max" v="21" />
                    <type t="osmand_ele_incline_max" v="23" />
                    <type t="maxspeed:advisory" v="25" />
                    <type t="maxspeed:advisory" v="45" />
                    <type t="foot" v="permissive" />
                    <type t="highway" v="unclassified" />
                    <type t="route_hiking_1" v="" />
                    <type t="route_hiking" v="" />
                    <type t="highway" v="stop" />
                    <type t="crossing:barrier" v="no" />
                    <type t="crossing:bell" v="no" />
                    <type t="crossing:light" v="no" />
                    <type t="railway" v="level_crossing" />
                    <type t="network" v="ncn" />
                    <type t="oneway" v="alternating" />
                    <type t="highway" v="tertiary" />
                    <type t="highway" v="track" />
                    <type t="vehicle" v="yes" />
                    <type t="osmand_highway_integrity_brouting" v="3" />
                    <type t="surface" v="gravel" />
                    <type t="osmand_highway_integrity_brouting" v="4" />
                    <type t="maxaxleload" v="8.2" />
                    <type t="maxweight" v="44" />
                    <type t="maxspeed:advisory" v="55" />
                    <type t="maxspeed:forward" v="70" />
                    <type t="sidewalk:left" v="yes" />
                    <type t="sidewalk:right" v="separate" />
                    <type t="highway" v="residential" />
                    <type t="surface" v="unpaved" />
                    <type t="surface" v="compacted" />
                    <type t="osmand_highway_integrity_brouting" v="2" />
                    <type t="barrier" v="cattle_grid" />
                    <type t="maxweight:signed" v="no" />
                    <type t="maxspeed:advisory:backward" v="65" />
                    <type t="maxspeed:advisory" v="65" />
                    <type t="hazard" v="washout" />
                    <type t="hazard" v="" />
                    <type t="highway" v="turning_circle" />
                    <type t="surface" v="chipseal" />
                    <type t="traffic_calming" v="bump" />
                    <type t="bridge:structure" v="beam" />
                    <type t="ford" v="yes" />
                    <type t="highway" v="primary" />
                    <type t="crossing:barrier" v="half" />
                    <type t="crossing:bell" v="yes" />
                    <type t="crossing:light" v="yes" />
                    <type t="maxspeed" v="40" />
                    <type t="turn:lanes:forward" v="|right" />
                    <type t="turn:lanes" v="left|through|through" />
                    <type t="turn:lanes" v="through|through" />
                    <type t="crossing" v="no" />
                    <type t="turn:lanes" v="merge_to_right|through" />
                    <type t="turn:lanes" v="left|none" />
                    <type t="turn:lanes" v="through|right" />
                    <type t="turn:lanes" v="through" />
                    <type t="turn:lanes" v="none|merge_to_left" />
                    <type t="turn:lanes" v="left|none|none" />
                    <type t="turn:lanes" v="through|through|through;right" />
                    <type t="turn:lanes" v="through|through|through|right" />
                    <type t="highway" v="emergency_bay" />
                    <type t="cycleway:right" v="no" />
                    <type t="turn:lanes" v="merge_to_right||" />
                    <type t="turn:lanes" v="slight_left|none|none" />
                    <type t="turn:lanes" v="left;through;right|right" />
                    <type t="turn:lanes" v="left|through;right|right" />
                    <type t="turn:lanes:backward" v="right" />
                    <type t="turn:lanes:forward" v="through;right|right" />
                    <type t="bus:lanes" v="designated|yes|yes|yes" />
                    <type t="turn:lanes" v="merge_to_right|none|none|none" />
                    <type t="turn:lanes" v="left|left|through|through" />
                    <type t="turn:lanes" v="through|through;right" />
                    <type t="incline" v="8%" />
                    <type t="turn:lanes" v="left|none|none|none" />
                    <type t="turn:lanes" v="slight_left|through|through|through" />
                    <type t="turn:lanes" v="merge_to_right|none|none" />
                    <type t="turn:lanes" v="slight_left|through|through" />
                    <type t="turn:lanes" v="through|through;slight_right|slight_right" />
                    <type t="maxspeed" v="110" />
                    <type t="incline" v="-8%" />
                    <type t="highway" v="motorway_link" />
                    <type t="turn:lanes" v="left|through;right" />
                    <type t="horse" v="designated" />
                    <type t="highway" v="secondary_link" />
                    <type t="oneway:bicycle" v="-1" />
                    <type t="construction:highway" v="secondary" />
                    <type t="maxspeed" v="60" />
                    <type t="turn:lanes" v="left|through" />
                    <type t="turn:lanes" v="slight_left|through" />
                    <type t="name" v="Akat&#257;rawa Saddle" />
                    <type t="ref" v="" />
                    <type t="route_bicycle_1" v="" />
                    <type t="route_bicycle_1_from" v="Sinclair Head / Te Rimurapa" />
                    <type t="route_bicycle_1_name" v="Great Harbour Way / Te Aranui o P&#333;neke" />
                    <type t="route_bicycle_1_network" v="rcn" />
                    <type t="route_bicycle_1_osmc_background" v="white_3" />
                    <type t="route_bicycle_1_osmc_stub_name" v="." />
                    <type t="route_bicycle_1_osmc_text" v="GHW" />
                    <type t="route_bicycle_1_osmc_textcolor" v="black" />
                    <type t="route_bicycle_1_ref" v="GHW" />
                    <type t="route_bicycle_1_relation_id" v="13385024" />
                    <type t="route_bicycle_1_to" v="Fitzroy Bay" />
                    <type t="route_bicycle_1_website" v="https://www.greatharbourway.org.nz/" />
                    <type t="route_bicycle_1_name:mi" v="Te Aranui o P&#333;neke" />
                    <type t="route_bicycle_1_cycle_network" v="NZ:Wellington" />
                    <type t="route_bicycle_1_name" v="Onepu Cycleway" />
                    <type t="route_bicycle_1_network" v="lcn" />
                    <type t="route_bicycle_1_osmc_text" v="ONE" />
                    <type t="route_bicycle_1_ref" v="ONE" />
                    <type t="route_bicycle_1_relation_id" v="20775140" />
                    <type t="road_name_1" v="State Highway 1 North" />
                    <type t="road_network_1" v="nz:sh" />
                    <type t="road_ref_1" v="1" />
                    <type t="road_ref_2" v="1" />
                    <type t="route_road_1_name" v="State Highway 1 North" />
                    <type t="route_road_1_ref" v="1" />
                    <type t="route_road_2_ref" v="1" />
                    <type t="road_name_2" v="State Highway 1 North" />
                    <type t="road_network_2" v="nz:sh" />
                    <type t="road_ref_3" v="1" />
                    <type t="route_road_2_name" v="State Highway 1 North" />
                    <type t="route_road_3_ref" v="1" />
                    <type t="direction" v="clockwise" />
                    <type t="road_name_2" v="Wellington Inner City Bypass" />
                    <type t="route_road_2_name" v="Wellington Inner City Bypass" />
                    <type t="destination" v="Porirua;Hutt Valley" />
                    <type t="road_name_2" v="Wellington Urban Motorway" />
                    <type t="route_road_2_name" v="Wellington Urban Motorway" />
                    <type t="destination:ref" v="SH 1;SH 2" />
                    <type t="road_name_3" v="Wellington Urban Motorway" />
                    <type t="route_road_3_name" v="Wellington Urban Motorway" />
                    <type t="destination:backward" v="Porirua;Hutt Valley" />
                    <type t="destination:forward" v="Airport;Seatoun" />
                    <type t="destination:ref:backward" v="SH 1;SH 2" />
                    <type t="destination:ref:forward" v="SH 1" />
                    <type t="destination:lanes" v="Porirua;Palmerston North|Porirua;Palmerston North|Hutt Valley;Masterton|Hutt Valley;Masterton" />
                    <type t="destination:ref:lanes" v="SH 1|SH 1|SH 2|SH 2" />
                    <type t="destination" v="Hutt Valley;Masterton" />
                    <type t="road_name_1" v="State Highway 2" />
                    <type t="road_ref_1" v="2" />
                    <type t="road_ref_2" v="2" />
                    <type t="route_road_1_name" v="State Highway 2" />
                    <type t="route_road_1_ref" v="2" />
                    <type t="route_road_2_ref" v="2" />
                    <type t="destination:ref" v="SH 2" />
                    <type t="road_name_2" v="Classic New Zealand Wine Trail" />
                    <type t="road_name_3" v="Hutt Expressway" />
                    <type t="road_network_2" v="nz:touring:cnzwt" />
                    <type t="road_ref_2" v="&#127815;" />
                    <type t="road_ref_3" v="2" />
                    <type t="route_road_2_name" v="Classic New Zealand Wine Trail" />
                    <type t="route_road_2_ref" v="&#127815;" />
                    <type t="route_road_3_name" v="Hutt Expressway" />
                    <type t="route_road_3_ref" v="2" />
                    <type t="road_ref_2" v="&#62279;" />
                    <type t="route_road_2_ref" v="&#62279;" />
                    <type t="destination" v="Melling" />
                    <type t="destination" v="Upper Hutt;Masterton" />
                    <type t="destination:lanes" v="Upper Hutt;Masterton|Silverstream;Stokes Valley" />
                    <type t="road_name_2" v="State Highway 2" />
                    <type t="road_name_3" v="Classic New Zealand Wine Trail" />
                    <type t="road_name_4" v="Hutt Expressway" />
                    <type t="road_network_3" v="nz:touring:cnzwt" />
                    <type t="road_ref_3" v="&#62279;" />
                    <type t="road_ref_4" v="2" />
                    <type t="route_road_2_name" v="State Highway 2" />
                    <type t="route_road_3_name" v="Classic New Zealand Wine Trail" />
                    <type t="route_road_3_ref" v="&#62279;" />
                    <type t="route_road_4_name" v="Hutt Expressway" />
                    <type t="route_road_4_ref" v="2" />
                    <type t="destination" v="Masterton" />
                    <type t="destination" v="Featherston;Masterton" />
                    <type t="route_hiking_1_description" v="The route published by GWRC is from Kaitoke car park to Cross Creek car park. To make a network the creator has added access at the end of Hutt River Trail, Te Marua to Kaitoke car park and from Cross Creek car park to Featherston." />
                    <type t="route_hiking_1_distance" v="37 km" />
                    <type t="route_hiking_1_from" v="Plateau Road, Te Marua and SH2" />
                    <type t="route_hiking_1_name" v="Remutaka Rail Trail" />
                    <type t="route_hiking_1_network" v="rwn" />
                    <type t="route_hiking_1_osmc_background" v="white_3" />
                    <type t="route_hiking_1_osmc_stub_name" v="." />
                    <type t="route_hiking_1_osmc_text" v="RRT" />
                    <type t="route_hiking_1_osmc_textcolor" v="black" />
                    <type t="route_hiking_1_ref" v="RRT" />
                    <type t="route_hiking_1_relation_id" v="9415758" />
                    <type t="route_hiking_1_to" v="Featherston" />
                    <type t="route_hiking_1_via" v="Maymorn;Mangaroa Tunnel;Kaitoke;Kaitoke Carpark;Pakuratahi Tunnel;Howe Truss Bridge;Ladle Bend Bridge;Camp site;Summit;Summit Tunnel;Siberia Tunnel;Siberia Swing Bridge;Price's Tunnel;Cross Creek;Cross Creek carpark;Western Lake Road" />
                    <type t="route_hiking_1_wikipedia" v="en:Remutaka Rail Trail" />
                    <type t="route_bicycle_1_name" v="Whanganui Wellington Tour Aotearoa" />
                    <type t="route_bicycle_1_network" v="ncn" />
                    <type t="route_bicycle_1_osmc_background" v="white_4" />
                    <type t="route_bicycle_1_osmc_text" v="WWTA" />
                    <type t="route_bicycle_1_relation_id" v="8333065" />
                    <type t="route_bicycle_1_website" v="http://www.touraotearoa.nz/p/home.html" />
                    <type t="route_bicycle_1_name" v="Wairarapa Valley Cycleway" />
                    <type t="route_bicycle_1_osmc_text" v="WVC" />
                    <type t="route_bicycle_1_relation_id" v="3325523" />
                    <type t="route_bicycle_2" v="" />
                    <type t="route_bicycle_2_name" v="Whanganui Wellington Tour Aotearoa" />
                    <type t="route_bicycle_2_network" v="ncn" />
                    <type t="route_bicycle_2_osmc_background" v="white_4" />
                    <type t="route_bicycle_2_osmc_stub_name" v="." />
                    <type t="route_bicycle_2_osmc_text" v="WWTA" />
                    <type t="route_bicycle_2_osmc_textcolor" v="black" />
                    <type t="route_bicycle_2_relation_id" v="8333065" />
                    <type t="route_bicycle_2_website" v="http://www.touraotearoa.nz/p/home.html" />
                    <type t="bridge:name" v="Lagoon Mill Bridge" />
                    <type t="bridge:name" v="Hardys Bridge No 1" />
                    <type t="bridge:name" v="Hardys Bridge No 2" />
                    <type t="bridge:name" v="Moores Bridge" />
                    <type t="bridge:name" v="Brown Hill Bridge" />
                    <type t="destination:backward" v="Ng&#257;w&#299;;Cape Palliser" />
                    <type t="road_name_1" v="State Highway 53" />
                    <type t="road_name_2" v="State Highway 53" />
                    <type t="road_ref_1" v="53" />
                    <type t="road_ref_2" v="53" />
                    <type t="road_ref_4" v="53" />
                    <type t="route_road_1_name" v="State Highway 53" />
                    <type t="route_road_1_ref" v="53" />
                    <type t="route_road_2_name" v="State Highway 53" />
                    <type t="route_road_2_ref" v="53" />
                    <type t="route_road_4_ref" v="53" />
                    <type t="bridge:name" v="Tauherenkau River Bridge" />
                    <type t="road_ref_3" v="53" />
                    <type t="route_road_3_ref" v="53" />
                    <type t="destination:backward" v="Wellington" />
                    <type t="destination:ref:forward" v="SH 2" />
                    <type t="destination" v="Wellington" />
                    <type t="destination" v="Riverstone Terraces;Lower Hutt;Wellington" />
                    <type t="destination" v="Porirua;Lower Hutt;Wellington" />
                    <type t="destination" v="Lower Hutt;Wellington" />
                    <type t="road_name_2" v="Hutt Expressway" />
                    <type t="route_road_2_name" v="Hutt Expressway" />
                    <type t="destination" v="Ngauranga;Wellington" />
                    <type t="destination" v="Airport;Seatoun" />
                    <type t="destination:ref" v="SH 1" />
                    <type t="route_bicycle_1_name" v="SJP Metlink (Cycle Function)" />
                    <type t="route_bicycle_1_osmc_text" v="SJPMCF" />
                    <type t="route_bicycle_1_relation_id" v="16733193" />
                    <type t="destination:lanes" v="|Airport;Seatoun|Airport;Seatoun|Newtown" />
                    <type t="destination:lanes" v="Airport;Seatoun|Airport;Seatoun|Newtown" />
                    <type t="destination:lanes" v="Airport;Seatoun|Airport;Seatoun|Newtown;Island Bay|Newtown;Island Bay" />
                    <type t="destination" v="Porirua;Palmerston North" />
                    <type t="road_name_2" v="Johnsonville Porirua Motorway" />
                    <type t="route_road_2_name" v="Johnsonville Porirua Motorway" />
                    <type t="destination:arrow:lanes" v="through|through;slight_right|slight_right" />
                    <type t="destination:lanes" v="Palmerston North|Palmerston North;Porirua City Centre|Porirua City Centre" />
                    <type t="destination:ref:lanes" v="SH 1|SH 1;SH 59|SH 59" />
                    <type t="destination" v="Palmerston North" />
                    <type t="road_name_2" v="Transmission Gully Motorway / Te Ara Nui o Te Rangihaeata" />
                    <type t="route_road_2_name" v="Transmission Gully Motorway / Te Ara Nui o Te Rangihaeata" />
                    <type t="name:en" v="Transmission Gully Motorway" />
                    <type t="name:mi" v="Te Ara Nui o Te Rangihaeata" />
                    <type t="road_name_2" v="K&#257;piti Expressway" />
                    <type t="route_road_2_name" v="K&#257;piti Expressway" />
                    <type t="route_road_2_name:mi" v="Te Ara Tuku a Te Rauparaha" />
                    <type t="name:en" v="K&#257;piti Expressway" />
                    <type t="name:mi" v="Te Ara Tuku a Te Rauparaha" />
                    <type t="destination" v="Palmerston North;Taupo" />
                    <type t="destination" v="Waikanae;Waikanae Beach" />
                    <type t="road_name_1" v="State Highway 1P" />
                    <type t="road_ref_1" v="1P" />
                    <type t="route_road_1_name" v="State Highway 1P" />
                    <type t="route_road_1_ref" v="1P" />
                    <type t="name" v="" />
                    <type t="name" v="Te Hapua Road" />
                    <type t="direction" v="" />
                    <type t="name" v="Old State Highway 1" />
                    <type t="name" v="Te Horo Peka Peka Link Road" />
                    <type t="name" v="Te Kowhai Link Road" />
                    <type t="name" v="Peka Peka Link Road" />
                    <type t="name" v="Main Road" />
                    <type t="name" v="Te Moana Road" />
                    <type t="name" v="K&#257;piti Expressway" />
                    <type t="ref" v="SH 1" />
                    <type t="name" v="Raumati Straights" />
                    <type t="name" v="Transmission Gully Motorway / Te Ara Nui o Te Rangihaeata" />
                    <type t="name" v="Te Ara Nui o Te Rangihaeata / Transmission Gully Motorway" />
                    <type t="name:mi" v="" />
                    <type t="name:en" v="" />
                    <type t="destination" v="Hutt Valley;P&#257;uatahanui" />
                    <type t="destination:ref" v="SH 58" />
                    <type t="ref" v="SH 58" />
                    <type t="road_name_1" v="State Highway 58" />
                    <type t="road_ref_1" v="58" />
                    <type t="road_ref_2" v="58" />
                    <type t="route_road_1_name" v="State Highway 58" />
                    <type t="route_road_1_ref" v="58" />
                    <type t="route_road_2_ref" v="58" />
                    <type t="destination" v="Hutt Valley" />
                    <type t="name" v="Paremata Haywards Road" />
                    <type t="road_name_2" v="State Highway 58" />
                    <type t="road_ref_3" v="58" />
                    <type t="route_road_2_name" v="State Highway 58" />
                    <type t="route_road_3_ref" v="58" />
                    <type t="name" v="Haywards Hill Road" />
                    <type t="destination" v="Pauatahanui;Porirua;Wellington;Masterton;Manor Park" />
                    <type t="destination:colour" v="green;green;green;green;blue" />
                    <type t="destination:ref" v="SH 58;SH 58;SH 2;SH 2;" />
                    <type t="name" v="Haywards Hill Interchange" />
                    <type t="name" v="McDougal Grove" />
                    <type t="name" v="Mc Dougal Grove" />
                    <type t="destination:lanes" v="Manor Park Station Parking|Upper Hutt;Masterton" />
                    <type t="destination:ref:lanes" v="|SH 2" />
                    <type t="destination:street:lanes" v="McDougall Grove|" />
                    <type t="destination:symbol:lanes" v="park_and_ride|" />
                    <type t="name" v="Western Hutt Road" />
                    <type t="ref" v="SH 2" />
                    <type t="name" v="River Road" />
                    <type t="name" v="Fergusson Drive" />
                    <type t="name" v="Main Road North" />
                    <type t="name" v="State Highway 2" />
                    <type t="name" v="Ludlam Street" />
                    <type t="name" v="Fitzherbert Street" />
                    <type t="destination:forward" v="Masterton" />
                    <type t="destination" v="Martinborough" />
                    <type t="name" v="Revans Street" />
                    <type t="ref" v="SH 53" />
                    <type t="destination:ref" v="SH 53" />
                    <type t="name" v="State Highway 53" />
                    <type t="name" v="Kahutara Road" />
                    <type t="name" v="K&#257;piti Road" />
                    <type t="name" v="Mackays Crossing" />
                    <type t="ref" v="01N-1030-I" />
                    <type t="name" v="Paek&#257;k&#257;riki" />
                    <type t="ref" v="01N-1030/3.00-I" />
                    <type t="name:mi" v="Pou&#257;wh&#257;" />
                    <type t="name" v="Pou&#257;wh&#257; / Wainui Saddle" />
                    <type t="name:en" v="Wainui Saddle" />
                    <type t="name" v="P&#257;uatahanui" />
                    <type t="ref" v="058-0000-D" />
                    <type t="name" v="Silverstream" />
                    <type t="name" v="Riverstone Terraces" />
                    <type t="ref" v="002-0946/8.82" />
                    <type t="ref" v="002-0946" />
                    <type t="ref" v="002-0931" />
                </osmand:types>
            </extensions>
        </trkseg>
    </trk>
    <extensions>
        <osmand:show_arrows>false</osmand:show_arrows>
        <osmand:show_start_finish>false</osmand:show_start_finish>
        <osmand:is_join_segments>false</osmand:is_join_segments>
        <osmand:split_interval>0.0</osmand:split_interval>
        <osmand:split_type>no_split</osmand:split_type>
        <osmand:color>#32C759</osmand:color>
        <osmand:points_groups>
            <group name="" color="#237BFF" icon="tourism_camp_site" background="square" />
        </osmand:points_groups>
    </extensions>
</gpx>