<gpx xmlns="http://www.topografix.com/GPX/1/1" xmlns:osmand="https://osmand.net/docs/technical/osmand-file-formats/osmand-gpx" xmlns:xsi="http://www.w3.org/2001/XMLSchema-instance" version="1.1" creator="OsmAnd Maps 5.2.5 (5288)" xsi:schemaLocation="http://www.topografix.com/GPX/1/1 https://www.topografix.com/GPX/1/1/gpx.xsd">
    <metadata>
        <name>2026-03-18 &#8226; Karikari Peninsula - Cape Reinga</name>
        <time>2026-03-17T21:50:23Z</time>
    </metadata>
    <wpt lat="-34.9003382" lon="173.0933337">
        <time>2026-03-17T21:08:32Z</time>
        <name>Hukatere Lodge</name>
        <extensions>
            <osmand:color>#237BFF</osmand:color>
            <osmand:icon>tourism_camp_site</osmand:icon>
            <osmand:background>square</osmand:background>
            <osmand:address>Hukatere Road, Pukenui</osmand:address>
            <osmand:amenity_type>tourism</osmand:amenity_type>
            <osmand:amenity_name>Hukatere Lodge</osmand:amenity_name>
            <osmand:collapsable_internet_access_type>wlan</osmand:collapsable_internet_access_type>
            <osmand:amenity_subtype>hostel</osmand:amenity_subtype>
            <osmand:osm_tag_internet_access_yes>yes</osmand:osm_tag_internet_access_yes>
            <osmand:amenity_origin>Amenity:Hukatere Lodge: tourism:hostel</osmand:amenity_origin>
        </extensions>
    </wpt>
    <wpt lat="-34.4277353" lon="172.6818019">
        <time>2026-03-17T21:09:19Z</time>
        <name>Cape Reinga</name>
        <extensions>
            <osmand:color>#EECC22</osmand:color>
            <osmand:icon>mx_islet</osmand:icon>
            <osmand:background>circle</osmand:background>
            <osmand:address>Cape Reinga Coastal Walkway, Waitiki Landing</osmand:address>
            <osmand:osm_tag_wikidata>Q65431120</osmand:osm_tag_wikidata>
            <osmand:osm_tag_qrank>7</osmand:osm_tag_qrank>
            <osmand:amenity_subtype>locality</osmand:amenity_subtype>
            <osmand:osm_tag_osmand_poi_key>locality</osmand:osm_tag_osmand_poi_key>
            <osmand:amenity_type>administrative</osmand:amenity_type>
            <osmand:amenity_name>Cape Reinga</osmand:amenity_name>
            <osmand:osm_tag_wikipedia>http://mi.wikipedia.org/wiki/Cape Reinga</osmand:osm_tag_wikipedia>
            <osmand:amenity_origin>Amenity:Cape Reinga: administrative:locality</osmand:amenity_origin>
        </extensions>
    </wpt>
    <wpt lat="-34.4719493" lon="172.6656765">
        <time>2026-03-17T21:09:48Z</time>
        <name>Herangi Hill</name>
        <extensions>
            <osmand:color>#EECC22</osmand:color>
            <osmand:icon>natural_peak</osmand:icon>
            <osmand:background>circle</osmand:background>
            <osmand:address>Twilight / Te Werahi Loop Track / Te Araroa Trail, Waitiki Landing</osmand:address>
            <osmand:osm_tag_wiki_category>Herangi_Hill</osmand:osm_tag_wiki_category>
            <osmand:osm_tag_wiki_photo>Herangi_Hill.jpg</osmand:osm_tag_wiki_photo>
            <osmand:osm_tag_ele>159</osmand:osm_tag_ele>
            <osmand:osm_tag_wikidata>Q31454015</osmand:osm_tag_wikidata>
            <osmand:osm_tag_qrank>12</osmand:osm_tag_qrank>
            <osmand:amenity_subtype>peak</osmand:amenity_subtype>
            <osmand:osm_tag_osmand_poi_key>peak</osmand:osm_tag_osmand_poi_key>
            <osmand:amenity_type>natural</osmand:amenity_type>
            <osmand:amenity_name>Herangi Hill</osmand:amenity_name>
            <osmand:osm_tag_wikipedia>http://ceb.wikipedia.org/wiki/Herangi Hill</osmand:osm_tag_wikipedia>
            <osmand:amenity_origin>Amenity:Herangi Hill: natural:peak</osmand:amenity_origin>
        </extensions>
    </wpt>
    <wpt lat="-34.8068884" lon="173.1154829">
        <time>2026-03-17T21:47:41Z</time>
        <name>Honey Bee Takeaways</name>
        <extensions>
            <osmand:color>#EECC22</osmand:color>
            <osmand:icon>amenity_cafe</osmand:icon>
            <osmand:background>circle</osmand:background>
            <osmand:address>Far North Road 4238, Houhora</osmand:address>
            <osmand:osm_tag_addr_housenumber>4238</osmand:osm_tag_addr_housenumber>
            <osmand:collapsable_dish>sandwich;fish_and_chips;pie</osmand:collapsable_dish>
            <osmand:osm_tag_outdoor_seating_yes>yes</osmand:osm_tag_outdoor_seating_yes>
            <osmand:osm_tag_cuisine>fish_and_chips;coffee_shop;sandwich;pie</osmand:osm_tag_cuisine>
            <osmand:osm_tag_internet_access_type_no>no</osmand:osm_tag_internet_access_type_no>
            <osmand:amenity_subtype>cafe</osmand:amenity_subtype>
            <osmand:osm_tag_addr_street>Far North Road</osmand:osm_tag_addr_street>
            <osmand:amenity_type>sustenance</osmand:amenity_type>
            <osmand:amenity_name>Honey Bee Takeaways</osmand:amenity_name>
            <osmand:osm_tag_cuisine_coffee_shop>coffee_shop</osmand:osm_tag_cuisine_coffee_shop>
            <osmand:amenity_origin>Amenity:Honey Bee Takeaways: sustenance:cafe</osmand:amenity_origin>
        </extensions>
    </wpt>
    <wpt lat="-34.8150388" lon="173.1180077">
        <time>2026-03-17T21:49:05Z</time>
        <name>Pukenui</name>
        <extensions>
            <osmand:color>#EECC22</osmand:color>
            <osmand:icon>village</osmand:icon>
            <osmand:background>circle</osmand:background>
            <osmand:address>Lamb Road, Pukenui</osmand:address>
            <osmand:osm_tag_wikidata>Q2117688</osmand:osm_tag_wikidata>
            <osmand:osm_tag_addr_street>Lamb Road</osmand:osm_tag_addr_street>
            <osmand:osm_tag_travel_topic>6</osmand:osm_tag_travel_topic>
            <osmand:osm_tag_wikipedia>http://en.wikipedia.org/wiki/Pukenui</osmand:osm_tag_wikipedia>
            <osmand:amenity_type>administrative</osmand:amenity_type>
            <osmand:osm_tag_qrank>2231</osmand:osm_tag_qrank>
            <osmand:osm_tag_osmand_poi_key>village</osmand:osm_tag_osmand_poi_key>
            <osmand:amenity_name>Pukenui</osmand:amenity_name>
            <osmand:osm_tag_population>708</osmand:osm_tag_population>
            <osmand:osm_tag_wiki_place>wiki_place</osmand:osm_tag_wiki_place>
            <osmand:osm_tag_travel_elo>1058</osmand:osm_tag_travel_elo>
            <osmand:amenity_subtype>village</osmand:amenity_subtype>
            <osmand:amenity_origin>Amenity:Pukenui: administrative:village</osmand:amenity_origin>
        </extensions>
    </wpt>
    <wpt lat="-34.5245554" lon="172.7730829">
        <time>2026-03-17T21:50:23Z</time>
        <name>Te Paki Dunes</name>
        <extensions>
            <osmand:color>#EECC22</osmand:color>
            <osmand:icon>mx_tourism_artwork</osmand:icon>
            <osmand:background>circle</osmand:background>
            <osmand:address>Te Paki Stream Road, Kait&#257;ia</osmand:address>
            <osmand:osm_tag_addr_street>Te Paki Stream Road</osmand:osm_tag_addr_street>
            <osmand:amenity_type>tourism</osmand:amenity_type>
            <osmand:amenity_name>Te Paki Dunes</osmand:amenity_name>
            <osmand:amenity_subtype>attraction</osmand:amenity_subtype>
            <osmand:amenity_origin>Amenity:Te Paki Dunes: tourism:attraction</osmand:amenity_origin>
        </extensions>
    </wpt>
    <wpt lat="-34.456602" lon="172.7066177">
        <time>2026-03-17T23:01:47Z</time>
        <name>Parking - Te Werahi Track</name>
        <extensions>
            <osmand:color>#EECC22</osmand:color>
            <osmand:icon>parking</osmand:icon>
            <osmand:background>circle</osmand:background>
            <osmand:address>Te Werahi Track, Waitiki Landing</osmand:address>
            <osmand:osm_tag_parking_surface>surface</osmand:osm_tag_parking_surface>
            <osmand:amenity_type>transportation</osmand:amenity_type>
            <osmand:amenity_name>Parking</osmand:amenity_name>
            <osmand:collapsable_fee>no</osmand:collapsable_fee>
            <osmand:amenity_subtype>parking</osmand:amenity_subtype>
            <osmand:collapsable_access_general>yes</osmand:collapsable_access_general>
            <osmand:amenity_origin>Amenity:Parking: transportation:parking</osmand:amenity_origin>
        </extensions>
    </wpt>
    <trk>
        <name>2026-03-18 &#8226; Karikari Peninsula - Cape Reinga</name>
        <trkseg>
            <trkpt lat="-34.8296275" lon="173.4077012">
                <ele>11.1</ele>
            </trkpt>
            <trkpt lat="-34.8298949" lon="173.4065402">
                <ele>12.5</ele>
            </trkpt>
            <trkpt lat="-34.8296527" lon="173.4053144">
                <ele>15.2</ele>
            </trkpt>
            <trkpt lat="-34.8292278" lon="173.4034905">
                <ele>27.2</ele>
            </trkpt>
            <trkpt lat="-34.828816" lon="173.4018195">
                <ele>33.8</ele>
            </trkpt>
            <trkpt lat="-34.8301657" lon="173.401224">
                <ele>36.4</ele>
            </trkpt>
            <trkpt lat="-34.8316782" lon="173.4008271">
                <ele>33.5</ele>
            </trkpt>
            <trkpt lat="-34.8333316" lon="173.4003791">
                <ele>27.2</ele>
            </trkpt>
            <trkpt lat="-34.8361937" lon="173.3995932">
                <ele>19</ele>
            </trkpt>
            <trkpt lat="-34.8372438" lon="173.3993304">
                <ele>19.2</ele>
            </trkpt>
            <trkpt lat="-34.8381464" lon="173.3990622">
                <ele>20.2</ele>
            </trkpt>
            <trkpt lat="-34.8390116" lon="173.3984238">
                <ele>14.5</ele>
            </trkpt>
            <trkpt lat="-34.8399318" lon="173.3983997">
                <ele>8</ele>
            </trkpt>
            <trkpt lat="-34.8408894" lon="173.3983192">
                <ele>5.2</ele>
            </trkpt>
            <trkpt lat="-34.8424854" lon="173.3978632">
                <ele>7</ele>
            </trkpt>
            <trkpt lat="-34.8435927" lon="173.3978257">
                <ele>14.8</ele>
            </trkpt>
            <trkpt lat="-34.8445326" lon="173.3976701">
                <ele>17.8</ele>
            </trkpt>
            <trkpt lat="-34.8456619" lon="173.3973455">
                <ele>16</ele>
            </trkpt>
            <trkpt lat="-34.8470443" lon="173.3969888">
                <ele>8.8</ele>
            </trkpt>
            <trkpt lat="-34.8479996" lon="173.3967313">
                <ele>8.2</ele>
            </trkpt>
            <trkpt lat="-34.8489571" lon="173.3961707">
                <ele>13.8</ele>
            </trkpt>
            <trkpt lat="-34.8504848" lon="173.3947787">
                <ele>23.2</ele>
            </trkpt>
            <trkpt lat="-34.8515061" lon="173.3938479">
                <ele>25</ele>
            </trkpt>
            <trkpt lat="-34.8522875" lon="173.392759">
                <ele>26</ele>
            </trkpt>
            <trkpt lat="-34.8529148" lon="173.3918041">
                <ele>25.5</ele>
            </trkpt>
            <trkpt lat="-34.8538899" lon="173.3916351">
                <ele>21.5</ele>
            </trkpt>
            <trkpt lat="-34.8547549" lon="173.3911657">
                <ele>19</ele>
            </trkpt>
            <trkpt lat="-34.8553029" lon="173.3901894">
                <ele>16.8</ele>
            </trkpt>
            <trkpt lat="-34.8557541" lon="173.3891729">
                <ele>14.6</ele>
            </trkpt>
            <trkpt lat="-34.8572992" lon="173.3888188">
                <ele>20.8</ele>
            </trkpt>
            <trkpt lat="-34.8582082" lon="173.3886606">
                <ele>25.2</ele>
            </trkpt>
            <trkpt lat="-34.8591304" lon="173.3883709">
                <ele>30.2</ele>
            </trkpt>
            <trkpt lat="-34.8599469" lon="173.3876708">
                <ele>30.6</ele>
            </trkpt>
            <trkpt lat="-34.8611794" lon="173.3861151">
                <ele>34.5</ele>
            </trkpt>
            <trkpt lat="-34.8618111" lon="173.3852702">
                <ele>35</ele>
            </trkpt>
            <trkpt lat="-34.86261" lon="173.3844736">
                <ele>30.8</ele>
            </trkpt>
            <trkpt lat="-34.8634991" lon="173.3840069">
                <ele>33.5</ele>
            </trkpt>
            <trkpt lat="-34.8645907" lon="173.3839425">
                <ele>44</ele>
            </trkpt>
            <trkpt lat="-34.8655722" lon="173.3839801">
                <ele>53</ele>
            </trkpt>
            <trkpt lat="-34.8664503" lon="173.3830842">
                <ele>51.8</ele>
            </trkpt>
            <trkpt lat="-34.8676937" lon="173.3819094">
                <ele>53</ele>
            </trkpt>
            <trkpt lat="-34.8685454" lon="173.3810404">
                <ele>50.8</ele>
            </trkpt>
            <trkpt lat="-34.8697887" lon="173.3796135">
                <ele>42.2</ele>
            </trkpt>
            <trkpt lat="-34.8699296" lon="173.3784521">
                <ele>39.2</ele>
            </trkpt>
            <trkpt lat="-34.8697271" lon="173.3766952">
                <ele>40</ele>
            </trkpt>
            <trkpt lat="-34.869529" lon="173.3750564">
                <ele>37.8</ele>
            </trkpt>
            <trkpt lat="-34.8693596" lon="173.3734819">
                <ele>34</ele>
            </trkpt>
            <trkpt lat="-34.8691945" lon="173.3720201">
                <ele>30.8</ele>
            </trkpt>
            <trkpt lat="-34.8692232" lon="173.3708534">
                <ele>27.8</ele>
            </trkpt>
            <trkpt lat="-34.8702002" lon="173.3699575">
                <ele>14.2</ele>
            </trkpt>
            <trkpt lat="-34.8720993" lon="173.3684555">
                <ele>8.5</ele>
            </trkpt>
            <trkpt lat="-34.8735319" lon="173.3673102">
                <ele>6.8</ele>
            </trkpt>
            <trkpt lat="-34.8758072" lon="173.365505">
                <ele>7.4</ele>
            </trkpt>
            <trkpt lat="-34.8773057" lon="173.3643275">
                <ele>7.8</ele>
            </trkpt>
            <trkpt lat="-34.8788196" lon="173.3631313">
                <ele>8.2</ele>
            </trkpt>
            <trkpt lat="-34.8801904" lon="173.3620182">
                <ele>9.5</ele>
            </trkpt>
            <trkpt lat="-34.881317" lon="173.3617741">
                <ele>9</ele>
            </trkpt>
            <trkpt lat="-34.8850971" lon="173.3617178">
                <ele>10</ele>
            </trkpt>
            <trkpt lat="-34.8860123" lon="173.3616775">
                <ele>9.8</ele>
            </trkpt>
            <trkpt lat="-34.8873237" lon="173.3609024">
                <ele>10</ele>
            </trkpt>
            <trkpt lat="-34.8885249" lon="173.3598965">
                <ele>9.3</ele>
            </trkpt>
            <trkpt lat="-34.8894908" lon="173.3590865">
                <ele>8.8</ele>
            </trkpt>
            <trkpt lat="-34.890263" lon="173.3583194">
                <ele>10</ele>
            </trkpt>
            <trkpt lat="-34.8932287" lon="173.354626">
                <ele>10.5</ele>
            </trkpt>
            <trkpt lat="-34.896467" lon="173.3506107">
                <ele>11</ele>
            </trkpt>
            <trkpt lat="-34.8971138" lon="173.3496988">
                <ele>14.5</ele>
            </trkpt>
            <trkpt lat="-34.8974856" lon="173.3485535">
                <ele>17.8</ele>
            </trkpt>
            <trkpt lat="-34.8982995" lon="173.3479714">
                <ele>18</ele>
            </trkpt>
            <trkpt lat="-34.8991157" lon="173.3487734">
                <ele>17.8</ele>
            </trkpt>
            <trkpt lat="-34.89978" lon="173.3495727">
                <ele>17.2</ele>
            </trkpt>
            <trkpt lat="-34.9005741" lon="173.3501413">
                <ele>15</ele>
            </trkpt>
            <trkpt lat="-34.9016322" lon="173.3504257">
                <ele>13.1</ele>
            </trkpt>
            <trkpt lat="-34.9025759" lon="173.3505276">
                <ele>12.5</ele>
            </trkpt>
            <trkpt lat="-34.9035438" lon="173.3505383">
                <ele>12.2</ele>
            </trkpt>
            <trkpt lat="-34.9046591" lon="173.3507368">
                <ele>11.5</ele>
            </trkpt>
            <trkpt lat="-34.9059547" lon="173.3511579">
                <ele>12.3</ele>
            </trkpt>
            <trkpt lat="-34.9074108" lon="173.3516595">
                <ele>11.5</ele>
            </trkpt>
            <trkpt lat="-34.9088802" lon="173.3521584">
                <ele>11.2</ele>
            </trkpt>
            <trkpt lat="-34.9101713" lon="173.3526009">
                <ele>11.5</ele>
            </trkpt>
            <trkpt lat="-34.9114624" lon="173.3530435">
                <ele>10.9</ele>
            </trkpt>
            <trkpt lat="-34.9124104" lon="173.3533654">
                <ele>11.5</ele>
            </trkpt>
            <trkpt lat="-34.9132858" lon="173.3536363">
                <ele>10.5</ele>
            </trkpt>
            <trkpt lat="-34.9143482" lon="173.3537757">
                <ele>11.1</ele>
            </trkpt>
            <trkpt lat="-34.9163958" lon="173.3536899">
                <ele>12.5</ele>
            </trkpt>
            <trkpt lat="-34.9178254" lon="173.3536175">
                <ele>14.8</ele>
            </trkpt>
            <trkpt lat="-34.9188965" lon="173.3536872">
                <ele>16</ele>
            </trkpt>
            <trkpt lat="-34.9215224" lon="173.3543605">
                <ele>13.3</ele>
            </trkpt>
            <trkpt lat="-34.9230025" lon="173.354677">
                <ele>12.9</ele>
            </trkpt>
            <trkpt lat="-34.9239635" lon="173.3548728">
                <ele>12.9</ele>
            </trkpt>
            <trkpt lat="-34.9250257" lon="173.3551222">
                <ele>12.8</ele>
            </trkpt>
            <trkpt lat="-34.9284519" lon="173.3564365">
                <ele>11.8</ele>
            </trkpt>
            <trkpt lat="-34.9309742" lon="173.3574826">
                <ele>12.8</ele>
            </trkpt>
            <trkpt lat="-34.9320275" lon="173.3579251">
                <ele>13.8</ele>
            </trkpt>
            <trkpt lat="-34.9335931" lon="173.3585796">
                <ele>12.5</ele>
            </trkpt>
            <trkpt lat="-34.9349587" lon="173.3591428">
                <ele>14</ele>
            </trkpt>
            <trkpt lat="-34.9358536" lon="173.3595318">
                <ele>13.8</ele>
            </trkpt>
            <trkpt lat="-34.9371553" lon="173.3601031">
                <ele>11.8</ele>
            </trkpt>
            <trkpt lat="-34.939253" lon="173.3610204">
                <ele>11.7</ele>
            </trkpt>
            <trkpt lat="-34.9404117" lon="173.3615702">
                <ele>12.2</ele>
            </trkpt>
            <trkpt lat="-34.9414209" lon="173.3620772">
                <ele>12.5</ele>
            </trkpt>
            <trkpt lat="-34.9424125" lon="173.3625841">
                <ele>12.8</ele>
            </trkpt>
            <trkpt lat="-34.9436262" lon="173.3632305">
                <ele>12.2</ele>
            </trkpt>
            <trkpt lat="-34.9444771" lon="173.3640325">
                <ele>10.1</ele>
            </trkpt>
            <trkpt lat="-34.9447475" lon="173.3651403">
                <ele>10.8</ele>
            </trkpt>
            <trkpt lat="-34.9447233" lon="173.3663151">
                <ele>10.9</ele>
            </trkpt>
            <trkpt lat="-34.9449762" lon="173.367565">
                <ele>11.5</ele>
            </trkpt>
            <trkpt lat="-34.9456731" lon="173.3685198">
                <ele>11.1</ele>
            </trkpt>
            <trkpt lat="-34.94648" lon="173.3691984">
                <ele>10.4</ele>
            </trkpt>
            <trkpt lat="-34.9476694" lon="173.3696222">
                <ele>9.8</ele>
            </trkpt>
            <trkpt lat="-34.9494128" lon="173.3701345">
                <ele>10.8</ele>
            </trkpt>
            <trkpt lat="-34.9504307" lon="173.3705798">
                <ele>9.8</ele>
            </trkpt>
            <trkpt lat="-34.952572" lon="173.3718431">
                <ele>6</ele>
            </trkpt>
            <trkpt lat="-34.9536184" lon="173.372511">
                <ele>4</ele>
            </trkpt>
            <trkpt lat="-34.9545989" lon="173.3731788">
                <ele>3.5</ele>
            </trkpt>
            <trkpt lat="-34.9557509" lon="173.374013">
                <ele>3</ele>
            </trkpt>
            <trkpt lat="-34.9570127" lon="173.3748418">
                <ele>2.8</ele>
            </trkpt>
            <trkpt lat="-34.9578568" lon="173.3755016">
                <ele>2.8</ele>
            </trkpt>
            <trkpt lat="-34.9589537" lon="173.3762929">
                <ele>2.9</ele>
            </trkpt>
            <trkpt lat="-34.9604397" lon="173.3773577">
                <ele>3</ele>
            </trkpt>
            <trkpt lat="-34.9617784" lon="173.3783501">
                <ele>2</ele>
            </trkpt>
            <trkpt lat="-34.9626049" lon="173.3789912">
                <ele>2</ele>
            </trkpt>
            <trkpt lat="-34.9640095" lon="173.3792755">
                <ele>2.9</ele>
            </trkpt>
            <trkpt lat="-34.9665395" lon="173.3795893">
                <ele>2.2</ele>
            </trkpt>
            <trkpt lat="-34.9724081" lon="173.380335">
                <ele>5.9</ele>
            </trkpt>
            <trkpt lat="-34.9735619" lon="173.3802974">
                <ele>5.2</ele>
            </trkpt>
            <trkpt lat="-34.9747334" lon="173.3801955">
                <ele>6.5</ele>
            </trkpt>
            <trkpt lat="-34.9758784" lon="173.3801097">
                <ele>6.2</ele>
            </trkpt>
            <trkpt lat="-34.9771817" lon="173.3800426">
                <ele>6.6</ele>
            </trkpt>
            <trkpt lat="-34.9783157" lon="173.3800077">
                <ele>6.9</ele>
            </trkpt>
            <trkpt lat="-34.979397" lon="173.3802035">
                <ele>5.8</ele>
            </trkpt>
            <trkpt lat="-34.9813112" lon="173.3801714">
                <ele>4.8</ele>
            </trkpt>
            <trkpt lat="-34.9830517" lon="173.3801177">
                <ele>5</ele>
            </trkpt>
            <trkpt lat="-34.9841439" lon="173.3801043">
                <ele>5</ele>
            </trkpt>
            <trkpt lat="-34.9850537" lon="173.3792058">
                <ele>9.5</ele>
            </trkpt>
            <trkpt lat="-34.9855415" lon="173.3780605">
                <ele>11.2</ele>
            </trkpt>
            <trkpt lat="-34.9859327" lon="173.37706">
                <ele>12</ele>
            </trkpt>
            <trkpt lat="-34.9864359" lon="173.3761454">
                <ele>11.8</ele>
            </trkpt>
            <trkpt lat="-34.9871853" lon="173.3750322">
                <ele>7.5</ele>
            </trkpt>
            <trkpt lat="-34.9877061" lon="173.3741283">
                <ele>8.5</ele>
            </trkpt>
            <trkpt lat="-34.9886312" lon="173.3716527">
                <ele>10.8</ele>
            </trkpt>
            <trkpt lat="-34.9897497" lon="173.3686888">
                <ele>10.8</ele>
            </trkpt>
            <trkpt lat="-34.9903825" lon="173.3669937">
                <ele>5</ele>
            </trkpt>
            <trkpt lat="-34.990866" lon="173.3660093">
                <ele>6.6</ele>
            </trkpt>
            <trkpt lat="-34.991479" lon="173.3649337">
                <ele>6.5</ele>
            </trkpt>
            <trkpt lat="-34.9920833" lon="173.3635926">
                <ele>6.2</ele>
            </trkpt>
            <trkpt lat="-34.9931512" lon="173.3608729">
                <ele>5.8</ele>
            </trkpt>
            <trkpt lat="-34.9939137" lon="173.3588183">
                <ele>6</ele>
            </trkpt>
            <trkpt lat="-34.9943487" lon="173.3578098">
                <ele>6.5</ele>
            </trkpt>
            <trkpt lat="-34.995265" lon="173.3563587">
                <ele>10.8</ele>
            </trkpt>
            <trkpt lat="-34.9958824" lon="173.3553985">
                <ele>21.5</ele>
            </trkpt>
            <trkpt lat="-34.9964647" lon="173.3542559">
                <ele>35.5</ele>
            </trkpt>
            <trkpt lat="-34.9969942" lon="173.3525607">
                <ele>46</ele>
            </trkpt>
            <trkpt lat="-34.9979742" lon="173.3491972">
                <ele>51.8</ele>
            </trkpt>
            <trkpt lat="-34.9984158" lon="173.348009">
                <ele>52.6</ele>
            </trkpt>
            <trkpt lat="-34.9998176" lon="173.3459678">
                <ele>53.8</ele>
            </trkpt>
            <trkpt lat="-35.0007821" lon="173.3446401">
                <ele>54.8</ele>
            </trkpt>
            <trkpt lat="-35.001516" lon="173.3436826">
                <ele>54.5</ele>
            </trkpt>
            <trkpt lat="-35.0034758" lon="173.3424971">
                <ele>53.5</ele>
            </trkpt>
            <trkpt lat="-35.0046578" lon="173.3418238">
                <ele>52.7</ele>
            </trkpt>
            <trkpt lat="-35.0070261" lon="173.3397236">
                <ele>51.2</ele>
            </trkpt>
            <trkpt lat="-35.0076215" lon="173.3388948">
                <ele>44.5</ele>
            </trkpt>
            <trkpt lat="-35.0081158" lon="173.3379534">
                <ele>38.8</ele>
            </trkpt>
            <trkpt lat="-35.0087529" lon="173.3371541">
                <ele>35.2</ele>
            </trkpt>
            <trkpt lat="-35.010629" lon="173.3366606">
                <ele>20</ele>
            </trkpt>
            <trkpt lat="-35.0114177" lon="173.3360705">
                <ele>13.7</ele>
            </trkpt>
            <trkpt lat="-35.0116286" lon="173.3349064">
                <ele>11.5</ele>
            </trkpt>
            <trkpt lat="-35.0128324" lon="173.3336216">
                <ele>7</ele>
            </trkpt>
            <trkpt lat="-35.0136606" lon="173.3329296">
                <ele>8.5</ele>
            </trkpt>
            <trkpt lat="-35.0145525" lon="173.3318916">
                <ele>13.8</ele>
            </trkpt>
            <trkpt lat="-35.0154795" lon="173.3311835">
                <ele>15</ele>
            </trkpt>
            <trkpt lat="-35.0167119" lon="173.3309019">
                <ele>16.2</ele>
            </trkpt>
            <trkpt lat="-35.0176718" lon="173.3306524">
                <ele>17</ele>
            </trkpt>
            <trkpt lat="-35.0183089" lon="173.3298585">
                <ele>18</ele>
            </trkpt>
            <trkpt lat="-35.0188339" lon="173.3288097">
                <ele>16.5</ele>
            </trkpt>
            <trkpt lat="-35.0211007" lon="173.3288956">
                <ele>17</ele>
            </trkpt>
            <trkpt lat="-35.0224472" lon="173.3291343">
                <ele>14.2</ele>
            </trkpt>
            <trkpt lat="-35.0234554" lon="173.3295527">
                <ele>13.2</ele>
            </trkpt>
            <trkpt lat="-35.0243296" lon="173.3298799">
                <ele>16.6</ele>
            </trkpt>
            <trkpt lat="-35.0253752" lon="173.3295849">
                <ele>16.8</ele>
            </trkpt>
            <trkpt lat="-35.0261285" lon="173.328976">
                <ele>15</ele>
            </trkpt>
            <trkpt lat="-35.0267721" lon="173.3279541">
                <ele>11.5</ele>
            </trkpt>
            <trkpt lat="-35.0276089" lon="173.326385">
                <ele>12.5</ele>
            </trkpt>
            <trkpt lat="-35.0282678" lon="173.3254409">
                <ele>12.8</ele>
            </trkpt>
            <trkpt lat="-35.028997" lon="173.3246148">
                <ele>11.9</ele>
            </trkpt>
            <trkpt lat="-35.0297526" lon="173.3230242">
                <ele>15.8</ele>
            </trkpt>
            <trkpt lat="-35.0299502" lon="173.3218923">
                <ele>27.2</ele>
            </trkpt>
            <trkpt lat="-35.0296559" lon="173.3201677">
                <ele>41.2</ele>
            </trkpt>
            <trkpt lat="-35.0294978" lon="173.3190116">
                <ele>53.8</ele>
            </trkpt>
            <trkpt lat="-35.0296537" lon="173.317928">
                <ele>61.2</ele>
            </trkpt>
            <trkpt lat="-35.030216" lon="173.316839">
                <ele>63.8</ele>
            </trkpt>
            <trkpt lat="-35.0310133" lon="173.3161604">
                <ele>65.8</ele>
            </trkpt>
            <trkpt lat="-35.0355002" lon="173.3133924">
                <ele>74.5</ele>
            </trkpt>
            <trkpt lat="-35.0365631" lon="173.3123651">
                <ele>81</ele>
            </trkpt>
            <trkpt lat="-35.0370463" lon="173.3114049">
                <ele>77.5</ele>
            </trkpt>
            <trkpt lat="-35.0380609" lon="173.3078966">
                <ele>69.2</ele>
            </trkpt>
            <trkpt lat="-35.0383815" lon="173.306829">
                <ele>68.9</ele>
            </trkpt>
            <trkpt lat="-35.0415768" lon="173.2979241">
                <ele>55.5</ele>
            </trkpt>
            <trkpt lat="-35.0419084" lon="173.296693">
                <ele>49.8</ele>
            </trkpt>
            <trkpt lat="-35.0422049" lon="173.2952017">
                <ele>47.2</ele>
            </trkpt>
            <trkpt lat="-35.0426397" lon="173.2921842">
                <ele>53.5</ele>
            </trkpt>
            <trkpt lat="-35.0426682" lon="173.2910389">
                <ele>52.1</ele>
            </trkpt>
            <trkpt lat="-35.0423081" lon="173.2891077">
                <ele>48.5</ele>
            </trkpt>
            <trkpt lat="-35.0421522" lon="173.286455">
                <ele>34.2</ele>
            </trkpt>
            <trkpt lat="-35.0424091" lon="173.2851729">
                <ele>25.8</ele>
            </trkpt>
            <trkpt lat="-35.0436081" lon="173.2835367">
                <ele>12.5</ele>
            </trkpt>
            <trkpt lat="-35.0441263" lon="173.2826275">
                <ele>9.2</ele>
            </trkpt>
            <trkpt lat="-35.0443986" lon="173.2815626">
                <ele>7.8</ele>
            </trkpt>
            <trkpt lat="-35.0454351" lon="173.2736662">
                <ele>6</ele>
            </trkpt>
            <trkpt lat="-35.0456986" lon="173.2715714">
                <ele>5.7</ele>
            </trkpt>
            <trkpt lat="-35.0456218" lon="173.270182">
                <ele>5.5</ele>
            </trkpt>
            <trkpt lat="-35.0452792" lon="173.2672718">
                <ele>5</ele>
            </trkpt>
            <trkpt lat="-35.0453034" lon="173.2653701">
                <ele>5.3</ele>
            </trkpt>
            <trkpt lat="-35.0455383" lon="173.2620817">
                <ele>5.7</ele>
            </trkpt>
            <trkpt lat="-35.0456723" lon="173.2602042">
                <ele>5.9</ele>
            </trkpt>
            <trkpt lat="-35.0457689" lon="173.2590535">
                <ele>6</ele>
            </trkpt>
            <trkpt lat="-35.0459731" lon="173.2579458">
                <ele>6</ele>
            </trkpt>
            <trkpt lat="-35.0463596" lon="173.2566261">
                <ele>6</ele>
            </trkpt>
            <trkpt lat="-35.0452133" lon="173.2565698">
                <ele>5.8</ele>
            </trkpt>
            <trkpt lat="-35.0441154" lon="173.2566047">
                <ele>6</ele>
            </trkpt>
            <trkpt lat="-35.043103" lon="173.2563874">
                <ele>6</ele>
            </trkpt>
            <trkpt lat="-35.040033" lon="173.2553816">
                <ele>6</ele>
            </trkpt>
            <trkpt lat="-35.0379577" lon="173.2546815">
                <ele>6</ele>
            </trkpt>
            <trkpt lat="-35.0363435" lon="173.2546145">
                <ele>5.2</ele>
            </trkpt>
            <trkpt lat="-35.0345229" lon="173.2543007">
                <ele>5</ele>
            </trkpt>
            <trkpt lat="-35.031167" lon="173.253893">
                <ele>5</ele>
            </trkpt>
            <trkpt lat="-35.0289795" lon="173.2529086">
                <ele>5</ele>
            </trkpt>
            <trkpt lat="-35.0281163" lon="173.2523829">
                <ele>5</ele>
            </trkpt>
            <trkpt lat="-35.027297" lon="173.2516292">
                <ele>5</ele>
            </trkpt>
            <trkpt lat="-35.0266096" lon="173.2508031">
                <ele>5</ele>
            </trkpt>
            <trkpt lat="-35.0261329" lon="173.2497033">
                <ele>5</ele>
            </trkpt>
            <trkpt lat="-35.0258694" lon="173.2470345">
                <ele>4.2</ele>
            </trkpt>
            <trkpt lat="-35.0255399" lon="173.2424265">
                <ele>4.1</ele>
            </trkpt>
            <trkpt lat="-35.0253466" lon="173.2398355">
                <ele>4</ele>
            </trkpt>
            <trkpt lat="-35.0252763" lon="173.2384676">
                <ele>4.2</ele>
            </trkpt>
            <trkpt lat="-35.0251731" lon="173.237097">
                <ele>4.4</ele>
            </trkpt>
            <trkpt lat="-35.0249271" lon="173.2333928">
                <ele>4.4</ele>
            </trkpt>
            <trkpt lat="-35.0247997" lon="173.2315072">
                <ele>5</ele>
            </trkpt>
            <trkpt lat="-35.0247338" lon="173.2303485">
                <ele>5</ele>
            </trkpt>
            <trkpt lat="-35.0249117" lon="173.2289243">
                <ele>5.7</ele>
            </trkpt>
            <trkpt lat="-35.0251357" lon="173.2278246">
                <ele>6.3</ele>
            </trkpt>
            <trkpt lat="-35.024758" lon="173.2264969">
                <ele>7.5</ele>
            </trkpt>
            <trkpt lat="-35.023708" lon="173.2240695">
                <ele>8.5</ele>
            </trkpt>
            <trkpt lat="-35.0230381" lon="173.222546">
                <ele>9.2</ele>
            </trkpt>
            <trkpt lat="-35.0226449" lon="173.2214677">
                <ele>12</ele>
            </trkpt>
            <trkpt lat="-35.0224055" lon="173.2203224">
                <ele>13.2</ele>
            </trkpt>
            <trkpt lat="-35.0218629" lon="173.2185227">
                <ele>15.8</ele>
            </trkpt>
            <trkpt lat="-35.0214522" lon="173.2175007">
                <ele>14.2</ele>
            </trkpt>
            <trkpt lat="-35.0208679" lon="173.2165968">
                <ele>15.2</ele>
            </trkpt>
            <trkpt lat="-35.0200596" lon="173.2158244">
                <ele>17.5</ele>
            </trkpt>
            <trkpt lat="-35.0188822" lon="173.2150251">
                <ele>22.2</ele>
            </trkpt>
            <trkpt lat="-35.0171073" lon="173.2138959">
                <ele>21</ele>
            </trkpt>
            <trkpt lat="-35.0161144" lon="173.2132709">
                <ele>23.2</ele>
            </trkpt>
            <trkpt lat="-35.014893" lon="173.2125092">
                <ele>33.8</ele>
            </trkpt>
            <trkpt lat="-35.0141" lon="173.2119191">
                <ele>34.9</ele>
            </trkpt>
            <trkpt lat="-35.0133772" lon="173.2110742">
                <ele>34.2</ele>
            </trkpt>
            <trkpt lat="-35.0127555" lon="173.2099316">
                <ele>33.5</ele>
            </trkpt>
            <trkpt lat="-35.011767" lon="173.2077885">
                <ele>30.8</ele>
            </trkpt>
            <trkpt lat="-35.0111299" lon="173.2069275">
                <ele>36.4</ele>
            </trkpt>
            <trkpt lat="-35.0106817" lon="173.2038">
                <ele>36.8</ele>
            </trkpt>
            <trkpt lat="-35.0102358" lon="173.2017213">
                <ele>36</ele>
            </trkpt>
            <trkpt lat="-35.0099436" lon="173.2001147">
                <ele>35.2</ele>
            </trkpt>
            <trkpt lat="-35.009513" lon="173.1990767">
                <ele>37</ele>
            </trkpt>
            <trkpt lat="-35.0083662" lon="173.1985241">
                <ele>37.5</ele>
            </trkpt>
            <trkpt lat="-35.0075314" lon="173.197993">
                <ele>39.8</ele>
            </trkpt>
            <trkpt lat="-35.0068899" lon="173.1969792">
                <ele>39.2</ele>
            </trkpt>
            <trkpt lat="-35.0061935" lon="173.195225">
                <ele>40</ele>
            </trkpt>
            <trkpt lat="-35.0052707" lon="173.194474">
                <ele>36.2</ele>
            </trkpt>
            <trkpt lat="-35.0046863" lon="173.1934494">
                <ele>34.8</ele>
            </trkpt>
            <trkpt lat="-35.0028826" lon="173.1917167">
                <ele>36.5</ele>
            </trkpt>
            <trkpt lat="-35.0021927" lon="173.190971">
                <ele>36.9</ele>
            </trkpt>
            <trkpt lat="-35.0007294" lon="173.1918213">
                <ele>32.2</ele>
            </trkpt>
            <trkpt lat="-34.9999011" lon="173.192457">
                <ele>34.5</ele>
            </trkpt>
            <trkpt lat="-34.9980137" lon="173.1925267">
                <ele>35.2</ele>
            </trkpt>
            <trkpt lat="-34.9971283" lon="173.1931248">
                <ele>37</ele>
            </trkpt>
            <trkpt lat="-34.9967393" lon="173.1942192">
                <ele>37</ele>
            </trkpt>
            <trkpt lat="-34.9953661" lon="173.194305">
                <ele>42.2</ele>
            </trkpt>
            <trkpt lat="-34.9938609" lon="173.1943345">
                <ele>41.8</ele>
            </trkpt>
            <trkpt lat="-34.9928194" lon="173.1941494">
                <ele>42</ele>
            </trkpt>
            <trkpt lat="-34.9915559" lon="173.1937203">
                <ele>42</ele>
            </trkpt>
            <trkpt lat="-34.9907077" lon="173.1932455">
                <ele>42.5</ele>
            </trkpt>
            <trkpt lat="-34.9890026" lon="173.1925079">
                <ele>40.2</ele>
            </trkpt>
            <trkpt lat="-34.9865128" lon="173.1921029">
                <ele>31</ele>
            </trkpt>
            <trkpt lat="-34.9849328" lon="173.1919527">
                <ele>31.8</ele>
            </trkpt>
            <trkpt lat="-34.9839593" lon="173.1919071">
                <ele>31.6</ele>
            </trkpt>
            <trkpt lat="-34.9829792" lon="173.192119">
                <ele>30.2</ele>
            </trkpt>
            <trkpt lat="-34.9819243" lon="173.1929478">
                <ele>27.5</ele>
            </trkpt>
            <trkpt lat="-34.9808782" lon="173.1932268">
                <ele>23.8</ele>
            </trkpt>
            <trkpt lat="-34.9799706" lon="173.1932241">
                <ele>21.2</ele>
            </trkpt>
            <trkpt lat="-34.9781641" lon="173.1920788">
                <ele>24.8</ele>
            </trkpt>
            <trkpt lat="-34.9770301" lon="173.1918454">
                <ele>28.5</ele>
            </trkpt>
            <trkpt lat="-34.976096" lon="173.1913143">
                <ele>26.5</ele>
            </trkpt>
            <trkpt lat="-34.9749356" lon="173.1909549">
                <ele>25</ele>
            </trkpt>
            <trkpt lat="-34.9738543" lon="173.1911293">
                <ele>23.2</ele>
            </trkpt>
            <trkpt lat="-34.9728103" lon="173.1909335">
                <ele>22.2</ele>
            </trkpt>
            <trkpt lat="-34.9718388" lon="173.1903756">
                <ele>22</ele>
            </trkpt>
            <trkpt lat="-34.9708827" lon="173.1903192">
                <ele>24.5</ele>
            </trkpt>
            <trkpt lat="-34.9700079" lon="173.1909335">
                <ele>23.8</ele>
            </trkpt>
            <trkpt lat="-34.9692497" lon="173.1918481">
                <ele>20.2</ele>
            </trkpt>
            <trkpt lat="-34.9677023" lon="173.1922182">
                <ele>19.2</ele>
            </trkpt>
            <trkpt lat="-34.9667088" lon="173.1923094">
                <ele>17.5</ele>
            </trkpt>
            <trkpt lat="-34.9656801" lon="173.1921324">
                <ele>19.2</ele>
            </trkpt>
            <trkpt lat="-34.9635106" lon="173.1931195">
                <ele>20</ele>
            </trkpt>
            <trkpt lat="-34.962594" lon="173.1935996">
                <ele>16.5</ele>
            </trkpt>
            <trkpt lat="-34.9616224" lon="173.1938785">
                <ele>16.8</ele>
            </trkpt>
            <trkpt lat="-34.960609" lon="173.193849">
                <ele>17.5</ele>
            </trkpt>
            <trkpt lat="-34.9595143" lon="173.1941012">
                <ele>18.2</ele>
            </trkpt>
            <trkpt lat="-34.9586064" lon="173.1940609">
                <ele>16.8</ele>
            </trkpt>
            <trkpt lat="-34.9579755" lon="173.1930551">
                <ele>16.2</ele>
            </trkpt>
            <trkpt lat="-34.9577975" lon="173.1919473">
                <ele>19</ele>
            </trkpt>
            <trkpt lat="-34.9572039" lon="173.1909898">
                <ele>15.8</ele>
            </trkpt>
            <trkpt lat="-34.9548847" lon="173.1893617">
                <ele>23.2</ele>
            </trkpt>
            <trkpt lat="-34.9538976" lon="173.1891176">
                <ele>23.2</ele>
            </trkpt>
            <trkpt lat="-34.9531634" lon="173.1884149">
                <ele>25</ele>
            </trkpt>
            <trkpt lat="-34.9526819" lon="173.1871006">
                <ele>26.8</ele>
            </trkpt>
            <trkpt lat="-34.9519411" lon="173.1863818">
                <ele>29.5</ele>
            </trkpt>
            <trkpt lat="-34.9509474" lon="173.1870764">
                <ele>26.8</ele>
            </trkpt>
            <trkpt lat="-34.9498349" lon="173.1872374">
                <ele>30.2</ele>
            </trkpt>
            <trkpt lat="-34.948573" lon="173.1881949">
                <ele>28.5</ele>
            </trkpt>
            <trkpt lat="-34.9469527" lon="173.1882191">
                <ele>31.8</ele>
            </trkpt>
            <trkpt lat="-34.9459963" lon="173.1887314">
                <ele>29.8</ele>
            </trkpt>
            <trkpt lat="-34.9451938" lon="173.1882271">
                <ele>35.2</ele>
            </trkpt>
            <trkpt lat="-34.9438285" lon="173.188962">
                <ele>35.8</ele>
            </trkpt>
            <trkpt lat="-34.9426104" lon="173.1895548">
                <ele>36.7</ele>
            </trkpt>
            <trkpt lat="-34.9417507" lon="173.1900859">
                <ele>37.2</ele>
            </trkpt>
            <trkpt lat="-34.9406953" lon="173.1900564">
                <ele>34.6</ele>
            </trkpt>
            <trkpt lat="-34.9397213" lon="173.1900832">
                <ele>36</ele>
            </trkpt>
            <trkpt lat="-34.9387341" lon="173.1896836">
                <ele>37.3</ele>
            </trkpt>
            <trkpt lat="-34.9380656" lon="173.1887823">
                <ele>33.5</ele>
            </trkpt>
            <trkpt lat="-34.9364495" lon="173.1882486">
                <ele>29.8</ele>
            </trkpt>
            <trkpt lat="-34.935814" lon="173.1873044">
                <ele>33.2</ele>
            </trkpt>
            <trkpt lat="-34.9351236" lon="173.1865293">
                <ele>34.2</ele>
            </trkpt>
            <trkpt lat="-34.9342374" lon="173.186186">
                <ele>32.2</ele>
            </trkpt>
            <trkpt lat="-34.9332831" lon="173.1861243">
                <ele>25.2</ele>
            </trkpt>
            <trkpt lat="-34.9324585" lon="173.1869504">
                <ele>21.8</ele>
            </trkpt>
            <trkpt lat="-34.9316317" lon="173.187637">
                <ele>19.8</ele>
            </trkpt>
            <trkpt lat="-34.9302199" lon="173.1888574">
                <ele>18.2</ele>
            </trkpt>
            <trkpt lat="-34.9291204" lon="173.1894341">
                <ele>17.2</ele>
            </trkpt>
            <trkpt lat="-34.927293" lon="173.1895065">
                <ele>16.8</ele>
            </trkpt>
            <trkpt lat="-34.9263232" lon="173.1900269">
                <ele>15.4</ele>
            </trkpt>
            <trkpt lat="-34.9252654" lon="173.1900752">
                <ele>16</ele>
            </trkpt>
            <trkpt lat="-34.9236292" lon="173.1889406">
                <ele>19.5</ele>
            </trkpt>
            <trkpt lat="-34.9228331" lon="173.188152">
                <ele>18.5</ele>
            </trkpt>
            <trkpt lat="-34.9221426" lon="173.1873125">
                <ele>17.8</ele>
            </trkpt>
            <trkpt lat="-34.9168687" lon="173.183898">
                <ele>21</ele>
            </trkpt>
            <trkpt lat="-34.91406" lon="173.182101">
                <ele>20.2</ele>
            </trkpt>
            <trkpt lat="-34.9127711" lon="173.1812266">
                <ele>24.5</ele>
            </trkpt>
            <trkpt lat="-34.9116384" lon="173.180269">
                <ele>23</ele>
            </trkpt>
            <trkpt lat="-34.9083611" lon="173.1785417">
                <ele>18.5</ele>
            </trkpt>
            <trkpt lat="-34.9060449" lon="173.1782815">
                <ele>18.8</ele>
            </trkpt>
            <trkpt lat="-34.9051474" lon="173.1781474">
                <ele>18.3</ele>
            </trkpt>
            <trkpt lat="-34.9029961" lon="173.1771174">
                <ele>13.8</ele>
            </trkpt>
            <trkpt lat="-34.9018214" lon="173.1764469">
                <ele>12.8</ele>
            </trkpt>
            <trkpt lat="-34.8998482" lon="173.1754276">
                <ele>15</ele>
            </trkpt>
            <trkpt lat="-34.8988869" lon="173.1748053">
                <ele>15.8</ele>
            </trkpt>
            <trkpt lat="-34.8980685" lon="173.1739309">
                <ele>15.8</ele>
            </trkpt>
            <trkpt lat="-34.8974614" lon="173.1728795">
                <ele>17.5</ele>
            </trkpt>
            <trkpt lat="-34.8962712" lon="173.1695241">
                <ele>18</ele>
            </trkpt>
            <trkpt lat="-34.8957982" lon="173.1684431">
                <ele>19.5</ele>
            </trkpt>
            <trkpt lat="-34.8948764" lon="173.1671986">
                <ele>20.8</ele>
            </trkpt>
            <trkpt lat="-34.8940999" lon="173.1664637">
                <ele>20</ele>
            </trkpt>
            <trkpt lat="-34.8919637" lon="173.164393">
                <ele>20</ele>
            </trkpt>
            <trkpt lat="-34.8911254" lon="173.1638271">
                <ele>18.2</ele>
            </trkpt>
            <trkpt lat="-34.8901112" lon="173.1640631">
                <ele>21</ele>
            </trkpt>
            <trkpt lat="-34.889152" lon="173.1638619">
                <ele>20.2</ele>
            </trkpt>
            <trkpt lat="-34.8881905" lon="173.1635562">
                <ele>19.1</ele>
            </trkpt>
            <trkpt lat="-34.8876097" lon="173.1625745">
                <ele>19.2</ele>
            </trkpt>
            <trkpt lat="-34.8876823" lon="173.1613219">
                <ele>18.8</ele>
            </trkpt>
            <trkpt lat="-34.8875371" lon="173.1600773">
                <ele>20.1</ele>
            </trkpt>
            <trkpt lat="-34.8868836" lon="173.158873">
                <ele>18</ele>
            </trkpt>
            <trkpt lat="-34.8863644" lon="173.1578699">
                <ele>18.2</ele>
            </trkpt>
            <trkpt lat="-34.8855415" lon="173.1572449">
                <ele>17.2</ele>
            </trkpt>
            <trkpt lat="-34.8837879" lon="173.1566414">
                <ele>14</ele>
            </trkpt>
            <trkpt lat="-34.8829012" lon="173.1563652">
                <ele>10.8</ele>
            </trkpt>
            <trkpt lat="-34.8818517" lon="173.155767">
                <ele>12.8</ele>
            </trkpt>
            <trkpt lat="-34.8808373" lon="173.1552628">
                <ele>13.2</ele>
            </trkpt>
            <trkpt lat="-34.8800078" lon="173.154619">
                <ele>12.5</ele>
            </trkpt>
            <trkpt lat="-34.8769823" lon="173.1542784">
                <ele>11.5</ele>
            </trkpt>
            <trkpt lat="-34.8760581" lon="173.1540048">
                <ele>10.8</ele>
            </trkpt>
            <trkpt lat="-34.8747862" lon="173.153227">
                <ele>10.5</ele>
            </trkpt>
            <trkpt lat="-34.8735495" lon="173.151969">
                <ele>11.5</ele>
            </trkpt>
            <trkpt lat="-34.8725527" lon="173.1508398">
                <ele>12.2</ele>
            </trkpt>
            <trkpt lat="-34.8718551" lon="173.1498769">
                <ele>12</ele>
            </trkpt>
            <trkpt lat="-34.8712543" lon="173.149032">
                <ele>11.8</ele>
            </trkpt>
            <trkpt lat="-34.8704753" lon="173.1483239">
                <ele>13.5</ele>
            </trkpt>
            <trkpt lat="-34.8632746" lon="173.1451911">
                <ele>12.8</ele>
            </trkpt>
            <trkpt lat="-34.8623657" lon="173.1444857">
                <ele>13.2</ele>
            </trkpt>
            <trkpt lat="-34.8612366" lon="173.1427905">
                <ele>14.8</ele>
            </trkpt>
            <trkpt lat="-34.8604069" lon="173.1419724">
                <ele>17</ele>
            </trkpt>
            <trkpt lat="-34.8593549" lon="173.1417391">
                <ele>15.8</ele>
            </trkpt>
            <trkpt lat="-34.8584899" lon="173.1420475">
                <ele>12.5</ele>
            </trkpt>
            <trkpt lat="-34.8570395" lon="173.1434852">
                <ele>11.4</ele>
            </trkpt>
            <trkpt lat="-34.8561151" lon="173.1441128">
                <ele>10.8</ele>
            </trkpt>
            <trkpt lat="-34.8552127" lon="173.1442335">
                <ele>10.7</ele>
            </trkpt>
            <trkpt lat="-34.8542816" lon="173.1439143">
                <ele>10.7</ele>
            </trkpt>
            <trkpt lat="-34.8504693" lon="173.141377">
                <ele>10.6</ele>
            </trkpt>
            <trkpt lat="-34.8479446" lon="173.1397676">
                <ele>10.5</ele>
            </trkpt>
            <trkpt lat="-34.8470971" lon="173.1394002">
                <ele>9.9</ele>
            </trkpt>
            <trkpt lat="-34.8460207" lon="173.1392688">
                <ele>9</ele>
            </trkpt>
            <trkpt lat="-34.8432317" lon="173.1384641">
                <ele>8.8</ele>
            </trkpt>
            <trkpt lat="-34.842219" lon="173.1381369">
                <ele>8.7</ele>
            </trkpt>
            <trkpt lat="-34.8413341" lon="173.1375334">
                <ele>8.6</ele>
            </trkpt>
            <trkpt lat="-34.84024" lon="173.1366992">
                <ele>8.5</ele>
            </trkpt>
            <trkpt lat="-34.8380231" lon="173.1348887">
                <ele>8.2</ele>
            </trkpt>
            <trkpt lat="-34.836874" lon="173.1339526">
                <ele>8.1</ele>
            </trkpt>
            <trkpt lat="-34.8356719" lon="173.1330112">
                <ele>8</ele>
            </trkpt>
            <trkpt lat="-34.8347671" lon="173.1322145">
                <ele>6.4</ele>
            </trkpt>
            <trkpt lat="-34.8339855" lon="173.1313241">
                <ele>5</ele>
            </trkpt>
            <trkpt lat="-34.8319644" lon="173.1298354">
                <ele>11</ele>
            </trkpt>
            <trkpt lat="-34.8304541" lon="173.1288484">
                <ele>12</ele>
            </trkpt>
            <trkpt lat="-34.8293797" lon="173.1281081">
                <ele>13.1</ele>
            </trkpt>
            <trkpt lat="-34.8284461" lon="173.1276816">
                <ele>13.2</ele>
            </trkpt>
            <trkpt lat="-34.8272154" lon="173.1276441">
                <ele>13.5</ele>
            </trkpt>
            <trkpt lat="-34.8260484" lon="173.1277299">
                <ele>13.8</ele>
            </trkpt>
            <trkpt lat="-34.8250246" lon="173.1277701">
                <ele>13.5</ele>
            </trkpt>
            <trkpt lat="-34.8240514" lon="173.1277272">
                <ele>13.7</ele>
            </trkpt>
            <trkpt lat="-34.8230077" lon="173.127239">
                <ele>15</ele>
            </trkpt>
            <trkpt lat="-34.8218847" lon="173.1264102">
                <ele>13</ele>
            </trkpt>
            <trkpt lat="-34.8209379" lon="173.1256646">
                <ele>10.5</ele>
            </trkpt>
            <trkpt lat="-34.8200769" lon="173.1247687">
                <ele>11</ele>
            </trkpt>
            <trkpt lat="-34.8191433" lon="173.1233123">
                <ele>11.8</ele>
            </trkpt>
            <trkpt lat="-34.8181854" lon="173.1218317">
                <ele>12.2</ele>
            </trkpt>
            <trkpt lat="-34.8176525" lon="173.1208768">
                <ele>15.2</ele>
            </trkpt>
            <trkpt lat="-34.8175975" lon="173.1197342">
                <ele>24</ele>
            </trkpt>
            <trkpt lat="-34.8168708" lon="173.1189618">
                <ele>19</ele>
            </trkpt>
            <trkpt lat="-34.814977" lon="173.1181571">
                <ele>12</ele>
            </trkpt>
            <trkpt lat="-34.8140566" lon="173.1178325">
                <ele>12.5</ele>
            </trkpt>
            <trkpt lat="-34.8130964" lon="173.1174034">
                <ele>14</ele>
            </trkpt>
            <trkpt lat="-34.8124358" lon="173.1166604">
                <ele>15.2</ele>
            </trkpt>
            <trkpt lat="-34.8114602" lon="173.1163654">
                <ele>11.5</ele>
            </trkpt>
            <trkpt lat="-34.8098504" lon="173.1158745">
                <ele>19.5</ele>
            </trkpt>
            <trkpt lat="-34.8083198" lon="173.1154534">
                <ele>18</ele>
            </trkpt>
            <trkpt lat="-34.8070117" lon="173.1151798">
                <ele>13</ele>
            </trkpt>
            <trkpt lat="-34.8059347" lon="173.1149492">
                <ele>13.8</ele>
            </trkpt>
            <trkpt lat="-34.8050758" lon="173.114571">
                <ele>12</ele>
            </trkpt>
            <trkpt lat="-34.8043072" lon="173.1136483">
                <ele>8.8</ele>
            </trkpt>
            <trkpt lat="-34.8037676" lon="173.112267">
                <ele>10</ele>
            </trkpt>
            <trkpt lat="-34.8032236" lon="173.1113496">
                <ele>9</ele>
            </trkpt>
            <trkpt lat="-34.8002437" lon="173.1093568">
                <ele>7.2</ele>
            </trkpt>
            <trkpt lat="-34.7980654" lon="173.1083134">
                <ele>9</ele>
            </trkpt>
            <trkpt lat="-34.79718" lon="173.107895">
                <ele>7.8</ele>
            </trkpt>
            <trkpt lat="-34.7965214" lon="173.1071064">
                <ele>7</ele>
            </trkpt>
            <trkpt lat="-34.7961778" lon="173.1060201">
                <ele>7.3</ele>
            </trkpt>
            <trkpt lat="-34.796114" lon="173.1046629">
                <ele>8.1</ele>
            </trkpt>
            <trkpt lat="-34.7959025" lon="173.1034184">
                <ele>8.3</ele>
            </trkpt>
            <trkpt lat="-34.7953673" lon="173.1025171">
                <ele>8.2</ele>
            </trkpt>
            <trkpt lat="-34.7945611" lon="173.1019565">
                <ele>8.2</ele>
            </trkpt>
            <trkpt lat="-34.7933695" lon="173.1018385">
                <ele>9.8</ele>
            </trkpt>
            <trkpt lat="-34.7922857" lon="173.1019324">
                <ele>8.5</ele>
            </trkpt>
            <trkpt lat="-34.7912196" lon="173.1017929">
                <ele>8.8</ele>
            </trkpt>
            <trkpt lat="-34.790398" lon="173.1011894">
                <ele>9.2</ele>
            </trkpt>
            <trkpt lat="-34.7896931" lon="173.1004679">
                <ele>9.5</ele>
            </trkpt>
            <trkpt lat="-34.7888803" lon="173.0999878">
                <ele>10.4</ele>
            </trkpt>
            <trkpt lat="-34.7871687" lon="173.0996338">
                <ele>9.8</ele>
            </trkpt>
            <trkpt lat="-34.7862105" lon="173.0994728">
                <ele>8.8</ele>
            </trkpt>
            <trkpt lat="-34.7853029" lon="173.0990705">
                <ele>8.2</ele>
            </trkpt>
            <trkpt lat="-34.7845032" lon="173.0982095">
                <ele>10</ele>
            </trkpt>
            <trkpt lat="-34.7834282" lon="173.0968443">
                <ele>6</ele>
            </trkpt>
            <trkpt lat="-34.7817319" lon="173.0957392">
                <ele>8.8</ele>
            </trkpt>
            <trkpt lat="-34.7801634" lon="173.0948836">
                <ele>10.8</ele>
            </trkpt>
            <trkpt lat="-34.7772267" lon="173.0932716">
                <ele>10.5</ele>
            </trkpt>
            <trkpt lat="-34.7751602" lon="173.0917695">
                <ele>10.2</ele>
            </trkpt>
            <trkpt lat="-34.7739572" lon="173.0908388">
                <ele>10.7</ele>
            </trkpt>
            <trkpt lat="-34.7731046" lon="173.090179">
                <ele>11.6</ele>
            </trkpt>
            <trkpt lat="-34.7723665" lon="173.0892402">
                <ele>12.1</ele>
            </trkpt>
            <trkpt lat="-34.7718664" lon="173.0881512">
                <ele>13.4</ele>
            </trkpt>
            <trkpt lat="-34.7713927" lon="173.0871186">
                <ele>14.7</ele>
            </trkpt>
            <trkpt lat="-34.769998" lon="173.0840313">
                <ele>18.5</ele>
            </trkpt>
            <trkpt lat="-34.769597" lon="173.0829236">
                <ele>24.2</ele>
            </trkpt>
            <trkpt lat="-34.7692467" lon="173.0811399">
                <ele>20.2</ele>
            </trkpt>
            <trkpt lat="-34.7689052" lon="173.0794206">
                <ele>12.5</ele>
            </trkpt>
            <trkpt lat="-34.7686826" lon="173.0783102">
                <ele>15</ele>
            </trkpt>
            <trkpt lat="-34.7681979" lon="173.077189">
                <ele>16.6</ele>
            </trkpt>
            <trkpt lat="-34.767473" lon="173.076497">
                <ele>14.8</ele>
            </trkpt>
            <trkpt lat="-34.7665388" lon="173.07621">
                <ele>9.8</ele>
            </trkpt>
            <trkpt lat="-34.7606996" lon="173.0762583">
                <ele>4.2</ele>
            </trkpt>
            <trkpt lat="-34.759719" lon="173.0760866">
                <ele>4.8</ele>
            </trkpt>
            <trkpt lat="-34.7588839" lon="173.0754992">
                <ele>4.5</ele>
            </trkpt>
            <trkpt lat="-34.758258" lon="173.0744773">
                <ele>4.5</ele>
            </trkpt>
            <trkpt lat="-34.7580641" lon="173.0733079">
                <ele>5.5</ele>
            </trkpt>
            <trkpt lat="-34.7579583" lon="173.0693221">
                <ele>11.2</ele>
            </trkpt>
            <trkpt lat="-34.7578349" lon="173.068099">
                <ele>13.2</ele>
            </trkpt>
            <trkpt lat="-34.7574339" lon="173.0666909">
                <ele>16.2</ele>
            </trkpt>
            <trkpt lat="-34.7567199" lon="173.0653203">
                <ele>18.2</ele>
            </trkpt>
            <trkpt lat="-34.7558384" lon="173.0642661">
                <ele>19.5</ele>
            </trkpt>
            <trkpt lat="-34.7544766" lon="173.0630752">
                <ele>27</ele>
            </trkpt>
            <trkpt lat="-34.752945" lon="173.0617207">
                <ele>30.5</ele>
            </trkpt>
            <trkpt lat="-34.7506354" lon="173.0594945">
                <ele>33.2</ele>
            </trkpt>
            <trkpt lat="-34.7499478" lon="173.0585128">
                <ele>30</ele>
            </trkpt>
            <trkpt lat="-34.7486586" lon="173.0548167">
                <ele>28</ele>
            </trkpt>
            <trkpt lat="-34.7474883" lon="173.0514345">
                <ele>32</ele>
            </trkpt>
            <trkpt lat="-34.7469572" lon="173.0500987">
                <ele>33.2</ele>
            </trkpt>
            <trkpt lat="-34.7464128" lon="173.0492243">
                <ele>35.5</ele>
            </trkpt>
            <trkpt lat="-34.7457208" lon="173.0483714">
                <ele>39.5</ele>
            </trkpt>
            <trkpt lat="-34.7448458" lon="173.0476606">
                <ele>39.5</ele>
            </trkpt>
            <trkpt lat="-34.7436534" lon="173.0470437">
                <ele>39.5</ele>
            </trkpt>
            <trkpt lat="-34.7414207" lon="173.0464482">
                <ele>36</ele>
            </trkpt>
            <trkpt lat="-34.7393842" lon="173.0459198">
                <ele>35.3</ele>
            </trkpt>
            <trkpt lat="-34.7382733" lon="173.0456543">
                <ele>33.2</ele>
            </trkpt>
            <trkpt lat="-34.736726" lon="173.0456623">
                <ele>25.5</ele>
            </trkpt>
            <trkpt lat="-34.7356724" lon="173.0456999">
                <ele>25.8</ele>
            </trkpt>
            <trkpt lat="-34.7345835" lon="173.0457079">
                <ele>26.2</ele>
            </trkpt>
            <trkpt lat="-34.7330185" lon="173.0452681">
                <ele>27.8</ele>
            </trkpt>
            <trkpt lat="-34.7245624" lon="173.0425">
                <ele>39.2</ele>
            </trkpt>
            <trkpt lat="-34.7212886" lon="173.041698">
                <ele>45.8</ele>
            </trkpt>
            <trkpt lat="-34.7193045" lon="173.0412394">
                <ele>44.2</ele>
            </trkpt>
            <trkpt lat="-34.7181382" lon="173.0405796">
                <ele>43.5</ele>
            </trkpt>
            <trkpt lat="-34.7154573" lon="173.0386591">
                <ele>35</ele>
            </trkpt>
            <trkpt lat="-34.7135391" lon="173.0372134">
                <ele>24.2</ele>
            </trkpt>
            <trkpt lat="-34.7114379" lon="173.0357221">
                <ele>32.2</ele>
            </trkpt>
            <trkpt lat="-34.7104634" lon="173.0350542">
                <ele>28.5</ele>
            </trkpt>
            <trkpt lat="-34.7090412" lon="173.0346519">
                <ele>20.2</ele>
            </trkpt>
            <trkpt lat="-34.7080424" lon="173.0340752">
                <ele>21</ele>
            </trkpt>
            <trkpt lat="-34.7072552" lon="173.033064">
                <ele>23</ele>
            </trkpt>
            <trkpt lat="-34.7065981" lon="173.0322433">
                <ele>28.5</ele>
            </trkpt>
            <trkpt lat="-34.70436" lon="173.0305803">
                <ele>34.2</ele>
            </trkpt>
            <trkpt lat="-34.6989751" lon="173.0266723">
                <ele>46</ele>
            </trkpt>
            <trkpt lat="-34.6958724" lon="173.0244166">
                <ele>48.5</ele>
            </trkpt>
            <trkpt lat="-34.6946528" lon="173.0235288">
                <ele>50.8</ele>
            </trkpt>
            <trkpt lat="-34.6933032" lon="173.0221394">
                <ele>47.8</ele>
            </trkpt>
            <trkpt lat="-34.6865083" lon="173.0138218">
                <ele>37.2</ele>
            </trkpt>
            <trkpt lat="-34.6851496" lon="173.0122769">
                <ele>39.8</ele>
            </trkpt>
            <trkpt lat="-34.6787709" lon="173.0046809">
                <ele>15</ele>
            </trkpt>
            <trkpt lat="-34.6774453" lon="173.0030581">
                <ele>27.2</ele>
            </trkpt>
            <trkpt lat="-34.6750167" lon="173.0000997">
                <ele>28.5</ele>
            </trkpt>
            <trkpt lat="-34.6742954" lon="172.9992226">
                <ele>26.5</ele>
            </trkpt>
            <trkpt lat="-34.6736844" lon="172.9982811">
                <ele>29.2</ele>
            </trkpt>
            <trkpt lat="-34.6731351" lon="172.9964921">
                <ele>34.2</ele>
            </trkpt>
            <trkpt lat="-34.6725682" lon="172.9945394">
                <ele>33.8</ele>
            </trkpt>
            <trkpt lat="-34.671688" lon="172.9902291">
                <ele>37.5</ele>
            </trkpt>
            <trkpt lat="-34.6713571" lon="172.9886413">
                <ele>37.4</ele>
            </trkpt>
            <trkpt lat="-34.6710704" lon="172.987276">
                <ele>37.3</ele>
            </trkpt>
            <trkpt lat="-34.6707924" lon="172.9859188">
                <ele>37.2</ele>
            </trkpt>
            <trkpt lat="-34.6703998" lon="172.9848486">
                <ele>38.8</ele>
            </trkpt>
            <trkpt lat="-34.6696078" lon="172.9817882">
                <ele>40.8</ele>
            </trkpt>
            <trkpt lat="-34.6684453" lon="172.9774752">
                <ele>45.2</ele>
            </trkpt>
            <trkpt lat="-34.6678364" lon="172.9759866">
                <ele>43.8</ele>
            </trkpt>
            <trkpt lat="-34.6669341" lon="172.9747689">
                <ele>44</ele>
            </trkpt>
            <trkpt lat="-34.6655024" lon="172.9736075">
                <ele>46</ele>
            </trkpt>
            <trkpt lat="-34.6642736" lon="172.9721966">
                <ele>49.5</ele>
            </trkpt>
            <trkpt lat="-34.663892" lon="172.9711854">
                <ele>47.8</ele>
            </trkpt>
            <trkpt lat="-34.6637" lon="172.9700857">
                <ele>49</ele>
            </trkpt>
            <trkpt lat="-34.6633117" lon="172.969088">
                <ele>53</ele>
            </trkpt>
            <trkpt lat="-34.6625462" lon="172.9684389">
                <ele>52</ele>
            </trkpt>
            <trkpt lat="-34.6614387" lon="172.9675189">
                <ele>55.5</ele>
            </trkpt>
            <trkpt lat="-34.6600356" lon="172.9667062">
                <ele>55</ele>
            </trkpt>
            <trkpt lat="-34.6589611" lon="172.9668027">
                <ele>52.4</ele>
            </trkpt>
            <trkpt lat="-34.6581095" lon="172.9672694">
                <ele>52.5</ele>
            </trkpt>
            <trkpt lat="-34.6572799" lon="172.9678595">
                <ele>53.5</ele>
            </trkpt>
            <trkpt lat="-34.6562761" lon="172.9684308">
                <ele>50.2</ele>
            </trkpt>
            <trkpt lat="-34.6553163" lon="172.9688627">
                <ele>44</ele>
            </trkpt>
            <trkpt lat="-34.6535711" lon="172.969721">
                <ele>35.5</ele>
            </trkpt>
            <trkpt lat="-34.6525186" lon="172.9700911">
                <ele>37.5</ele>
            </trkpt>
            <trkpt lat="-34.6515191" lon="172.9703701">
                <ele>39.8</ele>
            </trkpt>
            <trkpt lat="-34.6503474" lon="172.9702735">
                <ele>36.8</ele>
            </trkpt>
            <trkpt lat="-34.6483616" lon="172.9702172">
                <ele>32.5</ele>
            </trkpt>
            <trkpt lat="-34.6461947" lon="172.970185">
                <ele>29.8</ele>
            </trkpt>
            <trkpt lat="-34.6452547" lon="172.9701716">
                <ele>27.8</ele>
            </trkpt>
            <trkpt lat="-34.6441139" lon="172.970134">
                <ele>24.2</ele>
            </trkpt>
            <trkpt lat="-34.642428" lon="172.9700509">
                <ele>12.2</ele>
            </trkpt>
            <trkpt lat="-34.641521" lon="172.969957">
                <ele>11.5</ele>
            </trkpt>
            <trkpt lat="-34.6405766" lon="172.9696566">
                <ele>14</ele>
            </trkpt>
            <trkpt lat="-34.6393033" lon="172.9698899">
                <ele>20</ele>
            </trkpt>
            <trkpt lat="-34.636761" lon="172.9699275">
                <ele>24</ele>
            </trkpt>
            <trkpt lat="-34.6349514" lon="172.9699838">
                <ele>12.8</ele>
            </trkpt>
            <trkpt lat="-34.631897" lon="172.9700562">
                <ele>7.8</ele>
            </trkpt>
            <trkpt lat="-34.6307471" lon="172.9701367">
                <ele>7.2</ele>
            </trkpt>
            <trkpt lat="-34.6297915" lon="172.9703352">
                <ele>4.5</ele>
            </trkpt>
            <trkpt lat="-34.6287807" lon="172.9703352">
                <ele>3</ele>
            </trkpt>
            <trkpt lat="-34.6278868" lon="172.9692435">
                <ele>4.5</ele>
            </trkpt>
            <trkpt lat="-34.6274057" lon="172.9682484">
                <ele>5.2</ele>
            </trkpt>
            <trkpt lat="-34.6270128" lon="172.9666579">
                <ele>6.5</ele>
            </trkpt>
            <trkpt lat="-34.626642" lon="172.9654267">
                <ele>5.7</ele>
            </trkpt>
            <trkpt lat="-34.6263573" lon="172.96426">
                <ele>5.3</ele>
            </trkpt>
            <trkpt lat="-34.6258541" lon="172.9632542">
                <ele>6</ele>
            </trkpt>
            <trkpt lat="-34.6250771" lon="172.962648">
                <ele>5.3</ele>
            </trkpt>
            <trkpt lat="-34.6241236" lon="172.9628062">
                <ele>11.2</ele>
            </trkpt>
            <trkpt lat="-34.6232783" lon="172.9633266">
                <ele>15.5</ele>
            </trkpt>
            <trkpt lat="-34.6223601" lon="172.9641581">
                <ele>20.2</ele>
            </trkpt>
            <trkpt lat="-34.6213889" lon="172.9643807">
                <ele>27.2</ele>
            </trkpt>
            <trkpt lat="-34.620559" lon="172.9638791">
                <ele>25.5</ele>
            </trkpt>
            <trkpt lat="-34.6200138" lon="172.9628465">
                <ele>27.5</ele>
            </trkpt>
            <trkpt lat="-34.6198195" lon="172.9617092">
                <ele>33.2</ele>
            </trkpt>
            <trkpt lat="-34.6193891" lon="172.9607436">
                <ele>34.2</ele>
            </trkpt>
            <trkpt lat="-34.6185658" lon="172.9602715">
                <ele>33</ele>
            </trkpt>
            <trkpt lat="-34.6165483" lon="172.9593596">
                <ele>34.5</ele>
            </trkpt>
            <trkpt lat="-34.615524" lon="172.9586005">
                <ele>41.2</ele>
            </trkpt>
            <trkpt lat="-34.6146256" lon="172.9576591">
                <ele>46.2</ele>
            </trkpt>
            <trkpt lat="-34.6137735" lon="172.9570743">
                <ele>45.2</ele>
            </trkpt>
            <trkpt lat="-34.6128795" lon="172.9566586">
                <ele>47.8</ele>
            </trkpt>
            <trkpt lat="-34.6111113" lon="172.9562885">
                <ele>54</ele>
            </trkpt>
            <trkpt lat="-34.6102945" lon="172.955575">
                <ele>60.8</ele>
            </trkpt>
            <trkpt lat="-34.6099082" lon="172.9544297">
                <ele>60</ele>
            </trkpt>
            <trkpt lat="-34.6090141" lon="172.9539415">
                <ele>55.5</ele>
            </trkpt>
            <trkpt lat="-34.6080317" lon="172.9539737">
                <ele>54.5</ele>
            </trkpt>
            <trkpt lat="-34.6073187" lon="172.9531583">
                <ele>54.8</ele>
            </trkpt>
            <trkpt lat="-34.6063804" lon="172.9504171">
                <ele>56.8</ele>
            </trkpt>
            <trkpt lat="-34.6059676" lon="172.9494408">
                <ele>58.2</ele>
            </trkpt>
            <trkpt lat="-34.6053649" lon="172.9483598">
                <ele>63</ele>
            </trkpt>
            <trkpt lat="-34.6050646" lon="172.9472816">
                <ele>68.8</ele>
            </trkpt>
            <trkpt lat="-34.6043295" lon="172.9465815">
                <ele>75.5</ele>
            </trkpt>
            <trkpt lat="-34.6033581" lon="172.9468712">
                <ele>68.2</ele>
            </trkpt>
            <trkpt lat="-34.6025015" lon="172.9463884">
                <ele>63.5</ele>
            </trkpt>
            <trkpt lat="-34.6022498" lon="172.9450983">
                <ele>55.2</ele>
            </trkpt>
            <trkpt lat="-34.6014881" lon="172.9434863">
                <ele>41</ele>
            </trkpt>
            <trkpt lat="-34.6011967" lon="172.9422417">
                <ele>30.2</ele>
            </trkpt>
            <trkpt lat="-34.6012254" lon="172.941142">
                <ele>26.4</ele>
            </trkpt>
            <trkpt lat="-34.6008567" lon="172.9400504">
                <ele>24.2</ele>
            </trkpt>
            <trkpt lat="-34.6002054" lon="172.9392886">
                <ele>23.8</ele>
            </trkpt>
            <trkpt lat="-34.5994746" lon="172.9386234">
                <ele>24.8</ele>
            </trkpt>
            <trkpt lat="-34.5988873" lon="172.9377893">
                <ele>26.6</ele>
            </trkpt>
            <trkpt lat="-34.5981587" lon="172.936247">
                <ele>32</ele>
            </trkpt>
            <trkpt lat="-34.5976354" lon="172.9353538">
                <ele>26.8</ele>
            </trkpt>
            <trkpt lat="-34.5969996" lon="172.9344499">
                <ele>24.8</ele>
            </trkpt>
            <trkpt lat="-34.5964012" lon="172.9335836">
                <ele>24.1</ele>
            </trkpt>
            <trkpt lat="-34.5954209" lon="172.9333395">
                <ele>22</ele>
            </trkpt>
            <trkpt lat="-34.5946614" lon="172.9326019">
                <ele>24.2</ele>
            </trkpt>
            <trkpt lat="-34.5940586" lon="172.9315504">
                <ele>26.3</ele>
            </trkpt>
            <trkpt lat="-34.5935154" lon="172.9306224">
                <ele>26.8</ele>
            </trkpt>
            <trkpt lat="-34.5926565" lon="172.9294798">
                <ele>29.8</ele>
            </trkpt>
            <trkpt lat="-34.5919499" lon="172.9286429">
                <ele>35.5</ele>
            </trkpt>
            <trkpt lat="-34.5915503" lon="172.927503">
                <ele>39</ele>
            </trkpt>
            <trkpt lat="-34.5909519" lon="172.9259124">
                <ele>43.8</ele>
            </trkpt>
            <trkpt lat="-34.5908945" lon="172.9247752">
                <ele>46.8</ele>
            </trkpt>
            <trkpt lat="-34.5914995" lon="172.9228628">
                <ele>45</ele>
            </trkpt>
            <trkpt lat="-34.5920559" lon="172.9196441">
                <ele>47.5</ele>
            </trkpt>
            <trkpt lat="-34.5925064" lon="172.9181421">
                <ele>57.8</ele>
            </trkpt>
            <trkpt lat="-34.5929634" lon="172.9165488">
                <ele>64</ele>
            </trkpt>
            <trkpt lat="-34.5934933" lon="172.9152185">
                <ele>69</ele>
            </trkpt>
            <trkpt lat="-34.5937958" lon="172.9140785">
                <ele>68.5</ele>
            </trkpt>
            <trkpt lat="-34.5938135" lon="172.9128903">
                <ele>65.2</ele>
            </trkpt>
            <trkpt lat="-34.5934139" lon="172.911686">
                <ele>69.2</ele>
            </trkpt>
            <trkpt lat="-34.5928221" lon="172.9107526">
                <ele>74.2</ele>
            </trkpt>
            <trkpt lat="-34.5922591" lon="172.9092586">
                <ele>79</ele>
            </trkpt>
            <trkpt lat="-34.5920758" lon="172.9081804">
                <ele>79.2</ele>
            </trkpt>
            <trkpt lat="-34.5918572" lon="172.9069224">
                <ele>74.5</ele>
            </trkpt>
            <trkpt lat="-34.5915083" lon="172.9058066">
                <ele>67.8</ele>
            </trkpt>
            <trkpt lat="-34.5912036" lon="172.9043421">
                <ele>62.2</ele>
            </trkpt>
            <trkpt lat="-34.5904794" lon="172.9033819">
                <ele>60.8</ele>
            </trkpt>
            <trkpt lat="-34.5892362" lon="172.9025289">
                <ele>58</ele>
            </trkpt>
            <trkpt lat="-34.5869265" lon="172.9001552">
                <ele>55</ele>
            </trkpt>
            <trkpt lat="-34.585988" lon="172.8979585">
                <ele>55.2</ele>
            </trkpt>
            <trkpt lat="-34.5854139" lon="172.8967917">
                <ele>62</ele>
            </trkpt>
            <trkpt lat="-34.5837997" lon="172.895692">
                <ele>71.2</ele>
            </trkpt>
            <trkpt lat="-34.5819712" lon="172.8946996">
                <ele>72</ele>
            </trkpt>
            <trkpt lat="-34.5810526" lon="172.8941604">
                <ele>75</ele>
            </trkpt>
            <trkpt lat="-34.5800036" lon="172.8944394">
                <ele>76</ele>
            </trkpt>
            <trkpt lat="-34.5793897" lon="172.8952736">
                <ele>70.8</ele>
            </trkpt>
            <trkpt lat="-34.5785549" lon="172.8967112">
                <ele>63.8</ele>
            </trkpt>
            <trkpt lat="-34.5780249" lon="172.8976098">
                <ele>64.5</ele>
            </trkpt>
            <trkpt lat="-34.5769847" lon="172.8981623">
                <ele>66.2</ele>
            </trkpt>
            <trkpt lat="-34.575971" lon="172.8981596">
                <ele>66.8</ele>
            </trkpt>
            <trkpt lat="-34.5744207" lon="172.8980657">
                <ele>63.8</ele>
            </trkpt>
            <trkpt lat="-34.573259" lon="172.8975213">
                <ele>68</ele>
            </trkpt>
            <trkpt lat="-34.572179" lon="172.8975105">
                <ele>70.8</ele>
            </trkpt>
            <trkpt lat="-34.5712669" lon="172.8985056">
                <ele>71.5</ele>
            </trkpt>
            <trkpt lat="-34.5703326" lon="172.8989428">
                <ele>70.7</ele>
            </trkpt>
            <trkpt lat="-34.5694315" lon="172.8988731">
                <ele>70.8</ele>
            </trkpt>
            <trkpt lat="-34.5688462" lon="172.8968078">
                <ele>71</ele>
            </trkpt>
            <trkpt lat="-34.568473" lon="172.8957054">
                <ele>67.5</ele>
            </trkpt>
            <trkpt lat="-34.5684266" lon="172.8944609">
                <ele>69</ele>
            </trkpt>
            <trkpt lat="-34.5684862" lon="172.8809398">
                <ele>67</ele>
            </trkpt>
            <trkpt lat="-34.5680732" lon="172.8798911">
                <ele>68.2</ele>
            </trkpt>
            <trkpt lat="-34.563373" lon="172.8774503">
                <ele>56</ele>
            </trkpt>
            <trkpt lat="-34.5618246" lon="172.8762165">
                <ele>52.5</ele>
            </trkpt>
            <trkpt lat="-34.5604728" lon="172.8738347">
                <ele>60.2</ele>
            </trkpt>
            <trkpt lat="-34.5595672" lon="172.872912">
                <ele>53.8</ele>
            </trkpt>
            <trkpt lat="-34.5557678" lon="172.8722951">
                <ele>46</ele>
            </trkpt>
            <trkpt lat="-34.5548753" lon="172.8720349">
                <ele>46.8</ele>
            </trkpt>
            <trkpt lat="-34.5539829" lon="172.8714502">
                <ele>41.2</ele>
            </trkpt>
            <trkpt lat="-34.5532097" lon="172.8705758">
                <ele>35</ele>
            </trkpt>
            <trkpt lat="-34.5527193" lon="172.86957">
                <ele>25</ele>
            </trkpt>
            <trkpt lat="-34.5523327" lon="172.8677273">
                <ele>13</ele>
            </trkpt>
            <trkpt lat="-34.552008" lon="172.8667">
                <ele>5.5</ele>
            </trkpt>
            <trkpt lat="-34.5514469" lon="172.8655869">
                <ele>5.8</ele>
            </trkpt>
            <trkpt lat="-34.550709" lon="172.8646615">
                <ele>7.8</ele>
            </trkpt>
            <trkpt lat="-34.5495978" lon="172.8638917">
                <ele>7</ele>
            </trkpt>
            <trkpt lat="-34.5482635" lon="172.8622985">
                <ele>6.8</ele>
            </trkpt>
            <trkpt lat="-34.5472185" lon="172.861526">
                <ele>7.5</ele>
            </trkpt>
            <trkpt lat="-34.5459526" lon="172.8609145">
                <ele>5.2</ele>
            </trkpt>
            <trkpt lat="-34.5447773" lon="172.8593695">
                <ele>5.8</ele>
            </trkpt>
            <trkpt lat="-34.5426519" lon="172.856234">
                <ele>4.2</ele>
            </trkpt>
            <trkpt lat="-34.5412446" lon="172.8525138">
                <ele>6.2</ele>
            </trkpt>
            <trkpt lat="-34.5408336" lon="172.8513202">
                <ele>7.4</ele>
            </trkpt>
            <trkpt lat="-34.540648" lon="172.8498852">
                <ele>9</ele>
            </trkpt>
            <trkpt lat="-34.5405353" lon="172.8485173">
                <ele>9.2</ele>
            </trkpt>
            <trkpt lat="-34.5400824" lon="172.847423">
                <ele>8</ele>
            </trkpt>
            <trkpt lat="-34.5374266" lon="172.8442821">
                <ele>12.8</ele>
            </trkpt>
            <trkpt lat="-34.5366776" lon="172.8434211">
                <ele>13.8</ele>
            </trkpt>
            <trkpt lat="-34.5359087" lon="172.842764">
                <ele>14.2</ele>
            </trkpt>
            <trkpt lat="-34.5349564" lon="172.8421551">
                <ele>16.5</ele>
            </trkpt>
            <trkpt lat="-34.5337191" lon="172.8416669">
                <ele>17.5</ele>
            </trkpt>
            <trkpt lat="-34.5318829" lon="172.8405163">
                <ele>27.5</ele>
            </trkpt>
            <trkpt lat="-34.5305748" lon="172.8391886">
                <ele>42</ele>
            </trkpt>
            <trkpt lat="-34.5297505" lon="172.8386065">
                <ele>50.2</ele>
            </trkpt>
            <trkpt lat="-34.5288203" lon="172.8385422">
                <ele>55.2</ele>
            </trkpt>
            <trkpt lat="-34.5274082" lon="172.8389955">
                <ele>61.8</ele>
            </trkpt>
            <trkpt lat="-34.5264647" lon="172.8392932">
                <ele>61.8</ele>
            </trkpt>
            <trkpt lat="-34.5255432" lon="172.8393495">
                <ele>59.6</ele>
            </trkpt>
            <trkpt lat="-34.523603" lon="172.8402025">
                <ele>46</ele>
            </trkpt>
            <trkpt lat="-34.522635" lon="172.8402534">
                <ele>38.8</ele>
            </trkpt>
            <trkpt lat="-34.5218859" lon="172.8395292">
                <ele>30</ele>
            </trkpt>
            <trkpt lat="-34.5213577" lon="172.8384832">
                <ele>22.5</ele>
            </trkpt>
            <trkpt lat="-34.5210881" lon="172.8372735">
                <ele>13</ele>
            </trkpt>
            <trkpt lat="-34.5203412" lon="172.8366271">
                <ele>10</ele>
            </trkpt>
            <trkpt lat="-34.5198594" lon="172.8377134">
                <ele>11.8</ele>
            </trkpt>
            <trkpt lat="-34.5194086" lon="172.8387246">
                <ele>11.5</ele>
            </trkpt>
            <trkpt lat="-34.5188494" lon="172.8396097">
                <ele>12.5</ele>
            </trkpt>
            <trkpt lat="-34.5179632" lon="172.8398618">
                <ele>18.8</ele>
            </trkpt>
            <trkpt lat="-34.5172715" lon="172.8406262">
                <ele>14.2</ele>
            </trkpt>
            <trkpt lat="-34.5163411" lon="172.8406799">
                <ele>13</ele>
            </trkpt>
            <trkpt lat="-34.5155985" lon="172.8399959">
                <ele>14.8</ele>
            </trkpt>
            <trkpt lat="-34.5151896" lon="172.8386843">
                <ele>18</ele>
            </trkpt>
            <trkpt lat="-34.5143476" lon="172.8371984">
                <ele>22.8</ele>
            </trkpt>
            <trkpt lat="-34.5139674" lon="172.8360853">
                <ele>25.8</ele>
            </trkpt>
            <trkpt lat="-34.5139166" lon="172.8348997">
                <ele>28</ele>
            </trkpt>
            <trkpt lat="-34.5134746" lon="172.8338939">
                <ele>34.5</ele>
            </trkpt>
            <trkpt lat="-34.5134945" lon="172.8327405">
                <ele>47</ele>
            </trkpt>
            <trkpt lat="-34.5130812" lon="172.8314611">
                <ele>55.8</ele>
            </trkpt>
            <trkpt lat="-34.5126237" lon="172.8303587">
                <ele>62.8</ele>
            </trkpt>
            <trkpt lat="-34.5119739" lon="172.8295085">
                <ele>65.5</ele>
            </trkpt>
            <trkpt lat="-34.5117286" lon="172.8283739">
                <ele>75.5</ele>
            </trkpt>
            <trkpt lat="-34.5112932" lon="172.8273708">
                <ele>77.8</ele>
            </trkpt>
            <trkpt lat="-34.5107428" lon="172.8258178">
                <ele>84</ele>
            </trkpt>
            <trkpt lat="-34.5100952" lon="172.8249756">
                <ele>88.8</ele>
            </trkpt>
            <trkpt lat="-34.5091382" lon="172.8245866">
                <ele>86.8</ele>
            </trkpt>
            <trkpt lat="-34.5082983" lon="172.822811">
                <ele>80</ele>
            </trkpt>
            <trkpt lat="-34.5077524" lon="172.8217381">
                <ele>74</ele>
            </trkpt>
            <trkpt lat="-34.5069832" lon="172.8207028">
                <ele>71.2</ele>
            </trkpt>
            <trkpt lat="-34.5064262" lon="172.8195843">
                <ele>68.5</ele>
            </trkpt>
            <trkpt lat="-34.505962" lon="172.8176424">
                <ele>76.5</ele>
            </trkpt>
            <trkpt lat="-34.5057874" lon="172.8164032">
                <ele>80.8</ele>
            </trkpt>
            <trkpt lat="-34.505772" lon="172.8151265">
                <ele>80</ele>
            </trkpt>
            <trkpt lat="-34.5054736" lon="172.8140455">
                <ele>78</ele>
            </trkpt>
            <trkpt lat="-34.5048768" lon="172.8130719">
                <ele>72.5</ele>
            </trkpt>
            <trkpt lat="-34.5037053" lon="172.8119722">
                <ele>62</ele>
            </trkpt>
            <trkpt lat="-34.5027415" lon="172.8110549">
                <ele>48</ele>
            </trkpt>
            <trkpt lat="-34.5020298" lon="172.8099257">
                <ele>39</ele>
            </trkpt>
            <trkpt lat="-34.5015767" lon="172.8088233">
                <ele>37.2</ele>
            </trkpt>
            <trkpt lat="-34.5009997" lon="172.8078765">
                <ele>35.8</ele>
            </trkpt>
            <trkpt lat="-34.5006903" lon="172.8065997">
                <ele>31.2</ele>
            </trkpt>
            <trkpt lat="-34.5009312" lon="172.8055483">
                <ele>27.8</ele>
            </trkpt>
            <trkpt lat="-34.5014838" lon="172.8045478">
                <ele>23.5</ele>
            </trkpt>
            <trkpt lat="-34.5019171" lon="172.8035045">
                <ele>24.8</ele>
            </trkpt>
            <trkpt lat="-34.5018905" lon="172.8020936">
                <ele>28</ele>
            </trkpt>
            <trkpt lat="-34.501654" lon="172.8004682">
                <ele>33.2</ele>
            </trkpt>
            <trkpt lat="-34.501864" lon="172.7993712">
                <ele>33</ele>
            </trkpt>
            <trkpt lat="-34.5027283" lon="172.7989554">
                <ele>37</ele>
            </trkpt>
            <trkpt lat="-34.5037871" lon="172.7987757">
                <ele>42.8</ele>
            </trkpt>
            <trkpt lat="-34.5045541" lon="172.7981508">
                <ele>47.2</ele>
            </trkpt>
            <trkpt lat="-34.5051707" lon="172.7969947">
                <ele>46.8</ele>
            </trkpt>
            <trkpt lat="-34.5056371" lon="172.7959996">
                <ele>51.2</ele>
            </trkpt>
            <trkpt lat="-34.5065146" lon="172.7948999">
                <ele>62.5</ele>
            </trkpt>
            <trkpt lat="-34.5073037" lon="172.7942079">
                <ele>66.8</ele>
            </trkpt>
            <trkpt lat="-34.5082497" lon="172.7935883">
                <ele>66.5</ele>
            </trkpt>
            <trkpt lat="-34.508915" lon="172.7919388">
                <ele>57.5</ele>
            </trkpt>
            <trkpt lat="-34.509662" lon="172.7911261">
                <ele>55.8</ele>
            </trkpt>
            <trkpt lat="-34.510639" lon="172.7903885">
                <ele>63</ele>
            </trkpt>
            <trkpt lat="-34.511302" lon="172.7895382">
                <ele>62.8</ele>
            </trkpt>
            <trkpt lat="-34.5137707" lon="172.7895302">
                <ele>40</ele>
            </trkpt>
            <trkpt lat="-34.5146747" lon="172.789624">
                <ele>37</ele>
            </trkpt>
            <trkpt lat="-34.5155543" lon="172.7893853">
                <ele>36.2</ele>
            </trkpt>
            <trkpt lat="-34.5164295" lon="172.7880764">
                <ele>39.2</ele>
            </trkpt>
            <trkpt lat="-34.5179964" lon="172.7856866">
                <ele>52.8</ele>
            </trkpt>
            <trkpt lat="-34.5185643" lon="172.7843723">
                <ele>59.5</ele>
            </trkpt>
            <trkpt lat="-34.518655" lon="172.7825698">
                <ele>64.5</ele>
            </trkpt>
            <trkpt lat="-34.5191434" lon="172.7809015">
                <ele>62</ele>
            </trkpt>
            <trkpt lat="-34.5195257" lon="172.7794397">
                <ele>59.5</ele>
            </trkpt>
            <trkpt lat="-34.5198925" lon="172.7780798">
                <ele>59</ele>
            </trkpt>
            <trkpt lat="-34.5201378" lon="172.7766529">
                <ele>59.8</ele>
            </trkpt>
            <trkpt lat="-34.5205179" lon="172.7745983">
                <ele>60</ele>
            </trkpt>
            <trkpt lat="-34.5214572" lon="172.7742523">
                <ele>50.5</ele>
            </trkpt>
            <trkpt lat="-34.5222748" lon="172.7747083">
                <ele>49</ele>
            </trkpt>
            <trkpt lat="-34.5231455" lon="172.7742389">
                <ele>40.8</ele>
            </trkpt>
            <trkpt lat="-34.5238549" lon="172.7734208">
                <ele>40.6</ele>
            </trkpt>
            <trkpt lat="-34.5231455" lon="172.7742389">
                <ele>40.8</ele>
            </trkpt>
            <trkpt lat="-34.5222748" lon="172.7747083">
                <ele>49</ele>
            </trkpt>
            <trkpt lat="-34.5214572" lon="172.7742523">
                <ele>50.5</ele>
            </trkpt>
            <trkpt lat="-34.5205621" lon="172.7744025">
                <ele>58.2</ele>
            </trkpt>
            <trkpt lat="-34.5202108" lon="172.7761728">
                <ele>60.2</ele>
            </trkpt>
            <trkpt lat="-34.520076" lon="172.7773851">
                <ele>60</ele>
            </trkpt>
            <trkpt lat="-34.5196251" lon="172.7790588">
                <ele>59.4</ele>
            </trkpt>
            <trkpt lat="-34.519329" lon="172.7802792">
                <ele>60.8</ele>
            </trkpt>
            <trkpt lat="-34.5188008" lon="172.7818108">
                <ele>63.5</ele>
            </trkpt>
            <trkpt lat="-34.518655" lon="172.7838546">
                <ele>61.5</ele>
            </trkpt>
            <trkpt lat="-34.5182218" lon="172.7852762">
                <ele>55.8</ele>
            </trkpt>
            <trkpt lat="-34.5164295" lon="172.7880764">
                <ele>39.2</ele>
            </trkpt>
            <trkpt lat="-34.5155543" lon="172.7893853">
                <ele>36.2</ele>
            </trkpt>
            <trkpt lat="-34.5146747" lon="172.789624">
                <ele>37</ele>
            </trkpt>
            <trkpt lat="-34.5137707" lon="172.7895302">
                <ele>40</ele>
            </trkpt>
            <trkpt lat="-34.5120247" lon="172.7893558">
                <ele>55.5</ele>
            </trkpt>
            <trkpt lat="-34.5110876" lon="172.7897233">
                <ele>64.2</ele>
            </trkpt>
            <trkpt lat="-34.509945" lon="172.7909517">
                <ele>57.8</ele>
            </trkpt>
            <trkpt lat="-34.5090542" lon="172.7915981">
                <ele>55.8</ele>
            </trkpt>
            <trkpt lat="-34.5086674" lon="172.7929017">
                <ele>61.8</ele>
            </trkpt>
            <trkpt lat="-34.5080707" lon="172.7939156">
                <ele>66.8</ele>
            </trkpt>
            <trkpt lat="-34.5071556" lon="172.7943152">
                <ele>66.5</ele>
            </trkpt>
            <trkpt lat="-34.5061212" lon="172.7953157">
                <ele>58.2</ele>
            </trkpt>
            <trkpt lat="-34.5053697" lon="172.7965119">
                <ele>47</ele>
            </trkpt>
            <trkpt lat="-34.5049121" lon="172.79755">
                <ele>46.8</ele>
            </trkpt>
            <trkpt lat="-34.5041009" lon="172.7985585">
                <ele>45</ele>
            </trkpt>
            <trkpt lat="-34.5031262" lon="172.7988616">
                <ele>39</ele>
            </trkpt>
            <trkpt lat="-34.5022022" lon="172.7991781">
                <ele>34.2</ele>
            </trkpt>
            <trkpt lat="-34.5016209" lon="172.8001785">
                <ele>34</ele>
            </trkpt>
            <trkpt lat="-34.5017557" lon="172.8014123">
                <ele>30.8</ele>
            </trkpt>
            <trkpt lat="-34.5020033" lon="172.8024611">
                <ele>26.8</ele>
            </trkpt>
            <trkpt lat="-34.5017093" lon="172.8040275">
                <ele>23.2</ele>
            </trkpt>
            <trkpt lat="-34.5012097" lon="172.8050601">
                <ele>24.8</ele>
            </trkpt>
            <trkpt lat="-34.5007079" lon="172.8060338">
                <ele>28.2</ele>
            </trkpt>
            <trkpt lat="-34.5008583" lon="172.8074312">
                <ele>35.2</ele>
            </trkpt>
            <trkpt lat="-34.5013821" lon="172.8084961">
                <ele>36.5</ele>
            </trkpt>
            <trkpt lat="-34.5018507" lon="172.8094643">
                <ele>37.2</ele>
            </trkpt>
            <trkpt lat="-34.5024188" lon="172.8106579">
                <ele>44</ele>
            </trkpt>
            <trkpt lat="-34.5037053" lon="172.8119722">
                <ele>62</ele>
            </trkpt>
            <trkpt lat="-34.5044634" lon="172.8126481">
                <ele>68.2</ele>
            </trkpt>
            <trkpt lat="-34.5051288" lon="172.8134125">
                <ele>74.2</ele>
            </trkpt>
            <trkpt lat="-34.5056172" lon="172.8144479">
                <ele>79.2</ele>
            </trkpt>
            <trkpt lat="-34.5058184" lon="172.8157085">
                <ele>80</ele>
            </trkpt>
            <trkpt lat="-34.5058029" lon="172.8168243">
                <ele>79.8</ele>
            </trkpt>
            <trkpt lat="-34.506245" lon="172.8189245">
                <ele>70.2</ele>
            </trkpt>
            <trkpt lat="-34.5065986" lon="172.8200269">
                <ele>69.2</ele>
            </trkpt>
            <trkpt lat="-34.5076286" lon="172.8215584">
                <ele>73.5</ele>
            </trkpt>
            <trkpt lat="-34.5082121" lon="172.8225777">
                <ele>79.5</ele>
            </trkpt>
            <trkpt lat="-34.5086696" lon="172.8239">
                <ele>85.5</ele>
            </trkpt>
            <trkpt lat="-34.5094587" lon="172.8247502">
                <ele>86.2</ele>
            </trkpt>
            <trkpt lat="-34.5103737" lon="172.8251955">
                <ele>89.5</ele>
            </trkpt>
            <trkpt lat="-34.5111451" lon="172.8270194">
                <ele>79</ele>
            </trkpt>
            <trkpt lat="-34.5116136" lon="172.8280011">
                <ele>77</ele>
            </trkpt>
            <trkpt lat="-34.5118236" lon="172.829074">
                <ele>68.8</ele>
            </trkpt>
            <trkpt lat="-34.5125154" lon="172.8302059">
                <ele>63.8</ele>
            </trkpt>
            <trkpt lat="-34.512964" lon="172.8311983">
                <ele>56.8</ele>
            </trkpt>
            <trkpt lat="-34.5134635" lon="172.8322443">
                <ele>53</ele>
            </trkpt>
            <trkpt lat="-34.5134436" lon="172.8333923">
                <ele>38.5</ele>
            </trkpt>
            <trkpt lat="-34.5138282" lon="172.8346691">
                <ele>29.2</ele>
            </trkpt>
            <trkpt lat="-34.5139674" lon="172.8360853">
                <ele>25.8</ele>
            </trkpt>
            <trkpt lat="-34.5143476" lon="172.8371984">
                <ele>22.8</ele>
            </trkpt>
            <trkpt lat="-34.5150813" lon="172.8383464">
                <ele>18.5</ele>
            </trkpt>
            <trkpt lat="-34.5155543" lon="172.8398779">
                <ele>15</ele>
            </trkpt>
            <trkpt lat="-34.5162372" lon="172.8406557">
                <ele>12.8</ele>
            </trkpt>
            <trkpt lat="-34.5171919" lon="172.8406423">
                <ele>14</ele>
            </trkpt>
            <trkpt lat="-34.5179632" lon="172.8398618">
                <ele>18.8</ele>
            </trkpt>
            <trkpt lat="-34.5188494" lon="172.8396097">
                <ele>12.5</ele>
            </trkpt>
            <trkpt lat="-34.5194086" lon="172.8387246">
                <ele>11.5</ele>
            </trkpt>
            <trkpt lat="-34.5198594" lon="172.8377134">
                <ele>11.8</ele>
            </trkpt>
            <trkpt lat="-34.5202284" lon="172.8366861">
                <ele>11</ele>
            </trkpt>
            <trkpt lat="-34.5210594" lon="172.8371689">
                <ele>12.2</ele>
            </trkpt>
            <trkpt lat="-34.5213157" lon="172.8383088">
                <ele>21.2</ele>
            </trkpt>
            <trkpt lat="-34.5218859" lon="172.8395292">
                <ele>30</ele>
            </trkpt>
            <trkpt lat="-34.522635" lon="172.8402534">
                <ele>38.8</ele>
            </trkpt>
            <trkpt lat="-34.523603" lon="172.8402025">
                <ele>46</ele>
            </trkpt>
            <trkpt lat="-34.5250283" lon="172.8395078">
                <ele>56.8</ele>
            </trkpt>
            <trkpt lat="-34.5261663" lon="172.8393227">
                <ele>61</ele>
            </trkpt>
            <trkpt lat="-34.5273154" lon="172.839033">
                <ele>61.8</ele>
            </trkpt>
            <trkpt lat="-34.5283695" lon="172.8386548">
                <ele>56.8</ele>
            </trkpt>
            <trkpt lat="-34.5293042" lon="172.8385341">
                <ele>53.2</ele>
            </trkpt>
            <trkpt lat="-34.5302853" lon="172.8388882">
                <ele>45.8</ele>
            </trkpt>
            <trkpt lat="-34.5312818" lon="172.8400093">
                <ele>33.2</ele>
            </trkpt>
            <trkpt lat="-34.5329545" lon="172.8412271">
                <ele>20.8</ele>
            </trkpt>
            <trkpt lat="-34.5345631" lon="172.8419808">
                <ele>17</ele>
            </trkpt>
            <trkpt lat="-34.5356259" lon="172.8425521">
                <ele>15.2</ele>
            </trkpt>
            <trkpt lat="-34.5364081" lon="172.8431743">
                <ele>14</ele>
            </trkpt>
            <trkpt lat="-34.5374266" lon="172.8442821">
                <ele>12.8</ele>
            </trkpt>
            <trkpt lat="-34.539846" lon="172.8470904">
                <ele>9</ele>
            </trkpt>
            <trkpt lat="-34.5404182" lon="172.8481176">
                <ele>8.8</ele>
            </trkpt>
            <trkpt lat="-34.5406237" lon="172.8494668">
                <ele>9.2</ele>
            </trkpt>
            <trkpt lat="-34.5407165" lon="172.8508535">
                <ele>8.2</ele>
            </trkpt>
            <trkpt lat="-34.5412446" lon="172.8525138">
                <ele>6.2</ele>
            </trkpt>
            <trkpt lat="-34.5422564" lon="172.8553945">
                <ele>5.5</ele>
            </trkpt>
            <trkpt lat="-34.5447773" lon="172.8593695">
                <ele>5.8</ele>
            </trkpt>
            <trkpt lat="-34.5454158" lon="172.8604048">
                <ele>6.2</ele>
            </trkpt>
            <trkpt lat="-34.5464585" lon="172.8611585">
                <ele>6</ele>
            </trkpt>
            <trkpt lat="-34.5476206" lon="172.8617379">
                <ele>8.2</ele>
            </trkpt>
            <trkpt lat="-34.5489351" lon="172.8632614">
                <ele>6.2</ele>
            </trkpt>
            <trkpt lat="-34.5503224" lon="172.8643772">
                <ele>8</ele>
            </trkpt>
            <trkpt lat="-34.5510625" lon="172.8650129">
                <ele>7.5</ele>
            </trkpt>
            <trkpt lat="-34.551723" lon="172.8660831">
                <ele>3</ele>
            </trkpt>
            <trkpt lat="-34.5522046" lon="172.8672311">
                <ele>9.8</ele>
            </trkpt>
            <trkpt lat="-34.5524851" lon="172.8686392">
                <ele>18.5</ele>
            </trkpt>
            <trkpt lat="-34.552832" lon="172.8698516">
                <ele>27.8</ele>
            </trkpt>
            <trkpt lat="-34.5533467" lon="172.8707609">
                <ele>36.5</ele>
            </trkpt>
            <trkpt lat="-34.5541508" lon="172.871595">
                <ele>43</ele>
            </trkpt>
            <trkpt lat="-34.5551294" lon="172.8721395">
                <ele>46</ele>
            </trkpt>
            <trkpt lat="-34.5587167" lon="172.8725687">
                <ele>48.5</ele>
            </trkpt>
            <trkpt lat="-34.5598322" lon="172.8731266">
                <ele>55.2</ele>
            </trkpt>
            <trkpt lat="-34.5615264" lon="172.8758141">
                <ele>54</ele>
            </trkpt>
            <trkpt lat="-34.5630837" lon="172.8772625">
                <ele>55.2</ele>
            </trkpt>
            <trkpt lat="-34.5678369" lon="172.8797409">
                <ele>67</ele>
            </trkpt>
            <trkpt lat="-34.5684619" lon="172.8806019">
                <ele>68</ele>
            </trkpt>
            <trkpt lat="-34.5684266" lon="172.8944609">
                <ele>69</ele>
            </trkpt>
            <trkpt lat="-34.568473" lon="172.8957054">
                <ele>67.5</ele>
            </trkpt>
            <trkpt lat="-34.5688462" lon="172.8968078">
                <ele>71</ele>
            </trkpt>
            <trkpt lat="-34.5689633" lon="172.8980014">
                <ele>73.2</ele>
            </trkpt>
            <trkpt lat="-34.5695353" lon="172.898916">
                <ele>70.5</ele>
            </trkpt>
            <trkpt lat="-34.5705027" lon="172.8989241">
                <ele>70.8</ele>
            </trkpt>
            <trkpt lat="-34.5715098" lon="172.8981489">
                <ele>71.7</ele>
            </trkpt>
            <trkpt lat="-34.5723977" lon="172.897422">
                <ele>70.5</ele>
            </trkpt>
            <trkpt lat="-34.5738686" lon="172.8978941">
                <ele>65.5</ele>
            </trkpt>
            <trkpt lat="-34.575971" lon="172.8981596">
                <ele>66.8</ele>
            </trkpt>
            <trkpt lat="-34.5769847" lon="172.8981623">
                <ele>66.2</ele>
            </trkpt>
            <trkpt lat="-34.5778791" lon="172.8978029">
                <ele>64.6</ele>
            </trkpt>
            <trkpt lat="-34.5785549" lon="172.8967112">
                <ele>63.8</ele>
            </trkpt>
            <trkpt lat="-34.5793102" lon="172.8954104">
                <ele>70.2</ele>
            </trkpt>
            <trkpt lat="-34.5800036" lon="172.8944394">
                <ele>76</ele>
            </trkpt>
            <trkpt lat="-34.5810526" lon="172.8941604">
                <ele>75</ele>
            </trkpt>
            <trkpt lat="-34.5819712" lon="172.8946996">
                <ele>72</ele>
            </trkpt>
            <trkpt lat="-34.5837997" lon="172.895692">
                <ele>71.2</ele>
            </trkpt>
            <trkpt lat="-34.5850539" lon="172.8964511">
                <ele>66.8</ele>
            </trkpt>
            <trkpt lat="-34.5858268" lon="172.8975615">
                <ele>56.2</ele>
            </trkpt>
            <trkpt lat="-34.5863987" lon="172.8993183">
                <ele>54.4</ele>
            </trkpt>
            <trkpt lat="-34.5890309" lon="172.9023385">
                <ele>58.2</ele>
            </trkpt>
            <trkpt lat="-34.5904794" lon="172.9033819">
                <ele>60.8</ele>
            </trkpt>
            <trkpt lat="-34.5911263" lon="172.9041517">
                <ele>61.8</ele>
            </trkpt>
            <trkpt lat="-34.5914796" lon="172.9056135">
                <ele>66.8</ele>
            </trkpt>
            <trkpt lat="-34.5918572" lon="172.9069224">
                <ele>74.5</ele>
            </trkpt>
            <trkpt lat="-34.5920758" lon="172.9081804">
                <ele>79.2</ele>
            </trkpt>
            <trkpt lat="-34.5922591" lon="172.9092586">
                <ele>79</ele>
            </trkpt>
            <trkpt lat="-34.5928221" lon="172.9107526">
                <ele>74.2</ele>
            </trkpt>
            <trkpt lat="-34.5934139" lon="172.911686">
                <ele>69.2</ele>
            </trkpt>
            <trkpt lat="-34.5938135" lon="172.9128903">
                <ele>65.2</ele>
            </trkpt>
            <trkpt lat="-34.5937958" lon="172.9140785">
                <ele>68.5</ele>
            </trkpt>
            <trkpt lat="-34.5934933" lon="172.9152185">
                <ele>69</ele>
            </trkpt>
            <trkpt lat="-34.5930672" lon="172.9162431">
                <ele>65.5</ele>
            </trkpt>
            <trkpt lat="-34.5925064" lon="172.9181421">
                <ele>57.8</ele>
            </trkpt>
            <trkpt lat="-34.5921487" lon="172.9192337">
                <ele>49.5</ele>
            </trkpt>
            <trkpt lat="-34.5916474" lon="172.9222244">
                <ele>43.2</ele>
            </trkpt>
            <trkpt lat="-34.5911484" lon="172.9238471">
                <ele>47.2</ele>
            </trkpt>
            <trkpt lat="-34.5908547" lon="172.9249898">
                <ele>46</ele>
            </trkpt>
            <trkpt lat="-34.5915503" lon="172.927503">
                <ele>39</ele>
            </trkpt>
            <trkpt lat="-34.5919499" lon="172.9286429">
                <ele>35.5</ele>
            </trkpt>
            <trkpt lat="-34.5926565" lon="172.9294798">
                <ele>29.8</ele>
            </trkpt>
            <trkpt lat="-34.5935154" lon="172.9306224">
                <ele>26.8</ele>
            </trkpt>
            <trkpt lat="-34.5940586" lon="172.9315504">
                <ele>26.3</ele>
            </trkpt>
            <trkpt lat="-34.5946305" lon="172.9324999">
                <ele>24.2</ele>
            </trkpt>
            <trkpt lat="-34.5952575" lon="172.9332966">
                <ele>22</ele>
            </trkpt>
            <trkpt lat="-34.5961716" lon="172.933428">
                <ele>23.5</ele>
            </trkpt>
            <trkpt lat="-34.5969996" lon="172.9344499">
                <ele>24.8</ele>
            </trkpt>
            <trkpt lat="-34.5976354" lon="172.9353538">
                <ele>26.8</ele>
            </trkpt>
            <trkpt lat="-34.5981587" lon="172.936247">
                <ele>32</ele>
            </trkpt>
            <trkpt lat="-34.5986709" lon="172.9373387">
                <ele>28.8</ele>
            </trkpt>
            <trkpt lat="-34.5992119" lon="172.938323">
                <ele>25.2</ele>
            </trkpt>
            <trkpt lat="-34.6000552" lon="172.9391518">
                <ele>23.5</ele>
            </trkpt>
            <trkpt lat="-34.6007375" lon="172.939876">
                <ele>24</ele>
            </trkpt>
            <trkpt lat="-34.6012011" lon="172.9409328">
                <ele>26.2</ele>
            </trkpt>
            <trkpt lat="-34.6011967" lon="172.9422417">
                <ele>30.2</ele>
            </trkpt>
            <trkpt lat="-34.6013954" lon="172.9433227">
                <ele>39.2</ele>
            </trkpt>
            <trkpt lat="-34.6019606" lon="172.9443231">
                <ele>49</ele>
            </trkpt>
            <trkpt lat="-34.6024176" lon="172.946088">
                <ele>61.5</ele>
            </trkpt>
            <trkpt lat="-34.6030799" lon="172.94689">
                <ele>66.5</ele>
            </trkpt>
            <trkpt lat="-34.6041242" lon="172.946611">
                <ele>75.2</ele>
            </trkpt>
            <trkpt lat="-34.6049896" lon="172.9470536">
                <ele>70.5</ele>
            </trkpt>
            <trkpt lat="-34.6052744" lon="172.9481587">
                <ele>64.2</ele>
            </trkpt>
            <trkpt lat="-34.6059676" lon="172.9494408">
                <ele>58.2</ele>
            </trkpt>
            <trkpt lat="-34.6063804" lon="172.9504171">
                <ele>56.8</ele>
            </trkpt>
            <trkpt lat="-34.6072458" lon="172.9529518">
                <ele>53.5</ele>
            </trkpt>
            <trkpt lat="-34.6078617" lon="172.9538852">
                <ele>54.7</ele>
            </trkpt>
            <trkpt lat="-34.6090141" lon="172.9539415">
                <ele>55.5</ele>
            </trkpt>
            <trkpt lat="-34.6099082" lon="172.9544297">
                <ele>60</ele>
            </trkpt>
            <trkpt lat="-34.6102945" lon="172.955575">
                <ele>60.8</ele>
            </trkpt>
            <trkpt lat="-34.6111113" lon="172.9562885">
                <ele>54</ele>
            </trkpt>
            <trkpt lat="-34.6123718" lon="172.9565459">
                <ele>50.8</ele>
            </trkpt>
            <trkpt lat="-34.6134711" lon="172.9569054">
                <ele>45.7</ele>
            </trkpt>
            <trkpt lat="-34.6143166" lon="172.9574069">
                <ele>47.5</ele>
            </trkpt>
            <trkpt lat="-34.615524" lon="172.9586005">
                <ele>41.2</ele>
            </trkpt>
            <trkpt lat="-34.6165483" lon="172.9593596">
                <ele>34.5</ele>
            </trkpt>
            <trkpt lat="-34.6185658" lon="172.9602715">
                <ele>33</ele>
            </trkpt>
            <trkpt lat="-34.6193891" lon="172.9607436">
                <ele>34.2</ele>
            </trkpt>
            <trkpt lat="-34.6198195" lon="172.9617092">
                <ele>33.2</ele>
            </trkpt>
            <trkpt lat="-34.6200138" lon="172.9628465">
                <ele>27.5</ele>
            </trkpt>
            <trkpt lat="-34.620559" lon="172.9638791">
                <ele>25.5</ele>
            </trkpt>
            <trkpt lat="-34.6213889" lon="172.9643807">
                <ele>27.2</ele>
            </trkpt>
            <trkpt lat="-34.6223601" lon="172.9641581">
                <ele>20.2</ele>
            </trkpt>
            <trkpt lat="-34.6231613" lon="172.963407">
                <ele>16</ele>
            </trkpt>
            <trkpt lat="-34.6241236" lon="172.9628062">
                <ele>11.2</ele>
            </trkpt>
            <trkpt lat="-34.6250771" lon="172.962648">
                <ele>5.3</ele>
            </trkpt>
            <trkpt lat="-34.6258541" lon="172.9632542">
                <ele>6</ele>
            </trkpt>
            <trkpt lat="-34.6263573" lon="172.96426">
                <ele>5.3</ele>
            </trkpt>
            <trkpt lat="-34.626642" lon="172.9654267">
                <ele>5.7</ele>
            </trkpt>
            <trkpt lat="-34.6270128" lon="172.9666579">
                <ele>6.5</ele>
            </trkpt>
            <trkpt lat="-34.627313" lon="172.9679695">
                <ele>5.2</ele>
            </trkpt>
            <trkpt lat="-34.6278868" lon="172.9692435">
                <ele>4.5</ele>
            </trkpt>
            <trkpt lat="-34.6285092" lon="172.9701152">
                <ele>3</ele>
            </trkpt>
            <trkpt lat="-34.6295973" lon="172.9703835">
                <ele>4</ele>
            </trkpt>
            <trkpt lat="-34.6307471" lon="172.9701367">
                <ele>7.2</ele>
            </trkpt>
            <trkpt lat="-34.631897" lon="172.9700562">
                <ele>7.8</ele>
            </trkpt>
            <trkpt lat="-34.6341988" lon="172.970008">
                <ele>8.8</ele>
            </trkpt>
            <trkpt lat="-34.636761" lon="172.9699275">
                <ele>24</ele>
            </trkpt>
            <trkpt lat="-34.6388244" lon="172.9699355">
                <ele>21.1</ele>
            </trkpt>
            <trkpt lat="-34.6398373" lon="172.9697531">
                <ele>18.2</ele>
            </trkpt>
            <trkpt lat="-34.6408193" lon="172.9697156">
                <ele>13</ele>
            </trkpt>
            <trkpt lat="-34.6417417" lon="172.9700026">
                <ele>11.4</ele>
            </trkpt>
            <trkpt lat="-34.6441139" lon="172.970134">
                <ele>24.2</ele>
            </trkpt>
            <trkpt lat="-34.6452547" lon="172.9701716">
                <ele>27.8</ele>
            </trkpt>
            <trkpt lat="-34.6461947" lon="172.970185">
                <ele>29.8</ele>
            </trkpt>
            <trkpt lat="-34.6474878" lon="172.9702038">
                <ele>31</ele>
            </trkpt>
            <trkpt lat="-34.6496745" lon="172.9702386">
                <ele>35</ele>
            </trkpt>
            <trkpt lat="-34.6510668" lon="172.9703701">
                <ele>38.5</ele>
            </trkpt>
            <trkpt lat="-34.6525186" lon="172.9700911">
                <ele>37.5</ele>
            </trkpt>
            <trkpt lat="-34.6535711" lon="172.969721">
                <ele>35.5</ele>
            </trkpt>
            <trkpt lat="-34.6553163" lon="172.9688627">
                <ele>44</ele>
            </trkpt>
            <trkpt lat="-34.6562761" lon="172.9684308">
                <ele>50.2</ele>
            </trkpt>
            <trkpt lat="-34.6572799" lon="172.9678595">
                <ele>53.5</ele>
            </trkpt>
            <trkpt lat="-34.6581095" lon="172.9672694">
                <ele>52.5</ele>
            </trkpt>
            <trkpt lat="-34.6589611" lon="172.9668027">
                <ele>52.4</ele>
            </trkpt>
            <trkpt lat="-34.6598546" lon="172.9666364">
                <ele>54.2</ele>
            </trkpt>
            <trkpt lat="-34.6612468" lon="172.9673821">
                <ele>55.2</ele>
            </trkpt>
            <trkpt lat="-34.6620763" lon="172.9681009">
                <ele>53.5</ele>
            </trkpt>
            <trkpt lat="-34.6629676" lon="172.9687205">
                <ele>52.8</ele>
            </trkpt>
            <trkpt lat="-34.6636029" lon="172.9696941">
                <ele>51.2</ele>
            </trkpt>
            <trkpt lat="-34.663892" lon="172.9711854">
                <ele>47.8</ele>
            </trkpt>
            <trkpt lat="-34.6642736" lon="172.9721966">
                <ele>49.5</ele>
            </trkpt>
            <trkpt lat="-34.664995" lon="172.9730898">
                <ele>47.8</ele>
            </trkpt>
            <trkpt lat="-34.6663584" lon="172.9742754">
                <ele>44.8</ele>
            </trkpt>
            <trkpt lat="-34.6673312" lon="172.9751953">
                <ele>44.2</ele>
            </trkpt>
            <trkpt lat="-34.6681122" lon="172.9765499">
                <ele>44.2</ele>
            </trkpt>
            <trkpt lat="-34.6696078" lon="172.9817882">
                <ele>40.8</ele>
            </trkpt>
            <trkpt lat="-34.670102" lon="172.9838213">
                <ele>39.8</ele>
            </trkpt>
            <trkpt lat="-34.6706954" lon="172.9856291">
                <ele>37</ele>
            </trkpt>
            <trkpt lat="-34.6710704" lon="172.987276">
                <ele>37.3</ele>
            </trkpt>
            <trkpt lat="-34.6713571" lon="172.9886413">
                <ele>37.4</ele>
            </trkpt>
            <trkpt lat="-34.671688" lon="172.9902291">
                <ele>37.5</ele>
            </trkpt>
            <trkpt lat="-34.6723366" lon="172.9936007">
                <ele>33</ele>
            </trkpt>
            <trkpt lat="-34.6730116" lon="172.996071">
                <ele>35.2</ele>
            </trkpt>
            <trkpt lat="-34.6733932" lon="172.9973879">
                <ele>31.8</ele>
            </trkpt>
            <trkpt lat="-34.6737969" lon="172.9985198">
                <ele>28.5</ele>
            </trkpt>
            <trkpt lat="-34.6750167" lon="173.0000997">
                <ele>28.5</ele>
            </trkpt>
            <trkpt lat="-34.6774453" lon="173.0030581">
                <ele>27.2</ele>
            </trkpt>
            <trkpt lat="-34.6787709" lon="173.0046809">
                <ele>15</ele>
            </trkpt>
            <trkpt lat="-34.6845343" lon="173.0115876">
                <ele>37</ele>
            </trkpt>
            <trkpt lat="-34.6865083" lon="173.0138218">
                <ele>37.2</ele>
            </trkpt>
            <trkpt lat="-34.6933032" lon="173.0221394">
                <ele>47.8</ele>
            </trkpt>
            <trkpt lat="-34.6940045" lon="173.0230165">
                <ele>50.5</ele>
            </trkpt>
            <trkpt lat="-34.6958724" lon="173.0244166">
                <ele>48.5</ele>
            </trkpt>
            <trkpt lat="-34.6989751" lon="173.0266723">
                <ele>46</ele>
            </trkpt>
            <trkpt lat="-34.70436" lon="173.0305803">
                <ele>34.2</ele>
            </trkpt>
            <trkpt lat="-34.7058947" lon="173.0317041">
                <ele>33.2</ele>
            </trkpt>
            <trkpt lat="-34.7068252" lon="173.0324551">
                <ele>26.8</ele>
            </trkpt>
            <trkpt lat="-34.707533" lon="173.0334932">
                <ele>22.5</ele>
            </trkpt>
            <trkpt lat="-34.7082364" lon="173.0342522">
                <ele>21</ele>
            </trkpt>
            <trkpt lat="-34.7101304" lon="173.0349389">
                <ele>26</ele>
            </trkpt>
            <trkpt lat="-34.7114379" lon="173.0357221">
                <ele>32.2</ele>
            </trkpt>
            <trkpt lat="-34.7128843" lon="173.0367815">
                <ele>26</ele>
            </trkpt>
            <trkpt lat="-34.7154573" lon="173.0386591">
                <ele>35</ele>
            </trkpt>
            <trkpt lat="-34.7181382" lon="173.0405796">
                <ele>43.5</ele>
            </trkpt>
            <trkpt lat="-34.7189407" lon="173.0411106">
                <ele>44.5</ele>
            </trkpt>
            <trkpt lat="-34.7212886" lon="173.041698">
                <ele>45.8</ele>
            </trkpt>
            <trkpt lat="-34.723868" lon="173.042323">
                <ele>43</ele>
            </trkpt>
            <trkpt lat="-34.7330185" lon="173.0452681">
                <ele>27.8</ele>
            </trkpt>
            <trkpt lat="-34.7339002" lon="173.045547">
                <ele>27</ele>
            </trkpt>
            <trkpt lat="-34.7356724" lon="173.0456999">
                <ele>25.8</ele>
            </trkpt>
            <trkpt lat="-34.736726" lon="173.0456623">
                <ele>25.5</ele>
            </trkpt>
            <trkpt lat="-34.7377002" lon="173.0456302">
                <ele>29.2</ele>
            </trkpt>
            <trkpt lat="-34.7386436" lon="173.045724">
                <ele>35</ele>
            </trkpt>
            <trkpt lat="-34.7414207" lon="173.0464482">
                <ele>36</ele>
            </trkpt>
            <trkpt lat="-34.7432501" lon="173.0469042">
                <ele>38.2</ele>
            </trkpt>
            <trkpt lat="-34.7441383" lon="173.0472663">
                <ele>39.8</ele>
            </trkpt>
            <trkpt lat="-34.7453196" lon="173.048012">
                <ele>38.5</ele>
            </trkpt>
            <trkpt lat="-34.7460359" lon="173.0487388">
                <ele>38.5</ele>
            </trkpt>
            <trkpt lat="-34.7467081" lon="173.0496696">
                <ele>33</ele>
            </trkpt>
            <trkpt lat="-34.7474883" lon="173.0514345">
                <ele>32</ele>
            </trkpt>
            <trkpt lat="-34.7486586" lon="173.0548167">
                <ele>28</ele>
            </trkpt>
            <trkpt lat="-34.7497935" lon="173.0580944">
                <ele>27</ele>
            </trkpt>
            <trkpt lat="-34.7503731" lon="173.0592075">
                <ele>33</ele>
            </trkpt>
            <trkpt lat="-34.7524623" lon="173.0612996">
                <ele>33</ele>
            </trkpt>
            <trkpt lat="-34.7542716" lon="173.0628794">
                <ele>27.5</ele>
            </trkpt>
            <trkpt lat="-34.7558384" lon="173.0642661">
                <ele>19.5</ele>
            </trkpt>
            <trkpt lat="-34.7567199" lon="173.0653203">
                <ele>18.2</ele>
            </trkpt>
            <trkpt lat="-34.7574339" lon="173.0666909">
                <ele>16.2</ele>
            </trkpt>
            <trkpt lat="-34.7578349" lon="173.068099">
                <ele>13.2</ele>
            </trkpt>
            <trkpt lat="-34.7579583" lon="173.0693221">
                <ele>11.2</ele>
            </trkpt>
            <trkpt lat="-34.7580421" lon="173.0725569">
                <ele>6.6</ele>
            </trkpt>
            <trkpt lat="-34.7581104" lon="173.0738872">
                <ele>4.8</ele>
            </trkpt>
            <trkpt lat="-34.758474" lon="173.074936">
                <ele>4.1</ele>
            </trkpt>
            <trkpt lat="-34.7591307" lon="173.0757433">
                <ele>4.7</ele>
            </trkpt>
            <trkpt lat="-34.7600319" lon="173.0761886">
                <ele>4.6</ele>
            </trkpt>
            <trkpt lat="-34.7663471" lon="173.0761993">
                <ele>9</ele>
            </trkpt>
            <trkpt lat="-34.7673364" lon="173.07643">
                <ele>13.8</ele>
            </trkpt>
            <trkpt lat="-34.7681979" lon="173.077189">
                <ele>16.6</ele>
            </trkpt>
            <trkpt lat="-34.7686826" lon="173.0783102">
                <ele>15</ele>
            </trkpt>
            <trkpt lat="-34.7689052" lon="173.0794206">
                <ele>12.5</ele>
            </trkpt>
            <trkpt lat="-34.7692467" lon="173.0811399">
                <ele>20.2</ele>
            </trkpt>
            <trkpt lat="-34.7695265" lon="173.0826178">
                <ele>25.5</ele>
            </trkpt>
            <trkpt lat="-34.7698746" lon="173.0837363">
                <ele>20.2</ele>
            </trkpt>
            <trkpt lat="-34.7713927" lon="173.0871186">
                <ele>14.7</ele>
            </trkpt>
            <trkpt lat="-34.7718664" lon="173.0881512">
                <ele>13.4</ele>
            </trkpt>
            <trkpt lat="-34.7723665" lon="173.0892402">
                <ele>12.1</ele>
            </trkpt>
            <trkpt lat="-34.7731046" lon="173.090179">
                <ele>11.6</ele>
            </trkpt>
            <trkpt lat="-34.7739572" lon="173.0908388">
                <ele>10.7</ele>
            </trkpt>
            <trkpt lat="-34.7750941" lon="173.0917186">
                <ele>10.3</ele>
            </trkpt>
            <trkpt lat="-34.7767641" lon="173.0929846">
                <ele>9.5</ele>
            </trkpt>
            <trkpt lat="-34.7801634" lon="173.0948836">
                <ele>10.8</ele>
            </trkpt>
            <trkpt lat="-34.7817319" lon="173.0957392">
                <ele>8.8</ele>
            </trkpt>
            <trkpt lat="-34.7830008" lon="173.0964661">
                <ele>6.8</ele>
            </trkpt>
            <trkpt lat="-34.7845032" lon="173.0982095">
                <ele>10</ele>
            </trkpt>
            <trkpt lat="-34.7851663" lon="173.0989552">
                <ele>8.5</ele>
            </trkpt>
            <trkpt lat="-34.7860144" lon="173.0994245">
                <ele>8.5</ele>
            </trkpt>
            <trkpt lat="-34.7871687" lon="173.0996338">
                <ele>9.8</ele>
            </trkpt>
            <trkpt lat="-34.7883142" lon="173.0998537">
                <ele>11.2</ele>
            </trkpt>
            <trkpt lat="-34.7892173" lon="173.1001326">
                <ele>10</ele>
            </trkpt>
            <trkpt lat="-34.790235" lon="173.1010097">
                <ele>9.5</ele>
            </trkpt>
            <trkpt lat="-34.79105" lon="173.1017017">
                <ele>8.5</ele>
            </trkpt>
            <trkpt lat="-34.7921051" lon="173.1019458">
                <ele>8.2</ele>
            </trkpt>
            <trkpt lat="-34.7933695" lon="173.1018385">
                <ele>9.8</ele>
            </trkpt>
            <trkpt lat="-34.7943188" lon="173.1018654">
                <ele>8.8</ele>
            </trkpt>
            <trkpt lat="-34.7952285" lon="173.1023777">
                <ele>8.4</ele>
            </trkpt>
            <trkpt lat="-34.7958188" lon="173.1032199">
                <ele>8.4</ele>
            </trkpt>
            <trkpt lat="-34.7960985" lon="173.1044027">
                <ele>8</ele>
            </trkpt>
            <trkpt lat="-34.7961382" lon="173.1055856">
                <ele>7.4</ele>
            </trkpt>
            <trkpt lat="-34.7963562" lon="173.1067389">
                <ele>7.1</ele>
            </trkpt>
            <trkpt lat="-34.7969267" lon="173.1076643">
                <ele>7</ele>
            </trkpt>
            <trkpt lat="-34.7980654" lon="173.1083134">
                <ele>9</ele>
            </trkpt>
            <trkpt lat="-34.799975" lon="173.1092066">
                <ele>7.6</ele>
            </trkpt>
            <trkpt lat="-34.8026268" lon="173.1108561">
                <ele>7.8</ele>
            </trkpt>
            <trkpt lat="-34.803358" lon="173.1115186">
                <ele>9.1</ele>
            </trkpt>
            <trkpt lat="-34.8039416" lon="173.1127551">
                <ele>9.8</ele>
            </trkpt>
            <trkpt lat="-34.8044129" lon="173.1138387">
                <ele>8.6</ele>
            </trkpt>
            <trkpt lat="-34.8052344" lon="173.1146702">
                <ele>12.5</ele>
            </trkpt>
            <trkpt lat="-34.8064523" lon="173.1150672">
                <ele>13.3</ele>
            </trkpt>
            <trkpt lat="-34.8074455" lon="173.1152764">
                <ele>14.8</ele>
            </trkpt>
            <trkpt lat="-34.8098504" lon="173.1158745">
                <ele>19.5</ele>
            </trkpt>
            <trkpt lat="-34.8107357" lon="173.1161615">
                <ele>14</ele>
            </trkpt>
            <trkpt lat="-34.8119029" lon="173.1165022">
                <ele>12.5</ele>
            </trkpt>
            <trkpt lat="-34.8127815" lon="173.1169662">
                <ele>15.5</ele>
            </trkpt>
            <trkpt lat="-34.8134906" lon="173.1177387">
                <ele>13.4</ele>
            </trkpt>
            <trkpt lat="-34.8145608" lon="173.1179854">
                <ele>11.8</ele>
            </trkpt>
            <trkpt lat="-34.8164568" lon="173.1187418">
                <ele>16</ele>
            </trkpt>
            <trkpt lat="-34.8173002" lon="173.1193668">
                <ele>23.5</ele>
            </trkpt>
            <trkpt lat="-34.81769" lon="173.1203592">
                <ele>20</ele>
            </trkpt>
            <trkpt lat="-34.8180753" lon="173.1216842">
                <ele>12.5</ele>
            </trkpt>
            <trkpt lat="-34.8187183" lon="173.1226417">
                <ele>11</ele>
            </trkpt>
            <trkpt lat="-34.8197841" lon="173.1243235">
                <ele>11.5</ele>
            </trkpt>
            <trkpt lat="-34.8205129" lon="173.1252757">
                <ele>10.8</ele>
            </trkpt>
            <trkpt lat="-34.8218847" lon="173.1264102">
                <ele>13</ele>
            </trkpt>
            <trkpt lat="-34.8230077" lon="173.127239">
                <ele>15</ele>
            </trkpt>
            <trkpt lat="-34.82384" lon="173.1276682">
                <ele>13.7</ele>
            </trkpt>
            <trkpt lat="-34.8250246" lon="173.1277701">
                <ele>13.5</ele>
            </trkpt>
            <trkpt lat="-34.8259493" lon="173.1277353">
                <ele>14</ele>
            </trkpt>
            <trkpt lat="-34.8272154" lon="173.1276441">
                <ele>13.5</ele>
            </trkpt>
            <trkpt lat="-34.828248" lon="173.1276333">
                <ele>13.3</ele>
            </trkpt>
            <trkpt lat="-34.8293797" lon="173.1281081">
                <ele>13.1</ele>
            </trkpt>
            <trkpt lat="-34.8304541" lon="173.1288484">
                <ele>12</ele>
            </trkpt>
            <trkpt lat="-34.8314404" lon="173.1294867">
                <ele>11.3</ele>
            </trkpt>
            <trkpt lat="-34.8333206" lon="173.1307635">
                <ele>7</ele>
            </trkpt>
            <trkpt lat="-34.8342277" lon="173.1308359">
                <ele>5.8</ele>
            </trkpt>
            <trkpt lat="-34.8353813" lon="173.1309137">
                <ele>6.2</ele>
            </trkpt>
            <trkpt lat="-34.8362553" lon="173.1306455">
                <ele>8.7</ele>
            </trkpt>
            <trkpt lat="-34.8371403" lon="173.1303665">
                <ele>8.2</ele>
            </trkpt>
            <trkpt lat="-34.8383864" lon="173.1300688">
                <ele>8</ele>
            </trkpt>
            <trkpt lat="-34.8395091" lon="173.1299132">
                <ele>8</ele>
            </trkpt>
            <trkpt lat="-34.8405592" lon="173.1297362">
                <ele>9</ele>
            </trkpt>
            <trkpt lat="-34.8414838" lon="173.1293741">
                <ele>10.1</ele>
            </trkpt>
            <trkpt lat="-34.8423093" lon="173.1286231">
                <ele>10.5</ele>
            </trkpt>
            <trkpt lat="-34.843454" lon="173.1282154">
                <ele>13</ele>
            </trkpt>
            <trkpt lat="-34.8443521" lon="173.1280249">
                <ele>13.8</ele>
            </trkpt>
            <trkpt lat="-34.8456729" lon="173.1262091">
                <ele>21.2</ele>
            </trkpt>
            <trkpt lat="-34.8468198" lon="173.1225747">
                <ele>26</ele>
            </trkpt>
            <trkpt lat="-34.8486666" lon="173.1168401">
                <ele>29.8</ele>
            </trkpt>
            <trkpt lat="-34.8490518" lon="173.1158075">
                <ele>29.6</ele>
            </trkpt>
            <trkpt lat="-34.8497496" lon="173.1146541">
                <ele>29</ele>
            </trkpt>
            <trkpt lat="-34.8505596" lon="173.1133693">
                <ele>37.5</ele>
            </trkpt>
            <trkpt lat="-34.8525186" lon="173.1122375">
                <ele>50.5</ele>
            </trkpt>
            <trkpt lat="-34.853399" lon="173.1117788">
                <ele>51.2</ele>
            </trkpt>
            <trkpt lat="-34.8541496" lon="173.1095177">
                <ele>49.8</ele>
            </trkpt>
            <trkpt lat="-34.8547681" lon="173.1073585">
                <ele>49</ele>
            </trkpt>
            <trkpt lat="-34.855479" lon="173.1056178">
                <ele>46.2</ele>
            </trkpt>
            <trkpt lat="-34.856399" lon="173.1050089">
                <ele>45.2</ele>
            </trkpt>
            <trkpt lat="-34.86169" lon="173.1032521">
                <ele>40</ele>
            </trkpt>
            <trkpt lat="-34.8652399" lon="173.1021175">
                <ele>41.8</ele>
            </trkpt>
            <trkpt lat="-34.8688689" lon="173.1023106">
                <ele>44</ele>
            </trkpt>
            <trkpt lat="-34.8713291" lon="173.1024286">
                <ele>35</ele>
            </trkpt>
            <trkpt lat="-34.8775984" lon="173.1026995">
                <ele>38.5</ele>
            </trkpt>
            <trkpt lat="-34.878868" lon="173.1022274">
                <ele>36.8</ele>
            </trkpt>
            <trkpt lat="-34.8802388" lon="173.1013075">
                <ele>32.8</ele>
            </trkpt>
            <trkpt lat="-34.8833809" lon="173.0993307">
                <ele>28.2</ele>
            </trkpt>
            <trkpt lat="-34.884294" lon="173.0986387">
                <ele>27.2</ele>
            </trkpt>
            <trkpt lat="-34.8853149" lon="173.0979413">
                <ele>25.8</ele>
            </trkpt>
            <trkpt lat="-34.8866372" lon="173.0969945">
                <ele>25</ele>
            </trkpt>
            <trkpt lat="-34.8874733" lon="173.0964875">
                <ele>24.8</ele>
            </trkpt>
            <trkpt lat="-34.8906568" lon="173.09461">
                <ele>19.8</ele>
            </trkpt>
            <trkpt lat="-34.8940295" lon="173.0948594">
                <ele>19.2</ele>
            </trkpt>
            <trkpt lat="-34.8951492" lon="173.0940199">
                <ele>16.8</ele>
            </trkpt>
            <trkpt lat="-34.8958378" lon="173.0929095">
                <ele>16</ele>
            </trkpt>
            <trkpt lat="-34.8969796" lon="173.0925688">
                <ele>15.8</ele>
            </trkpt>
            <trkpt lat="-34.8982379" lon="173.0913779">
                <ele>14.2</ele>
            </trkpt>
            <trkpt lat="-34.8992256" lon="173.0914289">
                <ele>15.5</ele>
            </trkpt>
            <trkpt lat="-34.9002618" lon="173.0920002">
                <ele>14</ele>
            </trkpt>
            <trkpt lat="-34.9008601" lon="173.0928344">
                <ele>15</ele>
            </trkpt>
            <trkpt lat="-34.9002618" lon="173.0920002">
                <ele>14</ele>
            </trkpt>
            <trkpt lat="-34.8993928" lon="173.0914289">
                <ele>15</ele>
            </trkpt>
            <trkpt lat="-34.8984227" lon="173.091394">
                <ele>14.3</ele>
            </trkpt>
            <trkpt lat="-34.8977297" lon="173.0921289">
                <ele>14.8</ele>
            </trkpt>
            <trkpt lat="-34.896588" lon="173.0927083">
                <ele>16</ele>
            </trkpt>
            <trkpt lat="-34.8955782" lon="173.0930892">
                <ele>15.8</ele>
            </trkpt>
            <trkpt lat="-34.8946587" lon="173.094779">
                <ele>18.5</ele>
            </trkpt>
            <trkpt lat="-34.8914114" lon="173.0944759">
                <ele>18.5</ele>
            </trkpt>
            <trkpt lat="-34.8874733" lon="173.0964875">
                <ele>24.8</ele>
            </trkpt>
            <trkpt lat="-34.8866372" lon="173.0969945">
                <ele>25</ele>
            </trkpt>
            <trkpt lat="-34.8853149" lon="173.0979413">
                <ele>25.8</ele>
            </trkpt>
            <trkpt lat="-34.884294" lon="173.0986387">
                <ele>27.2</ele>
            </trkpt>
            <trkpt lat="-34.8833809" lon="173.0993307">
                <ele>28.2</ele>
            </trkpt>
            <trkpt lat="-34.8802388" lon="173.1013075">
                <ele>32.8</ele>
            </trkpt>
            <trkpt lat="-34.878868" lon="173.1022274">
                <ele>36.8</ele>
            </trkpt>
            <trkpt lat="-34.8775984" lon="173.1026995">
                <ele>38.5</ele>
            </trkpt>
            <trkpt lat="-34.8713291" lon="173.1024286">
                <ele>35</ele>
            </trkpt>
            <trkpt lat="-34.8688689" lon="173.1023106">
                <ele>44</ele>
            </trkpt>
            <trkpt lat="-34.8652399" lon="173.1021175">
                <ele>41.8</ele>
            </trkpt>
            <trkpt lat="-34.86169" lon="173.1032521">
                <ele>40</ele>
            </trkpt>
            <trkpt lat="-34.856399" lon="173.1050089">
                <ele>45.2</ele>
            </trkpt>
            <trkpt lat="-34.855479" lon="173.1056178">
                <ele>46.2</ele>
            </trkpt>
            <trkpt lat="-34.8547681" lon="173.1073585">
                <ele>49</ele>
            </trkpt>
            <trkpt lat="-34.8541496" lon="173.1095177">
                <ele>49.8</ele>
            </trkpt>
            <trkpt lat="-34.8537182" lon="173.1112289">
                <ele>52</ele>
            </trkpt>
            <trkpt lat="-34.8528994" lon="173.1121275">
                <ele>51</ele>
            </trkpt>
            <trkpt lat="-34.8512287" lon="173.11279">
                <ele>46</ele>
            </trkpt>
            <trkpt lat="-34.85017" lon="173.1141177">
                <ele>31</ele>
            </trkpt>
            <trkpt lat="-34.8493622" lon="173.1152549">
                <ele>29.3</ele>
            </trkpt>
            <trkpt lat="-34.84877" lon="173.1165156">
                <ele>30</ele>
            </trkpt>
            <trkpt lat="-34.8468198" lon="173.1225747">
                <ele>26</ele>
            </trkpt>
            <trkpt lat="-34.8456729" lon="173.1262091">
                <ele>21.2</ele>
            </trkpt>
            <trkpt lat="-34.8451732" lon="173.1277996">
                <ele>14.5</ele>
            </trkpt>
            <trkpt lat="-34.8441694" lon="173.1280464">
                <ele>13.8</ele>
            </trkpt>
            <trkpt lat="-34.8423093" lon="173.1286231">
                <ele>10.5</ele>
            </trkpt>
            <trkpt lat="-34.8415432" lon="173.1293017">
                <ele>10</ele>
            </trkpt>
            <trkpt lat="-34.8405592" lon="173.1297362">
                <ele>9</ele>
            </trkpt>
            <trkpt lat="-34.8395091" lon="173.1299132">
                <ele>8</ele>
            </trkpt>
            <trkpt lat="-34.8383864" lon="173.1300688">
                <ele>8</ele>
            </trkpt>
            <trkpt lat="-34.8371403" lon="173.1303665">
                <ele>8.2</ele>
            </trkpt>
            <trkpt lat="-34.8362553" lon="173.1306455">
                <ele>8.7</ele>
            </trkpt>
            <trkpt lat="-34.8353813" lon="173.1309137">
                <ele>6.2</ele>
            </trkpt>
            <trkpt lat="-34.8344038" lon="173.1308386">
                <ele>5.9</ele>
            </trkpt>
            <trkpt lat="-34.8333955" lon="173.1308225">
                <ele>6.8</ele>
            </trkpt>
            <trkpt lat="-34.8319644" lon="173.1298354">
                <ele>11</ele>
            </trkpt>
            <trkpt lat="-34.8304541" lon="173.1288484">
                <ele>12</ele>
            </trkpt>
            <trkpt lat="-34.8293797" lon="173.1281081">
                <ele>13.1</ele>
            </trkpt>
            <trkpt lat="-34.8284461" lon="173.1276816">
                <ele>13.2</ele>
            </trkpt>
            <trkpt lat="-34.8272154" lon="173.1276441">
                <ele>13.5</ele>
            </trkpt>
            <trkpt lat="-34.8260484" lon="173.1277299">
                <ele>13.8</ele>
            </trkpt>
            <trkpt lat="-34.8250246" lon="173.1277701">
                <ele>13.5</ele>
            </trkpt>
            <trkpt lat="-34.8240514" lon="173.1277272">
                <ele>13.7</ele>
            </trkpt>
            <trkpt lat="-34.8230077" lon="173.127239">
                <ele>15</ele>
            </trkpt>
            <trkpt lat="-34.8218847" lon="173.1264102">
                <ele>13</ele>
            </trkpt>
            <trkpt lat="-34.8209379" lon="173.1256646">
                <ele>10.5</ele>
            </trkpt>
            <trkpt lat="-34.8200769" lon="173.1247687">
                <ele>11</ele>
            </trkpt>
            <trkpt lat="-34.8191433" lon="173.1233123">
                <ele>11.8</ele>
            </trkpt>
            <trkpt lat="-34.8181854" lon="173.1218317">
                <ele>12.2</ele>
            </trkpt>
            <trkpt lat="-34.8176525" lon="173.1208768">
                <ele>15.2</ele>
            </trkpt>
            <trkpt lat="-34.8175975" lon="173.1197342">
                <ele>24</ele>
            </trkpt>
            <trkpt lat="-34.8168708" lon="173.1189618">
                <ele>19</ele>
            </trkpt>
            <trkpt lat="-34.814977" lon="173.1181571">
                <ele>12</ele>
            </trkpt>
            <trkpt lat="-34.8140566" lon="173.1178325">
                <ele>12.5</ele>
            </trkpt>
            <trkpt lat="-34.8130964" lon="173.1174034">
                <ele>14</ele>
            </trkpt>
            <trkpt lat="-34.8124358" lon="173.1166604">
                <ele>15.2</ele>
            </trkpt>
            <trkpt lat="-34.8114602" lon="173.1163654">
                <ele>11.5</ele>
            </trkpt>
            <trkpt lat="-34.8098504" lon="173.1158745">
                <ele>19.5</ele>
            </trkpt>
            <trkpt lat="-34.8083198" lon="173.1154534">
                <ele>18</ele>
            </trkpt>
            <trkpt lat="-34.8070117" lon="173.1151798">
                <ele>13</ele>
            </trkpt>
            <trkpt lat="-34.8059347" lon="173.1149492">
                <ele>13.8</ele>
            </trkpt>
            <trkpt lat="-34.8050758" lon="173.114571">
                <ele>12</ele>
            </trkpt>
            <trkpt lat="-34.8043072" lon="173.1136483">
                <ele>8.8</ele>
            </trkpt>
            <trkpt lat="-34.8037676" lon="173.112267">
                <ele>10</ele>
            </trkpt>
            <trkpt lat="-34.8032236" lon="173.1113496">
                <ele>9</ele>
            </trkpt>
            <trkpt lat="-34.8002437" lon="173.1093568">
                <ele>7.2</ele>
            </trkpt>
            <trkpt lat="-34.7980654" lon="173.1083134">
                <ele>9</ele>
            </trkpt>
            <trkpt lat="-34.79718" lon="173.107895">
                <ele>7.8</ele>
            </trkpt>
            <trkpt lat="-34.7965214" lon="173.1071064">
                <ele>7</ele>
            </trkpt>
            <trkpt lat="-34.7961778" lon="173.1060201">
                <ele>7.3</ele>
            </trkpt>
            <trkpt lat="-34.796114" lon="173.1046629">
                <ele>8.1</ele>
            </trkpt>
            <trkpt lat="-34.7959025" lon="173.1034184">
                <ele>8.3</ele>
            </trkpt>
            <trkpt lat="-34.7953673" lon="173.1025171">
                <ele>8.2</ele>
            </trkpt>
            <trkpt lat="-34.7945611" lon="173.1019565">
                <ele>8.2</ele>
            </trkpt>
            <trkpt lat="-34.7933695" lon="173.1018385">
                <ele>9.8</ele>
            </trkpt>
            <trkpt lat="-34.7922857" lon="173.1019324">
                <ele>8.5</ele>
            </trkpt>
            <trkpt lat="-34.7912196" lon="173.1017929">
                <ele>8.8</ele>
            </trkpt>
            <trkpt lat="-34.790398" lon="173.1011894">
                <ele>9.2</ele>
            </trkpt>
            <trkpt lat="-34.7896931" lon="173.1004679">
                <ele>9.5</ele>
            </trkpt>
            <trkpt lat="-34.7888803" lon="173.0999878">
                <ele>10.4</ele>
            </trkpt>
            <trkpt lat="-34.7871687" lon="173.0996338">
                <ele>9.8</ele>
            </trkpt>
            <trkpt lat="-34.7862105" lon="173.0994728">
                <ele>8.8</ele>
            </trkpt>
            <trkpt lat="-34.7853029" lon="173.0990705">
                <ele>8.2</ele>
            </trkpt>
            <trkpt lat="-34.7845032" lon="173.0982095">
                <ele>10</ele>
            </trkpt>
            <trkpt lat="-34.7834282" lon="173.0968443">
                <ele>6</ele>
            </trkpt>
            <trkpt lat="-34.7817319" lon="173.0957392">
                <ele>8.8</ele>
            </trkpt>
            <trkpt lat="-34.7801634" lon="173.0948836">
                <ele>10.8</ele>
            </trkpt>
            <trkpt lat="-34.7772267" lon="173.0932716">
                <ele>10.5</ele>
            </trkpt>
            <trkpt lat="-34.7751602" lon="173.0917695">
                <ele>10.2</ele>
            </trkpt>
            <trkpt lat="-34.7739572" lon="173.0908388">
                <ele>10.7</ele>
            </trkpt>
            <trkpt lat="-34.7731046" lon="173.090179">
                <ele>11.6</ele>
            </trkpt>
            <trkpt lat="-34.7723665" lon="173.0892402">
                <ele>12.1</ele>
            </trkpt>
            <trkpt lat="-34.7718664" lon="173.0881512">
                <ele>13.4</ele>
            </trkpt>
            <trkpt lat="-34.7713927" lon="173.0871186">
                <ele>14.7</ele>
            </trkpt>
            <trkpt lat="-34.769998" lon="173.0840313">
                <ele>18.5</ele>
            </trkpt>
            <trkpt lat="-34.769597" lon="173.0829236">
                <ele>24.2</ele>
            </trkpt>
            <trkpt lat="-34.7692467" lon="173.0811399">
                <ele>20.2</ele>
            </trkpt>
            <trkpt lat="-34.7689052" lon="173.0794206">
                <ele>12.5</ele>
            </trkpt>
            <trkpt lat="-34.7686826" lon="173.0783102">
                <ele>15</ele>
            </trkpt>
            <trkpt lat="-34.7681979" lon="173.077189">
                <ele>16.6</ele>
            </trkpt>
            <trkpt lat="-34.767473" lon="173.076497">
                <ele>14.8</ele>
            </trkpt>
            <trkpt lat="-34.7665388" lon="173.07621">
                <ele>9.8</ele>
            </trkpt>
            <trkpt lat="-34.7606996" lon="173.0762583">
                <ele>4.2</ele>
            </trkpt>
            <trkpt lat="-34.759719" lon="173.0760866">
                <ele>4.8</ele>
            </trkpt>
            <trkpt lat="-34.7588839" lon="173.0754992">
                <ele>4.5</ele>
            </trkpt>
            <trkpt lat="-34.758258" lon="173.0744773">
                <ele>4.5</ele>
            </trkpt>
            <trkpt lat="-34.7580641" lon="173.0733079">
                <ele>5.5</ele>
            </trkpt>
            <trkpt lat="-34.7579583" lon="173.0693221">
                <ele>11.2</ele>
            </trkpt>
            <trkpt lat="-34.7578349" lon="173.068099">
                <ele>13.2</ele>
            </trkpt>
            <trkpt lat="-34.7574339" lon="173.0666909">
                <ele>16.2</ele>
            </trkpt>
            <trkpt lat="-34.7567199" lon="173.0653203">
                <ele>18.2</ele>
            </trkpt>
            <trkpt lat="-34.7558384" lon="173.0642661">
                <ele>19.5</ele>
            </trkpt>
            <trkpt lat="-34.7544766" lon="173.0630752">
                <ele>27</ele>
            </trkpt>
            <trkpt lat="-34.752945" lon="173.0617207">
                <ele>30.5</ele>
            </trkpt>
            <trkpt lat="-34.7506354" lon="173.0594945">
                <ele>33.2</ele>
            </trkpt>
            <trkpt lat="-34.7499478" lon="173.0585128">
                <ele>30</ele>
            </trkpt>
            <trkpt lat="-34.7486586" lon="173.0548167">
                <ele>28</ele>
            </trkpt>
            <trkpt lat="-34.7474883" lon="173.0514345">
                <ele>32</ele>
            </trkpt>
            <trkpt lat="-34.7469572" lon="173.0500987">
                <ele>33.2</ele>
            </trkpt>
            <trkpt lat="-34.7464128" lon="173.0492243">
                <ele>35.5</ele>
            </trkpt>
            <trkpt lat="-34.7457208" lon="173.0483714">
                <ele>39.5</ele>
            </trkpt>
            <trkpt lat="-34.7448458" lon="173.0476606">
                <ele>39.5</ele>
            </trkpt>
            <trkpt lat="-34.7436534" lon="173.0470437">
                <ele>39.5</ele>
            </trkpt>
            <trkpt lat="-34.7414207" lon="173.0464482">
                <ele>36</ele>
            </trkpt>
            <trkpt lat="-34.7393842" lon="173.0459198">
                <ele>35.3</ele>
            </trkpt>
            <trkpt lat="-34.7382733" lon="173.0456543">
                <ele>33.2</ele>
            </trkpt>
            <trkpt lat="-34.736726" lon="173.0456623">
                <ele>25.5</ele>
            </trkpt>
            <trkpt lat="-34.7356724" lon="173.0456999">
                <ele>25.8</ele>
            </trkpt>
            <trkpt lat="-34.7345835" lon="173.0457079">
                <ele>26.2</ele>
            </trkpt>
            <trkpt lat="-34.7330185" lon="173.0452681">
                <ele>27.8</ele>
            </trkpt>
            <trkpt lat="-34.7245624" lon="173.0425">
                <ele>39.2</ele>
            </trkpt>
            <trkpt lat="-34.7212886" lon="173.041698">
                <ele>45.8</ele>
            </trkpt>
            <trkpt lat="-34.7193045" lon="173.0412394">
                <ele>44.2</ele>
            </trkpt>
            <trkpt lat="-34.7181382" lon="173.0405796">
                <ele>43.5</ele>
            </trkpt>
            <trkpt lat="-34.7154573" lon="173.0386591">
                <ele>35</ele>
            </trkpt>
            <trkpt lat="-34.7135391" lon="173.0372134">
                <ele>24.2</ele>
            </trkpt>
            <trkpt lat="-34.7114379" lon="173.0357221">
                <ele>32.2</ele>
            </trkpt>
            <trkpt lat="-34.7104634" lon="173.0350542">
                <ele>28.5</ele>
            </trkpt>
            <trkpt lat="-34.7090412" lon="173.0346519">
                <ele>20.2</ele>
            </trkpt>
            <trkpt lat="-34.7080424" lon="173.0340752">
                <ele>21</ele>
            </trkpt>
            <trkpt lat="-34.7072552" lon="173.033064">
                <ele>23</ele>
            </trkpt>
            <trkpt lat="-34.7065981" lon="173.0322433">
                <ele>28.5</ele>
            </trkpt>
            <trkpt lat="-34.70436" lon="173.0305803">
                <ele>34.2</ele>
            </trkpt>
            <trkpt lat="-34.6989751" lon="173.0266723">
                <ele>46</ele>
            </trkpt>
            <trkpt lat="-34.6958724" lon="173.0244166">
                <ele>48.5</ele>
            </trkpt>
            <trkpt lat="-34.6946528" lon="173.0235288">
                <ele>50.8</ele>
            </trkpt>
            <trkpt lat="-34.6933032" lon="173.0221394">
                <ele>47.8</ele>
            </trkpt>
            <trkpt lat="-34.6865083" lon="173.0138218">
                <ele>37.2</ele>
            </trkpt>
            <trkpt lat="-34.6851496" lon="173.0122769">
                <ele>39.8</ele>
            </trkpt>
            <trkpt lat="-34.6787709" lon="173.0046809">
                <ele>15</ele>
            </trkpt>
            <trkpt lat="-34.6774453" lon="173.0030581">
                <ele>27.2</ele>
            </trkpt>
            <trkpt lat="-34.6750167" lon="173.0000997">
                <ele>28.5</ele>
            </trkpt>
            <trkpt lat="-34.6742954" lon="172.9992226">
                <ele>26.5</ele>
            </trkpt>
            <trkpt lat="-34.6736844" lon="172.9982811">
                <ele>29.2</ele>
            </trkpt>
            <trkpt lat="-34.6731351" lon="172.9964921">
                <ele>34.2</ele>
            </trkpt>
            <trkpt lat="-34.6725682" lon="172.9945394">
                <ele>33.8</ele>
            </trkpt>
            <trkpt lat="-34.671688" lon="172.9902291">
                <ele>37.5</ele>
            </trkpt>
            <trkpt lat="-34.6713571" lon="172.9886413">
                <ele>37.4</ele>
            </trkpt>
            <trkpt lat="-34.6710704" lon="172.987276">
                <ele>37.3</ele>
            </trkpt>
            <trkpt lat="-34.6707924" lon="172.9859188">
                <ele>37.2</ele>
            </trkpt>
            <trkpt lat="-34.6703998" lon="172.9848486">
                <ele>38.8</ele>
            </trkpt>
            <trkpt lat="-34.6696078" lon="172.9817882">
                <ele>40.8</ele>
            </trkpt>
            <trkpt lat="-34.6684453" lon="172.9774752">
                <ele>45.2</ele>
            </trkpt>
            <trkpt lat="-34.6678364" lon="172.9759866">
                <ele>43.8</ele>
            </trkpt>
            <trkpt lat="-34.6669341" lon="172.9747689">
                <ele>44</ele>
            </trkpt>
            <trkpt lat="-34.6655024" lon="172.9736075">
                <ele>46</ele>
            </trkpt>
            <trkpt lat="-34.6642736" lon="172.9721966">
                <ele>49.5</ele>
            </trkpt>
            <trkpt lat="-34.663892" lon="172.9711854">
                <ele>47.8</ele>
            </trkpt>
            <trkpt lat="-34.6637" lon="172.9700857">
                <ele>49</ele>
            </trkpt>
            <trkpt lat="-34.6633117" lon="172.969088">
                <ele>53</ele>
            </trkpt>
            <trkpt lat="-34.6625462" lon="172.9684389">
                <ele>52</ele>
            </trkpt>
            <trkpt lat="-34.6614387" lon="172.9675189">
                <ele>55.5</ele>
            </trkpt>
            <trkpt lat="-34.6600356" lon="172.9667062">
                <ele>55</ele>
            </trkpt>
            <trkpt lat="-34.6589611" lon="172.9668027">
                <ele>52.4</ele>
            </trkpt>
            <trkpt lat="-34.6581095" lon="172.9672694">
                <ele>52.5</ele>
            </trkpt>
            <trkpt lat="-34.6572799" lon="172.9678595">
                <ele>53.5</ele>
            </trkpt>
            <trkpt lat="-34.6562761" lon="172.9684308">
                <ele>50.2</ele>
            </trkpt>
            <trkpt lat="-34.6553163" lon="172.9688627">
                <ele>44</ele>
            </trkpt>
            <trkpt lat="-34.6535711" lon="172.969721">
                <ele>35.5</ele>
            </trkpt>
            <trkpt lat="-34.6525186" lon="172.9700911">
                <ele>37.5</ele>
            </trkpt>
            <trkpt lat="-34.6515191" lon="172.9703701">
                <ele>39.8</ele>
            </trkpt>
            <trkpt lat="-34.6503474" lon="172.9702735">
                <ele>36.8</ele>
            </trkpt>
            <trkpt lat="-34.6483616" lon="172.9702172">
                <ele>32.5</ele>
            </trkpt>
            <trkpt lat="-34.6461947" lon="172.970185">
                <ele>29.8</ele>
            </trkpt>
            <trkpt lat="-34.6452547" lon="172.9701716">
                <ele>27.8</ele>
            </trkpt>
            <trkpt lat="-34.6441139" lon="172.970134">
                <ele>24.2</ele>
            </trkpt>
            <trkpt lat="-34.642428" lon="172.9700509">
                <ele>12.2</ele>
            </trkpt>
            <trkpt lat="-34.641521" lon="172.969957">
                <ele>11.5</ele>
            </trkpt>
            <trkpt lat="-34.6405766" lon="172.9696566">
                <ele>14</ele>
            </trkpt>
            <trkpt lat="-34.6393033" lon="172.9698899">
                <ele>20</ele>
            </trkpt>
            <trkpt lat="-34.636761" lon="172.9699275">
                <ele>24</ele>
            </trkpt>
            <trkpt lat="-34.6349514" lon="172.9699838">
                <ele>12.8</ele>
            </trkpt>
            <trkpt lat="-34.631897" lon="172.9700562">
                <ele>7.8</ele>
            </trkpt>
            <trkpt lat="-34.6307471" lon="172.9701367">
                <ele>7.2</ele>
            </trkpt>
            <trkpt lat="-34.6297915" lon="172.9703352">
                <ele>4.5</ele>
            </trkpt>
            <trkpt lat="-34.6287807" lon="172.9703352">
                <ele>3</ele>
            </trkpt>
            <trkpt lat="-34.6278868" lon="172.9692435">
                <ele>4.5</ele>
            </trkpt>
            <trkpt lat="-34.6274057" lon="172.9682484">
                <ele>5.2</ele>
            </trkpt>
            <trkpt lat="-34.6270128" lon="172.9666579">
                <ele>6.5</ele>
            </trkpt>
            <trkpt lat="-34.626642" lon="172.9654267">
                <ele>5.7</ele>
            </trkpt>
            <trkpt lat="-34.6263573" lon="172.96426">
                <ele>5.3</ele>
            </trkpt>
            <trkpt lat="-34.6258541" lon="172.9632542">
                <ele>6</ele>
            </trkpt>
            <trkpt lat="-34.6250771" lon="172.962648">
                <ele>5.3</ele>
            </trkpt>
            <trkpt lat="-34.6241236" lon="172.9628062">
                <ele>11.2</ele>
            </trkpt>
            <trkpt lat="-34.6232783" lon="172.9633266">
                <ele>15.5</ele>
            </trkpt>
            <trkpt lat="-34.6223601" lon="172.9641581">
                <ele>20.2</ele>
            </trkpt>
            <trkpt lat="-34.6213889" lon="172.9643807">
                <ele>27.2</ele>
            </trkpt>
            <trkpt lat="-34.620559" lon="172.9638791">
                <ele>25.5</ele>
            </trkpt>
            <trkpt lat="-34.6200138" lon="172.9628465">
                <ele>27.5</ele>
            </trkpt>
            <trkpt lat="-34.6198195" lon="172.9617092">
                <ele>33.2</ele>
            </trkpt>
            <trkpt lat="-34.6193891" lon="172.9607436">
                <ele>34.2</ele>
            </trkpt>
            <trkpt lat="-34.6185658" lon="172.9602715">
                <ele>33</ele>
            </trkpt>
            <trkpt lat="-34.6165483" lon="172.9593596">
                <ele>34.5</ele>
            </trkpt>
            <trkpt lat="-34.615524" lon="172.9586005">
                <ele>41.2</ele>
            </trkpt>
            <trkpt lat="-34.6146256" lon="172.9576591">
                <ele>46.2</ele>
            </trkpt>
            <trkpt lat="-34.6137735" lon="172.9570743">
                <ele>45.2</ele>
            </trkpt>
            <trkpt lat="-34.6128795" lon="172.9566586">
                <ele>47.8</ele>
            </trkpt>
            <trkpt lat="-34.6111113" lon="172.9562885">
                <ele>54</ele>
            </trkpt>
            <trkpt lat="-34.6102945" lon="172.955575">
                <ele>60.8</ele>
            </trkpt>
            <trkpt lat="-34.6099082" lon="172.9544297">
                <ele>60</ele>
            </trkpt>
            <trkpt lat="-34.6090141" lon="172.9539415">
                <ele>55.5</ele>
            </trkpt>
            <trkpt lat="-34.6080317" lon="172.9539737">
                <ele>54.5</ele>
            </trkpt>
            <trkpt lat="-34.6073187" lon="172.9531583">
                <ele>54.8</ele>
            </trkpt>
            <trkpt lat="-34.6063804" lon="172.9504171">
                <ele>56.8</ele>
            </trkpt>
            <trkpt lat="-34.6059676" lon="172.9494408">
                <ele>58.2</ele>
            </trkpt>
            <trkpt lat="-34.6053649" lon="172.9483598">
                <ele>63</ele>
            </trkpt>
            <trkpt lat="-34.6050646" lon="172.9472816">
                <ele>68.8</ele>
            </trkpt>
            <trkpt lat="-34.6043295" lon="172.9465815">
                <ele>75.5</ele>
            </trkpt>
            <trkpt lat="-34.6033581" lon="172.9468712">
                <ele>68.2</ele>
            </trkpt>
            <trkpt lat="-34.6025015" lon="172.9463884">
                <ele>63.5</ele>
            </trkpt>
            <trkpt lat="-34.6022498" lon="172.9450983">
                <ele>55.2</ele>
            </trkpt>
            <trkpt lat="-34.6014881" lon="172.9434863">
                <ele>41</ele>
            </trkpt>
            <trkpt lat="-34.6011967" lon="172.9422417">
                <ele>30.2</ele>
            </trkpt>
            <trkpt lat="-34.6012254" lon="172.941142">
                <ele>26.4</ele>
            </trkpt>
            <trkpt lat="-34.6008567" lon="172.9400504">
                <ele>24.2</ele>
            </trkpt>
            <trkpt lat="-34.6002054" lon="172.9392886">
                <ele>23.8</ele>
            </trkpt>
            <trkpt lat="-34.5994746" lon="172.9386234">
                <ele>24.8</ele>
            </trkpt>
            <trkpt lat="-34.5988873" lon="172.9377893">
                <ele>26.6</ele>
            </trkpt>
            <trkpt lat="-34.5981587" lon="172.936247">
                <ele>32</ele>
            </trkpt>
            <trkpt lat="-34.5976354" lon="172.9353538">
                <ele>26.8</ele>
            </trkpt>
            <trkpt lat="-34.5969996" lon="172.9344499">
                <ele>24.8</ele>
            </trkpt>
            <trkpt lat="-34.5964012" lon="172.9335836">
                <ele>24.1</ele>
            </trkpt>
            <trkpt lat="-34.5954209" lon="172.9333395">
                <ele>22</ele>
            </trkpt>
            <trkpt lat="-34.5946614" lon="172.9326019">
                <ele>24.2</ele>
            </trkpt>
            <trkpt lat="-34.5940586" lon="172.9315504">
                <ele>26.3</ele>
            </trkpt>
            <trkpt lat="-34.5935154" lon="172.9306224">
                <ele>26.8</ele>
            </trkpt>
            <trkpt lat="-34.5926565" lon="172.9294798">
                <ele>29.8</ele>
            </trkpt>
            <trkpt lat="-34.5919499" lon="172.9286429">
                <ele>35.5</ele>
            </trkpt>
            <trkpt lat="-34.5915503" lon="172.927503">
                <ele>39</ele>
            </trkpt>
            <trkpt lat="-34.5909519" lon="172.9259124">
                <ele>43.8</ele>
            </trkpt>
            <trkpt lat="-34.5908945" lon="172.9247752">
                <ele>46.8</ele>
            </trkpt>
            <trkpt lat="-34.5914995" lon="172.9228628">
                <ele>45</ele>
            </trkpt>
            <trkpt lat="-34.5920559" lon="172.9196441">
                <ele>47.5</ele>
            </trkpt>
            <trkpt lat="-34.5925064" lon="172.9181421">
                <ele>57.8</ele>
            </trkpt>
            <trkpt lat="-34.5929634" lon="172.9165488">
                <ele>64</ele>
            </trkpt>
            <trkpt lat="-34.5934933" lon="172.9152185">
                <ele>69</ele>
            </trkpt>
            <trkpt lat="-34.5937958" lon="172.9140785">
                <ele>68.5</ele>
            </trkpt>
            <trkpt lat="-34.5938135" lon="172.9128903">
                <ele>65.2</ele>
            </trkpt>
            <trkpt lat="-34.5934139" lon="172.911686">
                <ele>69.2</ele>
            </trkpt>
            <trkpt lat="-34.5928221" lon="172.9107526">
                <ele>74.2</ele>
            </trkpt>
            <trkpt lat="-34.5922591" lon="172.9092586">
                <ele>79</ele>
            </trkpt>
            <trkpt lat="-34.5920758" lon="172.9081804">
                <ele>79.2</ele>
            </trkpt>
            <trkpt lat="-34.5918572" lon="172.9069224">
                <ele>74.5</ele>
            </trkpt>
            <trkpt lat="-34.5915083" lon="172.9058066">
                <ele>67.8</ele>
            </trkpt>
            <trkpt lat="-34.5912036" lon="172.9043421">
                <ele>62.2</ele>
            </trkpt>
            <trkpt lat="-34.5904794" lon="172.9033819">
                <ele>60.8</ele>
            </trkpt>
            <trkpt lat="-34.5892362" lon="172.9025289">
                <ele>58</ele>
            </trkpt>
            <trkpt lat="-34.5869265" lon="172.9001552">
                <ele>55</ele>
            </trkpt>
            <trkpt lat="-34.585988" lon="172.8979585">
                <ele>55.2</ele>
            </trkpt>
            <trkpt lat="-34.5854139" lon="172.8967917">
                <ele>62</ele>
            </trkpt>
            <trkpt lat="-34.5837997" lon="172.895692">
                <ele>71.2</ele>
            </trkpt>
            <trkpt lat="-34.5819712" lon="172.8946996">
                <ele>72</ele>
            </trkpt>
            <trkpt lat="-34.5810526" lon="172.8941604">
                <ele>75</ele>
            </trkpt>
            <trkpt lat="-34.5800036" lon="172.8944394">
                <ele>76</ele>
            </trkpt>
            <trkpt lat="-34.5793897" lon="172.8952736">
                <ele>70.8</ele>
            </trkpt>
            <trkpt lat="-34.5785549" lon="172.8967112">
                <ele>63.8</ele>
            </trkpt>
            <trkpt lat="-34.5780249" lon="172.8976098">
                <ele>64.5</ele>
            </trkpt>
            <trkpt lat="-34.5769847" lon="172.8981623">
                <ele>66.2</ele>
            </trkpt>
            <trkpt lat="-34.575971" lon="172.8981596">
                <ele>66.8</ele>
            </trkpt>
            <trkpt lat="-34.5744207" lon="172.8980657">
                <ele>63.8</ele>
            </trkpt>
            <trkpt lat="-34.573259" lon="172.8975213">
                <ele>68</ele>
            </trkpt>
            <trkpt lat="-34.572179" lon="172.8975105">
                <ele>70.8</ele>
            </trkpt>
            <trkpt lat="-34.5712669" lon="172.8985056">
                <ele>71.5</ele>
            </trkpt>
            <trkpt lat="-34.5703326" lon="172.8989428">
                <ele>70.7</ele>
            </trkpt>
            <trkpt lat="-34.5694315" lon="172.8988731">
                <ele>70.8</ele>
            </trkpt>
            <trkpt lat="-34.5688462" lon="172.8968078">
                <ele>71</ele>
            </trkpt>
            <trkpt lat="-34.568473" lon="172.8957054">
                <ele>67.5</ele>
            </trkpt>
            <trkpt lat="-34.5684266" lon="172.8944609">
                <ele>69</ele>
            </trkpt>
            <trkpt lat="-34.5684862" lon="172.8809398">
                <ele>67</ele>
            </trkpt>
            <trkpt lat="-34.5680732" lon="172.8798911">
                <ele>68.2</ele>
            </trkpt>
            <trkpt lat="-34.563373" lon="172.8774503">
                <ele>56</ele>
            </trkpt>
            <trkpt lat="-34.5618246" lon="172.8762165">
                <ele>52.5</ele>
            </trkpt>
            <trkpt lat="-34.5604728" lon="172.8738347">
                <ele>60.2</ele>
            </trkpt>
            <trkpt lat="-34.5595672" lon="172.872912">
                <ele>53.8</ele>
            </trkpt>
            <trkpt lat="-34.5557678" lon="172.8722951">
                <ele>46</ele>
            </trkpt>
            <trkpt lat="-34.5548753" lon="172.8720349">
                <ele>46.8</ele>
            </trkpt>
            <trkpt lat="-34.5539829" lon="172.8714502">
                <ele>41.2</ele>
            </trkpt>
            <trkpt lat="-34.5532097" lon="172.8705758">
                <ele>35</ele>
            </trkpt>
            <trkpt lat="-34.5527193" lon="172.86957">
                <ele>25</ele>
            </trkpt>
            <trkpt lat="-34.5523327" lon="172.8677273">
                <ele>13</ele>
            </trkpt>
            <trkpt lat="-34.552008" lon="172.8667">
                <ele>5.5</ele>
            </trkpt>
            <trkpt lat="-34.5514469" lon="172.8655869">
                <ele>5.8</ele>
            </trkpt>
            <trkpt lat="-34.550709" lon="172.8646615">
                <ele>7.8</ele>
            </trkpt>
            <trkpt lat="-34.5495978" lon="172.8638917">
                <ele>7</ele>
            </trkpt>
            <trkpt lat="-34.5482635" lon="172.8622985">
                <ele>6.8</ele>
            </trkpt>
            <trkpt lat="-34.5472185" lon="172.861526">
                <ele>7.5</ele>
            </trkpt>
            <trkpt lat="-34.5459526" lon="172.8609145">
                <ele>5.2</ele>
            </trkpt>
            <trkpt lat="-34.5447773" lon="172.8593695">
                <ele>5.8</ele>
            </trkpt>
            <trkpt lat="-34.5426519" lon="172.856234">
                <ele>4.2</ele>
            </trkpt>
            <trkpt lat="-34.5412446" lon="172.8525138">
                <ele>6.2</ele>
            </trkpt>
            <trkpt lat="-34.5408336" lon="172.8513202">
                <ele>7.4</ele>
            </trkpt>
            <trkpt lat="-34.540648" lon="172.8498852">
                <ele>9</ele>
            </trkpt>
            <trkpt lat="-34.5405353" lon="172.8485173">
                <ele>9.2</ele>
            </trkpt>
            <trkpt lat="-34.5400824" lon="172.847423">
                <ele>8</ele>
            </trkpt>
            <trkpt lat="-34.5374266" lon="172.8442821">
                <ele>12.8</ele>
            </trkpt>
            <trkpt lat="-34.5366776" lon="172.8434211">
                <ele>13.8</ele>
            </trkpt>
            <trkpt lat="-34.5359087" lon="172.842764">
                <ele>14.2</ele>
            </trkpt>
            <trkpt lat="-34.5349564" lon="172.8421551">
                <ele>16.5</ele>
            </trkpt>
            <trkpt lat="-34.5337191" lon="172.8416669">
                <ele>17.5</ele>
            </trkpt>
            <trkpt lat="-34.5318829" lon="172.8405163">
                <ele>27.5</ele>
            </trkpt>
            <trkpt lat="-34.5305748" lon="172.8391886">
                <ele>42</ele>
            </trkpt>
            <trkpt lat="-34.5297505" lon="172.8386065">
                <ele>50.2</ele>
            </trkpt>
            <trkpt lat="-34.5288203" lon="172.8385422">
                <ele>55.2</ele>
            </trkpt>
            <trkpt lat="-34.5274082" lon="172.8389955">
                <ele>61.8</ele>
            </trkpt>
            <trkpt lat="-34.5264647" lon="172.8392932">
                <ele>61.8</ele>
            </trkpt>
            <trkpt lat="-34.5255432" lon="172.8393495">
                <ele>59.6</ele>
            </trkpt>
            <trkpt lat="-34.523603" lon="172.8402025">
                <ele>46</ele>
            </trkpt>
            <trkpt lat="-34.522635" lon="172.8402534">
                <ele>38.8</ele>
            </trkpt>
            <trkpt lat="-34.5218859" lon="172.8395292">
                <ele>30</ele>
            </trkpt>
            <trkpt lat="-34.5213577" lon="172.8384832">
                <ele>22.5</ele>
            </trkpt>
            <trkpt lat="-34.5210881" lon="172.8372735">
                <ele>13</ele>
            </trkpt>
            <trkpt lat="-34.5203412" lon="172.8366271">
                <ele>10</ele>
            </trkpt>
            <trkpt lat="-34.5198594" lon="172.8377134">
                <ele>11.8</ele>
            </trkpt>
            <trkpt lat="-34.5194086" lon="172.8387246">
                <ele>11.5</ele>
            </trkpt>
            <trkpt lat="-34.5188494" lon="172.8396097">
                <ele>12.5</ele>
            </trkpt>
            <trkpt lat="-34.5179632" lon="172.8398618">
                <ele>18.8</ele>
            </trkpt>
            <trkpt lat="-34.5172715" lon="172.8406262">
                <ele>14.2</ele>
            </trkpt>
            <trkpt lat="-34.5163411" lon="172.8406799">
                <ele>13</ele>
            </trkpt>
            <trkpt lat="-34.5155985" lon="172.8399959">
                <ele>14.8</ele>
            </trkpt>
            <trkpt lat="-34.5151896" lon="172.8386843">
                <ele>18</ele>
            </trkpt>
            <trkpt lat="-34.5143476" lon="172.8371984">
                <ele>22.8</ele>
            </trkpt>
            <trkpt lat="-34.5139674" lon="172.8360853">
                <ele>25.8</ele>
            </trkpt>
            <trkpt lat="-34.5139166" lon="172.8348997">
                <ele>28</ele>
            </trkpt>
            <trkpt lat="-34.5134746" lon="172.8338939">
                <ele>34.5</ele>
            </trkpt>
            <trkpt lat="-34.5134945" lon="172.8327405">
                <ele>47</ele>
            </trkpt>
            <trkpt lat="-34.5130812" lon="172.8314611">
                <ele>55.8</ele>
            </trkpt>
            <trkpt lat="-34.5126237" lon="172.8303587">
                <ele>62.8</ele>
            </trkpt>
            <trkpt lat="-34.5119739" lon="172.8295085">
                <ele>65.5</ele>
            </trkpt>
            <trkpt lat="-34.5117286" lon="172.8283739">
                <ele>75.5</ele>
            </trkpt>
            <trkpt lat="-34.5112932" lon="172.8273708">
                <ele>77.8</ele>
            </trkpt>
            <trkpt lat="-34.5107428" lon="172.8258178">
                <ele>84</ele>
            </trkpt>
            <trkpt lat="-34.5100952" lon="172.8249756">
                <ele>88.8</ele>
            </trkpt>
            <trkpt lat="-34.5091382" lon="172.8245866">
                <ele>86.8</ele>
            </trkpt>
            <trkpt lat="-34.5082983" lon="172.822811">
                <ele>80</ele>
            </trkpt>
            <trkpt lat="-34.5077524" lon="172.8217381">
                <ele>74</ele>
            </trkpt>
            <trkpt lat="-34.5069832" lon="172.8207028">
                <ele>71.2</ele>
            </trkpt>
            <trkpt lat="-34.5064262" lon="172.8195843">
                <ele>68.5</ele>
            </trkpt>
            <trkpt lat="-34.505962" lon="172.8176424">
                <ele>76.5</ele>
            </trkpt>
            <trkpt lat="-34.5057874" lon="172.8164032">
                <ele>80.8</ele>
            </trkpt>
            <trkpt lat="-34.505772" lon="172.8151265">
                <ele>80</ele>
            </trkpt>
            <trkpt lat="-34.5054736" lon="172.8140455">
                <ele>78</ele>
            </trkpt>
            <trkpt lat="-34.5048768" lon="172.8130719">
                <ele>72.5</ele>
            </trkpt>
            <trkpt lat="-34.5037053" lon="172.8119722">
                <ele>62</ele>
            </trkpt>
            <trkpt lat="-34.5027415" lon="172.8110549">
                <ele>48</ele>
            </trkpt>
            <trkpt lat="-34.5020298" lon="172.8099257">
                <ele>39</ele>
            </trkpt>
            <trkpt lat="-34.5015767" lon="172.8088233">
                <ele>37.2</ele>
            </trkpt>
            <trkpt lat="-34.5009997" lon="172.8078765">
                <ele>35.8</ele>
            </trkpt>
            <trkpt lat="-34.5006903" lon="172.8065997">
                <ele>31.2</ele>
            </trkpt>
            <trkpt lat="-34.5009312" lon="172.8055483">
                <ele>27.8</ele>
            </trkpt>
            <trkpt lat="-34.5014838" lon="172.8045478">
                <ele>23.5</ele>
            </trkpt>
            <trkpt lat="-34.5019171" lon="172.8035045">
                <ele>24.8</ele>
            </trkpt>
            <trkpt lat="-34.5018905" lon="172.8020936">
                <ele>28</ele>
            </trkpt>
            <trkpt lat="-34.501654" lon="172.8004682">
                <ele>33.2</ele>
            </trkpt>
            <trkpt lat="-34.501864" lon="172.7993712">
                <ele>33</ele>
            </trkpt>
            <trkpt lat="-34.5027283" lon="172.7989554">
                <ele>37</ele>
            </trkpt>
            <trkpt lat="-34.5037871" lon="172.7987757">
                <ele>42.8</ele>
            </trkpt>
            <trkpt lat="-34.5045541" lon="172.7981508">
                <ele>47.2</ele>
            </trkpt>
            <trkpt lat="-34.5046668" lon="172.7969465">
                <ele>44.2</ele>
            </trkpt>
            <trkpt lat="-34.5046977" lon="172.7955973">
                <ele>41.2</ele>
            </trkpt>
            <trkpt lat="-34.5043109" lon="172.7943018">
                <ele>40</ele>
            </trkpt>
            <trkpt lat="-34.5038114" lon="172.7932933">
                <ele>41.2</ele>
            </trkpt>
            <trkpt lat="-34.5032875" lon="172.7922553">
                <ele>42.9</ele>
            </trkpt>
            <trkpt lat="-34.5016717" lon="172.7914479">
                <ele>37.2</ele>
            </trkpt>
            <trkpt lat="-34.5007698" lon="172.7911046">
                <ele>37.6</ele>
            </trkpt>
            <trkpt lat="-34.4998437" lon="172.7899727">
                <ele>38.1</ele>
            </trkpt>
            <trkpt lat="-34.4983295" lon="172.787438">
                <ele>37.8</ele>
            </trkpt>
            <trkpt lat="-34.4961653" lon="172.7856463">
                <ele>44.2</ele>
            </trkpt>
            <trkpt lat="-34.4956215" lon="172.7847371">
                <ele>44.3</ele>
            </trkpt>
            <trkpt lat="-34.4959023" lon="172.7830017">
                <ele>48.2</ele>
            </trkpt>
            <trkpt lat="-34.4964814" lon="172.7808747">
                <ele>50.8</ele>
            </trkpt>
            <trkpt lat="-34.4959841" lon="172.7790722">
                <ele>54.2</ele>
            </trkpt>
            <trkpt lat="-34.4952745" lon="172.7779323">
                <ele>66.2</ele>
            </trkpt>
            <trkpt lat="-34.4945383" lon="172.7770901">
                <ele>74</ele>
            </trkpt>
            <trkpt lat="-34.4939282" lon="172.7761486">
                <ele>84</ele>
            </trkpt>
            <trkpt lat="-34.4929842" lon="172.7749309">
                <ele>100</ele>
            </trkpt>
            <trkpt lat="-34.4925532" lon="172.7738902">
                <ele>106.2</ele>
            </trkpt>
            <trkpt lat="-34.4926836" lon="172.7723801">
                <ele>110.8</ele>
            </trkpt>
            <trkpt lat="-34.4924493" lon="172.7713233">
                <ele>108.2</ele>
            </trkpt>
            <trkpt lat="-34.491439" lon="172.7692017">
                <ele>132</ele>
            </trkpt>
            <trkpt lat="-34.490086" lon="172.7686036">
                <ele>144.6</ele>
            </trkpt>
            <trkpt lat="-34.4896593" lon="172.7674019">
                <ele>157.2</ele>
            </trkpt>
            <trkpt lat="-34.4902054" lon="172.7643174">
                <ele>152.2</ele>
            </trkpt>
            <trkpt lat="-34.4903646" lon="172.7631211">
                <ele>145</ele>
            </trkpt>
            <trkpt lat="-34.4895996" lon="172.7616379">
                <ele>155</ele>
            </trkpt>
            <trkpt lat="-34.4885164" lon="172.7599749">
                <ele>149.2</ele>
            </trkpt>
            <trkpt lat="-34.4882643" lon="172.7586794">
                <ele>146.8</ele>
            </trkpt>
            <trkpt lat="-34.4884456" lon="172.7576065">
                <ele>138.2</ele>
            </trkpt>
            <trkpt lat="-34.4881671" lon="172.756547">
                <ele>134.5</ele>
            </trkpt>
            <trkpt lat="-34.4875127" lon="172.7555948">
                <ele>129</ele>
            </trkpt>
            <trkpt lat="-34.4879681" lon="172.753948">
                <ele>110</ele>
            </trkpt>
            <trkpt lat="-34.4883948" lon="172.75291">
                <ele>111</ele>
            </trkpt>
            <trkpt lat="-34.4881914" lon="172.7517271">
                <ele>108.8</ele>
            </trkpt>
            <trkpt lat="-34.4874685" lon="172.7509063">
                <ele>105.5</ele>
            </trkpt>
            <trkpt lat="-34.4869843" lon="172.7498335">
                <ele>101</ele>
            </trkpt>
            <trkpt lat="-34.4872208" lon="172.7481624">
                <ele>96.5</ele>
            </trkpt>
            <trkpt lat="-34.4872673" lon="172.7470493">
                <ele>93.2</ele>
            </trkpt>
            <trkpt lat="-34.4864338" lon="172.7463681">
                <ele>80</ele>
            </trkpt>
            <trkpt lat="-34.4859054" lon="172.7453354">
                <ele>70</ele>
            </trkpt>
            <trkpt lat="-34.485408" lon="172.7442893">
                <ele>61.2</ele>
            </trkpt>
            <trkpt lat="-34.4846142" lon="172.7436215">
                <ele>49</ele>
            </trkpt>
            <trkpt lat="-34.4839112" lon="172.7428007">
                <ele>42.5</ele>
            </trkpt>
            <trkpt lat="-34.4838625" lon="172.7412745">
                <ele>34.5</ele>
            </trkpt>
            <trkpt lat="-34.4839797" lon="172.7399603">
                <ele>34.2</ele>
            </trkpt>
            <trkpt lat="-34.4837697" lon="172.7388015">
                <ele>35.8</ele>
            </trkpt>
            <trkpt lat="-34.4833806" lon="172.7378038">
                <ele>34</ele>
            </trkpt>
            <trkpt lat="-34.4832081" lon="172.7366799">
                <ele>33</ele>
            </trkpt>
            <trkpt lat="-34.4828632" lon="172.7356365">
                <ele>37</ele>
            </trkpt>
            <trkpt lat="-34.4829782" lon="172.7345046">
                <ele>40.5</ele>
            </trkpt>
            <trkpt lat="-34.4825537" lon="172.7333862">
                <ele>50</ele>
            </trkpt>
            <trkpt lat="-34.4820275" lon="172.7324313">
                <ele>57.5</ele>
            </trkpt>
            <trkpt lat="-34.4811188" lon="172.7323776">
                <ele>60.2</ele>
            </trkpt>
            <trkpt lat="-34.4806346" lon="172.7313906">
                <ele>56.8</ele>
            </trkpt>
            <trkpt lat="-34.4808888" lon="172.7302775">
                <ele>47</ele>
            </trkpt>
            <trkpt lat="-34.4807473" lon="172.7291724">
                <ele>39</ele>
            </trkpt>
            <trkpt lat="-34.4794605" lon="172.7272519">
                <ele>32.2</ele>
            </trkpt>
            <trkpt lat="-34.4788702" lon="172.7262971">
                <ele>34.5</ele>
            </trkpt>
            <trkpt lat="-34.4775767" lon="172.7251598">
                <ele>33.2</ele>
            </trkpt>
            <trkpt lat="-34.4767188" lon="172.7246663">
                <ele>29.8</ele>
            </trkpt>
            <trkpt lat="-34.4758145" lon="172.7246502">
                <ele>26.5</ele>
            </trkpt>
            <trkpt lat="-34.4748858" lon="172.7241164">
                <ele>26.2</ele>
            </trkpt>
            <trkpt lat="-34.4734154" lon="172.7214155">
                <ele>48</ele>
            </trkpt>
            <trkpt lat="-34.4726215" lon="172.72071">
                <ele>45</ele>
            </trkpt>
            <trkpt lat="-34.4717393" lon="172.7204633">
                <ele>34</ele>
            </trkpt>
            <trkpt lat="-34.4703329" lon="172.7200019">
                <ele>24.5</ele>
            </trkpt>
            <trkpt lat="-34.4689398" lon="172.7195379">
                <ele>30.8</ele>
            </trkpt>
            <trkpt lat="-34.4680221" lon="172.7190363">
                <ele>36.2</ele>
            </trkpt>
            <trkpt lat="-34.4664565" lon="172.7179822">
                <ele>38</ele>
            </trkpt>
            <trkpt lat="-34.4654215" lon="172.7174136">
                <ele>46.5</ele>
            </trkpt>
            <trkpt lat="-34.4643004" lon="172.7170703">
                <ele>55</ele>
            </trkpt>
            <trkpt lat="-34.463418" lon="172.7165633">
                <ele>65</ele>
            </trkpt>
            <trkpt lat="-34.4627192" lon="172.7156594">
                <ele>74</ele>
            </trkpt>
            <trkpt lat="-34.4622105" lon="172.7146053">
                <ele>83.2</ele>
            </trkpt>
            <trkpt lat="-34.4620646" lon="172.7131274">
                <ele>86</ele>
            </trkpt>
            <trkpt lat="-34.4616112" lon="172.7121833">
                <ele>79</ele>
            </trkpt>
            <trkpt lat="-34.4607532" lon="172.7116254">
                <ele>71.8</ele>
            </trkpt>
            <trkpt lat="-34.4592427" lon="172.7100912">
                <ele>88.5</ele>
            </trkpt>
            <trkpt lat="-34.4580042" lon="172.7086991">
                <ele>100.2</ele>
            </trkpt>
            <trkpt lat="-34.4567834" lon="172.7072534">
                <ele>105.2</ele>
            </trkpt>
            <trkpt lat="-34.4560889" lon="172.7064648">
                <ele>104</ele>
            </trkpt>
            <trkpt lat="-34.4538972" lon="172.7053651">
                <ele>109.5</ele>
            </trkpt>
            <trkpt lat="-34.4529461" lon="172.7048716">
                <ele>112.2</ele>
            </trkpt>
            <trkpt lat="-34.4520659" lon="172.7042896">
                <ele>119.5</ele>
            </trkpt>
            <trkpt lat="-34.4510794" lon="172.7040401">
                <ele>129.5</ele>
            </trkpt>
            <trkpt lat="-34.4502411" lon="172.7034715">
                <ele>130.5</ele>
            </trkpt>
            <trkpt lat="-34.4492724" lon="172.703509">
                <ele>137.5</ele>
            </trkpt>
            <trkpt lat="-34.4485469" lon="172.7043486">
                <ele>154</ele>
            </trkpt>
            <trkpt lat="-34.4476069" lon="172.7045256">
                <ele>152.8</ele>
            </trkpt>
            <trkpt lat="-34.4453994" lon="172.7018219">
                <ele>142.7</ele>
            </trkpt>
            <trkpt lat="-34.4439594" lon="172.7009395">
                <ele>145.5</ele>
            </trkpt>
            <trkpt lat="-34.4425946" lon="172.700513">
                <ele>154</ele>
            </trkpt>
            <trkpt lat="-34.4417607" lon="172.6999149">
                <ele>157.5</ele>
            </trkpt>
            <trkpt lat="-34.4411966" lon="172.6988554">
                <ele>158</ele>
            </trkpt>
            <trkpt lat="-34.4408737" lon="172.6977021">
                <ele>159</ele>
            </trkpt>
            <trkpt lat="-34.440502" lon="172.696487">
                <ele>156.2</ele>
            </trkpt>
            <trkpt lat="-34.4401415" lon="172.6954302">
                <ele>145.2</ele>
            </trkpt>
            <trkpt lat="-34.4374936" lon="172.690511">
                <ele>169</ele>
            </trkpt>
            <trkpt lat="-34.4362128" lon="172.6891512">
                <ele>156.5</ele>
            </trkpt>
            <trkpt lat="-34.4355314" lon="172.688207">
                <ele>167.2</ele>
            </trkpt>
            <trkpt lat="-34.4349983" lon="172.6871717">
                <ele>179.5</ele>
            </trkpt>
            <trkpt lat="-34.4349673" lon="172.6859191">
                <ele>186.2</ele>
            </trkpt>
            <trkpt lat="-34.4345005" lon="172.6847926">
                <ele>187.5</ele>
            </trkpt>
            <trkpt lat="-34.4335625" lon="172.684291">
                <ele>189</ele>
            </trkpt>
            <trkpt lat="-34.4326732" lon="172.6837116">
                <ele>195.5</ele>
            </trkpt>
            <trkpt lat="-34.4317485" lon="172.6831672">
                <ele>200.5</ele>
            </trkpt>
            <trkpt lat="-34.430868" lon="172.6828507">
                <ele>200</ele>
            </trkpt>
            <extensions>
                <osmand:route>
                    <segment id="315444570" length="3" startTrkptIdx="0" segmentTime="6.03" speed="8.33" turnType="C" turnAngle="" types="0,1,2" pointTypes=";3;3" names="" />
                    <segment id="49031780" length="7" startTrkptIdx="2" segmentTime="27.26" speed="8.33" turnType="TR" turnAngle="66.64" types="0,4,5" pointTypes="3;;;;;;" names="" />
                    <segment id="834148248" length="9" startTrkptIdx="8" segmentTime="87.85" speed="4.54" turnType="TL" turnAngle="-60.71" types="0,6,4,5" pointTypes=";;;;;;7,8,9,10,11;12,9,10;13,3" names="" />
                    <segment id="387747675" length="6" startTrkptIdx="16" segmentTime="86.98" speed="9.72" turnType="TL" turnAngle="-91.03" types="14,15,16,17,18" pointTypes="13,3;;;;;" names="102" />
                    <segment id="202773301" length="19" startTrkptIdx="21" segmentTime="47.46" speed="9.72" turnType="" turnAngle="" types="14,15,16,17,18" pointTypes=";3;;;;;;;;;;;;;;;;;" names="102" />
                    <segment id="1016769996" length="2" startTrkptIdx="39" segmentTime="1.28" speed="9.72" turnType="" turnAngle="" types="14,19,15,16,17,18" pointTypes=";" names="102" />
                    <segment id="202773298" length="2" startTrkptIdx="40" segmentTime="2.01" speed="9.72" turnType="" turnAngle="" types="20,14,19,15,21,22,23" pointTypes="" names="102" />
                    <segment id="1016769995" length="2" startTrkptIdx="41" segmentTime="1.12" speed="9.72" turnType="" turnAngle="" types="14,19,15,4,5" pointTypes=";" names="102" />
                    <segment id="202773297" length="3" startTrkptIdx="42" segmentTime="23.61" speed="9.72" turnType="" turnAngle="" types="14,24,15,4,5" pointTypes=";;" names="102" />
                    <segment id="202773299" length="106" startTrkptIdx="44" segmentTime="311.63" speed="9.72" turnType="" turnAngle="" types="14,24,15,4,5" pointTypes="27;26;25;25;25;27;27;27;27;27;3;;;;;;;3;27;3;3;27;26;27;27;3;;;;;3;;;;;;;;;;;;;;;;3;;;;;;;;;;;;;;;3;3;27;27;27;27;27;25;27;3;3;;;;;3;3;3;;;;;;;;;3;3;27;25;26;26;;;;26;26;;26;26;26;26;26;25;" names="102" />
                    <segment id="834148250" length="6" startTrkptIdx="149" segmentTime="5.12" speed="9.72" turnType="" turnAngle="" types="14,24,15,4,5" pointTypes="3;;;;;" names="102" />
                    <segment id="202772368" length="5" startTrkptIdx="154" segmentTime="26.04" speed="9.72" turnType="" turnAngle="" types="14,24,28,4,5" pointTypes=";" names="102" />
                    <segment id="202772369" length="12" startTrkptIdx="158" segmentTime="36.74" speed="9.72" turnType="" turnAngle="" types="14,24,28,4,5" pointTypes=";;;;;;;;;;;" names="102" />
                    <segment id="202772362" length="20" startTrkptIdx="169" segmentTime="62.42" speed="12.50" turnType="" turnAngle="" types="29,24,28,4,5" pointTypes=";;;;;;;;;;;;;;;;;;;" names="103" />
                    <segment id="834148251" length="6" startTrkptIdx="188" segmentTime="5.59" speed="12.50" turnType="" turnAngle="" types="29,24,28,4,5" pointTypes=";;;;;" names="103" />
                    <segment id="202774737" length="20" startTrkptIdx="193" segmentTime="154.82" speed="12.50" turnType="" turnAngle="" types="29,24,15,4,5" pointTypes=";;;;;;;;;;;;;;;;;;;" names="103" />
                    <segment id="834163734" length="12" startTrkptIdx="212" segmentTime="21.33" speed="12.50" turnType="" turnAngle="" types="29,30,15,4,5" pointTypes="3;3;;3;3;;;" names="103" />
                    <segment id="834163735" length="18" startTrkptIdx="223" segmentTime="127.38" speed="12.50" turnType="" turnAngle="" types="29,24,15,4,5" pointTypes=";;;3;3;;;;;3;3;27;25;25;3;;27;" names="103" />
                    <segment id="834163736" length="8" startTrkptIdx="240" segmentTime="7.89" speed="12.50" turnType="" turnAngle="" types="29,31,15,4,5" pointTypes="27;;;;;;;" names="103" />
                    <segment id="834163737" length="12" startTrkptIdx="247" segmentTime="14.49" speed="12.50" turnType="" turnAngle="" types="29,31,15,4,5" pointTypes=";;3;3;;;;" names="103" />
                    <segment id="202774736" length="55" startTrkptIdx="258" segmentTime="209.30" speed="12.50" turnType="" turnAngle="" types="29,15,4,5" pointTypes=";;;;;;;;;;;;;;;;;;;;;;3;3;;;;;;;3;;;;;;3;;;;;;3;3;3;3;;;;;;;" names="103" />
                    <segment id="834163738" length="22" startTrkptIdx="312" segmentTime="198.10" speed="12.50" turnType="" turnAngle="" types="29,15,4,5" pointTypes=";;;;;;;;;;;;;;;" names="103" />
                    <segment id="49036765" length="29" startTrkptIdx="333" segmentTime="54.37" speed="12.50" turnType="" turnAngle="" types="29,32,15,4,5" pointTypes=";;;;;;;;;;3;3;;;;;;;;;3;3;;;;;;;" names="103" />
                    <segment id="834163739" length="29" startTrkptIdx="361" segmentTime="157.43" speed="12.50" turnType="" turnAngle="" types="29,24,15,4,5" pointTypes=";;;;;;;;;;;;;;;;;;;;;;;;;;;;" names="103" />
                    <segment id="834163740" length="11" startTrkptIdx="389" segmentTime="15.98" speed="20.06" turnType="" turnAngle="" types="29,24,33,15,4,5" pointTypes="3;27;3;;;;" names="103" />
                    <segment id="834163741" length="22" startTrkptIdx="399" segmentTime="171.05" speed="12.50" turnType="" turnAngle="" types="29,24,15,4,5" pointTypes=";;;;;;;;;;;;;;;;;;;;;34,35" names="103" />
                    <segment id="1182811655" length="2" startTrkptIdx="420" segmentTime="4.63" speed="12.50" turnType="" turnAngle="" types="29,19,15,4,5" pointTypes="34,35,3;" names="103" />
                    <segment id="678353810" length="2" startTrkptIdx="421" segmentTime="0.98" speed="12.50" turnType="" turnAngle="" types="20,29,19,15,36,4,5" pointTypes="" names="103" />
                    <segment id="810890906" length="2" startTrkptIdx="422" segmentTime="1.10" speed="12.50" turnType="" turnAngle="" types="29,19,15,4,5" pointTypes="27;" names="103" />
                    <segment id="1182811656" length="2" startTrkptIdx="423" segmentTime="0.84" speed="12.50" turnType="" turnAngle="" types="29,24,15,4,5" pointTypes="25;" names="103" />
                    <segment id="678353811" length="3" startTrkptIdx="424" segmentTime="1.71" speed="12.50" turnType="" turnAngle="" types="29,24,15,4,5" pointTypes=";34,35,37;" names="103" />
                    <segment id="1183042535" length="4" startTrkptIdx="426" segmentTime="1.57" speed="17.65" turnType="TR" turnAngle="76.17" types="38,39,40,41,4,42,43,44,5,45,46,47,48,49,50,51,52,53,54,55,56,57,58,59,60,61,62" pointTypes="3;" names="105,106,107,108,109,110,111,112,113,114,115,116,117,118,119,120,121,122,123" />
                    <segment id="812987596" length="5" startTrkptIdx="429" segmentTime="5.91" speed="17.65" turnType="" turnAngle="" types="38,24,4,42,43,44,5,45,46,47,48,49,50,51,52,53,54,55,56,57,58,59,60,61,62" pointTypes="3;;;;" names="105,106,107,108,109,110,111,112,113,114,115,116,117,118,119,120,121,122,123" />
                    <segment id="810890908" length="20" startTrkptIdx="433" segmentTime="60.09" speed="17.65" turnType="" turnAngle="" types="38,24,4,42,43,44,5,45,46,47,48,49,50,51,52,53,54,55,56,57,58,59,60,61,62" pointTypes="3;3;;3;;;3;;;;;;;3;3;27;27;;;" names="105,106,107,108,109,110,111,112,113,114,115,116,117,118,119,120,121,122,123" />
                    <segment id="754513254" length="2" startTrkptIdx="452" segmentTime="0.77" speed="17.65" turnType="" turnAngle="" types="20,38,24,4,42,43,44,5,45,46,47,48,49,50,51,52,53,54,55,56,57,58,59,60,61,62" pointTypes="" names="105,106,107,108,109,110,111,112,113,114,115,116,117,118,119,120,121,122,123" />
                    <segment id="754187033" length="158" startTrkptIdx="453" segmentTime="354.41" speed="17.65" turnType="" turnAngle="" types="38,24,4,42,43,44,5,45,46,47,48,49,50,51,52,53,54,55,56,57,58,59,60,61,62" pointTypes="27;;3;3;;;;;;;;;;;3;;27;;;;;37;25;26;27;25;27;3;3;;;;27;3;;27;3;;;;;;3;27;3;3;;;;;;;;;;;;;;;;;;;;;;;;;;;;;;;;;;;;;;;;;;;3;27;25;25;27;;3;;;;3;;;3;3;3;;;3;3;;;3;3;;;;;;;3;;;3;;;;;;;3;27;27;27;27;;;;;;;;;;;;;;;;;;3;3;3;3;3;" names="105,106,107,108,109,110,111,112,113,114,115,116,117,118,119,120,121,122,123" />
                    <segment id="754187034" length="2" startTrkptIdx="610" segmentTime="1.43" speed="17.65" turnType="" turnAngle="" types="20,38,24,21,4,42,43,44,5,45,46,47,48,49,50,51,52,53,54,55,56,57,58,59,60,61,62" pointTypes="" names="105,106,107,108,109,110,111,112,113,114,115,116,117,118,119,120,121,122,123" />
                    <segment id="1182807326" length="3" startTrkptIdx="611" segmentTime="2.47" speed="17.65" turnType="" turnAngle="" types="38,24,4,42,43,44,5,45,46,47,48,49,50,51,52,53,54,55,56,57,58,59,60,61,62" pointTypes=";" names="105,106,107,108,109,110,111,112,113,114,115,116,117,118,119,120,121,122,123" />
                    <segment id="1182807326" length="14" startTrkptIdx="613" segmentTime="23.35" speed="17.65" turnType="" turnAngle="" types="38,24,4,42,43,44,5,45,46,47,48,49,50,51,52,53,54,55,56,57,58,59,60,61,62" pointTypes=";;;;27;3;;;27;25;;;;" names="105,106,107,108,109,110,111,112,113,114,115,116,117,118,119,120,121,122,123" />
                    <segment id="1182807327" length="13" startTrkptIdx="626" segmentTime="18.09" speed="17.65" turnType="" turnAngle="" types="38,39,40,41,4,42,43,44,5,45,46,47,48,49,50,51,52,53,54,55,56,57,58,59,60,61,62" pointTypes=";37;37;;26;26;;;;;;;" names="105,106,107,108,109,110,111,112,113,114,115,116,117,118,119,120,121,122,123" />
                    <segment id="190555893" length="79" startTrkptIdx="638" segmentTime="269.81" speed="17.65" turnType="" turnAngle="" types="38,24,4,42,43,44,5,45,46,47,48,49,50,51,52,53,54,55,56,57,58,59,60,61,62" pointTypes="25;25;27;27;3;;3;3;3;27;3;;27;3;;3;3;3;25;25;27;;;;;;;;;;;;;;;;;3;27;3;3;;;;;;;;;;;;;;;;;;;;;;;;;;;;;;;;;;;;;;" names="105,106,107,108,109,110,111,112,113,114,115,116,117,118,119,120,121,122,123" />
                    <segment id="190555894" length="2" startTrkptIdx="716" segmentTime="2.17" speed="17.65" turnType="" turnAngle="" types="20,38,4,42,43,44,5,45,46,47,48,49,50,51,52,53,54,55,56,57,58,59,60,61,62" pointTypes="" names="105,106,107,108,109,110,111,112,113,114,115,116,117,118,119,120,121,122,123" />
                    <segment id="848259616" length="13" startTrkptIdx="717" segmentTime="69.51" speed="17.65" turnType="" turnAngle="" types="38,24,4,42,43,44,5,45,46,47,48,49,50,51,52,53,54,55,56,57,58,59,60,61,62" pointTypes=";;;;;3;;;;;;;" names="105,106,107,108,109,110,111,112,113,114,115,116,117,118,119,120,121,122,123" />
                    <segment id="1065508450" length="12" startTrkptIdx="729" segmentTime="21.55" speed="13.89" turnType="" turnAngle="" types="38,63,4,42,43,44,5,45,46,47,48,49,50,51,52,53,54,55,56,57,58,59,60,61,62" pointTypes=";;;;" names="105,106,107,108,109,110,111,112,113,114,115,116,117,118,119,120,121,122,123" />
                    <segment id="28736099" length="6" startTrkptIdx="740" segmentTime="1.75" speed="13.89" turnType="" turnAngle="" types="38,24,63,4,42,43,44,5,45,46,47,48,49,50,51,52,53,54,55,56,57,58,59,60,61,62" pointTypes="34,35;" names="105,106,107,108,109,110,111,112,113,114,115,116,117,118,119,120,121,122,124,125,123" />
                    <segment id="848259617" length="2" startTrkptIdx="745" segmentTime="3.42" speed="13.89" turnType="TR" turnAngle="91.45" types="38,39,64,65,63,4,66,42,43,5,45,46,47,48,49,50,51,52,53,54,55,56,57,58,59,60,61,62" pointTypes="" names="126,127,128,129,110,111,130,131,132,133,134,135,136,137,138,139" />
                    <segment id="512859495" length="2" startTrkptIdx="746" segmentTime="5.90" speed="13.89" turnType="" turnAngle="" types="38,24,63,4,42,43,5,45,46,47,48,49,50,51,52,53,54,55,56,57,58,59,60,61,62" pointTypes=";" names="126,127,128,129,110,111,130,131,132,133,134,135,136,137" />
                    <segment id="512859495" length="4" startTrkptIdx="747" segmentTime="6.05" speed="13.89" turnType="" turnAngle="" types="38,24,63,4,42,43,5,45,46,47,48,49,50,51,52,53,54,55,56,57,58,59,60,61,62" pointTypes=";;27;" names="126,127,128,129,110,111,130,131,132,133,134,135,136,137" />
                    <segment id="512859496" length="2" startTrkptIdx="750" segmentTime="2.76" speed="13.89" turnType="" turnAngle="" types="20,38,24,63,4,42,43,5,45,46,47,48,49,50,51,52,53,54,55,56,57,58,59,60,61,62" pointTypes="" names="126,127,128,129,110,111,130,131,132,133,134,135,136,137,140" />
                    <segment id="333327740" length="15" startTrkptIdx="751" segmentTime="65.52" speed="13.89" turnType="" turnAngle="" types="38,24,63,4,42,43,5,45,46,47,48,49,50,51,52,53,54,55,56,57,58,59,60,61,62" pointTypes=";;" names="126,127,128,129,110,111,130,131,132,133,134,135,136,137" />
                    <segment id="1196703749" length="6" startTrkptIdx="765" segmentTime="22.76" speed="26.07" turnType="" turnAngle="" types="38,24,67,4,42,43,5,45,46,47,48,49,50,51,52,53,54,55,56,57,58,59,60,61,62" pointTypes="" names="126,127,128,129,110,111,130,131,132,133,134,135,136,137" />
                    <segment id="1196703750" length="13" startTrkptIdx="770" segmentTime="16.37" speed="26.07" turnType="" turnAngle="" types="38,24,67,4,42,43,5,45,46,47,48,49,50,51,52,53,54,55,56,57,58,59,60,61,62" pointTypes="" names="141,127,128,129,110,111,130,131,132,133,134,135,136,137" />
                    <segment id="1196703751" length="2" startTrkptIdx="782" segmentTime="0.75" speed="26.07" turnType="" turnAngle="" types="38,24,67,4,68,42,43,5,45,46,47,48,49,50,51,52,53,54,55,56,57,58,59,60,61,62" pointTypes="" names="141,127,128,129,110,111,130,131,132,133,134,135,136,137" />
                    <segment id="1196703752" length="9" startTrkptIdx="783" segmentTime="4.49" speed="26.07" turnType="C" turnAngle="-3.65" types="38,24,67,4,42,43,5,45,46,47,48,49,50,51,52,53,54,55,56,57,58,59,60,61,62" pointTypes="" names="141,127,128,129,110,111,130,131,132,133,134,135,136,137" />
                    <segment id="1196703753" length="2" startTrkptIdx="791" segmentTime="0.69" speed="26.07" turnType="" turnAngle="" types="38,24,67,4,68,42,43,5,45,46,47,48,49,50,51,52,53,54,55,56,57,58,59,60,61,62" pointTypes="" names="141,127,128,129,110,111,130,131,132,133,134,135,136,137" />
                    <segment id="193985590" length="19" startTrkptIdx="792" segmentTime="60.55" speed="26.07" turnType="C" turnAngle="-2.47" types="38,24,67,4,42,43,5,45,46,47,48,49,50,51,52,53,54,55,56,57,58,59,60,61,62" pointTypes=";;;;;;;;;;;;;" names="141,127,128,129,110,111,130,131,132,133,134,135,136,137" />
                    <segment id="193985589" length="2" startTrkptIdx="810" segmentTime="0.59" speed="26.07" turnType="" turnAngle="" types="20,38,24,67,21,4,42,43,5,45,46,47,48,49,50,51,52,53,54,55,56,57,58,59,60,61,62" pointTypes="" names="141,127,128,129,110,111,130,131,132,133,134,135,136,137" />
                    <segment id="1182346506" length="5" startTrkptIdx="811" segmentTime="10.53" speed="26.07" turnType="" turnAngle="" types="38,24,67,4,42,43,5,45,46,47,48,49,50,51,52,53,54,55,56,57,58,59,60,61,62" pointTypes="" names="141,127,128,129,110,111,130,131,132,133,134,135,136,137" />
                    <segment id="1182346507" length="2" startTrkptIdx="815" segmentTime="0.30" speed="26.07" turnType="" turnAngle="" types="20,38,24,67,4,42,43,5,45,46,47,48,49,50,51,52,53,54,55,56,57,58,59,60,61,62" pointTypes="" names="141,127,128,129,110,111,130,131,132,133,134,135,136,137" />
                    <segment id="225620329" length="31" startTrkptIdx="816" segmentTime="47.11" speed="26.07" turnType="" turnAngle="" types="38,67,4,42,43,5,45,46,47,48,49,50,51,52,53,54,55,56,57,58,59,60,61,62" pointTypes="27;3;;;;3;3;27;27;27;3;3;3;;;3;;;;3" names="141,127,128,129,110,111,130,131,132,133,134,135,136,137" />
                    <segment id="225620329" length="57" startTrkptIdx="846" segmentTime="85.86" speed="26.07" turnType="C" turnAngle="2.33" types="38,67,4,42,43,5,45,46,47,48,49,50,51,52,53,54,55,56,57,58,59,60,61,62" pointTypes="3;3;3;3;;;;;;3;25;27;27;3;;;3;25;26;3;3;;;;;;;;;;;;26;27;3;27;3;;3;;;;3;3;;3;3;3;;;;;;;3;3;3" names="141,127,128,129,110,111,130,131,132,133,134,135,136,137" />
                    <segment id="225620329" length="102" startTrkptIdx="902" segmentTime="93.23" speed="26.07" turnType="" turnAngle="" types="38,67,4,42,43,5,45,46,47,48,49,50,51,52,53,54,55,56,57,58,59,60,61,62" pointTypes="3;3;;3;3;;;;;3;;3;3;27;3;;27;27;3;;;;;3;;;;;;;;;;;;;;;;;;;;;3;3;;;;;;;;;;;;;;;;;37;;;;;3;;3;27;;;;3;3;;;;3;;;;;;;;3;3;25;25;3;;;;;;;;;3;" names="141,127,128,129,110,111,130,131,132,133,134,135,136,137" />
                    <segment id="202998039" length="100" startTrkptIdx="1003" segmentTime="118.80" speed="26.07" turnType="" turnAngle="" types="38,24,67,4,42,43,5,45,46,47,48,49,50,51,52,53,54,55,56,57,58,59,60,61,62" pointTypes=";3;3;3;;;;;;;;;;;;;;;;;;;;;;;;;;;;;;3;3;3;25;27;27;3;3;3;3;3;;;;;;;;;;;;;;;;;;;;;;;;;;;3;;;;27;27;3;;;;3;3;;;;;;;;;;;;;;;;;;" names="141,127,128,129,110,111,130,131,132,133,134,135,136,137" />
                    <segment id="202998039" length="166" startTrkptIdx="1102" segmentTime="160.02" speed="26.07" turnType="" turnAngle="" types="38,24,67,4,42,43,5,45,46,47,48,49,50,51,52,53,54,55,56,57,58,59,60,61,62" pointTypes=";3;3;27;3;3;3;3;;;;;;;;;3;;;;;3;3;;3;;;;;;;;;3;;;3;27;3;;;;;;;;;;3;3;;;;;;;3;;;25;25;27;;3;3;3;27;3;3;;3;3;3;27;27;27;3;;;;;;;;3;25;3;3;;;;3;3;3;3;;;;3;27;26;25;27;;;;3;;;3;;;;3;;;3;;;;;;;;;;;3;;3;27;3;;3;;;;;;;;;;;;;;;3;;;;27;25;25;25;27;27;25;27;;;;;;" names="141,127,128,129,110,111,130,131,132,133,134,135,136,137" />
                    <segment id="202998030" length="46" startTrkptIdx="1267" segmentTime="44.94" speed="26.07" turnType="" turnAngle="" types="38,67,4,42,43,5,45,46,47,48,49,50,51,52,53,54,55,56,57,58,59,60,61,62" pointTypes=";27;3;3;3;3;;3;26;26;26;26;26;25;25;27;3;3;27;25;3;3;3;;;;;3;3;;3;3;3;;3;;;;;3;27;;;3;27;3" names="141,127,128,129,110,111,130,131,132,133,134,135,136,137" />
                    <segment id="202998038" length="20" startTrkptIdx="1312" segmentTime="44.90" speed="26.07" turnType="" turnAngle="" types="38,67,4,42,43,5,45,46,47,48,49,50,51,52,53,54,55,56,57,58,59,60,61,62" pointTypes=";;;;;;;;;3;;;;;;3;3;27;27;" names="141,127,128,129,110,111,130,131,132,133,134,135,136,137" />
                    <segment id="202998033" length="49" startTrkptIdx="1331" segmentTime="120.33" speed="26.07" turnType="" turnAngle="" types="38,67,4,42,43,5,45,46,47,48,49,50,51,52,53,54,55,56,57,58,59,60,61,62" pointTypes=";;;;3;;;3;3;;;;;3;;;;3;;;;;3;3;3;;;;;;;;;;;;;;;;;;;;;;;;" names="141,127,128,129,110,111,130,131,132,133,134,135,136,137" />
                    <segment id="1302471200" length="2" startTrkptIdx="1379" segmentTime="11.64" speed="26.07" turnType="" turnAngle="" types="38,67,4,42,43,5,45,46,47,48,49,50,51,52,53,54,55,56,57,58,59,60,61,62" pointTypes=";3" names="141,127,128,129,110,111,130,131,132,133,134,135,136,137" />
                    <segment id="1302471201" length="2" startTrkptIdx="1380" segmentTime="0.37" speed="26.07" turnType="" turnAngle="" types="20,38,67,4,42,43,5,45,46,47,48,49,50,51,52,53,54,55,56,57,58,59,60,61,62" pointTypes="" names="141,127,128,129,110,111,130,131,132,133,134,135,136,137" />
                    <segment id="203327587" length="174" startTrkptIdx="1381" segmentTime="279.11" speed="26.07" turnType="" turnAngle="" types="38,67,4,42,43,5,45,46,47,48,49,50,51,52,53,54,55,56,57,58,59,60,61,62" pointTypes=";;;;;;;;;;;;;;;3;;;;;27;3;;;;;;;3;;;;;;;;;;;;;;;;3;3;;3;;;;3;3;3;3;27;3;;;;;;;;;;3;;;;;3;;;3;3;;3;3;;3;;;3;;3;;;;;;;;;;;;;;;;;;;;27;3;;;;;3;;;;;;;;;3;3;3;3;3;27;27;3;3;25;27;;;;;;;;;27;3;;;;;;;;;;;;;;;;3;;3;;;3;;;;;;;;;;;;" names="141,127,128,129,110,111,130,131,132,133,134,135,136,137" />
                    <segment id="203327587" length="8" startTrkptIdx="1554" segmentTime="11.48" speed="26.07" turnType="" turnAngle="" types="38,67,4,42,43,5,45,46,47,48,49,50,51,52,53,54,55,56,57,58,59,60,61,62" pointTypes=";;3;3;;3;;3" names="141,127,128,129,110,111,130,131,132,133,134,135,136,137" />
                    <segment id="485623805" length="2" startTrkptIdx="1561" segmentTime="3.94" speed="21.26" turnType="" turnAngle="" types="38,69,4,42,43,5,45,46,47,48,49,50,51,52,53,54,55,56,57,58,59,60,61,62" pointTypes=";" names="141,127,128,129,110,111,130,131,132,133,134,135,136,137" />
                    <segment id="464492395" length="2" startTrkptIdx="1562" segmentTime="0.90" speed="21.26" turnType="" turnAngle="" types="20,38,69,4,42,43,5,45,46,47,48,49,50,51,52,53,54,55,56,57,58,59,60,61,62" pointTypes="" names="141,127,128,129,110,111,130,131,132,133,134,135,136,137,142" />
                    <segment id="203327575" length="33" startTrkptIdx="1563" segmentTime="72.86" speed="21.26" turnType="" turnAngle="" types="38,24,69,4,42,43,5,45,46,47,48,49,50,51,52,53,54,55,56,57,58,59,60,61,62" pointTypes=";;;;;;;;;;;;3;;;;;;;;;;3;;;;;;;;;3;3" names="141,127,128,129,110,111,130,131,132,133,134,135,136,137" />
                    <segment id="203327576" length="11" startTrkptIdx="1595" segmentTime="19.38" speed="21.26" turnType="" turnAngle="" types="38,69,4,42,43,5,45,46,47,48,49,50,51,52,53,54,55,56,57,58,59,60,61,62" pointTypes=";3;;;;;;;;;" names="141,127,128,129,110,111,130,131,132,133,134,135,136,137" />
                    <segment id="333327746" length="30" startTrkptIdx="1605" segmentTime="46.09" speed="13.89" turnType="" turnAngle="" types="38,24,63,4,42,43,5,45,46,47,48,49,50,51,52,53,54,55,56,57,58,59,60,61,62" pointTypes=";;;;;;;;;;;;;;;;;;;;;3;27;25;26;26;25;25;25;3" names="141,127,128,129,110,111,130,131,132,133,134,135,136,137" />
                    <segment id="203327585" length="5" startTrkptIdx="1634" segmentTime="8.06" speed="13.89" turnType="" turnAngle="" types="38,24,63,4,42,43,5,45,46,47,48,49,50,51,52,53,54,55,56,57,58,59,60,61,62" pointTypes=";;;" names="141,127,128,129,110,111,130,131,132,133,134,135,136,137" />
                    <segment id="203327594" length="22" startTrkptIdx="1638" segmentTime="24.75" speed="13.89" turnType="" turnAngle="" types="38,24,63,4,42,43,5,45,46,47,48,49,50,51,52,53,54,55,56,57,58,59,60,61,62" pointTypes=";;;;;;;;;;;;;;3;3;27;25;25;3" names="141,127,128,129,110,111,130,131,132,133,134,135,136,137" />
                    <segment id="464481598" length="4" startTrkptIdx="1659" segmentTime="0.99" speed="21.26" turnType="" turnAngle="" types="20,38,69,70,42,43,23,45,46,47,48,49,50,51,52,53,54,55,56,57,58,59,60,61,62" pointTypes="" names="141,127,128,129,110,111,130,131,132,133,134,135,136,137,143" />
                    <segment id="203327578" length="30" startTrkptIdx="1662" segmentTime="44.80" speed="21.26" turnType="" turnAngle="" types="38,24,69,4,42,43,5,45,46,47,48,49,50,51,52,53,54,55,56,57,58,59,60,61,62" pointTypes=";;;;;;;;3;27;27;;;;;;27;3;3;25;26;3;3;;;;;3;" names="141,127,128,129,110,111,130,131,132,133,134,135,136,137" />
                    <segment id="485623804" length="17" startTrkptIdx="1691" segmentTime="31.95" speed="26.07" turnType="" turnAngle="" types="38,24,67,4,42,43,5,45,46,47,48,49,50,51,52,53,54,55,56,57,58,59,60,61,62" pointTypes=";3;;3;;3;3;27;3;;;;;;3" names="141,127,128,129,110,111,130,131,132,133,134,135,136,137" />
                    <segment id="203327581" length="9" startTrkptIdx="1707" segmentTime="7.81" speed="17.65" turnType="" turnAngle="" types="38,4,42,43,5,45,46,47,48,49,50,51,52,53,54,55,56,57,58,59,60,61,62" pointTypes=";3;3;3" names="141,127,128,129,110,111,130,131,132,133,134,135,136,137" />
                    <segment id="203327584" length="12" startTrkptIdx="1715" segmentTime="13.46" speed="17.65" turnType="" turnAngle="" types="38,24,4,42,43,5,45,46,47,48,49,50,51,52,53,54,55,56,57,58,59,60,61,62" pointTypes=";;;;;;;;;" names="141,127,128,129,110,111,130,131,132,133,134,135,136,137" />
                    <segment id="203327590" length="15" startTrkptIdx="1726" segmentTime="15.30" speed="17.65" turnType="" turnAngle="" types="38,24,4,42,43,5,45,46,47,48,49,50,51,52,53,54,55,56,57,58,59,60,61,62" pointTypes=";;;;;;;;;;3;;;;3" names="141,127,128,129,110,111,130,131,132,133,134,135,136,137" />
                    <segment id="203327579" length="105" startTrkptIdx="1740" segmentTime="285.87" speed="17.65" turnType="" turnAngle="" types="38,24,4,42,43,5,45,46,47,48,49,50,51,52,53,54,55,56,57,58,59,60,61,62" pointTypes=";;;;;;;;3;;;;;;;3;;;;;;;;3;;;;;;;;3;3;;;3;;;;;;;;;3;;;;;;3;;;;;;;;;;;;;;;;;;;;;;;27;25;27;;;;;;;;;;;3;3;27;25;25;25;25;27;27;3;" names="141,127,128,129,110,111,130,131,132,133,134,135,136,137" />
                    <segment id="203327577" length="14" startTrkptIdx="1844" segmentTime="15.74" speed="17.65" turnType="" turnAngle="" types="38,24,4,42,43,5,45,46,47,48,49,50,51,52,53,54,55,56,57,58,59,60,61,62" pointTypes=";;;;;3;3;;;;;;;" names="141,127,128,129,110,111,130,131,132,133,134,135,136,137" />
                    <segment id="333327747" length="18" startTrkptIdx="1857" segmentTime="42.73" speed="26.07" turnType="" turnAngle="" types="38,24,67,4,42,43,5,45,46,47,48,49,50,51,52,53,54,55,56,57,58,59,60,61,62" pointTypes=";;;;;;;;;;;;;;;;;" names="141,127,128,129,110,111,130,131,132,133,134,135,136,137" />
                    <segment id="203327586" length="13" startTrkptIdx="1874" segmentTime="55.37" speed="26.07" turnType="" turnAngle="" types="38,24,67,4,42,43,5,45,46,47,48,49,50,51,52,53,54,55,56,57,58,59,60,61,62" pointTypes=";;;;;;3;27;26;26;;;" names="141,127,128,129,110,111,130,131,132,133,134,135,136,137" />
                    <segment id="203327589" length="13" startTrkptIdx="1886" segmentTime="29.81" speed="26.07" turnType="" turnAngle="" types="38,67,4,42,43,5,45,46,47,48,49,50,51,52,53,54,55,56,57,58,59,60,61,62" pointTypes=";;;;;;3;;;;;3;" names="141,127,128,129,110,111,130,131,132,133,134,135,136,137" />
                    <segment id="203327593" length="14" startTrkptIdx="1898" segmentTime="76.71" speed="26.07" turnType="" turnAngle="" types="38,24,67,4,42,43,5,45,46,47,48,49,50,51,52,53,54,55,56,57,58,59,60,61,62" pointTypes=";;3;27;25;25;27;;;;;;;" names="141,127,128,129,110,111,130,131,132,133,134,135,136,137" />
                    <segment id="203327592" length="19" startTrkptIdx="1911" segmentTime="73.09" speed="26.07" turnType="" turnAngle="" types="38,67,4,42,43,5,45,46,47,48,49,50,51,52,53,54,55,56,57,58,59,60,61,62" pointTypes=";;;;;3;3;27;;;3;25;25;25;26;27;;;71,35" names="141,127,128,129,110,111,130,131,132,133,134,135,136,137" />
                    <segment id="1065769937" length="3" startTrkptIdx="1929" segmentTime="1.31" speed="26.07" turnType="" turnAngle="" types="38,19,67,36,4,42,43,5,45,46,47,48,49,50,51,52,53,54,55,56,57,58,59,60,61,62" pointTypes="71,35" names="141,127,128,129,110,111,130,131,132,133,134,135,136,137" />
                    <segment id="333327743" length="2" startTrkptIdx="1931" segmentTime="0.42" speed="26.07" turnType="" turnAngle="" types="20,38,19,67,36,4,42,43,5,45,46,47,48,49,50,51,52,53,54,55,56,57,58,59,60,61,62" pointTypes="" names="141,127,128,129,110,111,130,131,132,133,134,135,136,137,144" />
                    <segment id="1065769938" length="5" startTrkptIdx="1932" segmentTime="1.82" speed="26.07" turnType="" turnAngle="" types="38,19,67,36,4,42,43,5,45,46,47,48,49,50,51,52,53,54,55,56,57,58,59,60,61,62" pointTypes=";;;;" names="141,127,128,129,110,111,130,131,132,133,134,135,136,137" />
                    <segment id="203217929" length="68" startTrkptIdx="1936" segmentTime="306.03" speed="26.07" turnType="" turnAngle="" types="38,24,67,4,42,43,5,45,46,47,48,49,50,51,52,53,54,55,56,57,58,59,60,61,62" pointTypes=";;;;;;;;;;;;3;3;;;3;3;;;3;;;;;;;;;3;;3;;;;;;;3;;;;;;;;3;;;;;;;;;;;3;;;27;27;;;;;;" names="141,127,128,129,110,111,130,131,132,133,134,135,136,137" />
                    <segment id="203217942" length="18" startTrkptIdx="2003" segmentTime="24.28" speed="26.07" turnType="" turnAngle="" types="38,24,67,4,42,43,5,45,46,47,48,49,50,51,52,53,54,55,56,57,58,59,60,61,62" pointTypes=";;;;;3;3;;;;;3;;27;27;27" names="141,127,128,129,110,111,130,131,132,133,134,135,136,137" />
                    <segment id="203217943" length="21" startTrkptIdx="2020" segmentTime="54.69" speed="18.85" turnType="" turnAngle="" types="38,24,72,4,42,43,5,45,46,47,48,49,50,51,52,53,54,55,56,57,58,59,60,61,62" pointTypes=";;;;;3;;3;25;25;27;;;;;;;3;27;3;3" names="141,127,128,129,110,111,130,131,132,133,134,135,136,137" />
                    <segment id="203217936" length="3" startTrkptIdx="2040" segmentTime="9.33" speed="26.07" turnType="" turnAngle="" types="38,67,4,42,43,5,45,46,47,48,49,50,51,52,53,54,55,56,57,58,59,60,61,62" pointTypes=";3;3" names="141,127,128,129,110,111,130,131,132,133,134,135,136,137" />
                    <segment id="203217944" length="26" startTrkptIdx="2042" segmentTime="46.02" speed="26.07" turnType="" turnAngle="" types="38,24,67,4,42,43,5,45,46,47,48,49,50,51,52,53,54,55,56,57,58,59,60,61,62" pointTypes=";;3;3;25;27;3;;;;;;;;;;;;;;;;;;;" names="141,127,128,129,110,111,130,131,132,133,134,135,136,137" />
                    <segment id="203217941" length="11" startTrkptIdx="2067" segmentTime="47.11" speed="17.65" turnType="" turnAngle="" types="38,24,4,42,43,5,45,46,47,48,49,50,51,52,53,54,55,56,57,58,59,60,61,62" pointTypes=";25;27;;;;3;3;3;3;71,35" names="141,127,128,129,110,111,130,131,132,133,134,135,136,137" />
                    <segment id="1065757400" length="9" startTrkptIdx="2077" segmentTime="2.51" speed="17.65" turnType="" turnAngle="" types="38,19,31,36,4,42,43,5,45,46,47,48,49,50,51,52,53,54,55,56,57,58,59,60,61,62" pointTypes="71,35" names="141,127,128,129,110,111,130,131,132,133,134,135,136,137" />
                    <segment id="203217933" length="2" startTrkptIdx="2085" segmentTime="1.16" speed="17.65" turnType="" turnAngle="" types="20,38,19,36,4,42,43,5,45,46,47,48,49,50,51,52,53,54,55,56,57,58,59,60,61,62" pointTypes="" names="141,127,128,129,110,111,130,131,132,133,134,135,136,137,145" />
                    <segment id="1065757399" length="3" startTrkptIdx="2086" segmentTime="2.06" speed="17.65" turnType="" turnAngle="" types="38,19,36,4,42,43,5,45,46,47,48,49,50,51,52,53,54,55,56,57,58,59,60,61,62" pointTypes="" names="141,127,128,129,110,111,130,131,132,133,134,135,136,137" />
                    <segment id="203217939" length="27" startTrkptIdx="2088" segmentTime="39.91" speed="17.65" turnType="" turnAngle="" types="38,24,4,42,43,5,45,46,47,48,49,50,51,52,53,54,55,56,57,58,59,60,61,62" pointTypes=";;;;;;;;;;;;;3;;;;;;;;;;;;;" names="141,127,128,129,110,111,130,131,132,133,134,135,136,137" />
                    <segment id="203217940" length="12" startTrkptIdx="2114" segmentTime="5.52" speed="26.07" turnType="" turnAngle="" types="38,24,67,4,42,43,5,45,46,47,48,49,50,51,52,53,54,55,56,57,58,59,60,61,62" pointTypes=";3;3;3;3;;;;;;;" names="141,127,128,129,110,111,130,131,132,133,134,135,136,137" />
                    <segment id="513918079" length="4" startTrkptIdx="2125" segmentTime="0.70" speed="26.07" turnType="" turnAngle="" types="20,38,67,4,42,43,5,45,46,47,48,49,50,51,52,53,54,55,56,57,58,59,60,61,62" pointTypes="" names="141,127,128,129,110,111,130,131,132,133,134,135,136,137,145" />
                    <segment id="513918080" length="41" startTrkptIdx="2128" segmentTime="29.87" speed="26.07" turnType="" turnAngle="" types="38,24,67,4,42,43,5,45,46,47,48,49,50,51,52,53,54,55,56,57,58,59,60,61,62" pointTypes=";;;;;;;;;;;;;;;;;;;;;;;;;3;27;27;27;25;27;;3;;;;;;;;" names="141,127,128,129,110,111,130,131,132,133,134,135,136,137" />
                    <segment id="513918080" length="152" startTrkptIdx="2168" segmentTime="157.06" speed="26.07" turnType="" turnAngle="" types="38,24,67,4,42,43,5,45,46,47,48,49,50,51,52,53,54,55,56,57,58,59,60,61,62" pointTypes=";;;3;;;3;3;3;;;;;;;;27;;;;;;;;;;;;;;;;;3;27;3;3;27;25;25;3;;;;;;;;;;;;;3;27;27;25;;3;;;;;;;;;;;;;;;;;;;;;;;;;3;26;26;25;27;27;25;27;27;3;27;27;27;27;26;25;27;26;;;26;26;;;26;;26;26;26;25;3;;3;3;3;3;27;;;;3;3;;;;;;;;;;;25;27;3;3;;;;;;27;27;3;;;27;3;71,35" names="141,127,128,129,110,111,130,131,132,133,134,135,136,137" />
                    <segment id="1065755727" length="5" startTrkptIdx="2319" segmentTime="1.45" speed="26.07" turnType="" turnAngle="" types="38,19,67,36,4,42,43,5,45,46,47,48,49,50,51,52,53,54,55,56,57,58,59,60,61,62" pointTypes="71,35;;;;" names="141,127,128,129,110,111,130,131,132,133,134,135,136,137" />
                    <segment id="333327744" length="2" startTrkptIdx="2323" segmentTime="0.60" speed="26.07" turnType="" turnAngle="" types="20,38,19,67,36,4,42,43,5,45,46,47,48,49,50,51,52,53,54,55,56,57,58,59,60,61,62" pointTypes="" names="141,127,128,129,110,111,130,131,132,133,134,135,136,137,146" />
                    <segment id="333327742" length="5" startTrkptIdx="2324" segmentTime="1.10" speed="26.07" turnType="" turnAngle="" types="38,19,67,36,4,42,43,5,45,46,47,48,49,50,51,52,53,54,55,56,57,58,59,60,61,62" pointTypes=";;;" names="141,127,128,129,110,111,130,131,132,133,134,135,136,137" />
                    <segment id="333327745" length="2" startTrkptIdx="2328" segmentTime="0.40" speed="26.07" turnType="" turnAngle="" types="38,24,67,4,42,43,5,45,46,47,48,49,50,51,52,53,54,55,56,57,58,59,60,61,62" pointTypes=";" names="141,127,128,129,110,111,130,131,132,133,134,135,136,137" />
                    <segment id="333327745" length="100" startTrkptIdx="2329" segmentTime="163.54" speed="26.07" turnType="" turnAngle="" types="38,24,67,4,42,43,5,45,46,47,48,49,50,51,52,53,54,55,56,57,58,59,60,61,62" pointTypes=";;;;;;;;;;;;;;;;;;;;;;;;;;;;;3;3;3;27;27;;;;;;;;;;3;3;27;27;3;;;;;;;;;;;;;;;27;3;27;3;3;27;25;27;25;26;25;27;25;25;27;27;;3;3;;3;27;3;3;;3;3;3;;;;;;;;;;" names="141,127,128,129,110,111,130,131,132,133,134,135,136,137" />
                    <segment id="203217937" length="63" startTrkptIdx="2428" segmentTime="79.31" speed="26.07" turnType="" turnAngle="" types="38,24,67,4,42,43,5,45,46,47,48,49,50,51,52,53,54,55,56,57,58,59,60,61,62" pointTypes=";;;;;;;;;27;25;25;27;27;;;;;;;;3;;;;;;;;;;;;;;;;;;;;;3;;;;;;;;;;;3;3;25;25;3;3;3;;;" names="141,127,128,129,110,111,130,131,132,133,134,135,136,137" />
                    <segment id="753445345" length="55" startTrkptIdx="2490" segmentTime="143.18" speed="26.07" turnType="" turnAngle="" types="38,67,4,42,43,5,45,46,47,48,49,50,51,52,53,54,55,56,57,58,59,60,61,62" pointTypes=";27;3;3;3;3;;;;;;;;;;;27;3;3;;;;;;;;;;;;;;;3;;;;;;;;;;;;;;;;;;;;;" names="141,127,128,129,110,111,130,131,132,133,134,135,136,137" />
                    <segment id="753445346" length="2" startTrkptIdx="2544" segmentTime="1.18" speed="26.07" turnType="" turnAngle="" types="20,38,67,4,42,43,5,45,46,47,48,49,50,51,52,53,54,55,56,57,58,59,60,61,62" pointTypes="" names="141,127,128,129,110,111,130,131,132,133,134,135,136,137,147" />
                    <segment id="513931886" length="119" startTrkptIdx="2545" segmentTime="185.08" speed="26.07" turnType="" turnAngle="" types="38,67,4,42,43,5,45,46,47,48,49,50,51,52,53,54,55,56,57,58,59,60,61,62" pointTypes="3;3;;;;;;;27;3;;;;;3;3;;;;3;3;;;3;;;27;;3;;;;;;;3;;;3;;;3;3;;3;;3;3;27;25;25;26;26;26;26;26;26;;;26;26;25;27;27;26;26;25;27;27;27;27;3;;3;25;27;3;;;;;;;;;;;;;;;;;;;;;;;;;;;;;;;;;;;;;;;;;;" names="141,127,128,129,110,111,130,131,132,133,134,135,136,137" />
                    <segment id="1065754409" length="9" startTrkptIdx="2663" segmentTime="5.16" speed="12.50" turnType="" turnAngle="" types="38,67,73,4,42,43,5,45,46,47,48,49,50,51,52,53,54,55,56,57,58,59,60,61,62" pointTypes=";;;;;;;;" names="141,127,128,129,110,111,130,131,132,133,134,135,136,137" />
                    <segment id="513931887" length="2" startTrkptIdx="2671" segmentTime="1.31" speed="12.50" turnType="" turnAngle="" types="20,38,67,73,4,42,43,5,45,46,47,48,49,50,51,52,53,54,55,56,57,58,59,60,61,62" pointTypes="" names="141,127,128,129,110,111,130,131,132,133,134,135,136,137,148" />
                    <segment id="1065754408" length="8" startTrkptIdx="2672" segmentTime="3.73" speed="12.50" turnType="" turnAngle="" types="38,67,73,4,42,43,5,45,46,47,48,49,50,51,52,53,54,55,56,57,58,59,60,61,62" pointTypes="25;26;26;25;25;3;;" names="141,127,128,129,110,111,130,131,132,133,134,135,136,137" />
                    <segment id="203156180" length="23" startTrkptIdx="2679" segmentTime="14.26" speed="26.07" turnType="" turnAngle="" types="38,67,4,42,43,5,45,46,47,48,49,50,51,52,53,54,55,56,57,58,59,60,61,62" pointTypes="3;;;;;;;27;3;;;3;27;25;25;26;25;26;;;25;27;27" names="141,127,128,129,110,111,130,131,132,133,134,135,136,137" />
                    <segment id="203156180" length="22" startTrkptIdx="2701" segmentTime="9.66" speed="26.07" turnType="" turnAngle="" types="38,67,4,42,43,5,45,46,47,48,49,50,51,52,53,54,55,56,57,58,59,60,61,62" pointTypes="27;;;;;;;;;;;;;;;;;;;;3;" names="141,127,128,129,110,111,130,131,132,133,134,135,136,137" />
                    <segment id="1065754404" length="4" startTrkptIdx="2722" segmentTime="0.90" speed="26.07" turnType="" turnAngle="" types="38,67,4,42,43,5,45,46,47,48,49,50,51,52,53,54,55,56,57,58,59,60,61,62" pointTypes="3;27;27;74,75" names="141,127,128,129,110,111,130,131,132,133,134,135,136,137,149,139" />
                    <segment id="1065754403" length="2" startTrkptIdx="2725" segmentTime="0.32" speed="26.07" turnType="" turnAngle="" types="38,67,4,42,43,5,45,46,47,48,49,50,51,52,53,54,55,56,57,58,59,60,61,62" pointTypes="74,75,27;3" names="150,127,128,129,110,111,130,131,132,133,134,135,136,137,151,152,153,154,155" />
                    <segment id="1065754403" length="3" startTrkptIdx="2726" segmentTime="0.75" speed="26.07" turnType="" turnAngle="" types="38,67,4,42,43,5,45,46,47,48,49,50,51,52,53,54,55,56,57,58,59,60,61,62" pointTypes="3;3;" names="150,127,128,129,110,111,130,131,132,133,134,135,136,137,151,152,153,154,155" />
                    <segment id="203156169" length="26" startTrkptIdx="2728" segmentTime="29.23" speed="26.07" turnType="" turnAngle="" types="38,67,4,42,43,5,45,46,47,48,49,50,51,52,53,54,55,56,57,58,59,60,61,62" pointTypes="3;3;3;3;3;27;3;3;27;27;3;25;;;3;3;25;25;25;;;26;26;;" names="150,127,128,129,110,111,130,131,132,133,134,135,136,137,151,154,155" />
                    <segment id="203156170" length="108" startTrkptIdx="2753" segmentTime="114.15" speed="26.07" turnType="" turnAngle="" types="38,67,4,42,43,5,45,46,47,48,49,50,51,52,53,54,55,56,57,58,59,60,61,62" pointTypes=";;;;;;;;;;;;;;;;;;;;;;;;;;;;;3;3;27;3;3;;;;3;27;3;27;25;3;25;25;25;25;3;3;;3;25;3;3;;;;;;;;;;3;;;;3;3;3;27;27;25;25;27;25;25;26;25;;26;26;25;27;;;;3;3;3;;;;3;3;3;25;26;26;27;27;27;27;27;27;27;3;71,35,3" names="150,127,128,129,110,111,130,131,132,133,134,135,136,137,151,154,155" />
                    <segment id="1065753514" length="4" startTrkptIdx="2860" segmentTime="1.19" speed="26.07" turnType="" turnAngle="" types="38,19,67,36,4,42,43,5,45,46,47,48,49,50,51,52,53,54,55,56,57,58,59,60,61,62" pointTypes="71,35;;3;3" names="150,127,128,129,110,111,130,131,132,133,134,135,136,137,151,154,155" />
                    <segment id="513933423" length="2" startTrkptIdx="2863" segmentTime="1.07" speed="26.07" turnType="" turnAngle="" types="20,38,19,67,36,4,42,43,5,45,46,47,48,49,50,51,52,53,54,55,56,57,58,59,60,61,62" pointTypes="" names="150,127,128,129,110,111,130,131,132,133,134,135,136,137,151,154,155" />
                    <segment id="1065753512" length="3" startTrkptIdx="2864" segmentTime="1.72" speed="26.07" turnType="" turnAngle="" types="38,19,67,36,4,42,43,5,45,46,47,48,49,50,51,52,53,54,55,56,57,58,59,60,61,62" pointTypes=";27;3" names="150,127,128,129,110,111,130,131,132,133,134,135,136,137,151,154,155" />
                    <segment id="513933417" length="37" startTrkptIdx="2866" segmentTime="35.46" speed="26.07" turnType="" turnAngle="" types="38,67,4,42,43,5,45,46,47,48,49,50,51,52,53,54,55,56,57,58,59,60,61,62" pointTypes=";27;;;;;;;;;;;;;3;3;3;;;;;;;;;;;;;;;;;;;3;" names="150,127,128,129,110,111,130,131,132,133,134,135,136,137,151,154,155" />
                    <segment id="203156190" length="6" startTrkptIdx="2902" segmentTime="19.04" speed="4.62" turnType="TL" turnAngle="-87.84" types="14,16,76,77,18" pointTypes=";34,35;;;3;" names="156,157,158,159,160,161,162,163,164,165,166,167,168,169,170,171,172" />
                    <segment id="203156190" length="5" startTrkptIdx="2907" segmentTime="10.81" speed="9.72" turnType="" turnAngle="" types="14,16,76,77,18" pointTypes=";;;;" names="156,157,158,159,160,161,162,163,164,165,166,167,168,169,170,171,172" />
                    <segment id="203156190" length="40" startTrkptIdx="2911" segmentTime="155.77" speed="8.16" turnType="" turnAngle="" types="14,16,76,77,18" pointTypes=";;;;;;;;;;;3;;25;27;25;25;27;25;27;;;;3;;;;;;;;;3;27;25;26;;26;12,26;27" names="156,157,158,159,160,161,162,163,164,165,166,167,168,169,170,171,172" />
                    <segment id="513951601" length="2" startTrkptIdx="2950" segmentTime="1.19" speed="9.72" turnType="" turnAngle="" types="20,14,70,76,77,23" pointTypes="" names="156,157,158,159,160,161,162,163,164,165,166,167,168,169,170,171,172" />
                    <segment id="513951602" length="2" startTrkptIdx="2951" segmentTime="4.90" speed="9.72" turnType="" turnAngle="" types="14,16,76,77,18" pointTypes="" names="156,157,158,159,160,161,162,163,164,165,166,167,168,169,170,171,172" />
                    <segment id="203156191" length="59" startTrkptIdx="2952" segmentTime="275.64" speed="7.58" turnType="" turnAngle="" types="0,16,76,77,18" pointTypes=";3;3;;3;;;;;;;;;;;27;3;3;3;3;3;;;;;;;;;26;12,26;;37;37;;25;27;27;;;27;;26;;;27;25;;26;26;3;;;;;;;;3" names="156,157,158,159,160,161,162,163,164,165,166,167,168,169,170,171,172" />
                    <segment id="333327791" length="3" startTrkptIdx="3010" segmentTime="2.42" speed="8.33" turnType="TR" turnAngle="109.58" types="0,78,79,80" pointTypes=";;" names="" />
                    <segment id="333327791" length="3" startTrkptIdx="3012" segmentTime="2.42" speed="8.33" turnType="C" turnAngle="" types="0,78,79,80" pointTypes=";;" names="" />
                    <segment id="203156191" length="59" startTrkptIdx="3014" segmentTime="275.64" speed="7.58" turnType="TL" turnAngle="-109.58" types="0,16,76,77,18" pointTypes="3;;;;;;;;3;26;26;;25;27;;;26;;27;;;27;27;25;;37;37;;12,26;26;;;;;;;;;3;3;3;3;3;27;;;;;;;;;;;3;;3;3;" names="156,157,158,159,160,161,162,163,164,165,166,167,168,169,170,171,172" />
                    <segment id="513951602" length="2" startTrkptIdx="3072" segmentTime="4.90" speed="9.72" turnType="" turnAngle="" types="14,16,76,77,18" pointTypes="" names="156,157,158,159,160,161,162,163,164,165,166,167,168,169,170,171,172" />
                    <segment id="513951601" length="2" startTrkptIdx="3073" segmentTime="1.19" speed="9.72" turnType="" turnAngle="" types="20,14,70,76,77,23" pointTypes="" names="156,157,158,159,160,161,162,163,164,165,166,167,168,169,170,171,172" />
                    <segment id="203156190" length="49" startTrkptIdx="3074" segmentTime="175.62" speed="8.34" turnType="" turnAngle="" types="14,16,76,77,18" pointTypes="27;12,26;26;;26;25;27;3;;;;;;;;;3;;;;27;25;27;25;25;27;25;;3;;;;;;;;;;;;;;;;3;;;34,35;" names="156,157,158,159,160,161,162,163,164,165,166,167,168,169,170,171,172" />
                    <segment id="513933417" length="37" startTrkptIdx="3122" segmentTime="35.46" speed="26.07" turnType="TR" turnAngle="87.84" types="38,67,4,42,43,5,45,46,47,48,49,50,51,52,53,54,55,56,57,58,59,60,61,62" pointTypes=";3;;;;;;;;;;;;;;;;;;;3;3;3;;;;;;;;;;;;;27;" names="150,127,128,129,110,111,130,131,132,133,134,135,136,137,151,154,155" />
                    <segment id="1065753512" length="3" startTrkptIdx="3158" segmentTime="1.72" speed="26.07" turnType="" turnAngle="" types="38,19,67,36,4,42,43,5,45,46,47,48,49,50,51,52,53,54,55,56,57,58,59,60,61,62" pointTypes="3;27;" names="150,127,128,129,110,111,130,131,132,133,134,135,136,137,151,154,155" />
                    <segment id="513933423" length="2" startTrkptIdx="3160" segmentTime="1.07" speed="26.07" turnType="" turnAngle="" types="20,38,19,67,36,4,42,43,5,45,46,47,48,49,50,51,52,53,54,55,56,57,58,59,60,61,62" pointTypes="" names="150,127,128,129,110,111,130,131,132,133,134,135,136,137,151,154,155" />
                    <segment id="1065753514" length="4" startTrkptIdx="3161" segmentTime="1.19" speed="26.07" turnType="" turnAngle="" types="38,19,67,36,4,42,43,5,45,46,47,48,49,50,51,52,53,54,55,56,57,58,59,60,61,62" pointTypes="3;3;;71,35" names="150,127,128,129,110,111,130,131,132,133,134,135,136,137,151,154,155" />
                    <segment id="203156170" length="19" startTrkptIdx="3164" segmentTime="19.11" speed="12.43" turnType="" turnAngle="" types="38,67,4,42,43,5,45,46,47,48,49,50,51,52,53,54,55,56,57,58,59,60,61,62" pointTypes="71,35,3;3;27;27;27;27;27;27;27;26;26;25;3;3;3;;;;3" names="150,127,128,129,110,111,130,131,132,133,134,135,136,137,151,154,155" />
                    <segment id="203156170" length="90" startTrkptIdx="3182" segmentTime="105.04" speed="26.07" turnType="" turnAngle="" types="38,67,4,42,43,5,45,46,47,48,49,50,51,52,53,54,55,56,57,58,59,60,61,62" pointTypes="3;3;3;;;;27;25;26;26;;25;26;25;25;27;25;25;27;27;3;3;3;;;;3;;;;;;;;;;3;3;25;3;;3;3;25;25;25;25;3;25;27;3;27;3;;;;3;3;27;3;3;;;;;;;;;;;;;;;;;;;;;;;;;;;;;" names="150,127,128,129,110,111,130,131,132,133,134,135,136,137,151,154,155" />
                    <segment id="203156169" length="26" startTrkptIdx="3271" segmentTime="29.23" speed="26.07" turnType="" turnAngle="" types="38,67,4,42,43,5,45,46,47,48,49,50,51,52,53,54,55,56,57,58,59,60,61,62" pointTypes=";;26;26;;;25;25;25;3;3;;;25;3;27;27;3;3;27;3;3;3;3;3" names="150,127,128,129,110,111,130,131,132,133,134,135,136,137,151,154,155" />
                    <segment id="1065754403" length="4" startTrkptIdx="3296" segmentTime="1.07" speed="26.07" turnType="" turnAngle="" types="38,67,4,42,43,5,45,46,47,48,49,50,51,52,53,54,55,56,57,58,59,60,61,62" pointTypes=";3;3;74,75,27" names="150,127,128,129,110,111,130,131,132,133,134,135,136,137,151,152,153,154,155" />
                    <segment id="1065754404" length="4" startTrkptIdx="3299" segmentTime="0.90" speed="26.07" turnType="" turnAngle="" types="38,67,4,42,43,5,45,46,47,48,49,50,51,52,53,54,55,56,57,58,59,60,61,62" pointTypes="74,75;27;27;3" names="141,127,128,129,110,111,130,131,132,133,134,135,136,137,149,139" />
                    <segment id="203156180" length="44" startTrkptIdx="3302" segmentTime="23.92" speed="26.07" turnType="" turnAngle="" types="38,67,4,42,43,5,45,46,47,48,49,50,51,52,53,54,55,56,57,58,59,60,61,62" pointTypes=";3;;;;;;;;;;;;;;;;;;;;27;27;25;;;26;25;26;25;25;27;3;;;3;27;;;;;;;3" names="141,127,128,129,110,111,130,131,132,133,134,135,136,137" />
                    <segment id="1065754408" length="8" startTrkptIdx="3345" segmentTime="3.73" speed="12.50" turnType="" turnAngle="" types="38,67,73,4,42,43,5,45,46,47,48,49,50,51,52,53,54,55,56,57,58,59,60,61,62" pointTypes=";;3;25;25;26;26;25" names="141,127,128,129,110,111,130,131,132,133,134,135,136,137" />
                    <segment id="513931887" length="2" startTrkptIdx="3352" segmentTime="1.31" speed="12.50" turnType="" turnAngle="" types="20,38,67,73,4,42,43,5,45,46,47,48,49,50,51,52,53,54,55,56,57,58,59,60,61,62" pointTypes="" names="141,127,128,129,110,111,130,131,132,133,134,135,136,137,148" />
                    <segment id="1065754409" length="9" startTrkptIdx="3353" segmentTime="5.16" speed="12.50" turnType="" turnAngle="" types="38,67,73,4,42,43,5,45,46,47,48,49,50,51,52,53,54,55,56,57,58,59,60,61,62" pointTypes=";;;;;;;;" names="141,127,128,129,110,111,130,131,132,133,134,135,136,137" />
                    <segment id="513931886" length="119" startTrkptIdx="3361" segmentTime="185.08" speed="26.07" turnType="" turnAngle="" types="38,67,4,42,43,5,45,46,47,48,49,50,51,52,53,54,55,56,57,58,59,60,61,62" pointTypes=";;;;;;;;;;;;;;;;;;;;;;;;;;;;;;;;;;;;;;;;;;3;27;25;3;;3;27;27;27;27;25;26;26;27;27;25;26;26;;;26;26;26;26;26;26;25;25;27;3;3;;3;;3;3;;;3;;;3;;;;;;;3;;27;;;3;;;3;3;;;;3;3;;;;;3;27;;;;;;;3;3" names="141,127,128,129,110,111,130,131,132,133,134,135,136,137" />
                    <segment id="753445346" length="2" startTrkptIdx="3479" segmentTime="1.18" speed="26.07" turnType="" turnAngle="" types="20,38,67,4,42,43,5,45,46,47,48,49,50,51,52,53,54,55,56,57,58,59,60,61,62" pointTypes="" names="141,127,128,129,110,111,130,131,132,133,134,135,136,137,147" />
                    <segment id="753445345" length="55" startTrkptIdx="3480" segmentTime="143.18" speed="26.07" turnType="" turnAngle="" types="38,67,4,42,43,5,45,46,47,48,49,50,51,52,53,54,55,56,57,58,59,60,61,62" pointTypes=";;;;;;;;;;;;;;;;;;;;;3;;;;;;;;;;;;;;;3;3;27;;;;;;;;;;;3;3;3;3;27;" names="141,127,128,129,110,111,130,131,132,133,134,135,136,137" />
                    <segment id="203217937" length="51" startTrkptIdx="3534" segmentTime="65.73" speed="26.07" turnType="" turnAngle="" types="38,24,67,4,42,43,5,45,46,47,48,49,50,51,52,53,54,55,56,57,58,59,60,61,62" pointTypes=";;;3;3;3;25;25;3;3;;;;;;;;;;;3;;;;;;;;;;;;;;;;;;;;;3;;;;;;;;27;27" names="141,127,128,129,110,111,130,131,132,133,134,135,136,137" />
                    <segment id="203217937" length="13" startTrkptIdx="3584" segmentTime="13.58" speed="26.07" turnType="" turnAngle="" types="38,24,67,4,42,43,5,45,46,47,48,49,50,51,52,53,54,55,56,57,58,59,60,61,62" pointTypes="27;25;25;27;;;;;;;;;" names="141,127,128,129,110,111,130,131,132,133,134,135,136,137" />
                    <segment id="333327745" length="101" startTrkptIdx="3596" segmentTime="163.93" speed="26.07" turnType="" turnAngle="" types="38,24,67,4,42,43,5,45,46,47,48,49,50,51,52,53,54,55,56,57,58,59,60,61,62" pointTypes=";;;;;;;;;;3;3;3;;3;3;27;3;;3;3;;27;27;25;25;27;25;26;25;27;25;27;3;3;27;3;27;;;;;;;;;;;;;;;3;27;27;3;3;;;;;;;;;;27;27;3;3;3;;;;;;;;;;;;;;;;;;;;;;;;;;;;;;" names="141,127,128,129,110,111,130,131,132,133,134,135,136,137" />
                    <segment id="333327742" length="5" startTrkptIdx="3696" segmentTime="1.10" speed="26.07" turnType="" turnAngle="" types="38,19,67,36,4,42,43,5,45,46,47,48,49,50,51,52,53,54,55,56,57,58,59,60,61,62" pointTypes=";;;" names="141,127,128,129,110,111,130,131,132,133,134,135,136,137" />
                    <segment id="333327744" length="2" startTrkptIdx="3700" segmentTime="0.60" speed="26.07" turnType="" turnAngle="" types="20,38,19,67,36,4,42,43,5,45,46,47,48,49,50,51,52,53,54,55,56,57,58,59,60,61,62" pointTypes="" names="141,127,128,129,110,111,130,131,132,133,134,135,136,137,146" />
                    <segment id="1065755727" length="5" startTrkptIdx="3701" segmentTime="1.45" speed="26.07" turnType="" turnAngle="" types="38,19,67,36,4,42,43,5,45,46,47,48,49,50,51,52,53,54,55,56,57,58,59,60,61,62" pointTypes=";;;;71,35" names="141,127,128,129,110,111,130,131,132,133,134,135,136,137" />
                    <segment id="513918080" length="192" startTrkptIdx="3705" segmentTime="196.94" speed="24.75" turnType="" turnAngle="" types="38,24,67,4,42,43,5,45,46,47,48,49,50,51,52,53,54,55,56,57,58,59,60,61,62" pointTypes="71,35;3;27;;;3;27;27;;;;;;3;3;27;25;;;;;;;;;;;3;3;;;;27;3;3;3;3;;3;25;26;26;26;;26;;;26;26;;;26;27;25;26;27;27;27;27;3;27;27;25;27;27;25;26;26;3;;;;;;;;;;;;;;;;;;;;;;;;;3;;25;27;27;3;;;;;;;;;;;;;3;25;25;27;3;3;27;3;;;;;;;;;;;;;;;;;27;;;;;;;;3;3;3;;;3;;;;;;;;;;;3;;27;25;27;27;27;3;;;;;;;;;;;;;;;;;;;;;;;;;" names="141,127,128,129,110,111,130,131,132,133,134,135,136,137" />
                    <segment id="513918079" length="4" startTrkptIdx="3896" segmentTime="0.70" speed="26.07" turnType="" turnAngle="" types="20,38,67,4,42,43,5,45,46,47,48,49,50,51,52,53,54,55,56,57,58,59,60,61,62" pointTypes="" names="141,127,128,129,110,111,130,131,132,133,134,135,136,137,145" />
                    <segment id="203217940" length="12" startTrkptIdx="3899" segmentTime="5.52" speed="26.07" turnType="" turnAngle="" types="38,24,67,4,42,43,5,45,46,47,48,49,50,51,52,53,54,55,56,57,58,59,60,61,62" pointTypes=";;;;;;;3;3;3;3;" names="141,127,128,129,110,111,130,131,132,133,134,135,136,137" />
                    <segment id="203217939" length="27" startTrkptIdx="3910" segmentTime="39.91" speed="17.65" turnType="" turnAngle="" types="38,24,4,42,43,5,45,46,47,48,49,50,51,52,53,54,55,56,57,58,59,60,61,62" pointTypes=";;;;;;;;;;;;;3;;;;;;;;;;;;;" names="141,127,128,129,110,111,130,131,132,133,134,135,136,137" />
                    <segment id="1065757399" length="3" startTrkptIdx="3936" segmentTime="2.06" speed="17.65" turnType="" turnAngle="" types="38,19,36,4,42,43,5,45,46,47,48,49,50,51,52,53,54,55,56,57,58,59,60,61,62" pointTypes="" names="141,127,128,129,110,111,130,131,132,133,134,135,136,137" />
                    <segment id="203217933" length="2" startTrkptIdx="3938" segmentTime="1.16" speed="17.65" turnType="" turnAngle="" types="20,38,19,36,4,42,43,5,45,46,47,48,49,50,51,52,53,54,55,56,57,58,59,60,61,62" pointTypes="" names="141,127,128,129,110,111,130,131,132,133,134,135,136,137,145" />
                    <segment id="1065757400" length="9" startTrkptIdx="3939" segmentTime="2.51" speed="17.65" turnType="" turnAngle="" types="38,19,31,36,4,42,43,5,45,46,47,48,49,50,51,52,53,54,55,56,57,58,59,60,61,62" pointTypes="71,35" names="141,127,128,129,110,111,130,131,132,133,134,135,136,137" />
                    <segment id="203217941" length="11" startTrkptIdx="3947" segmentTime="57.11" speed="14.56" turnType="" turnAngle="" types="38,24,4,42,43,5,45,46,47,48,49,50,51,52,53,54,55,56,57,58,59,60,61,62" pointTypes="71,35;3;3;3;3;;;;27;25;" names="141,127,128,129,110,111,130,131,132,133,134,135,136,137" />
                    <segment id="203217944" length="26" startTrkptIdx="3957" segmentTime="46.02" speed="26.07" turnType="" turnAngle="" types="38,24,67,4,42,43,5,45,46,47,48,49,50,51,52,53,54,55,56,57,58,59,60,61,62" pointTypes=";;;;;;;;;;;;;;;;;;;3;27;25;3;3;;" names="141,127,128,129,110,111,130,131,132,133,134,135,136,137" />
                    <segment id="203217936" length="3" startTrkptIdx="3982" segmentTime="9.33" speed="26.07" turnType="" turnAngle="" types="38,67,4,42,43,5,45,46,47,48,49,50,51,52,53,54,55,56,57,58,59,60,61,62" pointTypes="3;3;" names="141,127,128,129,110,111,130,131,132,133,134,135,136,137" />
                    <segment id="203217943" length="21" startTrkptIdx="3984" segmentTime="54.69" speed="18.85" turnType="" turnAngle="" types="38,24,72,4,42,43,5,45,46,47,48,49,50,51,52,53,54,55,56,57,58,59,60,61,62" pointTypes="3;3;27;3;;;;;;;27;25;25;3;;3;;;;;" names="141,127,128,129,110,111,130,131,132,133,134,135,136,137" />
                    <segment id="203217942" length="18" startTrkptIdx="4004" segmentTime="24.28" speed="26.07" turnType="" turnAngle="" types="38,24,67,4,42,43,5,45,46,47,48,49,50,51,52,53,54,55,56,57,58,59,60,61,62" pointTypes="27;27;27;;3;;;;;3;3;;;;;" names="141,127,128,129,110,111,130,131,132,133,134,135,136,137" />
                    <segment id="203217929" length="68" startTrkptIdx="4021" segmentTime="306.03" speed="26.07" turnType="" turnAngle="" types="38,24,67,4,42,43,5,45,46,47,48,49,50,51,52,53,54,55,56,57,58,59,60,61,62" pointTypes=";;;;;;27;27;;;3;;;;;;;;;;;3;;;;;;;;3;;;;;;;3;;3;;;;;;;;;3;;;3;3;;;3;3;;;;;;;;;;;;" names="141,127,128,129,110,111,130,131,132,133,134,135,136,137" />
                    <segment id="1065769938" length="5" startTrkptIdx="4088" segmentTime="1.82" speed="26.07" turnType="" turnAngle="" types="38,19,67,36,4,42,43,5,45,46,47,48,49,50,51,52,53,54,55,56,57,58,59,60,61,62" pointTypes=";;;;" names="141,127,128,129,110,111,130,131,132,133,134,135,136,137" />
                    <segment id="333327743" length="2" startTrkptIdx="4092" segmentTime="0.42" speed="26.07" turnType="" turnAngle="" types="20,38,19,67,36,4,42,43,5,45,46,47,48,49,50,51,52,53,54,55,56,57,58,59,60,61,62" pointTypes="" names="141,127,128,129,110,111,130,131,132,133,134,135,136,137,144" />
                    <segment id="1065769937" length="3" startTrkptIdx="4093" segmentTime="1.31" speed="26.07" turnType="" turnAngle="" types="38,19,67,36,4,42,43,5,45,46,47,48,49,50,51,52,53,54,55,56,57,58,59,60,61,62" pointTypes="71,35" names="141,127,128,129,110,111,130,131,132,133,134,135,136,137" />
                    <segment id="203327592" length="19" startTrkptIdx="4095" segmentTime="83.09" speed="22.94" turnType="" turnAngle="" types="38,67,4,42,43,5,45,46,47,48,49,50,51,52,53,54,55,56,57,58,59,60,61,62" pointTypes="71,35;;;27;26;25;25;25;3;;;27;3;3;;;;;" names="141,127,128,129,110,111,130,131,132,133,134,135,136,137" />
                    <segment id="203327593" length="14" startTrkptIdx="4113" segmentTime="76.71" speed="26.07" turnType="" turnAngle="" types="38,24,67,4,42,43,5,45,46,47,48,49,50,51,52,53,54,55,56,57,58,59,60,61,62" pointTypes=";;;;;;;27;25;25;27;3;;" names="141,127,128,129,110,111,130,131,132,133,134,135,136,137" />
                    <segment id="203327589" length="13" startTrkptIdx="4126" segmentTime="29.81" speed="26.07" turnType="" turnAngle="" types="38,67,4,42,43,5,45,46,47,48,49,50,51,52,53,54,55,56,57,58,59,60,61,62" pointTypes=";3;;;;;3;;;;;;" names="141,127,128,129,110,111,130,131,132,133,134,135,136,137" />
                    <segment id="203327586" length="13" startTrkptIdx="4138" segmentTime="55.37" speed="26.07" turnType="" turnAngle="" types="38,24,67,4,42,43,5,45,46,47,48,49,50,51,52,53,54,55,56,57,58,59,60,61,62" pointTypes=";;;26;26;27;3;;;;;;" names="141,127,128,129,110,111,130,131,132,133,134,135,136,137" />
                    <segment id="333327747" length="18" startTrkptIdx="4150" segmentTime="42.73" speed="26.07" turnType="" turnAngle="" types="38,24,67,4,42,43,5,45,46,47,48,49,50,51,52,53,54,55,56,57,58,59,60,61,62" pointTypes=";;;;;;;;;;;;;;;;;" names="141,127,128,129,110,111,130,131,132,133,134,135,136,137" />
                    <segment id="203327577" length="14" startTrkptIdx="4167" segmentTime="15.74" speed="17.65" turnType="" turnAngle="" types="38,24,4,42,43,5,45,46,47,48,49,50,51,52,53,54,55,56,57,58,59,60,61,62" pointTypes=";;;;;;;3;3;;;;;" names="141,127,128,129,110,111,130,131,132,133,134,135,136,137" />
                    <segment id="203327579" length="105" startTrkptIdx="4180" segmentTime="285.87" speed="17.65" turnType="" turnAngle="" types="38,24,4,42,43,5,45,46,47,48,49,50,51,52,53,54,55,56,57,58,59,60,61,62" pointTypes=";3;27;27;25;25;25;25;27;3;3;;;;;;;;;;;27;25;27;;;;;;;;;;;;;;;;;;;;;;;3;;;;;;3;;;;;;;;;3;;;3;3;;;;;;;;3;;;;;;;;3;;;;;;;3;;;;;;;;" names="141,127,128,129,110,111,130,131,132,133,134,135,136,137" />
                    <segment id="203327590" length="15" startTrkptIdx="4284" segmentTime="15.30" speed="17.65" turnType="" turnAngle="" types="38,24,4,42,43,5,45,46,47,48,49,50,51,52,53,54,55,56,57,58,59,60,61,62" pointTypes="3;;;;3;;;;;;;;;;" names="141,127,128,129,110,111,130,131,132,133,134,135,136,137" />
                    <segment id="203327584" length="12" startTrkptIdx="4298" segmentTime="13.46" speed="17.65" turnType="" turnAngle="" types="38,24,4,42,43,5,45,46,47,48,49,50,51,52,53,54,55,56,57,58,59,60,61,62" pointTypes=";;;;;;;;;" names="141,127,128,129,110,111,130,131,132,133,134,135,136,137" />
                    <segment id="203327581" length="9" startTrkptIdx="4309" segmentTime="7.81" speed="17.65" turnType="" turnAngle="" types="38,4,42,43,5,45,46,47,48,49,50,51,52,53,54,55,56,57,58,59,60,61,62" pointTypes="3;3;3;" names="141,127,128,129,110,111,130,131,132,133,134,135,136,137" />
                    <segment id="485623804" length="17" startTrkptIdx="4317" segmentTime="31.95" speed="26.07" turnType="" turnAngle="" types="38,24,67,4,42,43,5,45,46,47,48,49,50,51,52,53,54,55,56,57,58,59,60,61,62" pointTypes="3;;;;;;3;27;3;3;;3;;3;" names="141,127,128,129,110,111,130,131,132,133,134,135,136,137" />
                    <segment id="203327578" length="30" startTrkptIdx="4333" segmentTime="44.80" speed="21.26" turnType="" turnAngle="" types="38,24,69,4,42,43,5,45,46,47,48,49,50,51,52,53,54,55,56,57,58,59,60,61,62" pointTypes=";3;;;;;3;3;26;25;3;3;27;;;;;;27;27;3;;;;;;;;" names="141,127,128,129,110,111,130,131,132,133,134,135,136,137" />
                    <segment id="464481598" length="4" startTrkptIdx="4362" segmentTime="0.99" speed="21.26" turnType="" turnAngle="" types="20,38,69,70,42,43,23,45,46,47,48,49,50,51,52,53,54,55,56,57,58,59,60,61,62" pointTypes="" names="141,127,128,129,110,111,130,131,132,133,134,135,136,137,143" />
                    <segment id="203327594" length="22" startTrkptIdx="4365" segmentTime="24.75" speed="13.89" turnType="" turnAngle="" types="38,24,63,4,42,43,5,45,46,47,48,49,50,51,52,53,54,55,56,57,58,59,60,61,62" pointTypes="3;25;25;27;3;3;;;;;;;;;;;;;;" names="141,127,128,129,110,111,130,131,132,133,134,135,136,137" />
                    <segment id="203327585" length="5" startTrkptIdx="4386" segmentTime="8.06" speed="13.89" turnType="" turnAngle="" types="38,24,63,4,42,43,5,45,46,47,48,49,50,51,52,53,54,55,56,57,58,59,60,61,62" pointTypes=";;;" names="141,127,128,129,110,111,130,131,132,133,134,135,136,137" />
                    <segment id="333327746" length="30" startTrkptIdx="4390" segmentTime="46.09" speed="13.89" turnType="" turnAngle="" types="38,24,63,4,42,43,5,45,46,47,48,49,50,51,52,53,54,55,56,57,58,59,60,61,62" pointTypes="3;25;25;25;26;26;25;27;3;;;;;;;;;;;;;;;;;;;;;" names="141,127,128,129,110,111,130,131,132,133,134,135,136,137" />
                    <segment id="203327576" length="11" startTrkptIdx="4419" segmentTime="19.38" speed="21.26" turnType="" turnAngle="" types="38,69,4,42,43,5,45,46,47,48,49,50,51,52,53,54,55,56,57,58,59,60,61,62" pointTypes=";;;;;;;;;3;" names="141,127,128,129,110,111,130,131,132,133,134,135,136,137" />
                    <segment id="203327575" length="18" startTrkptIdx="4429" segmentTime="38.77" speed="21.26" turnType="" turnAngle="" types="38,24,69,4,42,43,5,45,46,47,48,49,50,51,52,53,54,55,56,57,58,59,60,61,62" pointTypes="3;3;;;;;;;;;3;;;;;;;" names="141,127,128,129,110,111,130,131,132,133,134,135,136,137" />
                    <segment id="203327575" length="15" startTrkptIdx="4446" segmentTime="31.97" speed="21.26" turnType="" turnAngle="" types="38,24,69,4,42,43,5,45,46,47,48,49,50,51,52,53,54,55,56,57,58,59,60,61,62" pointTypes=";;;3;;;;;;;;;;;" names="141,127,128,129,110,111,130,131,132,133,134,135,136,137" />
                    <segment id="203327640" length="29" startTrkptIdx="4460" segmentTime="70.60" speed="7.66" turnType="TR" turnAngle="67.84" types="81,24,4,5" pointTypes=";34,82;;;;3;3;;;;;;;;;;;;;;;;;;;;" names="173" />
                    <segment id="1181500937" length="2" startTrkptIdx="4488" segmentTime="12.93" speed="9.72" turnType="" turnAngle="" types="81,4,5" pointTypes=";" names="173" />
                    <segment id="1181500939" length="2" startTrkptIdx="4489" segmentTime="2.45" speed="9.72" turnType="" turnAngle="" types="81,19,70,23" pointTypes="" names="173" />
                    <segment id="1181500940" length="2" startTrkptIdx="4490" segmentTime="1.37" speed="9.72" turnType="" turnAngle="" types="20,81,19,70,23" pointTypes="" names="173" />
                    <segment id="1181500938" length="2" startTrkptIdx="4491" segmentTime="3.81" speed="9.72" turnType="" turnAngle="" types="81,19,70,23" pointTypes=";34,35" names="173" />
                    <segment id="203327639" length="28" startTrkptIdx="4492" segmentTime="71.08" speed="8.35" turnType="" turnAngle="" types="81,70,23" pointTypes="34,35;;;;;;;3;;;;;3;3;;;;;;;;;;;;;;" names="173" />
                    <segment id="203327604" length="6" startTrkptIdx="4519" segmentTime="114.73" speed="9.72" turnType="" turnAngle="" types="14,70,23" pointTypes=";;;;" names="174" />
                    <segment id="203327605" length="10" startTrkptIdx="4524" segmentTime="114.93" speed="5.56" turnType="" turnAngle="" types="83,17,2" pointTypes=";;;;3;;;;;" names="174" />
                    <segment id="203327603" length="10" startTrkptIdx="4533" segmentTime="398.47" speed="5.56" turnType="" turnAngle="" types="83,16,17,18" pointTypes=";;;3;;3;;3;;" names="174" />
                    <segment id="202998043" length="8" startTrkptIdx="4542" segmentTime="312.16" speed="5.56" turnType="" turnAngle="" types="83,16,17,18" pointTypes=";27;;3;3;3;27;3" names="174" />
                    <segment id="816443416" length="12" startTrkptIdx="4549" segmentTime="5.89" speed="5.56" turnType="RNLB2" turnAngle="-14.41" types="83,84,16,17,18" pointTypes="" names="" />
                    <segment id="202998041" length="25" startTrkptIdx="4560" segmentTime="331.32" speed="5.56" turnType="" turnAngle="" types="83,16,17,18" pointTypes=";3;;;;3;;;;3;3;3;;3;3;3;;;;;;;3;;" names="174" />
                    <segment id="1061260460" length="13" startTrkptIdx="4584" segmentTime="42.98" speed="8.33" turnType="TL" turnAngle="-73.82" types="0,85,18" pointTypes="27;;;;;;;;;3;;3;" names="" />
                    <segment id="1061260460" length="13" startTrkptIdx="4596" segmentTime="42.98" speed="8.33" turnType="C" turnAngle="" types="0,85,18" pointTypes=";3;;3;;;;;;;;;27" names="" />
                    <segment id="202998041" length="25" startTrkptIdx="4608" segmentTime="331.32" speed="5.56" turnType="TR" turnAngle="73.82" types="83,16,17,18" pointTypes=";;3;;;;;;;3;3;3;;3;3;3;;;;3;;;;3;" names="174" />
                    <segment id="816443416" length="10" startTrkptIdx="4632" segmentTime="4.68" speed="5.56" turnType="RNLB2" turnAngle="-36.23" types="83,84,16,17,18" pointTypes="" names="" />
                    <segment id="202998043" length="8" startTrkptIdx="4641" segmentTime="312.16" speed="5.56" turnType="" turnAngle="" types="83,16,17,18" pointTypes="3;27;3;3;3;;27;" names="174" />
                    <segment id="203327603" length="10" startTrkptIdx="4648" segmentTime="398.47" speed="5.56" turnType="" turnAngle="" types="83,16,17,18" pointTypes=";;3;;3;;3;;;" names="174" />
                    <segment id="203327605" length="10" startTrkptIdx="4657" segmentTime="114.93" speed="5.56" turnType="" turnAngle="" types="83,17,2" pointTypes=";;;;;3;;;;" names="174" />
                    <segment id="203327604" length="6" startTrkptIdx="4666" segmentTime="114.73" speed="9.72" turnType="" turnAngle="" types="14,70,23" pointTypes=";;;;" names="174" />
                    <segment id="203327639" length="28" startTrkptIdx="4671" segmentTime="61.08" speed="9.72" turnType="" turnAngle="" types="81,70,23" pointTypes=";;;;;;;;;;;;;;3;3;;;;;3;;;;;;;34,35" names="173" />
                    <segment id="1181500938" length="2" startTrkptIdx="4698" segmentTime="3.81" speed="9.72" turnType="" turnAngle="" types="81,19,70,23" pointTypes="34,35;" names="173" />
                    <segment id="1181500940" length="2" startTrkptIdx="4699" segmentTime="1.37" speed="9.72" turnType="" turnAngle="" types="20,81,19,70,23" pointTypes="" names="173" />
                    <segment id="1181500939" length="2" startTrkptIdx="4700" segmentTime="2.45" speed="9.72" turnType="" turnAngle="" types="81,19,70,23" pointTypes="" names="173" />
                    <segment id="1181500937" length="2" startTrkptIdx="4701" segmentTime="12.93" speed="9.72" turnType="" turnAngle="" types="81,4,5" pointTypes=";" names="173" />
                    <segment id="203327640" length="29" startTrkptIdx="4702" segmentTime="55.60" speed="9.72" turnType="" turnAngle="" types="81,24,4,5" pointTypes=";;;;;;;;;;;;;;;;;;;;3;3;;;;34,82;" names="173" />
                    <segment id="203327575" length="32" startTrkptIdx="4730" segmentTime="70.74" speed="21.26" turnType="TL" turnAngle="-67.84" types="38,24,69,4,42,43,5,45,46,47,48,49,50,51,52,53,54,55,56,57,58,59,60,61,62" pointTypes=";;;;;;;;;;;3;;;;;;;;;;3;;;;;;;;;3;3" names="141,127,128,129,110,111,130,131,132,133,134,135,136,137" />
                    <segment id="203327576" length="11" startTrkptIdx="4761" segmentTime="19.38" speed="21.26" turnType="" turnAngle="" types="38,69,4,42,43,5,45,46,47,48,49,50,51,52,53,54,55,56,57,58,59,60,61,62" pointTypes=";3;;;;;;;;;" names="141,127,128,129,110,111,130,131,132,133,134,135,136,137" />
                    <segment id="333327746" length="30" startTrkptIdx="4771" segmentTime="46.09" speed="13.89" turnType="" turnAngle="" types="38,24,63,4,42,43,5,45,46,47,48,49,50,51,52,53,54,55,56,57,58,59,60,61,62" pointTypes=";;;;;;;;;;;;;;;;;;;;;3;27;25;26;26;25;25;25;3" names="141,127,128,129,110,111,130,131,132,133,134,135,136,137" />
                    <segment id="203327585" length="5" startTrkptIdx="4800" segmentTime="8.06" speed="13.89" turnType="" turnAngle="" types="38,24,63,4,42,43,5,45,46,47,48,49,50,51,52,53,54,55,56,57,58,59,60,61,62" pointTypes=";;;" names="141,127,128,129,110,111,130,131,132,133,134,135,136,137" />
                    <segment id="203327594" length="22" startTrkptIdx="4804" segmentTime="24.75" speed="13.89" turnType="" turnAngle="" types="38,24,63,4,42,43,5,45,46,47,48,49,50,51,52,53,54,55,56,57,58,59,60,61,62" pointTypes=";;;;;;;;;;;;;;3;3;27;25;25;3" names="141,127,128,129,110,111,130,131,132,133,134,135,136,137" />
                    <segment id="464481598" length="4" startTrkptIdx="4825" segmentTime="0.99" speed="21.26" turnType="" turnAngle="" types="20,38,69,70,42,43,23,45,46,47,48,49,50,51,52,53,54,55,56,57,58,59,60,61,62" pointTypes="" names="141,127,128,129,110,111,130,131,132,133,134,135,136,137,143" />
                    <segment id="203327578" length="30" startTrkptIdx="4828" segmentTime="44.80" speed="21.26" turnType="" turnAngle="" types="38,24,69,4,42,43,5,45,46,47,48,49,50,51,52,53,54,55,56,57,58,59,60,61,62" pointTypes=";;;;;;;;3;27;27;;;;;;27;3;3;25;26;3;3;;;;;3;" names="141,127,128,129,110,111,130,131,132,133,134,135,136,137" />
                    <segment id="485623804" length="17" startTrkptIdx="4857" segmentTime="31.95" speed="26.07" turnType="" turnAngle="" types="38,24,67,4,42,43,5,45,46,47,48,49,50,51,52,53,54,55,56,57,58,59,60,61,62" pointTypes=";3;;3;;3;3;27;3;;;;;;3" names="141,127,128,129,110,111,130,131,132,133,134,135,136,137" />
                    <segment id="203327581" length="9" startTrkptIdx="4873" segmentTime="7.81" speed="17.65" turnType="" turnAngle="" types="38,4,42,43,5,45,46,47,48,49,50,51,52,53,54,55,56,57,58,59,60,61,62" pointTypes=";3;3;3" names="141,127,128,129,110,111,130,131,132,133,134,135,136,137" />
                    <segment id="203327584" length="12" startTrkptIdx="4881" segmentTime="13.46" speed="17.65" turnType="" turnAngle="" types="38,24,4,42,43,5,45,46,47,48,49,50,51,52,53,54,55,56,57,58,59,60,61,62" pointTypes=";;;;;;;;;" names="141,127,128,129,110,111,130,131,132,133,134,135,136,137" />
                    <segment id="203327590" length="15" startTrkptIdx="4892" segmentTime="15.30" speed="17.65" turnType="" turnAngle="" types="38,24,4,42,43,5,45,46,47,48,49,50,51,52,53,54,55,56,57,58,59,60,61,62" pointTypes=";;;;;;;;;;3;;;;3" names="141,127,128,129,110,111,130,131,132,133,134,135,136,137" />
                    <segment id="203327579" length="105" startTrkptIdx="4906" segmentTime="285.87" speed="17.65" turnType="" turnAngle="" types="38,24,4,42,43,5,45,46,47,48,49,50,51,52,53,54,55,56,57,58,59,60,61,62" pointTypes=";;;;;;;;3;;;;;;;3;;;;;;;;3;;;;;;;;3;3;;;3;;;;;;;;;3;;;;;;3;;;;;;;;;;;;;;;;;;;;;;;27;25;27;;;;;;;;;;;3;3;27;25;25;25;25;27;27;3;" names="141,127,128,129,110,111,130,131,132,133,134,135,136,137" />
                    <segment id="203327577" length="14" startTrkptIdx="5010" segmentTime="15.74" speed="17.65" turnType="" turnAngle="" types="38,24,4,42,43,5,45,46,47,48,49,50,51,52,53,54,55,56,57,58,59,60,61,62" pointTypes=";;;;;3;3;;;;;;;" names="141,127,128,129,110,111,130,131,132,133,134,135,136,137" />
                    <segment id="333327747" length="18" startTrkptIdx="5023" segmentTime="42.73" speed="26.07" turnType="" turnAngle="" types="38,24,67,4,42,43,5,45,46,47,48,49,50,51,52,53,54,55,56,57,58,59,60,61,62" pointTypes=";;;;;;;;;;;;;;;;;" names="141,127,128,129,110,111,130,131,132,133,134,135,136,137" />
                    <segment id="203327586" length="13" startTrkptIdx="5040" segmentTime="55.37" speed="26.07" turnType="" turnAngle="" types="38,24,67,4,42,43,5,45,46,47,48,49,50,51,52,53,54,55,56,57,58,59,60,61,62" pointTypes=";;;;;;3;27;26;26;;;" names="141,127,128,129,110,111,130,131,132,133,134,135,136,137" />
                    <segment id="203327589" length="13" startTrkptIdx="5052" segmentTime="29.81" speed="26.07" turnType="" turnAngle="" types="38,67,4,42,43,5,45,46,47,48,49,50,51,52,53,54,55,56,57,58,59,60,61,62" pointTypes=";;;;;;3;;;;;3;" names="141,127,128,129,110,111,130,131,132,133,134,135,136,137" />
                    <segment id="203327593" length="14" startTrkptIdx="5064" segmentTime="76.71" speed="26.07" turnType="" turnAngle="" types="38,24,67,4,42,43,5,45,46,47,48,49,50,51,52,53,54,55,56,57,58,59,60,61,62" pointTypes=";;3;27;25;25;27;;;;;;;" names="141,127,128,129,110,111,130,131,132,133,134,135,136,137" />
                    <segment id="203327592" length="19" startTrkptIdx="5077" segmentTime="73.09" speed="26.07" turnType="" turnAngle="" types="38,67,4,42,43,5,45,46,47,48,49,50,51,52,53,54,55,56,57,58,59,60,61,62" pointTypes=";;;;;3;3;27;;;3;25;25;25;26;27;;;71,35" names="141,127,128,129,110,111,130,131,132,133,134,135,136,137" />
                    <segment id="1065769937" length="3" startTrkptIdx="5095" segmentTime="1.31" speed="26.07" turnType="" turnAngle="" types="38,19,67,36,4,42,43,5,45,46,47,48,49,50,51,52,53,54,55,56,57,58,59,60,61,62" pointTypes="71,35" names="141,127,128,129,110,111,130,131,132,133,134,135,136,137" />
                    <segment id="333327743" length="2" startTrkptIdx="5097" segmentTime="0.42" speed="26.07" turnType="" turnAngle="" types="20,38,19,67,36,4,42,43,5,45,46,47,48,49,50,51,52,53,54,55,56,57,58,59,60,61,62" pointTypes="" names="141,127,128,129,110,111,130,131,132,133,134,135,136,137,144" />
                    <segment id="1065769938" length="5" startTrkptIdx="5098" segmentTime="1.82" speed="26.07" turnType="" turnAngle="" types="38,19,67,36,4,42,43,5,45,46,47,48,49,50,51,52,53,54,55,56,57,58,59,60,61,62" pointTypes=";;;;" names="141,127,128,129,110,111,130,131,132,133,134,135,136,137" />
                    <segment id="203217929" length="68" startTrkptIdx="5102" segmentTime="306.03" speed="26.07" turnType="" turnAngle="" types="38,24,67,4,42,43,5,45,46,47,48,49,50,51,52,53,54,55,56,57,58,59,60,61,62" pointTypes=";;;;;;;;;;;;3;3;;;3;3;;;3;;;;;;;;;3;;3;;;;;;;3;;;;;;;;3;;;;;;;;;;;3;;;27;27;;;;;;" names="141,127,128,129,110,111,130,131,132,133,134,135,136,137" />
                    <segment id="203217942" length="18" startTrkptIdx="5169" segmentTime="24.28" speed="26.07" turnType="" turnAngle="" types="38,24,67,4,42,43,5,45,46,47,48,49,50,51,52,53,54,55,56,57,58,59,60,61,62" pointTypes=";;;;;3;3;;;;;3;;27;27;27" names="141,127,128,129,110,111,130,131,132,133,134,135,136,137" />
                    <segment id="203217943" length="21" startTrkptIdx="5186" segmentTime="54.69" speed="18.85" turnType="" turnAngle="" types="38,24,72,4,42,43,5,45,46,47,48,49,50,51,52,53,54,55,56,57,58,59,60,61,62" pointTypes=";;;;;3;;3;25;25;27;;;;;;;3;27;3;3" names="141,127,128,129,110,111,130,131,132,133,134,135,136,137" />
                    <segment id="203217936" length="3" startTrkptIdx="5206" segmentTime="9.33" speed="26.07" turnType="" turnAngle="" types="38,67,4,42,43,5,45,46,47,48,49,50,51,52,53,54,55,56,57,58,59,60,61,62" pointTypes=";3;3" names="141,127,128,129,110,111,130,131,132,133,134,135,136,137" />
                    <segment id="203217944" length="26" startTrkptIdx="5208" segmentTime="46.02" speed="26.07" turnType="" turnAngle="" types="38,24,67,4,42,43,5,45,46,47,48,49,50,51,52,53,54,55,56,57,58,59,60,61,62" pointTypes=";;3;3;25;27;3;;;;;;;;;;;;;;;;;;;" names="141,127,128,129,110,111,130,131,132,133,134,135,136,137" />
                    <segment id="203217941" length="11" startTrkptIdx="5233" segmentTime="47.11" speed="17.65" turnType="" turnAngle="" types="38,24,4,42,43,5,45,46,47,48,49,50,51,52,53,54,55,56,57,58,59,60,61,62" pointTypes=";25;27;;;;3;3;3;3;71,35" names="141,127,128,129,110,111,130,131,132,133,134,135,136,137" />
                    <segment id="1065757400" length="9" startTrkptIdx="5243" segmentTime="2.51" speed="17.65" turnType="" turnAngle="" types="38,19,31,36,4,42,43,5,45,46,47,48,49,50,51,52,53,54,55,56,57,58,59,60,61,62" pointTypes="71,35" names="141,127,128,129,110,111,130,131,132,133,134,135,136,137" />
                    <segment id="203217933" length="2" startTrkptIdx="5251" segmentTime="1.16" speed="17.65" turnType="" turnAngle="" types="20,38,19,36,4,42,43,5,45,46,47,48,49,50,51,52,53,54,55,56,57,58,59,60,61,62" pointTypes="" names="141,127,128,129,110,111,130,131,132,133,134,135,136,137,145" />
                    <segment id="1065757399" length="3" startTrkptIdx="5252" segmentTime="2.06" speed="17.65" turnType="" turnAngle="" types="38,19,36,4,42,43,5,45,46,47,48,49,50,51,52,53,54,55,56,57,58,59,60,61,62" pointTypes="" names="141,127,128,129,110,111,130,131,132,133,134,135,136,137" />
                    <segment id="203217939" length="27" startTrkptIdx="5254" segmentTime="39.91" speed="17.65" turnType="" turnAngle="" types="38,24,4,42,43,5,45,46,47,48,49,50,51,52,53,54,55,56,57,58,59,60,61,62" pointTypes=";;;;;;;;;;;;;3;;;;;;;;;;;;;" names="141,127,128,129,110,111,130,131,132,133,134,135,136,137" />
                    <segment id="203217940" length="12" startTrkptIdx="5280" segmentTime="5.52" speed="26.07" turnType="" turnAngle="" types="38,24,67,4,42,43,5,45,46,47,48,49,50,51,52,53,54,55,56,57,58,59,60,61,62" pointTypes=";3;3;3;3;;;;;;;" names="141,127,128,129,110,111,130,131,132,133,134,135,136,137" />
                    <segment id="513918079" length="4" startTrkptIdx="5291" segmentTime="0.70" speed="26.07" turnType="" turnAngle="" types="20,38,67,4,42,43,5,45,46,47,48,49,50,51,52,53,54,55,56,57,58,59,60,61,62" pointTypes="" names="141,127,128,129,110,111,130,131,132,133,134,135,136,137,145" />
                    <segment id="513918080" length="41" startTrkptIdx="5294" segmentTime="29.87" speed="26.07" turnType="" turnAngle="" types="38,24,67,4,42,43,5,45,46,47,48,49,50,51,52,53,54,55,56,57,58,59,60,61,62" pointTypes=";;;;;;;;;;;;;;;;;;;;;;;;;3;27;27;27;25;27;;3;;;;;;;;" names="141,127,128,129,110,111,130,131,132,133,134,135,136,137" />
                    <segment id="513918080" length="152" startTrkptIdx="5334" segmentTime="157.06" speed="26.07" turnType="" turnAngle="" types="38,24,67,4,42,43,5,45,46,47,48,49,50,51,52,53,54,55,56,57,58,59,60,61,62" pointTypes=";;;3;;;3;3;3;;;;;;;;27;;;;;;;;;;;;;;;;;3;27;3;3;27;25;25;3;;;;;;;;;;;;;3;27;27;25;;3;;;;;;;;;;;;;;;;;;;;;;;;;3;26;26;25;27;27;25;27;27;3;27;27;27;27;26;25;27;26;;;26;26;;;26;;26;26;26;25;3;;3;3;3;3;27;;;;3;3;;;;;;;;;;;25;27;3;3;;;;;;27;27;3;;;27;3;71,35" names="141,127,128,129,110,111,130,131,132,133,134,135,136,137" />
                    <segment id="1065755727" length="5" startTrkptIdx="5485" segmentTime="1.45" speed="26.07" turnType="" turnAngle="" types="38,19,67,36,4,42,43,5,45,46,47,48,49,50,51,52,53,54,55,56,57,58,59,60,61,62" pointTypes="71,35;;;;" names="141,127,128,129,110,111,130,131,132,133,134,135,136,137" />
                    <segment id="333327744" length="2" startTrkptIdx="5489" segmentTime="0.60" speed="26.07" turnType="" turnAngle="" types="20,38,19,67,36,4,42,43,5,45,46,47,48,49,50,51,52,53,54,55,56,57,58,59,60,61,62" pointTypes="" names="141,127,128,129,110,111,130,131,132,133,134,135,136,137,146" />
                    <segment id="333327742" length="5" startTrkptIdx="5490" segmentTime="1.10" speed="26.07" turnType="" turnAngle="" types="38,19,67,36,4,42,43,5,45,46,47,48,49,50,51,52,53,54,55,56,57,58,59,60,61,62" pointTypes=";;;" names="141,127,128,129,110,111,130,131,132,133,134,135,136,137" />
                    <segment id="333327745" length="2" startTrkptIdx="5494" segmentTime="0.40" speed="26.07" turnType="" turnAngle="" types="38,24,67,4,42,43,5,45,46,47,48,49,50,51,52,53,54,55,56,57,58,59,60,61,62" pointTypes=";" names="141,127,128,129,110,111,130,131,132,133,134,135,136,137" />
                    <segment id="333327745" length="100" startTrkptIdx="5495" segmentTime="163.54" speed="26.07" turnType="" turnAngle="" types="38,24,67,4,42,43,5,45,46,47,48,49,50,51,52,53,54,55,56,57,58,59,60,61,62" pointTypes=";;;;;;;;;;;;;;;;;;;;;;;;;;;;;3;3;3;27;27;;;;;;;;;;3;3;27;27;3;;;;;;;;;;;;;;;27;3;27;3;3;27;25;27;25;26;25;27;25;25;27;27;;3;3;;3;27;3;3;;3;3;3;;;;;;;;;;" names="141,127,128,129,110,111,130,131,132,133,134,135,136,137" />
                    <segment id="203217937" length="63" startTrkptIdx="5594" segmentTime="79.31" speed="26.07" turnType="" turnAngle="" types="38,24,67,4,42,43,5,45,46,47,48,49,50,51,52,53,54,55,56,57,58,59,60,61,62" pointTypes=";;;;;;;;;27;25;25;27;27;;;;;;;;3;;;;;;;;;;;;;;;;;;;;;3;;;;;;;;;;;3;3;25;25;3;3;3;;;" names="141,127,128,129,110,111,130,131,132,133,134,135,136,137" />
                    <segment id="753445345" length="55" startTrkptIdx="5656" segmentTime="143.18" speed="26.07" turnType="" turnAngle="" types="38,67,4,42,43,5,45,46,47,48,49,50,51,52,53,54,55,56,57,58,59,60,61,62" pointTypes=";27;3;3;3;3;;;;;;;;;;;27;3;3;;;;;;;;;;;;;;;3;;;;;;;;;;;;;;;;;;;;;" names="141,127,128,129,110,111,130,131,132,133,134,135,136,137" />
                    <segment id="753445346" length="2" startTrkptIdx="5710" segmentTime="1.18" speed="26.07" turnType="" turnAngle="" types="20,38,67,4,42,43,5,45,46,47,48,49,50,51,52,53,54,55,56,57,58,59,60,61,62" pointTypes="" names="141,127,128,129,110,111,130,131,132,133,134,135,136,137,147" />
                    <segment id="513931886" length="119" startTrkptIdx="5711" segmentTime="185.08" speed="26.07" turnType="" turnAngle="" types="38,67,4,42,43,5,45,46,47,48,49,50,51,52,53,54,55,56,57,58,59,60,61,62" pointTypes="3;3;;;;;;;27;3;;;;;3;3;;;;3;3;;;3;;;27;;3;;;;;;;3;;;3;;;3;3;;3;;3;3;27;25;25;26;26;26;26;26;26;;;26;26;25;27;27;26;26;25;27;27;27;27;3;;3;25;27;3;;;;;;;;;;;;;;;;;;;;;;;;;;;;;;;;;;;;;;;;;;" names="141,127,128,129,110,111,130,131,132,133,134,135,136,137" />
                    <segment id="1065754409" length="9" startTrkptIdx="5829" segmentTime="5.16" speed="12.50" turnType="" turnAngle="" types="38,67,73,4,42,43,5,45,46,47,48,49,50,51,52,53,54,55,56,57,58,59,60,61,62" pointTypes=";;;;;;;;" names="141,127,128,129,110,111,130,131,132,133,134,135,136,137" />
                    <segment id="513931887" length="2" startTrkptIdx="5837" segmentTime="1.31" speed="12.50" turnType="" turnAngle="" types="20,38,67,73,4,42,43,5,45,46,47,48,49,50,51,52,53,54,55,56,57,58,59,60,61,62" pointTypes="" names="141,127,128,129,110,111,130,131,132,133,134,135,136,137,148" />
                    <segment id="1065754408" length="8" startTrkptIdx="5838" segmentTime="3.73" speed="12.50" turnType="" turnAngle="" types="38,67,73,4,42,43,5,45,46,47,48,49,50,51,52,53,54,55,56,57,58,59,60,61,62" pointTypes="25;26;26;25;25;3;;" names="141,127,128,129,110,111,130,131,132,133,134,135,136,137" />
                    <segment id="203156180" length="23" startTrkptIdx="5845" segmentTime="14.26" speed="26.07" turnType="" turnAngle="" types="38,67,4,42,43,5,45,46,47,48,49,50,51,52,53,54,55,56,57,58,59,60,61,62" pointTypes="3;;;;;;;27;3;;;3;27;25;25;26;25;26;;;25;27;27" names="141,127,128,129,110,111,130,131,132,133,134,135,136,137" />
                    <segment id="203156180" length="22" startTrkptIdx="5867" segmentTime="9.66" speed="26.07" turnType="" turnAngle="" types="38,67,4,42,43,5,45,46,47,48,49,50,51,52,53,54,55,56,57,58,59,60,61,62" pointTypes="27;;;;;;;;;;;;;;;;;;;;3;" names="141,127,128,129,110,111,130,131,132,133,134,135,136,137" />
                    <segment id="1065754404" length="4" startTrkptIdx="5888" segmentTime="0.90" speed="26.07" turnType="" turnAngle="" types="38,67,4,42,43,5,45,46,47,48,49,50,51,52,53,54,55,56,57,58,59,60,61,62" pointTypes="3;27;27;74,75" names="141,127,128,129,110,111,130,131,132,133,134,135,136,137,149,139" />
                    <segment id="1065754403" length="2" startTrkptIdx="5891" segmentTime="0.32" speed="26.07" turnType="" turnAngle="" types="38,67,4,42,43,5,45,46,47,48,49,50,51,52,53,54,55,56,57,58,59,60,61,62" pointTypes="74,75,27;3" names="150,127,128,129,110,111,130,131,132,133,134,135,136,137,151,152,153,154,155" />
                    <segment id="1065754403" length="3" startTrkptIdx="5892" segmentTime="0.75" speed="26.07" turnType="" turnAngle="" types="38,67,4,42,43,5,45,46,47,48,49,50,51,52,53,54,55,56,57,58,59,60,61,62" pointTypes="3;3;" names="150,127,128,129,110,111,130,131,132,133,134,135,136,137,151,152,153,154,155" />
                    <segment id="203156169" length="26" startTrkptIdx="5894" segmentTime="29.23" speed="26.07" turnType="" turnAngle="" types="38,67,4,42,43,5,45,46,47,48,49,50,51,52,53,54,55,56,57,58,59,60,61,62" pointTypes="3;3;3;3;3;27;3;3;27;27;3;25;;;3;3;25;25;25;;;26;26;;" names="150,127,128,129,110,111,130,131,132,133,134,135,136,137,151,154,155" />
                    <segment id="203156170" length="108" startTrkptIdx="5919" segmentTime="114.15" speed="26.07" turnType="" turnAngle="" types="38,67,4,42,43,5,45,46,47,48,49,50,51,52,53,54,55,56,57,58,59,60,61,62" pointTypes=";;;;;;;;;;;;;;;;;;;;;;;;;;;;;3;3;27;3;3;;;;3;27;3;27;25;3;25;25;25;25;3;3;;3;25;3;3;;;;;;;;;;3;;;;3;3;3;27;27;25;25;27;25;25;26;25;;26;26;25;27;;;;3;3;3;;;;3;3;3;25;26;26;27;27;27;27;27;27;27;3;71,35,3" names="150,127,128,129,110,111,130,131,132,133,134,135,136,137,151,154,155" />
                    <segment id="1065753514" length="4" startTrkptIdx="6026" segmentTime="1.19" speed="26.07" turnType="" turnAngle="" types="38,19,67,36,4,42,43,5,45,46,47,48,49,50,51,52,53,54,55,56,57,58,59,60,61,62" pointTypes="71,35;;3;3" names="150,127,128,129,110,111,130,131,132,133,134,135,136,137,151,154,155" />
                    <segment id="513933423" length="2" startTrkptIdx="6029" segmentTime="1.07" speed="26.07" turnType="" turnAngle="" types="20,38,19,67,36,4,42,43,5,45,46,47,48,49,50,51,52,53,54,55,56,57,58,59,60,61,62" pointTypes="" names="150,127,128,129,110,111,130,131,132,133,134,135,136,137,151,154,155" />
                    <segment id="1065753512" length="3" startTrkptIdx="6030" segmentTime="1.72" speed="26.07" turnType="" turnAngle="" types="38,19,67,36,4,42,43,5,45,46,47,48,49,50,51,52,53,54,55,56,57,58,59,60,61,62" pointTypes=";27;3" names="150,127,128,129,110,111,130,131,132,133,134,135,136,137,151,154,155" />
                    <segment id="513933417" length="37" startTrkptIdx="6032" segmentTime="35.46" speed="26.07" turnType="" turnAngle="" types="38,67,4,42,43,5,45,46,47,48,49,50,51,52,53,54,55,56,57,58,59,60,61,62" pointTypes=";27;;;;;;;;;;;;;3;3;3;;;;;;;;;;;;;;;;;;;3;" names="150,127,128,129,110,111,130,131,132,133,134,135,136,137,151,154,155" />
                    <segment id="203060381" length="75" startTrkptIdx="6068" segmentTime="105.89" speed="26.07" turnType="" turnAngle="" types="38,67,4,42,43,76,77,5,45,46,47,48,49,50,51,52,53,54,55,56,57,58,59,60,61,62" pointTypes=";27;27;3;;;;;;3;27;3;;;;;;;3;27;25;3;;;;;;;;;;;;;;;;3;3;3;3;;;;;;;;;;;;;;;;;3;3;;;;;;;;;;;;;;;;" names="150,127,128,129,110,111,130,131,132,157,158,159,160,161,162,163,164,165,166,167,168,169,170,171,172,133,134,135,136,137,151,154,155" />
                    <segment id="203060381" length="87" startTrkptIdx="6142" segmentTime="96.06" speed="26.07" turnType="" turnAngle="" types="38,67,4,42,43,76,77,5,45,46,47,48,49,50,51,52,53,54,55,56,57,58,59,60,61,62" pointTypes=";;;;;;;;;;27;27;25;27;3;;;;;;;;;27;;;;;;;;;;27;;26;27;27;;;;;;3;;;3;3;3;3;27;;26;26;26;26;27;;3;3;27;25;25;37;;;;;37;26;27;;;;;;;;;;27;27;25;25;27;27;25" names="150,127,128,129,110,111,130,131,132,157,158,159,160,161,162,163,164,165,166,167,168,169,170,171,172,133,134,135,136,137,151,154,155" />
                    <segment id="203060381" length="65" startTrkptIdx="6228" segmentTime="55.04" speed="26.07" turnType="" turnAngle="" types="38,67,4,42,43,76,77,5,45,46,47,48,49,50,51,52,53,54,55,56,57,58,59,60,61,62" pointTypes="25;27;;3;27;27;3;25;26;27;27;27;27;27;27;3;3;;;3;3;25;26;26;;;26;37;;;;;;26;26;26;25;25;;;;37;37;25;25;25;27;27;27;27;25;25;25;3;;;;;;;;3;27;3;71,35,3" names="150,127,128,129,110,111,130,131,132,157,158,159,160,161,162,163,164,165,166,167,168,169,170,171,172,133,134,135,136,137,151,154,155" />
                    <segment id="1065515705" length="5" startTrkptIdx="6292" segmentTime="1.16" speed="26.07" turnType="" turnAngle="" types="38,19,67,36,4,42,43,76,77,5,45,46,47,48,49,50,51,52,53,54,55,56,57,58,59,60,61,62" pointTypes="71,35;;;;3" names="150,127,128,129,110,111,130,131,132,157,158,159,160,161,162,163,164,165,166,167,168,169,170,171,172,133,134,135,136,137,151,154,155" />
                    <segment id="333327737" length="2" startTrkptIdx="6296" segmentTime="0.33" speed="26.07" turnType="" turnAngle="" types="20,38,19,67,36,4,42,43,76,77,5,45,46,47,48,49,50,51,52,53,54,55,56,57,58,59,60,61,62" pointTypes="" names="150,127,128,129,110,111,130,131,132,157,158,159,160,161,162,163,164,165,166,167,168,169,170,171,172,133,134,135,136,137,151,154,155" />
                    <segment id="1065515704" length="2" startTrkptIdx="6297" segmentTime="0.99" speed="26.07" turnType="" turnAngle="" types="38,19,67,36,4,42,43,76,77,5,45,46,47,48,49,50,51,52,53,54,55,56,57,58,59,60,61,62" pointTypes=";3" names="150,127,128,129,110,111,130,131,132,157,158,159,160,161,162,163,164,165,166,167,168,169,170,171,172,133,134,135,136,137,151,154,155" />
                    <segment id="1065515703" length="3" startTrkptIdx="6298" segmentTime="2.69" speed="26.07" turnType="" turnAngle="" types="38,67,4,42,43,76,77,5,45,46,47,48,49,50,51,52,53,54,55,56,57,58,59,60,61,62" pointTypes="" names="150,127,128,129,110,111,130,131,132,157,158,159,160,161,162,163,164,165,166,167,168,169,170,171,172,133,134,135,136,137,151,154,155" />
                    <segment id="333327736" length="56" startTrkptIdx="6300" segmentTime="57.97" speed="15.24" turnType="" turnAngle="" types="38,67,86,4,42,43,76,77,5,45,46,47,48,49,50,51,52,53,54,55,56,57,58,59,60,61,62" pointTypes=";;;;;;;;;;;;;;;;;;;;;;;;;;;;;;;3;27;25;25;27;27;3;;;3;27;27;25;;37;;26;26;26;25;25;25;25;26;27" names="150,127,128,129,110,111,130,131,132,157,158,159,160,161,162,163,164,165,166,167,168,169,170,171,172,133,134,135,136,137,151,154,155" />
                    <segment id="203060373" length="10" startTrkptIdx="6355" segmentTime="19.75" speed="26.07" turnType="" turnAngle="" types="38,67,4,42,43,76,77,5,45,46,47,48,49,50,51,52,53,54,55,56,57,58,59,60,61,62" pointTypes=";;3;;;;;;;" names="150,127,128,129,110,111,130,131,132,157,158,159,160,161,162,163,164,165,166,167,168,169,170,171,172,133,134,135,136,137,151,154,155" />
                    <segment id="1065515701" length="21" startTrkptIdx="6364" segmentTime="15.93" speed="20.06" turnType="" turnAngle="" types="38,67,33,4,42,43,76,77,5,45,46,47,48,49,50,51,52,53,54,55,56,57,58,59,60,61,62" pointTypes=";;;;;;;;;;;;;;;;;3;27;25;" names="150,127,128,129,110,111,130,131,132,157,158,159,160,161,162,163,164,165,166,167,168,169,170,171,172,133,134,135,136,137,151,154,155" />
                    <segment id="1065515700" length="2" startTrkptIdx="6384" segmentTime="10.84" speed="26.07" turnType="" turnAngle="" types="38,67,4,42,43,76,77,5,45,46,47,48,49,50,51,52,53,54,55,56,57,58,59,60,61,62" pointTypes="26;" names="150,127,128,129,110,111,130,131,132,157,158,159,160,161,162,163,164,165,166,167,168,169,170,171,172,133,134,135,136,137,151,154,155" />
                    <segment id="1065515699" length="9" startTrkptIdx="6385" segmentTime="6.33" speed="17.65" turnType="" turnAngle="" types="38,67,87,4,42,43,76,77,5,45,46,47,48,49,50,51,52,53,54,55,56,57,58,59,60,61,62" pointTypes=";;;;;;;" names="150,127,128,129,110,111,130,131,132,157,158,159,160,161,162,163,164,165,166,167,168,169,170,171,172,133,134,135,136,137,151,154,155" />
                    <segment id="1065515698" length="11" startTrkptIdx="6393" segmentTime="28.18" speed="26.07" turnType="" turnAngle="" types="38,67,4,42,43,76,77,5,45,46,47,48,49,50,51,52,53,54,55,56,57,58,59,60,61,62" pointTypes=";;;;27;25;25;3;3;;" names="150,127,128,129,110,111,130,131,132,157,158,159,160,161,162,163,164,165,166,167,168,169,170,171,172,133,134,135,136,137,151,154,155" />
                    <segment id="1065515696" length="6" startTrkptIdx="6403" segmentTime="9.79" speed="26.07" turnType="" turnAngle="" types="38,67,4,42,43,76,77,5,45,46,47,48,49,50,51,52,53,54,55,56,57,58,59,60,61,62" pointTypes="25;26;26;26;25;" names="150,127,128,129,110,111,130,131,132,157,158,159,160,161,162,163,164,165,166,167,168,169,170,171,172,133,134,135,136,137,151,154,155" />
                    <segment id="1065515697" length="12" startTrkptIdx="6408" segmentTime="8.57" speed="26.07" turnType="" turnAngle="" types="38,67,30,4,42,43,76,77,5,45,46,47,48,49,50,51,52,53,54,55,56,57,58,59,60,61,62" pointTypes="25;26;;;;;26;;25;27;26;" names="150,127,128,129,110,111,130,131,132,157,158,159,160,161,162,163,164,165,166,167,168,169,170,171,172,133,134,135,136,137,151,154,155" />
                    <segment id="1065515694" length="10" startTrkptIdx="6419" segmentTime="9.56" speed="26.07" turnType="" turnAngle="" types="38,67,4,42,43,76,77,5,45,46,47,48,49,50,51,52,53,54,55,56,57,58,59,60,61,62" pointTypes="26;;26;25;25;25;3;;;" names="150,127,128,129,110,111,130,131,132,157,158,159,160,161,162,163,164,165,166,167,168,169,170,171,172,133,134,135,136,137,151,154,155" />
                    <segment id="1065515695" length="11" startTrkptIdx="6428" segmentTime="5.98" speed="17.65" turnType="" turnAngle="" types="38,67,87,4,42,43,76,77,5,45,46,47,48,49,50,51,52,53,54,55,56,57,58,59,60,61,62" pointTypes=";;;;;;;;;;" names="150,127,128,129,110,111,130,131,132,157,158,159,160,161,162,163,164,165,166,167,168,169,170,171,172,133,134,135,136,137,151,154,155" />
                    <segment id="331323965" length="28" startTrkptIdx="6438" segmentTime="53.37" speed="26.07" turnType="" turnAngle="" types="88,38,24,89,67,90,91,4,42,43,76,77,92,45,46,47,48,49,50,51,52,53,54,55,56,57,58,59,60,61,62" pointTypes=";;;25;25;;;3;3;;74;;;;;;;27;27;;;25;25;25;;26;26;" names="150,127,128,129,110,111,130,131,132,157,158,159,160,161,162,163,164,165,166,167,168,169,170,171,172,133,134,135,136,137,151,154,155" />
                    <segment id="1065515693" length="35" startTrkptIdx="6465" segmentTime="30.21" speed="17.65" turnType="" turnAngle="" types="38,24,67,87,4,42,43,76,77,5,45,46,47,48,49,50,51,52,53,54,55,56,57,58,59,60,61,62" pointTypes=";26;27;;;;;3;3;3;25;;;;;;;;;;37;;25;27;;;;;;;;;;;" names="150,127,128,129,110,111,130,131,132,157,158,159,160,161,162,163,164,165,166,167,168,169,170,171,172,133,134,135,136,137,151,154,155" />
                    <segment id="1065515691" length="10" startTrkptIdx="6499" segmentTime="23.81" speed="26.07" turnType="" turnAngle="" types="38,24,67,4,42,43,76,77,5,45,46,47,48,49,50,51,52,53,54,55,56,57,58,59,60,61,62" pointTypes=";;;;;27;26;25;3;" names="150,127,128,129,110,111,130,131,132,157,158,159,160,161,162,163,164,165,166,167,168,169,170,171,172,133,134,135,136,137,151,154,155" />
                    <segment id="1065515692" length="9" startTrkptIdx="6508" segmentTime="6.36" speed="20.06" turnType="" turnAngle="" types="38,24,67,33,4,42,43,76,77,5,45,46,47,48,49,50,51,52,53,54,55,56,57,58,59,60,61,62" pointTypes="27;27;3;;27;25;27;3;" names="150,127,128,129,110,111,130,131,132,157,158,159,160,161,162,163,164,165,166,167,168,169,170,171,172,133,134,135,136,137,151,154,155" />
                    <segment id="333327738" length="7" startTrkptIdx="6516" segmentTime="6.69" speed="26.07" turnType="" turnAngle="" types="38,24,67,4,42,43,76,77,5,45,46,47,48,49,50,51,52,53,54,55,56,57,58,59,60,61,62" pointTypes=";;;;;3;3" names="150,127,128,129,110,111,130,131,132,157,158,159,160,161,162,163,164,165,166,167,168,169,170,171,172,133,134,135,136,137,151,154,155" />
                    <segment id="333327738" length="26" startTrkptIdx="6522" segmentTime="46.11" speed="26.07" turnType="" turnAngle="" types="38,24,67,4,42,43,76,77,5,45,46,47,48,49,50,51,52,53,54,55,56,57,58,59,60,61,62" pointTypes="3;27;25;27;;;;;;;;;25;;;;;;25;;;37;;26;26;" names="150,127,128,129,110,111,130,131,132,157,158,159,160,161,162,163,164,165,166,167,168,169,170,171,172,133,134,135,136,137,151,154,155" />
                    <segment id="331323964" length="33" startTrkptIdx="6547" segmentTime="45.26" speed="13.89" turnType="" turnAngle="" types="38,24,63,4,42,43,76,77,5,45,46,47,48,49,50,51,52,53,54,55,56,57,58,59,60,61,62" pointTypes="26;26;25;25;27;;;;;3;27;;;;;;3;27;27;3;3;;25;;26;;25;3;3;;;74;" names="150,127,128,129,110,111,130,131,132,157,158,159,160,161,162,163,164,165,166,167,168,169,170,171,172,133,134,135,136,137,151,154,155" />
                    <segment id="971938483" length="2" startTrkptIdx="6579" segmentTime="0.49" speed="13.89" turnType="" turnAngle="" types="38,24,63,4,42,43,76,77,5,45,46,47,48,49,50,51,52,53,54,55,56,57,58,59,60,61,62" pointTypes="" names="150,127,128,129,110,111,130,131,132,157,158,159,160,161,162,163,164,165,166,167,168,169,170,171,172,133,134,135,136,137,151,154,155" />
                    <segment id="331323973" length="5" startTrkptIdx="6580" segmentTime="1.25" speed="13.89" turnType="" turnAngle="" types="38,19,63,93,4,42,5,45,46,47,48,49,50,54,55,56,57,58,59" pointTypes=";;;71,35" names="150,127,128,110,130,131,133,134,136,151,154,155" />
                    <segment id="243676004" length="14" startTrkptIdx="6584" segmentTime="1.94" speed="13.89" turnType="RNLB1" turnAngle="-20.16" types="38,84,19,63,93,4,42,5,45,46,47,48,49,50,54,55,56,57,58,59" pointTypes=";;;;;;;;;;;;;" names="175,127,128,110,130,131,133,134,136" />
                    <segment id="1065515688" length="2" startTrkptIdx="6597" segmentTime="0.83" speed="8.33" turnType="" turnAngle="" types="0,19,93,4,5" pointTypes=";94,95,96" names="" />
                    <segment id="331323976" length="2" startTrkptIdx="6598" segmentTime="27.00" speed="0.62" turnType="" turnAngle="" types="0,19,93,4,5" pointTypes="94,95,96" names="" />
                    <segment id="344656667" length="6" startTrkptIdx="6599" segmentTime="5.07" speed="8.33" turnType="" turnAngle="" types="0,24,4,5" pointTypes=";;;;;" names="" />
                    <segment id="331323978" length="7" startTrkptIdx="6604" segmentTime="15.74" speed="3.04" turnType="" turnAngle="" types="0,93,97,4,92" pointTypes="25;;;;;98;" names="" />
                </osmand:route>
                <osmand:types>
                    <type t="highway" v="service" />
                    <type t="surface" v="ground" />
                    <type t="osmand_highway_integrity_brouting" v="3" />
                    <type t="osmand_ele_decline_1" v="1" />
                    <type t="surface" v="asphalt" />
                    <type t="osmand_highway_integrity_brouting" v="0" />
                    <type t="maxspeed:backward" v="100" />
                    <type t="access" v="unknown" />
                    <type t="barrier" v="gate" />
                    <type t="bicycle" v="yes" />
                    <type t="foot" v="yes" />
                    <type t="motor_vehicle" v="yes" />
                    <type t="barrier" v="cattle_grid" />
                    <type t="highway" v="turning_circle" />
                    <type t="highway" v="unclassified" />
                    <type t="maxspeed:forward" v="100" />
                    <type t="surface" v="gravel" />
                    <type t="tracktype" v="grade2" />
                    <type t="osmand_highway_integrity_brouting" v="4" />
                    <type t="lanes" v="1" />
                    <type t="bridge" v="yes" />
                    <type t="maxweight:signed" v="no" />
                    <type t="surface" v="concrete" />
                    <type t="osmand_highway_integrity_brouting" v="1" />
                    <type t="lanes" v="2" />
                    <type t="osmand_ele_decline_5" v="1" />
                    <type t="osmand_ele_decline_7" v="1" />
                    <type t="osmand_ele_decline_3" v="1" />
                    <type t="maxspeed:forward" v="50" />
                    <type t="highway" v="tertiary" />
                    <type t="maxspeed:advisory:forward" v="65" />
                    <type t="maxspeed:advisory:forward" v="35" />
                    <type t="maxspeed:advisory:forward" v="75" />
                    <type t="maxspeed:advisory" v="75" />
                    <type t="direction" v="backward" />
                    <type t="highway" v="give_way" />
                    <type t="oneway" v="alternating" />
                    <type t="osmand_ele_decline_11" v="1" />
                    <type t="highway" v="primary" />
                    <type t="lanes" v="3" />
                    <type t="lanes:backward" v="2" />
                    <type t="lanes:forward" v="1" />
                    <type t="route_road_1_network" v="nz:sh" />
                    <type t="route_road_2_network" v="nz:sh" />
                    <type t="route_road_3_network" v="nz:touring:tcdh" />
                    <type t="route_road_1_shield_color" v="red" />
                    <type t="route_road_1_shield_shape" v="cshield" />
                    <type t="route_road_1_shield_order" v="1" />
                    <type t="route_road_2_shield_color" v="red" />
                    <type t="route_road_2_shield_shape" v="cshield" />
                    <type t="route_road_2_shield_order" v="1" />
                    <type t="route_road_3_shield_color" v="red" />
                    <type t="route_road_3_shield_shape" v="cshield" />
                    <type t="route_road_3_shield_order" v="1" />
                    <type t="road_shield_color_1" v="red" />
                    <type t="road_shield_shape_1" v="cshield" />
                    <type t="road_shield_order_1" v="1" />
                    <type t="road_shield_color_2" v="red" />
                    <type t="road_shield_shape_2" v="cshield" />
                    <type t="road_shield_order_2" v="1" />
                    <type t="road_shield_color_3" v="red" />
                    <type t="road_shield_shape_3" v="cshield" />
                    <type t="road_shield_order_3" v="1" />
                    <type t="maxspeed" v="50" />
                    <type t="lanes:backward" v="1" />
                    <type t="lanes:forward" v="2" />
                    <type t="turn:lanes:forward" v="left|none" />
                    <type t="maxspeed" v="100" />
                    <type t="turn:lanes:backward" v="none|right" />
                    <type t="maxspeed" v="80" />
                    <type t="surface" v="paved" />
                    <type t="direction" v="forward" />
                    <type t="maxspeed" v="70" />
                    <type t="maxspeed:advisory" v="45" />
                    <type t="highway" v="milestone" />
                    <type t="junction" v="yes" />
                    <type t="route_bicycle" v="" />
                    <type t="network" v="ncn" />
                    <type t="service" v="parking_aisle" />
                    <type t="surface" v="compacted" />
                    <type t="osmand_highway_integrity_brouting" v="2" />
                    <type t="highway" v="residential" />
                    <type t="highway" v="stop" />
                    <type t="highway" v="track" />
                    <type t="junction" v="roundabout" />
                    <type t="surface" v="unpaved" />
                    <type t="maxspeed:advisory" v="55" />
                    <type t="maxspeed:advisory" v="65" />
                    <type t="cycleway:both" v="no" />
                    <type t="lit" v="no" />
                    <type t="sidewalk" v="no" />
                    <type t="smoothness" v="good" />
                    <type t="osmand_highway_integrity_brouting" v="-1" />
                    <type t="oneway" v="yes" />
                    <type t="access" v="yes" />
                    <type t="access:conditional" v="no @ (20:00-06:00)" />
                    <type t="barrier" v="chain" />
                    <type t="smoothness" v="excellent" />
                    <type t="traffic_calming" v="bump" />
                    <type t="name" v="" />
                    <type t="ref" v="" />
                    <type t="ref:linz:topo50_id" v="" />
                    <type t="name" v="Matai Bay Road" />
                    <type t="name" v="Inland Road" />
                    <type t="direction" v="" />
                    <type t="name" v="State Highway 10" />
                    <type t="ref" v="SH 10" />
                    <type t="road_name_1" v="State Highway 10 (eastbound)" />
                    <type t="road_name_2" v="State Highway 10 (westbound)" />
                    <type t="road_name_3" v="Twin Coast Discovery Highway" />
                    <type t="road_network_1" v="nz:sh" />
                    <type t="road_network_2" v="nz:sh" />
                    <type t="road_network_3" v="nz:touring:tcdh" />
                    <type t="road_ref_1" v="10" />
                    <type t="road_ref_2" v="10" />
                    <type t="road_ref_3" v="10" />
                    <type t="route_road_1_name" v="State Highway 10 (eastbound)" />
                    <type t="route_road_1_ref" v="10" />
                    <type t="route_road_2_name" v="State Highway 10 (westbound)" />
                    <type t="route_road_2_ref" v="10" />
                    <type t="route_road_3_name" v="Twin Coast Discovery Highway" />
                    <type t="route_road_3_ref" v="10" />
                    <type t="name:en" v="State Highway 10" />
                    <type t="name:ja" v="&#22269;&#36947;10&#21495;" />
                    <type t="destination:forward" v="Doubtless Bay;Bay of Islands" />
                    <type t="destination:ref:forward" v="SH 10" />
                    <type t="name" v="State Highway 1" />
                    <type t="ref" v="SH 1" />
                    <type t="road_name_1" v="State Highway 1 North (northbound)" />
                    <type t="road_name_2" v="State Highway 1 North (southbound)" />
                    <type t="road_ref_1" v="1" />
                    <type t="road_ref_2" v="1" />
                    <type t="road_ref_3" v="1" />
                    <type t="route_road_1_name" v="State Highway 1 North (northbound)" />
                    <type t="route_road_1_ref" v="1" />
                    <type t="route_road_2_name" v="State Highway 1 North (southbound)" />
                    <type t="route_road_2_ref" v="1" />
                    <type t="route_road_3_ref" v="1" />
                    <type t="destination:backward" v="Cape Reinga;Ninety Mile Beach" />
                    <type t="destination:ref:forward" v="SH 1" />
                    <type t="bridge:name" v="Awanui River Bridge" />
                    <type t="name" v="Far North Road" />
                    <type t="bridge:name" v="Raio Bridge" />
                    <type t="bridge:name" v="Lambs Bridge" />
                    <type t="bridge:name" v="Reids Bridge" />
                    <type t="bridge:name" v="Tangoake Bridge" />
                    <type t="bridge:name" v="Mitimiti Stream Bridge" />
                    <type t="bridge:name" v="Whakatereohao Bridge" />
                    <type t="bridge:name" v="Waitiki Landing Bridge" />
                    <type t="destination:forward" v="Kaitaia;Whangarei" />
                    <type t="name" v="Cape Reinga Road" />
                    <type t="name:en" v="Cape Reinga Road" />
                    <type t="destination:backward" v="Cape Reinga" />
                    <type t="destination:ref:backward" v="SH 1" />
                    <type t="name:ja" v="&#12465;&#12540;&#12503;&#12524;&#12452;&#12531;&#12460;&#12539;&#12525;&#12540;&#12489;" />
                    <type t="name:mk" v="&#1055;&#1072;&#1090; &#8222;&#8217;&#1056;&#1090; &#1056;&#1077;&#1080;&#1085;&#1075;&#1072;&#8220;" />
                    <type t="name" v="Te Paki Stream Road" />
                    <type t="route_bicycle_1" v="" />
                    <type t="route_bicycle_1_name" v="Far North Cycleway" />
                    <type t="route_bicycle_1_network" v="ncn" />
                    <type t="route_bicycle_1_osmc_background" v="white_3" />
                    <type t="route_bicycle_1_osmc_stub_name" v="." />
                    <type t="route_bicycle_1_osmc_text" v="FNC" />
                    <type t="route_bicycle_1_osmc_textcolor" v="black" />
                    <type t="route_bicycle_1_relation_id" v="3294528" />
                    <type t="route_bicycle_2" v="" />
                    <type t="route_bicycle_2_name" v="Far North TA Cycleway" />
                    <type t="route_bicycle_2_network" v="ncn" />
                    <type t="route_bicycle_2_osmc_background" v="white_4" />
                    <type t="route_bicycle_2_osmc_stub_name" v="." />
                    <type t="route_bicycle_2_osmc_text" v="FNTAC" />
                    <type t="route_bicycle_2_osmc_textcolor" v="black" />
                    <type t="route_bicycle_2_relation_id" v="9491239" />
                    <type t="name" v="Whalers Road" />
                    <type t="name" v="Hukatere Road" />
                    <type t="name" v="Cape Reinga Roundabout" />
                    <type t="ref:linz:topo50_id" v="6589336" />
                    <type t="name" v="Waitiki Landing" />
                    <type t="ref" v="01N-0020" />
                    <type t="ref" v="01N-0000/4.00" />
                    <type t="ref" v="01N-0000/0.04" />
                </osmand:types>
            </extensions>
        </trkseg>
    </trk>
    <extensions>
        <osmand:show_arrows>false</osmand:show_arrows>
        <osmand:show_start_finish>false</osmand:show_start_finish>
        <osmand:vertical_exaggeration_scale>1.0</osmand:vertical_exaggeration_scale>
        <osmand:elevation_meters>1000.0</osmand:elevation_meters>
        <osmand:line_3d_visualization_by_type>none</osmand:line_3d_visualization_by_type>
        <osmand:line_3d_visualization_wall_color_type>upward_gradient</osmand:line_3d_visualization_wall_color_type>
        <osmand:line_3d_visualization_position_type>top</osmand:line_3d_visualization_position_type>
        <osmand:color>#669D34</osmand:color>
        <osmand:split_interval>0.0</osmand:split_interval>
        <osmand:split_type>no_split</osmand:split_type>
        <osmand:is_join_segments>false</osmand:is_join_segments>
        <osmand:points_groups>
            <group name="" color="#237BFF" icon="tourism_camp_site" background="square" />
        </osmand:points_groups>
    </extensions>
</gpx>