<gpx xmlns="http://www.topografix.com/GPX/1/1" xmlns:osmand="https://osmand.net/docs/technical/osmand-file-formats/osmand-gpx" xmlns:xsi="http://www.w3.org/2001/XMLSchema-instance" version="1.1" creator="OsmAnd Maps 5.3.1 (5366)" xsi:schemaLocation="http://www.topografix.com/GPX/1/1 https://www.topografix.com/GPX/1/1/gpx.xsd">
    <metadata>
        <name>2026-04-09 &#8226; Ambury Farm - Te Puke</name>
        <time>2026-04-18T07:03:08Z</time>
    </metadata>
    <wpt lat="-37.7725596" lon="176.3078434">
        <time>2026-04-09T07:03:59Z</time>
        <name>Te Puke Holiday Camp</name>
        <extensions>
            <osmand:color>#237BFF</osmand:color>
            <osmand:icon>tourism_camp_site</osmand:icon>
            <osmand:background>square</osmand:background>
            <osmand:address>Te Puke Highway, Te Puke</osmand:address>
            <osmand:collapsable_caravans>yes</osmand:collapsable_caravans>
            <osmand:osm_tag_internet_access_type_no>no</osmand:osm_tag_internet_access_type_no>
            <osmand:amenity_subtype>camp_site</osmand:amenity_subtype>
            <osmand:osm_tag_addr_street>Te Puke Highway</osmand:osm_tag_addr_street>
            <osmand:amenity_type>tourism</osmand:amenity_type>
            <osmand:amenity_name>Te Puke Holiday Camp</osmand:amenity_name>
            <osmand:collapsable_tents>yes</osmand:collapsable_tents>
            <osmand:amenity_origin>Amenity:Te Puke Holiday Camp: tourism:camp_site</osmand:amenity_origin>
        </extensions>
    </wpt>
    <wpt lat="-37.8639024" lon="176.5497404">
        <time>2026-04-18T07:03:08Z</time>
        <name>Otamarakau Valley Road</name>
        <extensions>
            <osmand:color>#237BFF</osmand:color>
            <osmand:icon>tourism_caravan_site</osmand:icon>
            <osmand:background>square</osmand:background>
            <osmand:address>Otamarakau Valley Road 681, Ohinepanea</osmand:address>
            <osmand:amenity_type>user_defined_other</osmand:amenity_type>
            <osmand:amenity_name>681</osmand:amenity_name>
            <osmand:osm_tag_addr_-_housenumber>681</osmand:osm_tag_addr_-_housenumber>
            <osmand:amenity_subtype>user_defined_other_postcode</osmand:amenity_subtype>
            <osmand:amenity_origin>Amenity:: user_defined_other:user_defined_other_postcode</osmand:amenity_origin>
        </extensions>
    </wpt>
    <wpt lat="-37.7545329" lon="176.4556723">
        <time>2026-05-11T01:24:37Z</time>
        <name>Maketu Beach</name>
        <extensions>
            <osmand:color>#EECC22</osmand:color>
            <osmand:background>circle</osmand:background>
            <osmand:address>Town Point Road 4, Maketu</osmand:address>
            <osmand:icon>beach</osmand:icon>
        </extensions>
    </wpt>
    <wpt lat="-37.6300436" lon="176.1783814">
        <time>2026-05-11T01:25:03Z</time>
        <name>Mount Maunganui</name>
        <extensions>
            <osmand:color>#EECC22</osmand:color>
            <osmand:background>circle</osmand:background>
            <osmand:address>Te Ara T&#363;tanga / Base Track, Mount Maunganui</osmand:address>
            <osmand:icon>beach</osmand:icon>
        </extensions>
    </wpt>
    <wpt lat="-37.642531" lon="176.1866015">
        <time>2026-05-11T01:25:40Z</time>
        <name>Mount Mellick Irish Bar &amp; Restaurant</name>
        <extensions>
            <osmand:color>#EECC22</osmand:color>
            <osmand:background>circle</osmand:background>
            <osmand:address>Maunganui Road 317, Mount Maunganui</osmand:address>
            <osmand:icon>mx_amenity_bar</osmand:icon>
        </extensions>
    </wpt>
    <wpt lat="-37.6375865" lon="176.1829805">
        <time>2026-05-11T01:25:57Z</time>
        <name>Rice Rice Baby</name>
        <extensions>
            <osmand:color>#EECC22</osmand:color>
            <osmand:background>circle</osmand:background>
            <osmand:address>Maunganui Road (Mount Maunganui) 138-3, Tauranga</osmand:address>
            <osmand:icon>amenity_cafe</osmand:icon>
        </extensions>
    </wpt>
    <wpt lat="-37.6999941" lon="176.2843494">
        <time>2026-05-11T01:28:06Z</time>
        <name>The Island</name>
        <extensions>
            <osmand:color>#EECC22</osmand:color>
            <osmand:background>circle</osmand:background>
            <osmand:address>Domain Road 20, Tauranga</osmand:address>
            <osmand:icon>mx_amenity_bar</osmand:icon>
        </extensions>
    </wpt>
    <wpt lat="-37.6972642" lon="176.284824">
        <time>2026-05-11T01:28:24Z</time>
        <name>Papamoa Beach</name>
        <extensions>
            <osmand:color>#EECC22</osmand:color>
            <osmand:background>circle</osmand:background>
            <osmand:address>Domain Road, Papamoa Beach</osmand:address>
            <osmand:icon>special_sunset</osmand:icon>
        </extensions>
    </wpt>
    <trk>
        <name>2026-04-09 &#8226; Ambury Farm - Te Puke</name>
        <trkseg>
            <trkpt lat="-36.9464208" lon="174.7579343">
                <ele>6.8</ele>
            </trkpt>
            <trkpt lat="-36.9472016" lon="174.7586659">
                <ele>7.2</ele>
            </trkpt>
            <trkpt lat="-36.9473474" lon="174.759779">
                <ele>7.8</ele>
            </trkpt>
            <trkpt lat="-36.9464792" lon="174.7608706">
                <ele>9.2</ele>
            </trkpt>
            <trkpt lat="-36.9456411" lon="174.7615573">
                <ele>10.2</ele>
            </trkpt>
            <trkpt lat="-36.9448651" lon="174.7621822">
                <ele>11.2</ele>
            </trkpt>
            <trkpt lat="-36.9452059" lon="174.7644943">
                <ele>12</ele>
            </trkpt>
            <trkpt lat="-36.945431" lon="174.7656208">
                <ele>13.5</ele>
            </trkpt>
            <trkpt lat="-36.9458061" lon="174.7674796">
                <ele>16</ele>
            </trkpt>
            <trkpt lat="-36.9464964" lon="174.7708699">
                <ele>17.5</ele>
            </trkpt>
            <trkpt lat="-36.9455746" lon="174.7717094">
                <ele>17</ele>
            </trkpt>
            <trkpt lat="-36.9443999" lon="174.7724658">
                <ele>15.2</ele>
            </trkpt>
            <trkpt lat="-36.9450859" lon="174.7742629">
                <ele>16.2</ele>
            </trkpt>
            <trkpt lat="-36.9456432" lon="174.775604">
                <ele>17.5</ele>
            </trkpt>
            <trkpt lat="-36.9460912" lon="174.776701">
                <ele>21.2</ele>
            </trkpt>
            <trkpt lat="-36.947461" lon="174.7758937">
                <ele>21</ele>
            </trkpt>
            <trkpt lat="-36.9485371" lon="174.7760198">
                <ele>22.3</ele>
            </trkpt>
            <trkpt lat="-36.9495338" lon="174.776473">
                <ele>23</ele>
            </trkpt>
            <trkpt lat="-36.9508242" lon="174.7770604">
                <ele>24.2</ele>
            </trkpt>
            <trkpt lat="-36.9517523" lon="174.7774869">
                <ele>24.8</ele>
            </trkpt>
            <trkpt lat="-36.952659" lon="174.7787905">
                <ele>26.2</ele>
            </trkpt>
            <trkpt lat="-36.9536621" lon="174.7805473">
                <ele>21</ele>
            </trkpt>
            <trkpt lat="-36.9543716" lon="174.7813386">
                <ele>18.8</ele>
            </trkpt>
            <trkpt lat="-36.9560499" lon="174.7826421">
                <ele>18</ele>
            </trkpt>
            <trkpt lat="-36.9554454" lon="174.7847906">
                <ele>14</ele>
            </trkpt>
            <trkpt lat="-36.9552868" lon="174.7865474">
                <ele>13</ele>
            </trkpt>
            <trkpt lat="-36.9551089" lon="174.7894174">
                <ele>13</ele>
            </trkpt>
            <trkpt lat="-36.9549332" lon="174.7905305">
                <ele>12</ele>
            </trkpt>
            <trkpt lat="-36.9546288" lon="174.791759">
                <ele>12</ele>
            </trkpt>
            <trkpt lat="-36.9542644" lon="174.7932905">
                <ele>12.2</ele>
            </trkpt>
            <trkpt lat="-36.9539987" lon="174.7943822">
                <ele>12</ele>
            </trkpt>
            <trkpt lat="-36.9536643" lon="174.7955972">
                <ele>11.8</ele>
            </trkpt>
            <trkpt lat="-36.9546117" lon="174.7961202">
                <ele>11.8</ele>
            </trkpt>
            <trkpt lat="-36.9559663" lon="174.7966996">
                <ele>12</ele>
            </trkpt>
            <trkpt lat="-36.9570808" lon="174.797287">
                <ele>11.5</ele>
            </trkpt>
            <trkpt lat="-36.9581139" lon="174.7978207">
                <ele>11</ele>
            </trkpt>
            <trkpt lat="-36.9599164" lon="174.79895">
                <ele>12</ele>
            </trkpt>
            <trkpt lat="-36.9615088" lon="174.8000979">
                <ele>11</ele>
            </trkpt>
            <trkpt lat="-36.962889" lon="174.8011896">
                <ele>13</ele>
            </trkpt>
            <trkpt lat="-36.9640184" lon="174.8020881">
                <ele>12</ele>
            </trkpt>
            <trkpt lat="-36.9651285" lon="174.8030993">
                <ele>13.8</ele>
            </trkpt>
            <trkpt lat="-36.9659815" lon="174.8041159">
                <ele>15.9</ele>
            </trkpt>
            <trkpt lat="-36.9666351" lon="174.8050091">
                <ele>16.1</ele>
            </trkpt>
            <trkpt lat="-36.9672716" lon="174.8061249">
                <ele>18.5</ele>
            </trkpt>
            <trkpt lat="-36.9684845" lon="174.8083726">
                <ele>21</ele>
            </trkpt>
            <trkpt lat="-36.9690696" lon="174.8094454">
                <ele>19</ele>
            </trkpt>
            <trkpt lat="-36.9701968" lon="174.8115188">
                <ele>20</ele>
            </trkpt>
            <trkpt lat="-36.9712618" lon="174.8134741">
                <ele>19.2</ele>
            </trkpt>
            <trkpt lat="-36.9719733" lon="174.8147911">
                <ele>22.2</ele>
            </trkpt>
            <trkpt lat="-36.972944" lon="174.8164782">
                <ele>22.5</ele>
            </trkpt>
            <trkpt lat="-36.9735676" lon="174.8175001">
                <ele>22.6</ele>
            </trkpt>
            <trkpt lat="-36.9745983" lon="174.8190531">
                <ele>21</ele>
            </trkpt>
            <trkpt lat="-36.9757511" lon="174.8208502">
                <ele>19</ele>
            </trkpt>
            <trkpt lat="-36.9769125" lon="174.822666">
                <ele>21</ele>
            </trkpt>
            <trkpt lat="-36.9783524" lon="174.825013">
                <ele>21.3</ele>
            </trkpt>
            <trkpt lat="-36.9796809" lon="174.826853">
                <ele>21.5</ele>
            </trkpt>
            <trkpt lat="-36.9821149" lon="174.8297632">
                <ele>26</ele>
            </trkpt>
            <trkpt lat="-36.9836683" lon="174.8315495">
                <ele>28</ele>
            </trkpt>
            <trkpt lat="-36.9872249" lon="174.8356721">
                <ele>18.8</ele>
            </trkpt>
            <trkpt lat="-36.9881418" lon="174.8367637">
                <ele>17</ele>
            </trkpt>
            <trkpt lat="-36.9897101" lon="174.8387566">
                <ele>24</ele>
            </trkpt>
            <trkpt lat="-36.9907963" lon="174.8401541">
                <ele>25.2</ele>
            </trkpt>
            <trkpt lat="-36.9916147" lon="174.8412216">
                <ele>24.8</ele>
            </trkpt>
            <trkpt lat="-36.9923623" lon="174.8422113">
                <ele>25.2</ele>
            </trkpt>
            <trkpt lat="-36.9931336" lon="174.8432037">
                <ele>25.2</ele>
            </trkpt>
            <trkpt lat="-36.9940483" lon="174.8443758">
                <ele>24.5</ele>
            </trkpt>
            <trkpt lat="-36.9948517" lon="174.84543">
                <ele>21.5</ele>
            </trkpt>
            <trkpt lat="-36.995535" lon="174.846468">
                <ele>20.5</ele>
            </trkpt>
            <trkpt lat="-36.9960942" lon="174.8474577">
                <ele>19.8</ele>
            </trkpt>
            <trkpt lat="-36.9967347" lon="174.8488417">
                <ele>17</ele>
            </trkpt>
            <trkpt lat="-36.9972081" lon="174.8501399">
                <ele>17.8</ele>
            </trkpt>
            <trkpt lat="-36.997553" lon="174.8513389">
                <ele>15.8</ele>
            </trkpt>
            <trkpt lat="-36.9978079" lon="174.8525056">
                <ele>17</ele>
            </trkpt>
            <trkpt lat="-36.9980286" lon="174.853895">
                <ele>19.2</ele>
            </trkpt>
            <trkpt lat="-36.9981314" lon="174.8550484">
                <ele>20.5</ele>
            </trkpt>
            <trkpt lat="-36.9981507" lon="174.8563761">
                <ele>19.8</ele>
            </trkpt>
            <trkpt lat="-36.9981035" lon="174.8577091">
                <ele>17.4</ele>
            </trkpt>
            <trkpt lat="-36.9979172" lon="174.8596457">
                <ele>20.5</ele>
            </trkpt>
            <trkpt lat="-36.9977201" lon="174.8618397">
                <ele>19</ele>
            </trkpt>
            <trkpt lat="-36.9976108" lon="174.8630628">
                <ele>18.5</ele>
            </trkpt>
            <trkpt lat="-36.9974138" lon="174.8652649">
                <ele>19.4</ele>
            </trkpt>
            <trkpt lat="-36.9972317" lon="174.8671451">
                <ele>21.5</ele>
            </trkpt>
            <trkpt lat="-36.9970282" lon="174.8690173">
                <ele>21</ele>
            </trkpt>
            <trkpt lat="-36.9968439" lon="174.8705837">
                <ele>21</ele>
            </trkpt>
            <trkpt lat="-36.9966511" lon="174.8722252">
                <ele>22</ele>
            </trkpt>
            <trkpt lat="-36.9964669" lon="174.8736656">
                <ele>21</ele>
            </trkpt>
            <trkpt lat="-36.9963041" lon="174.8748189">
                <ele>27</ele>
            </trkpt>
            <trkpt lat="-36.9961434" lon="174.8761439">
                <ele>30</ele>
            </trkpt>
            <trkpt lat="-36.9959892" lon="174.8777774">
                <ele>31.2</ele>
            </trkpt>
            <trkpt lat="-36.9958714" lon="174.8797676">
                <ele>27.5</ele>
            </trkpt>
            <trkpt lat="-36.9958435" lon="174.8824203">
                <ele>29.5</ele>
            </trkpt>
            <trkpt lat="-36.9958414" lon="174.8836273">
                <ele>33</ele>
            </trkpt>
            <trkpt lat="-36.9958435" lon="174.8853439">
                <ele>33</ele>
            </trkpt>
            <trkpt lat="-36.9958478" lon="174.8872671">
                <ele>29.8</ele>
            </trkpt>
            <trkpt lat="-36.9959592" lon="174.8886377">
                <ele>33.2</ele>
            </trkpt>
            <trkpt lat="-36.9964048" lon="174.8900297">
                <ele>34.5</ele>
            </trkpt>
            <trkpt lat="-36.9971438" lon="174.8910382">
                <ele>39</ele>
            </trkpt>
            <trkpt lat="-36.9979386" lon="174.8916605">
                <ele>39</ele>
            </trkpt>
            <trkpt lat="-36.9989111" lon="174.8921379">
                <ele>37</ele>
            </trkpt>
            <trkpt lat="-36.9998644" lon="174.8926905">
                <ele>37.5</ele>
            </trkpt>
            <trkpt lat="-37.0008947" lon="174.8934308">
                <ele>42.2</ele>
            </trkpt>
            <trkpt lat="-37.0020472" lon="174.8941979">
                <ele>46.5</ele>
            </trkpt>
            <trkpt lat="-37.0035808" lon="174.8953727">
                <ele>43.8</ele>
            </trkpt>
            <trkpt lat="-37.0049646" lon="174.8964429">
                <ele>39</ele>
            </trkpt>
            <trkpt lat="-37.0058149" lon="174.8972315">
                <ele>38</ele>
            </trkpt>
            <trkpt lat="-37.0064918" lon="174.8980495">
                <ele>37.2</ele>
            </trkpt>
            <trkpt lat="-37.0076398" lon="174.8998359">
                <ele>42</ele>
            </trkpt>
            <trkpt lat="-37.0087172" lon="174.9015525">
                <ele>46.8</ele>
            </trkpt>
            <trkpt lat="-37.0094476" lon="174.9026978">
                <ele>48.5</ele>
            </trkpt>
            <trkpt lat="-37.0103064" lon="174.9037492">
                <ele>50</ele>
            </trkpt>
            <trkpt lat="-37.0110796" lon="174.9043876">
                <ele>54</ele>
            </trkpt>
            <trkpt lat="-37.0119364" lon="174.9048945">
                <ele>56.2</ele>
            </trkpt>
            <trkpt lat="-37.013185" lon="174.905557">
                <ele>64</ele>
            </trkpt>
            <trkpt lat="-37.014515" lon="174.9062571">
                <ele>71</ele>
            </trkpt>
            <trkpt lat="-37.0155259" lon="174.9068338">
                <ele>70.8</ele>
            </trkpt>
            <trkpt lat="-37.0182693" lon="174.9086308">
                <ele>53</ele>
            </trkpt>
            <trkpt lat="-37.0194943" lon="174.9094328">
                <ele>45.5</ele>
            </trkpt>
            <trkpt lat="-37.0205286" lon="174.9098808">
                <ele>39.2</ele>
            </trkpt>
            <trkpt lat="-37.0217022" lon="174.9100471">
                <ele>35</ele>
            </trkpt>
            <trkpt lat="-37.0257923" lon="174.9101222">
                <ele>25.8</ele>
            </trkpt>
            <trkpt lat="-37.0286039" lon="174.9101087">
                <ele>21.5</ele>
            </trkpt>
            <trkpt lat="-37.0319528" lon="174.910157">
                <ele>21</ele>
            </trkpt>
            <trkpt lat="-37.0341561" lon="174.9101973">
                <ele>14.2</ele>
            </trkpt>
            <trkpt lat="-37.0360296" lon="174.9102107">
                <ele>14</ele>
            </trkpt>
            <trkpt lat="-37.0390699" lon="174.9102294">
                <ele>10.8</ele>
            </trkpt>
            <trkpt lat="-37.0400612" lon="174.9103528">
                <ele>11.5</ele>
            </trkpt>
            <trkpt lat="-37.0412601" lon="174.9108356">
                <ele>14</ele>
            </trkpt>
            <trkpt lat="-37.0421229" lon="174.9113935">
                <ele>12.8</ele>
            </trkpt>
            <trkpt lat="-37.0431848" lon="174.9120775">
                <ele>14</ele>
            </trkpt>
            <trkpt lat="-37.0442402" lon="174.9127427">
                <ele>18</ele>
            </trkpt>
            <trkpt lat="-37.0450259" lon="174.9133086">
                <ele>17.5</ele>
            </trkpt>
            <trkpt lat="-37.0469955" lon="174.9146497">
                <ele>15.8</ele>
            </trkpt>
            <trkpt lat="-37.0493011" lon="174.9162">
                <ele>12</ele>
            </trkpt>
            <trkpt lat="-37.0508574" lon="174.9172568">
                <ele>11</ele>
            </trkpt>
            <trkpt lat="-37.0518164" lon="174.9179086">
                <ele>7.2</ele>
            </trkpt>
            <trkpt lat="-37.053531" lon="174.91907">
                <ele>7</ele>
            </trkpt>
            <trkpt lat="-37.0563544" lon="174.9209851">
                <ele>6.5</ele>
            </trkpt>
            <trkpt lat="-37.0575274" lon="174.9217817">
                <ele>4</ele>
            </trkpt>
            <trkpt lat="-37.0593661" lon="174.9230209">
                <ele>4</ele>
            </trkpt>
            <trkpt lat="-37.0606396" lon="174.9237961">
                <ele>7.8</ele>
            </trkpt>
            <trkpt lat="-37.0615407" lon="174.9242708">
                <ele>10.2</ele>
            </trkpt>
            <trkpt lat="-37.0637217" lon="174.9251962">
                <ele>15</ele>
            </trkpt>
            <trkpt lat="-37.0657978" lon="174.9260089">
                <ele>17.5</ele>
            </trkpt>
            <trkpt lat="-37.0672232" lon="174.9265587">
                <ele>22</ele>
            </trkpt>
            <trkpt lat="-37.0686164" lon="174.9271005">
                <ele>24.5</ele>
            </trkpt>
            <trkpt lat="-37.0707052" lon="174.9279267">
                <ele>26</ele>
            </trkpt>
            <trkpt lat="-37.071741" lon="174.9283424">
                <ele>24</ele>
            </trkpt>
            <trkpt lat="-37.0734467" lon="174.9290049">
                <ele>23.5</ele>
            </trkpt>
            <trkpt lat="-37.0753662" lon="174.9297667">
                <ele>23</ele>
            </trkpt>
            <trkpt lat="-37.0763014" lon="174.9301341">
                <ele>22</ele>
            </trkpt>
            <trkpt lat="-37.0775255" lon="174.9306679">
                <ele>23</ele>
            </trkpt>
            <trkpt lat="-37.0788522" lon="174.9313867">
                <ele>22.1</ele>
            </trkpt>
            <trkpt lat="-37.0798751" lon="174.932068">
                <ele>23</ele>
            </trkpt>
            <trkpt lat="-37.0807182" lon="174.9326983">
                <ele>23.1</ele>
            </trkpt>
            <trkpt lat="-37.0817624" lon="174.9335727">
                <ele>23.2</ele>
            </trkpt>
            <trkpt lat="-37.0832666" lon="174.9348226">
                <ele>24</ele>
            </trkpt>
            <trkpt lat="-37.0844927" lon="174.9358499">
                <ele>25</ele>
            </trkpt>
            <trkpt lat="-37.0885089" lon="174.9392214">
                <ele>11.8</ele>
            </trkpt>
            <trkpt lat="-37.0906699" lon="174.9410212">
                <ele>16.5</ele>
            </trkpt>
            <trkpt lat="-37.091699" lon="174.9418849">
                <ele>15</ele>
            </trkpt>
            <trkpt lat="-37.0924692" lon="174.9425098">
                <ele>13</ele>
            </trkpt>
            <trkpt lat="-37.093571" lon="174.943226">
                <ele>9.8</ele>
            </trkpt>
            <trkpt lat="-37.0949339" lon="174.9439207">
                <ele>7.8</ele>
            </trkpt>
            <trkpt lat="-37.0959843" lon="174.9443069">
                <ele>7.2</ele>
            </trkpt>
            <trkpt lat="-37.0972316" lon="174.9446207">
                <ele>6.2</ele>
            </trkpt>
            <trkpt lat="-37.0985387" lon="174.9448004">
                <ele>7</ele>
            </trkpt>
            <trkpt lat="-37.102214" lon="174.9452752">
                <ele>8.2</ele>
            </trkpt>
            <trkpt lat="-37.1034547" lon="174.9454898">
                <ele>9</ele>
            </trkpt>
            <trkpt lat="-37.1045906" lon="174.9457768">
                <ele>11</ele>
            </trkpt>
            <trkpt lat="-37.1055083" lon="174.9459672">
                <ele>12.2</ele>
            </trkpt>
            <trkpt lat="-37.1072389" lon="174.9461898">
                <ele>12</ele>
            </trkpt>
            <trkpt lat="-37.1082399" lon="174.9463212">
                <ele>13.8</ele>
            </trkpt>
            <trkpt lat="-37.1091234" lon="174.9465868">
                <ele>15</ele>
            </trkpt>
            <trkpt lat="-37.1101373" lon="174.946906">
                <ele>16</ele>
            </trkpt>
            <trkpt lat="-37.1112838" lon="174.9472761">
                <ele>16</ele>
            </trkpt>
            <trkpt lat="-37.1126741" lon="174.9477857">
                <ele>16.5</ele>
            </trkpt>
            <trkpt lat="-37.1140537" lon="174.9483785">
                <ele>17</ele>
            </trkpt>
            <trkpt lat="-37.1150632" lon="174.9489149">
                <ele>17.7</ele>
            </trkpt>
            <trkpt lat="-37.1160578" lon="174.9496794">
                <ele>16.6</ele>
            </trkpt>
            <trkpt lat="-37.116924" lon="174.9506047">
                <ele>15</ele>
            </trkpt>
            <trkpt lat="-37.1175357" lon="174.9515328">
                <ele>17.5</ele>
            </trkpt>
            <trkpt lat="-37.1181367" lon="174.95267">
                <ele>18.2</ele>
            </trkpt>
            <trkpt lat="-37.1187462" lon="174.9538395">
                <ele>19</ele>
            </trkpt>
            <trkpt lat="-37.1194221" lon="174.9549124">
                <ele>21</ele>
            </trkpt>
            <trkpt lat="-37.1202904" lon="174.9558833">
                <ele>20.3</ele>
            </trkpt>
            <trkpt lat="-37.1214004" lon="174.9567819">
                <ele>22</ele>
            </trkpt>
            <trkpt lat="-37.1230172" lon="174.9576938">
                <ele>23</ele>
            </trkpt>
            <trkpt lat="-37.1260498" lon="174.9594104">
                <ele>23.6</ele>
            </trkpt>
            <trkpt lat="-37.1283144" lon="174.9607167">
                <ele>24</ele>
            </trkpt>
            <trkpt lat="-37.1315029" lon="174.9625728">
                <ele>27.2</ele>
            </trkpt>
            <trkpt lat="-37.1338658" lon="174.9639595">
                <ele>32</ele>
            </trkpt>
            <trkpt lat="-37.1365365" lon="174.9655581">
                <ele>31.8</ele>
            </trkpt>
            <trkpt lat="-37.1399662" lon="174.9676475">
                <ele>31.2</ele>
            </trkpt>
            <trkpt lat="-37.1463248" lon="174.9715394">
                <ele>43</ele>
            </trkpt>
            <trkpt lat="-37.1476696" lon="174.9723655">
                <ele>41</ele>
            </trkpt>
            <trkpt lat="-37.1494654" lon="174.9734572">
                <ele>39</ele>
            </trkpt>
            <trkpt lat="-37.1553957" lon="174.9771023">
                <ele>49.8</ele>
            </trkpt>
            <trkpt lat="-37.1570909" lon="174.9781403">
                <ele>56</ele>
            </trkpt>
            <trkpt lat="-37.1588138" lon="174.9792534">
                <ele>61</ele>
            </trkpt>
            <trkpt lat="-37.1613319" lon="174.9810156">
                <ele>65</ele>
            </trkpt>
            <trkpt lat="-37.1645446" lon="174.9832767">
                <ele>86.2</ele>
            </trkpt>
            <trkpt lat="-37.1654915" lon="174.9838346">
                <ele>90.2</ele>
            </trkpt>
            <trkpt lat="-37.1664747" lon="174.9842638">
                <ele>95.8</ele>
            </trkpt>
            <trkpt lat="-37.1674173" lon="174.9845588">
                <ele>98.2</ele>
            </trkpt>
            <trkpt lat="-37.1689198" lon="174.9847949">
                <ele>101.5</ele>
            </trkpt>
            <trkpt lat="-37.1698218" lon="174.9848109">
                <ele>102.5</ele>
            </trkpt>
            <trkpt lat="-37.1711576" lon="174.9846527">
                <ele>101.5</ele>
            </trkpt>
            <trkpt lat="-37.1721279" lon="174.9844033">
                <ele>102</ele>
            </trkpt>
            <trkpt lat="-37.173344" lon="174.9839124">
                <ele>105.8</ele>
            </trkpt>
            <trkpt lat="-37.174652" lon="174.9831399">
                <ele>112.5</ele>
            </trkpt>
            <trkpt lat="-37.1758701" lon="174.9823406">
                <ele>112.5</ele>
            </trkpt>
            <trkpt lat="-37.1769301" lon="174.9816701">
                <ele>117.8</ele>
            </trkpt>
            <trkpt lat="-37.1780308" lon="174.9812168">
                <ele>120.2</ele>
            </trkpt>
            <trkpt lat="-37.1799562" lon="174.9807903">
                <ele>132</ele>
            </trkpt>
            <trkpt lat="-37.18092" lon="174.9806213">
                <ele>136.2</ele>
            </trkpt>
            <trkpt lat="-37.1823219" lon="174.9804845">
                <ele>146</ele>
            </trkpt>
            <trkpt lat="-37.1834951" lon="174.9804765">
                <ele>150</ele>
            </trkpt>
            <trkpt lat="-37.1844332" lon="174.9805409">
                <ele>157.5</ele>
            </trkpt>
            <trkpt lat="-37.1856042" lon="174.9807045">
                <ele>160</ele>
            </trkpt>
            <trkpt lat="-37.1865829" lon="174.9809191">
                <ele>157.5</ele>
            </trkpt>
            <trkpt lat="-37.1879825" lon="174.9812999">
                <ele>160.2</ele>
            </trkpt>
            <trkpt lat="-37.1888949" lon="174.981536">
                <ele>163.5</ele>
            </trkpt>
            <trkpt lat="-37.1907175" lon="174.9820375">
                <ele>167.5</ele>
            </trkpt>
            <trkpt lat="-37.1919162" lon="174.9824238">
                <ele>170.8</ele>
            </trkpt>
            <trkpt lat="-37.1930957" lon="174.9830031">
                <ele>171.7</ele>
            </trkpt>
            <trkpt lat="-37.1942836" lon="174.9838024">
                <ele>171.1</ele>
            </trkpt>
            <trkpt lat="-37.1952067" lon="174.9846232">
                <ele>173.2</ele>
            </trkpt>
            <trkpt lat="-37.1959887" lon="174.9854949">
                <ele>176.5</ele>
            </trkpt>
            <trkpt lat="-37.1968347" lon="174.9865034">
                <ele>180.2</ele>
            </trkpt>
            <trkpt lat="-37.1975334" lon="174.9873644">
                <ele>182</ele>
            </trkpt>
            <trkpt lat="-37.1983858" lon="174.9882764">
                <ele>185.5</ele>
            </trkpt>
            <trkpt lat="-37.1992639" lon="174.9888584">
                <ele>185.8</ele>
            </trkpt>
            <trkpt lat="-37.2002339" lon="174.9891964">
                <ele>181.5</ele>
            </trkpt>
            <trkpt lat="-37.2013363" lon="174.9894324">
                <ele>176.8</ele>
            </trkpt>
            <trkpt lat="-37.2022571" lon="174.9897382">
                <ele>173.2</ele>
            </trkpt>
            <trkpt lat="-37.203195" lon="174.9903283">
                <ele>174.8</ele>
            </trkpt>
            <trkpt lat="-37.2039427" lon="174.99109">
                <ele>179</ele>
            </trkpt>
            <trkpt lat="-37.2055727" lon="174.9932921">
                <ele>190.5</ele>
            </trkpt>
            <trkpt lat="-37.2064999" lon="174.9944669">
                <ele>194.8</ele>
            </trkpt>
            <trkpt lat="-37.2075402" lon="174.9953493">
                <ele>197.5</ele>
            </trkpt>
            <trkpt lat="-37.2084738" lon="174.9958697">
                <ele>203</ele>
            </trkpt>
            <trkpt lat="-37.2099734" lon="174.9963579">
                <ele>211.5</ele>
            </trkpt>
            <trkpt lat="-37.2109047" lon="174.9967656">
                <ele>215.2</ele>
            </trkpt>
            <trkpt lat="-37.2116887" lon="174.9973315">
                <ele>216.8</ele>
            </trkpt>
            <trkpt lat="-37.2126179" lon="174.9982274">
                <ele>214.5</ele>
            </trkpt>
            <trkpt lat="-37.2133762" lon="174.9989596">
                <ele>213.8</ele>
            </trkpt>
            <trkpt lat="-37.2149548" lon="175.000113">
                <ele>204.2</ele>
            </trkpt>
            <trkpt lat="-37.2170096" lon="175.0009766">
                <ele>186</ele>
            </trkpt>
            <trkpt lat="-37.2182292" lon="175.0012019">
                <ele>175.5</ele>
            </trkpt>
            <trkpt lat="-37.2193079" lon="175.0015345">
                <ele>167.8</ele>
            </trkpt>
            <trkpt lat="-37.2201751" lon="175.0020951">
                <ele>160.2</ele>
            </trkpt>
            <trkpt lat="-37.2209547" lon="175.00294">
                <ele>155.2</ele>
            </trkpt>
            <trkpt lat="-37.2215847" lon="175.0037983">
                <ele>151.5</ele>
            </trkpt>
            <trkpt lat="-37.2226313" lon="175.0049382">
                <ele>142.2</ele>
            </trkpt>
            <trkpt lat="-37.2233831" lon="175.0057536">
                <ele>138.2</ele>
            </trkpt>
            <trkpt lat="-37.2241712" lon="175.0068802">
                <ele>126.5</ele>
            </trkpt>
            <trkpt lat="-37.2252903" lon="175.0089052">
                <ele>114</ele>
            </trkpt>
            <trkpt lat="-37.2263155" lon="175.010528">
                <ele>101</ele>
            </trkpt>
            <trkpt lat="-37.2269199" lon="175.0114158">
                <ele>97.2</ele>
            </trkpt>
            <trkpt lat="-37.2277315" lon="175.012604">
                <ele>86</ele>
            </trkpt>
            <trkpt lat="-37.2291538" lon="175.0147015">
                <ele>71</ele>
            </trkpt>
            <trkpt lat="-37.230401" lon="175.0165066">
                <ele>60.5</ele>
            </trkpt>
            <trkpt lat="-37.2311741" lon="175.0175259">
                <ele>58.5</ele>
            </trkpt>
            <trkpt lat="-37.2319002" lon="175.0183761">
                <ele>57.5</ele>
            </trkpt>
            <trkpt lat="-37.2327822" lon="175.0191942">
                <ele>54.5</ele>
            </trkpt>
            <trkpt lat="-37.2337132" lon="175.0198084">
                <ele>51</ele>
            </trkpt>
            <trkpt lat="-37.234608" lon="175.020192">
                <ele>50.1</ele>
            </trkpt>
            <trkpt lat="-37.2355946" lon="175.0204253">
                <ele>49.2</ele>
            </trkpt>
            <trkpt lat="-37.2367968" lon="175.0205031">
                <ele>47.5</ele>
            </trkpt>
            <trkpt lat="-37.2378218" lon="175.0206211">
                <ele>42.8</ele>
            </trkpt>
            <trkpt lat="-37.2387465" lon="175.0208545">
                <ele>38</ele>
            </trkpt>
            <trkpt lat="-37.239938" lon="175.0215492">
                <ele>32</ele>
            </trkpt>
            <trkpt lat="-37.2407323" lon="175.0223055">
                <ele>31.2</ele>
            </trkpt>
            <trkpt lat="-37.2414754" lon="175.0231156">
                <ele>27.5</ele>
            </trkpt>
            <trkpt lat="-37.2423551" lon="175.0240436">
                <ele>24.2</ele>
            </trkpt>
            <trkpt lat="-37.2433075" lon="175.0249127">
                <ele>20.8</ele>
            </trkpt>
            <trkpt lat="-37.2442213" lon="175.025669">
                <ele>20.6</ele>
            </trkpt>
            <trkpt lat="-37.2451779" lon="175.0263718">
                <ele>21.2</ele>
            </trkpt>
            <trkpt lat="-37.2460106" lon="175.0269458">
                <ele>24.8</ele>
            </trkpt>
            <trkpt lat="-37.2470099" lon="175.0275359">
                <ele>24.8</ele>
            </trkpt>
            <trkpt lat="-37.2479984" lon="175.0280294">
                <ele>24.8</ele>
            </trkpt>
            <trkpt lat="-37.2494994" lon="175.0286624">
                <ele>26</ele>
            </trkpt>
            <trkpt lat="-37.2506011" lon="175.0292283">
                <ele>25.6</ele>
            </trkpt>
            <trkpt lat="-37.2516686" lon="175.0301403">
                <ele>23</ele>
            </trkpt>
            <trkpt lat="-37.2523624" lon="175.0311971">
                <ele>15.8</ele>
            </trkpt>
            <trkpt lat="-37.2527254" lon="175.0322378">
                <ele>14.5</ele>
            </trkpt>
            <trkpt lat="-37.2529944" lon="175.0340134">
                <ele>21</ele>
            </trkpt>
            <trkpt lat="-37.2532954" lon="175.0354135">
                <ele>22</ele>
            </trkpt>
            <trkpt lat="-37.2537758" lon="175.036481">
                <ele>24.5</ele>
            </trkpt>
            <trkpt lat="-37.2544461" lon="175.0373796">
                <ele>26.5</ele>
            </trkpt>
            <trkpt lat="-37.2552446" lon="175.0380635">
                <ele>23.2</ele>
            </trkpt>
            <trkpt lat="-37.2564529" lon="175.0386027">
                <ele>21.5</ele>
            </trkpt>
            <trkpt lat="-37.2582249" lon="175.0391445">
                <ele>22.2</ele>
            </trkpt>
            <trkpt lat="-37.2592773" lon="175.0394797">
                <ele>16.2</ele>
            </trkpt>
            <trkpt lat="-37.2602572" lon="175.0400832">
                <ele>15.2</ele>
            </trkpt>
            <trkpt lat="-37.2611986" lon="175.0410891">
                <ele>10</ele>
            </trkpt>
            <trkpt lat="-37.261886" lon="175.0421914">
                <ele>10.5</ele>
            </trkpt>
            <trkpt lat="-37.2625883" lon="175.0432107">
                <ele>10.2</ele>
            </trkpt>
            <trkpt lat="-37.2634656" lon="175.0440395">
                <ele>8.9</ele>
            </trkpt>
            <trkpt lat="-37.2643174" lon="175.044533">
                <ele>9.5</ele>
            </trkpt>
            <trkpt lat="-37.265643" lon="175.0448897">
                <ele>14.2</ele>
            </trkpt>
            <trkpt lat="-37.27207" lon="175.046204">
                <ele>8</ele>
            </trkpt>
            <trkpt lat="-37.2734765" lon="175.0465232">
                <ele>8.2</ele>
            </trkpt>
            <trkpt lat="-37.2748212" lon="175.0468075">
                <ele>8.9</ele>
            </trkpt>
            <trkpt lat="-37.2763878" lon="175.0471294">
                <ele>9.8</ele>
            </trkpt>
            <trkpt lat="-37.2778946" lon="175.0474459">
                <ele>10.8</ele>
            </trkpt>
            <trkpt lat="-37.2790001" lon="175.0476658">
                <ele>13.8</ele>
            </trkpt>
            <trkpt lat="-37.2801398" lon="175.0480735">
                <ele>23.2</ele>
            </trkpt>
            <trkpt lat="-37.2810916" lon="175.0487655">
                <ele>22.5</ele>
            </trkpt>
            <trkpt lat="-37.2819645" lon="175.0495648">
                <ele>16.5</ele>
            </trkpt>
            <trkpt lat="-37.2827157" lon="175.0502864">
                <ele>17.5</ele>
            </trkpt>
            <trkpt lat="-37.2842245" lon="175.0516838">
                <ele>16.2</ele>
            </trkpt>
            <trkpt lat="-37.2851016" lon="175.0525635">
                <ele>15</ele>
            </trkpt>
            <trkpt lat="-37.2858656" lon="175.0533441">
                <ele>21.5</ele>
            </trkpt>
            <trkpt lat="-37.2873871" lon="175.0552189">
                <ele>17.5</ele>
            </trkpt>
            <trkpt lat="-37.2881916" lon="175.0562623">
                <ele>29.2</ele>
            </trkpt>
            <trkpt lat="-37.2891071" lon="175.0571689">
                <ele>40.8</ele>
            </trkpt>
            <trkpt lat="-37.2903661" lon="175.058156">
                <ele>48</ele>
            </trkpt>
            <trkpt lat="-37.2913989" lon="175.0587729">
                <ele>41.5</ele>
            </trkpt>
            <trkpt lat="-37.2926515" lon="175.0593415">
                <ele>36</ele>
            </trkpt>
            <trkpt lat="-37.2941025" lon="175.0597143">
                <ele>13</ele>
            </trkpt>
            <trkpt lat="-37.2957348" lon="175.0599852">
                <ele>10</ele>
            </trkpt>
            <trkpt lat="-37.2974461" lon="175.0602427">
                <ele>9</ele>
            </trkpt>
            <trkpt lat="-37.298498" lon="175.0604117">
                <ele>8.9</ele>
            </trkpt>
            <trkpt lat="-37.299424" lon="175.0605834">
                <ele>8.8</ele>
            </trkpt>
            <trkpt lat="-37.3003436" lon="175.0608918">
                <ele>8.8</ele>
            </trkpt>
            <trkpt lat="-37.3012695" lon="175.0613344">
                <ele>8.5</ele>
            </trkpt>
            <trkpt lat="-37.3023321" lon="175.0620961">
                <ele>9.1</ele>
            </trkpt>
            <trkpt lat="-37.3034372" lon="175.063169">
                <ele>8.8</ele>
            </trkpt>
            <trkpt lat="-37.3044613" lon="175.0644243">
                <ele>9.4</ele>
            </trkpt>
            <trkpt lat="-37.3053915" lon="175.0655079">
                <ele>8.8</ele>
            </trkpt>
            <trkpt lat="-37.3063132" lon="175.0662804">
                <ele>6.8</ele>
            </trkpt>
            <trkpt lat="-37.3075186" lon="175.066967">
                <ele>7.8</ele>
            </trkpt>
            <trkpt lat="-37.3087261" lon="175.0673586">
                <ele>9</ele>
            </trkpt>
            <trkpt lat="-37.3096967" lon="175.0674713">
                <ele>8.9</ele>
            </trkpt>
            <trkpt lat="-37.3107293" lon="175.0674069">
                <ele>8.8</ele>
            </trkpt>
            <trkpt lat="-37.3117149" lon="175.067195">
                <ele>8</ele>
            </trkpt>
            <trkpt lat="-37.313413" lon="175.0667927">
                <ele>15</ele>
            </trkpt>
            <trkpt lat="-37.314695" lon="175.0665405">
                <ele>16.8</ele>
            </trkpt>
            <trkpt lat="-37.3160517" lon="175.0664386">
                <ele>15.6</ele>
            </trkpt>
            <trkpt lat="-37.3170628" lon="175.066452">
                <ele>15.2</ele>
            </trkpt>
            <trkpt lat="-37.3181358" lon="175.0664735">
                <ele>14.8</ele>
            </trkpt>
            <trkpt lat="-37.3193687" lon="175.0665379">
                <ele>12.5</ele>
            </trkpt>
            <trkpt lat="-37.3207638" lon="175.066511">
                <ele>15.2</ele>
            </trkpt>
            <trkpt lat="-37.3218495" lon="175.0664788">
                <ele>15.1</ele>
            </trkpt>
            <trkpt lat="-37.3234876" lon="175.0663796">
                <ele>14.8</ele>
            </trkpt>
            <trkpt lat="-37.3252793" lon="175.0662643">
                <ele>10</ele>
            </trkpt>
            <trkpt lat="-37.3263393" lon="175.0661087">
                <ele>9.8</ele>
            </trkpt>
            <trkpt lat="-37.3274335" lon="175.0657895">
                <ele>8.5</ele>
            </trkpt>
            <trkpt lat="-37.328293" lon="175.065406">
                <ele>9</ele>
            </trkpt>
            <trkpt lat="-37.3293701" lon="175.0646898">
                <ele>10.8</ele>
            </trkpt>
            <trkpt lat="-37.3307222" lon="175.0636384">
                <ele>14.2</ele>
            </trkpt>
            <trkpt lat="-37.3316479" lon="175.0630376">
                <ele>14.2</ele>
            </trkpt>
            <trkpt lat="-37.3328187" lon="175.0626111">
                <ele>13.5</ele>
            </trkpt>
            <trkpt lat="-37.3341111" lon="175.0623482">
                <ele>13.8</ele>
            </trkpt>
            <trkpt lat="-37.3351007" lon="175.0621605">
                <ele>16.2</ele>
            </trkpt>
            <trkpt lat="-37.3361883" lon="175.0621471">
                <ele>15.2</ele>
            </trkpt>
            <trkpt lat="-37.3371608" lon="175.0623322">
                <ele>12</ele>
            </trkpt>
            <trkpt lat="-37.3383038" lon="175.0627935">
                <ele>12.8</ele>
            </trkpt>
            <trkpt lat="-37.3391014" lon="175.0633353">
                <ele>12.8</ele>
            </trkpt>
            <trkpt lat="-37.3399267" lon="175.0640836">
                <ele>11</ele>
            </trkpt>
            <trkpt lat="-37.3427394" lon="175.0668651">
                <ele>12.3</ele>
            </trkpt>
            <trkpt lat="-37.3442406" lon="175.0683671">
                <ele>13</ele>
            </trkpt>
            <trkpt lat="-37.3449314" lon="175.0691342">
                <ele>14.5</ele>
            </trkpt>
            <trkpt lat="-37.3457289" lon="175.070309">
                <ele>13.9</ele>
            </trkpt>
            <trkpt lat="-37.3462279" lon="175.0713229">
                <ele>14.8</ele>
            </trkpt>
            <trkpt lat="-37.3468079" lon="175.0731039">
                <ele>18</ele>
            </trkpt>
            <trkpt lat="-37.3471917" lon="175.0743699">
                <ele>14</ele>
            </trkpt>
            <trkpt lat="-37.3476267" lon="175.0754052">
                <ele>12.3</ele>
            </trkpt>
            <trkpt lat="-37.3482664" lon="175.0766203">
                <ele>12.5</ele>
            </trkpt>
            <trkpt lat="-37.3492216" lon="175.0779748">
                <ele>9.8</ele>
            </trkpt>
            <trkpt lat="-37.3499722" lon="175.0787392">
                <ele>9</ele>
            </trkpt>
            <trkpt lat="-37.3512451" lon="175.0798497">
                <ele>7.2</ele>
            </trkpt>
            <trkpt lat="-37.3523986" lon="175.0808555">
                <ele>8.2</ele>
            </trkpt>
            <trkpt lat="-37.3539763" lon="175.0821617">
                <ele>13</ele>
            </trkpt>
            <trkpt lat="-37.3558568" lon="175.0837603">
                <ele>12</ele>
            </trkpt>
            <trkpt lat="-37.3575518" lon="175.0852168">
                <ele>12.5</ele>
            </trkpt>
            <trkpt lat="-37.3586433" lon="175.0861153">
                <ele>11.2</ele>
            </trkpt>
            <trkpt lat="-37.3612848" lon="175.0884032">
                <ele>17.8</ele>
            </trkpt>
            <trkpt lat="-37.3623273" lon="175.0892803">
                <ele>20.2</ele>
            </trkpt>
            <trkpt lat="-37.3638046" lon="175.0904605">
                <ele>27.5</ele>
            </trkpt>
            <trkpt lat="-37.3651114" lon="175.0915012">
                <ele>22.2</ele>
            </trkpt>
            <trkpt lat="-37.3661176" lon="175.0922093">
                <ele>27.8</ele>
            </trkpt>
            <trkpt lat="-37.3671537" lon="175.0926304">
                <ele>34.8</ele>
            </trkpt>
            <trkpt lat="-37.3680511" lon="175.092845">
                <ele>38.8</ele>
            </trkpt>
            <trkpt lat="-37.3702019" lon="175.0932339">
                <ele>33.2</ele>
            </trkpt>
            <trkpt lat="-37.3711271" lon="175.0934404">
                <ele>27.2</ele>
            </trkpt>
            <trkpt lat="-37.3721417" lon="175.0938052">
                <ele>21</ele>
            </trkpt>
            <trkpt lat="-37.3730263" lon="175.0943416">
                <ele>19.2</ele>
            </trkpt>
            <trkpt lat="-37.3739663" lon="175.0950927">
                <ele>21</ele>
            </trkpt>
            <trkpt lat="-37.3764474" lon="175.0976703">
                <ele>26.2</ele>
            </trkpt>
            <trkpt lat="-37.3778797" lon="175.0991938">
                <ele>32.5</ele>
            </trkpt>
            <trkpt lat="-37.3787195" lon="175.1000816">
                <ele>38.2</ele>
            </trkpt>
            <trkpt lat="-37.3795464" lon="175.1009506">
                <ele>44.5</ele>
            </trkpt>
            <trkpt lat="-37.3803713" lon="175.1018116">
                <ele>46.5</ele>
            </trkpt>
            <trkpt lat="-37.3812217" lon="175.1025304">
                <ele>48.5</ele>
            </trkpt>
            <trkpt lat="-37.3820955" lon="175.1030454">
                <ele>49.2</ele>
            </trkpt>
            <trkpt lat="-37.3830695" lon="175.103437">
                <ele>52.2</ele>
            </trkpt>
            <trkpt lat="-37.3840051" lon="175.1037374">
                <ele>55</ele>
            </trkpt>
            <trkpt lat="-37.3850388" lon="175.1040566">
                <ele>55.8</ele>
            </trkpt>
            <trkpt lat="-37.3860404" lon="175.1044589">
                <ele>58</ele>
            </trkpt>
            <trkpt lat="-37.3870037" lon="175.1049551">
                <ele>59</ele>
            </trkpt>
            <trkpt lat="-37.3881844" lon="175.1057142">
                <ele>60.3</ele>
            </trkpt>
            <trkpt lat="-37.3893096" lon="175.1064733">
                <ele>59.8</ele>
            </trkpt>
            <trkpt lat="-37.3904838" lon="175.1072082">
                <ele>59.5</ele>
            </trkpt>
            <trkpt lat="-37.3913213" lon="175.1078171">
                <ele>60.9</ele>
            </trkpt>
            <trkpt lat="-37.3928791" lon="175.1090536">
                <ele>56.2</ele>
            </trkpt>
            <trkpt lat="-37.3939041" lon="175.1099199">
                <ele>49.5</ele>
            </trkpt>
            <trkpt lat="-37.3946798" lon="175.1106495">
                <ele>43.2</ele>
            </trkpt>
            <trkpt lat="-37.395562" lon="175.1114756">
                <ele>39.5</ele>
            </trkpt>
            <trkpt lat="-37.3963994" lon="175.1123902">
                <ele>38.8</ele>
            </trkpt>
            <trkpt lat="-37.3972539" lon="175.1133317">
                <ele>36.5</ele>
            </trkpt>
            <trkpt lat="-37.39807" lon="175.1143375">
                <ele>41.5</ele>
            </trkpt>
            <trkpt lat="-37.3989756" lon="175.1154801">
                <ele>45.8</ele>
            </trkpt>
            <trkpt lat="-37.4000985" lon="175.1168373">
                <ele>42</ele>
            </trkpt>
            <trkpt lat="-37.4011426" lon="175.1181006">
                <ele>39.5</ele>
            </trkpt>
            <trkpt lat="-37.40198" lon="175.1190528">
                <ele>40</ele>
            </trkpt>
            <trkpt lat="-37.4027598" lon="175.1198226">
                <ele>42.8</ele>
            </trkpt>
            <trkpt lat="-37.4036377" lon="175.1205549">
                <ele>41.5</ele>
            </trkpt>
            <trkpt lat="-37.4047542" lon="175.12133">
                <ele>42</ele>
            </trkpt>
            <trkpt lat="-37.405698" lon="175.1218638">
                <ele>43</ele>
            </trkpt>
            <trkpt lat="-37.406889" lon="175.1225048">
                <ele>44.8</ele>
            </trkpt>
            <trkpt lat="-37.4080246" lon="175.1230305">
                <ele>40.8</ele>
            </trkpt>
            <trkpt lat="-37.4089237" lon="175.1235294">
                <ele>39.2</ele>
            </trkpt>
            <trkpt lat="-37.4098398" lon="175.1241839">
                <ele>37</ele>
            </trkpt>
            <trkpt lat="-37.4108944" lon="175.1250395">
                <ele>39.2</ele>
            </trkpt>
            <trkpt lat="-37.4123112" lon="175.1259273">
                <ele>42.8</ele>
            </trkpt>
            <trkpt lat="-37.4136576" lon="175.1264584">
                <ele>37.2</ele>
            </trkpt>
            <trkpt lat="-37.4153087" lon="175.126732">
                <ele>28.2</ele>
            </trkpt>
            <trkpt lat="-37.4173964" lon="175.1266113">
                <ele>29.9</ele>
            </trkpt>
            <trkpt lat="-37.4196118" lon="175.1261553">
                <ele>28.2</ele>
            </trkpt>
            <trkpt lat="-37.4216355" lon="175.1256967">
                <ele>21</ele>
            </trkpt>
            <trkpt lat="-37.4228795" lon="175.1254231">
                <ele>19</ele>
            </trkpt>
            <trkpt lat="-37.4239872" lon="175.1253051">
                <ele>15.8</ele>
            </trkpt>
            <trkpt lat="-37.4250522" lon="175.1254016">
                <ele>15.5</ele>
            </trkpt>
            <trkpt lat="-37.4261258" lon="175.1257128">
                <ele>14.1</ele>
            </trkpt>
            <trkpt lat="-37.4270609" lon="175.1261848">
                <ele>15.5</ele>
            </trkpt>
            <trkpt lat="-37.4278596" lon="175.1267776">
                <ele>15</ele>
            </trkpt>
            <trkpt lat="-37.4285966" lon="175.1274991">
                <ele>14.3</ele>
            </trkpt>
            <trkpt lat="-37.4293208" lon="175.1284808">
                <ele>15</ele>
            </trkpt>
            <trkpt lat="-37.4308032" lon="175.130758">
                <ele>13.8</ele>
            </trkpt>
            <trkpt lat="-37.4314252" lon="175.1317424">
                <ele>12.8</ele>
            </trkpt>
            <trkpt lat="-37.432177" lon="175.1334375">
                <ele>12.5</ele>
            </trkpt>
            <trkpt lat="-37.4325157" lon="175.1347411">
                <ele>11.9</ele>
            </trkpt>
            <trkpt lat="-37.4327009" lon="175.1363772">
                <ele>10.5</ele>
            </trkpt>
            <trkpt lat="-37.4327883" lon="175.1377827">
                <ele>10.2</ele>
            </trkpt>
            <trkpt lat="-37.4329693" lon="175.139164">
                <ele>10.6</ele>
            </trkpt>
            <trkpt lat="-37.433342" lon="175.1404756">
                <ele>11.1</ele>
            </trkpt>
            <trkpt lat="-37.4338894" lon="175.1415834">
                <ele>11.4</ele>
            </trkpt>
            <trkpt lat="-37.4344857" lon="175.1424605">
                <ele>11.8</ele>
            </trkpt>
            <trkpt lat="-37.4354037" lon="175.1434395">
                <ele>11.1</ele>
            </trkpt>
            <trkpt lat="-37.4368455" lon="175.1447967">
                <ele>11.5</ele>
            </trkpt>
            <trkpt lat="-37.4375654" lon="175.1454887">
                <ele>11.6</ele>
            </trkpt>
            <trkpt lat="-37.4385855" lon="175.146457">
                <ele>11.2</ele>
            </trkpt>
            <trkpt lat="-37.4393884" lon="175.1471758">
                <ele>9.8</ele>
            </trkpt>
            <trkpt lat="-37.4404724" lon="175.1481816">
                <ele>11.2</ele>
            </trkpt>
            <trkpt lat="-37.4421633" lon="175.1497051">
                <ele>11.8</ele>
            </trkpt>
            <trkpt lat="-37.4430662" lon="175.150491">
                <ele>12.8</ele>
            </trkpt>
            <trkpt lat="-37.4440884" lon="175.1512152">
                <ele>13.2</ele>
            </trkpt>
            <trkpt lat="-37.4451021" lon="175.151698">
                <ele>12.5</ele>
            </trkpt>
            <trkpt lat="-37.4465416" lon="175.1520923">
                <ele>13.8</ele>
            </trkpt>
            <trkpt lat="-37.4482452" lon="175.1524597">
                <ele>12.8</ele>
            </trkpt>
            <trkpt lat="-37.4498592" lon="175.1528031">
                <ele>14</ele>
            </trkpt>
            <trkpt lat="-37.4510304" lon="175.1530606">
                <ele>14.8</ele>
            </trkpt>
            <trkpt lat="-37.4521035" lon="175.1532859">
                <ele>13.8</ele>
            </trkpt>
            <trkpt lat="-37.4532747" lon="175.1535514">
                <ele>14</ele>
            </trkpt>
            <trkpt lat="-37.4546714" lon="175.153951">
                <ele>14.2</ele>
            </trkpt>
            <trkpt lat="-37.4572605" lon="175.1547906">
                <ele>16.5</ele>
            </trkpt>
            <trkpt lat="-37.4586615" lon="175.1552546">
                <ele>14.2</ele>
            </trkpt>
            <trkpt lat="-37.4598879" lon="175.1556301">
                <ele>12</ele>
            </trkpt>
            <trkpt lat="-37.4622639" lon="175.1564133">
                <ele>14</ele>
            </trkpt>
            <trkpt lat="-37.4640097" lon="175.1569632">
                <ele>14.2</ele>
            </trkpt>
            <trkpt lat="-37.465683" lon="175.1575103">
                <ele>15</ele>
            </trkpt>
            <trkpt lat="-37.4669902" lon="175.1579395">
                <ele>13.8</ele>
            </trkpt>
            <trkpt lat="-37.4683356" lon="175.1583472">
                <ele>12</ele>
            </trkpt>
            <trkpt lat="-37.469383" lon="175.1586851">
                <ele>13.2</ele>
            </trkpt>
            <trkpt lat="-37.4706517" lon="175.1589105">
                <ele>14.1</ele>
            </trkpt>
            <trkpt lat="-37.4720993" lon="175.1590928">
                <ele>14.8</ele>
            </trkpt>
            <trkpt lat="-37.473649" lon="175.1592806">
                <ele>13.8</ele>
            </trkpt>
            <trkpt lat="-37.4754498" lon="175.1595113">
                <ele>13.3</ele>
            </trkpt>
            <trkpt lat="-37.4773571" lon="175.1597473">
                <ele>12.8</ele>
            </trkpt>
            <trkpt lat="-37.4792515" lon="175.1599833">
                <ele>13.3</ele>
            </trkpt>
            <trkpt lat="-37.4807457" lon="175.1601711">
                <ele>13.8</ele>
            </trkpt>
            <trkpt lat="-37.4819547" lon="175.1603213">
                <ele>13.8</ele>
            </trkpt>
            <trkpt lat="-37.4828827" lon="175.1604286">
                <ele>13.9</ele>
            </trkpt>
            <trkpt lat="-37.4839426" lon="175.160509">
                <ele>13.9</ele>
            </trkpt>
            <trkpt lat="-37.4851984" lon="175.1605225">
                <ele>14</ele>
            </trkpt>
            <trkpt lat="-37.486403" lon="175.1605117">
                <ele>14.4</ele>
            </trkpt>
            <trkpt lat="-37.4875268" lon="175.1604983">
                <ele>15</ele>
            </trkpt>
            <trkpt lat="-37.48851" lon="175.1605895">
                <ele>14.8</ele>
            </trkpt>
            <trkpt lat="-37.4894039" lon="175.1607397">
                <ele>14</ele>
            </trkpt>
            <trkpt lat="-37.4904765" lon="175.1610214">
                <ele>13.8</ele>
            </trkpt>
            <trkpt lat="-37.4917024" lon="175.1614612">
                <ele>12</ele>
            </trkpt>
            <trkpt lat="-37.4926813" lon="175.1618662">
                <ele>12</ele>
            </trkpt>
            <trkpt lat="-37.4936241" lon="175.1622176">
                <ele>12.9</ele>
            </trkpt>
            <trkpt lat="-37.4950733" lon="175.1626816">
                <ele>14</ele>
            </trkpt>
            <trkpt lat="-37.4959543" lon="175.1629177">
                <ele>15.2</ele>
            </trkpt>
            <trkpt lat="-37.4973588" lon="175.1632932">
                <ele>15.1</ele>
            </trkpt>
            <trkpt lat="-37.4985037" lon="175.1636043">
                <ele>15</ele>
            </trkpt>
            <trkpt lat="-37.499823" lon="175.1640549">
                <ele>15</ele>
            </trkpt>
            <trkpt lat="-37.5010572" lon="175.1644841">
                <ele>14.8</ele>
            </trkpt>
            <trkpt lat="-37.5023765" lon="175.1649079">
                <ele>14</ele>
            </trkpt>
            <trkpt lat="-37.5035575" lon="175.1652539">
                <ele>14</ele>
            </trkpt>
            <trkpt lat="-37.5049108" lon="175.1655033">
                <ele>15</ele>
            </trkpt>
            <trkpt lat="-37.5061577" lon="175.165683">
                <ele>17.2</ele>
            </trkpt>
            <trkpt lat="-37.5073684" lon="175.1659539">
                <ele>22.8</ele>
            </trkpt>
            <trkpt lat="-37.5083258" lon="175.1663402">
                <ele>16.8</ele>
            </trkpt>
            <trkpt lat="-37.5095492" lon="175.1670992">
                <ele>13</ele>
            </trkpt>
            <trkpt lat="-37.5104322" lon="175.1677322">
                <ele>12</ele>
            </trkpt>
            <trkpt lat="-37.5114258" lon="175.1683223">
                <ele>12.3</ele>
            </trkpt>
            <trkpt lat="-37.5124939" lon="175.1688534">
                <ele>12.6</ele>
            </trkpt>
            <trkpt lat="-37.5135726" lon="175.1693791">
                <ele>13</ele>
            </trkpt>
            <trkpt lat="-37.5146214" lon="175.1698914">
                <ele>13.3</ele>
            </trkpt>
            <trkpt lat="-37.5161851" lon="175.1706532">
                <ele>13.8</ele>
            </trkpt>
            <trkpt lat="-37.5179701" lon="175.1715249">
                <ele>22.8</ele>
            </trkpt>
            <trkpt lat="-37.5188764" lon="175.1719674">
                <ele>22</ele>
            </trkpt>
            <trkpt lat="-37.5200571" lon="175.1725495">
                <ele>24.8</ele>
            </trkpt>
            <trkpt lat="-37.5211271" lon="175.1732013">
                <ele>26.2</ele>
            </trkpt>
            <trkpt lat="-37.522061" lon="175.1739576">
                <ele>23.5</ele>
            </trkpt>
            <trkpt lat="-37.5228843" lon="175.1748106">
                <ele>29.5</ele>
            </trkpt>
            <trkpt lat="-37.5237905" lon="175.1760176">
                <ele>23</ele>
            </trkpt>
            <trkpt lat="-37.5244861" lon="175.177246">
                <ele>24.5</ele>
            </trkpt>
            <trkpt lat="-37.5250285" lon="175.178512">
                <ele>29.8</ele>
            </trkpt>
            <trkpt lat="-37.5254157" lon="175.1797351">
                <ele>31.2</ele>
            </trkpt>
            <trkpt lat="-37.5257071" lon="175.1811084">
                <ele>25</ele>
            </trkpt>
            <trkpt lat="-37.5259156" lon="175.1824442">
                <ele>15.5</ele>
            </trkpt>
            <trkpt lat="-37.5262028" lon="175.1836646">
                <ele>10.8</ele>
            </trkpt>
            <trkpt lat="-37.5266218" lon="175.1848984">
                <ele>15.2</ele>
            </trkpt>
            <trkpt lat="-37.5272153" lon="175.1861751">
                <ele>15.8</ele>
            </trkpt>
            <trkpt lat="-37.5279066" lon="175.1872909">
                <ele>16.4</ele>
            </trkpt>
            <trkpt lat="-37.5287107" lon="175.1882967">
                <ele>16</ele>
            </trkpt>
            <trkpt lat="-37.5295573" lon="175.1891148">
                <ele>18</ele>
            </trkpt>
            <trkpt lat="-37.5303826" lon="175.1897398">
                <ele>17.2</ele>
            </trkpt>
            <trkpt lat="-37.5313206" lon="175.1902816">
                <ele>16.2</ele>
            </trkpt>
            <trkpt lat="-37.5322948" lon="175.1906785">
                <ele>18.2</ele>
            </trkpt>
            <trkpt lat="-37.5333689" lon="175.1909468">
                <ele>15.8</ele>
            </trkpt>
            <trkpt lat="-37.5349195" lon="175.1912525">
                <ele>18.5</ele>
            </trkpt>
            <trkpt lat="-37.5361978" lon="175.1915047">
                <ele>24.5</ele>
            </trkpt>
            <trkpt lat="-37.5373739" lon="175.1917246">
                <ele>25.8</ele>
            </trkpt>
            <trkpt lat="-37.5383374" lon="175.1918346">
                <ele>29.5</ele>
            </trkpt>
            <trkpt lat="-37.5393774" lon="175.1918319">
                <ele>36.8</ele>
            </trkpt>
            <trkpt lat="-37.5404557" lon="175.1916951">
                <ele>40</ele>
            </trkpt>
            <trkpt lat="-37.5414511" lon="175.1914403">
                <ele>47</ele>
            </trkpt>
            <trkpt lat="-37.5451834" lon="175.1900187">
                <ele>34</ele>
            </trkpt>
            <trkpt lat="-37.5462212" lon="175.1896298">
                <ele>40.5</ele>
            </trkpt>
            <trkpt lat="-37.5472909" lon="175.1892328">
                <ele>36.8</ele>
            </trkpt>
            <trkpt lat="-37.5486923" lon="175.1888627">
                <ele>24</ele>
            </trkpt>
            <trkpt lat="-37.5501724" lon="175.1886964">
                <ele>25.2</ele>
            </trkpt>
            <trkpt lat="-37.5514228" lon="175.1888037">
                <ele>32.2</ele>
            </trkpt>
            <trkpt lat="-37.5535705" lon="175.1893803">
                <ele>50.2</ele>
            </trkpt>
            <trkpt lat="-37.5546315" lon="175.1896754">
                <ele>59.2</ele>
            </trkpt>
            <trkpt lat="-37.5558925" lon="175.1899463">
                <ele>60</ele>
            </trkpt>
            <trkpt lat="-37.5569535" lon="175.1901126">
                <ele>58.2</ele>
            </trkpt>
            <trkpt lat="-37.5579316" lon="175.1901957">
                <ele>58.8</ele>
            </trkpt>
            <trkpt lat="-37.5595114" lon="175.190236">
                <ele>63</ele>
            </trkpt>
            <trkpt lat="-37.5608913" lon="175.1901662">
                <ele>67.5</ele>
            </trkpt>
            <trkpt lat="-37.5621607" lon="175.190067">
                <ele>76.2</ele>
            </trkpt>
            <trkpt lat="-37.5633471" lon="175.1899973">
                <ele>81.2</ele>
            </trkpt>
            <trkpt lat="-37.5646355" lon="175.1899141">
                <ele>83</ele>
            </trkpt>
            <trkpt lat="-37.5661854" lon="175.1898202">
                <ele>79.5</ele>
            </trkpt>
            <trkpt lat="-37.5686133" lon="175.189662">
                <ele>110.2</ele>
            </trkpt>
            <trkpt lat="-37.5697635" lon="175.1895788">
                <ele>128.2</ele>
            </trkpt>
            <trkpt lat="-37.5709093" lon="175.1893401">
                <ele>107.2</ele>
            </trkpt>
            <trkpt lat="-37.5719361" lon="175.188911">
                <ele>86.2</ele>
            </trkpt>
            <trkpt lat="-37.5728907" lon="175.1883128">
                <ele>82.5</ele>
            </trkpt>
            <trkpt lat="-37.5736475" lon="175.1876584">
                <ele>82.5</ele>
            </trkpt>
            <trkpt lat="-37.5745084" lon="175.1868966">
                <ele>72.2</ele>
            </trkpt>
            <trkpt lat="-37.5756202" lon="175.1861885">
                <ele>53.8</ele>
            </trkpt>
            <trkpt lat="-37.5766023" lon="175.1857942">
                <ele>44.8</ele>
            </trkpt>
            <trkpt lat="-37.5779522" lon="175.1855582">
                <ele>60</ele>
            </trkpt>
            <trkpt lat="-37.5791319" lon="175.1856172">
                <ele>54.5</ele>
            </trkpt>
            <trkpt lat="-37.5804902" lon="175.1859927">
                <ele>35.5</ele>
            </trkpt>
            <trkpt lat="-37.5816827" lon="175.1866418">
                <ele>27.2</ele>
            </trkpt>
            <trkpt lat="-37.5824649" lon="175.1872587">
                <ele>23.8</ele>
            </trkpt>
            <trkpt lat="-37.583296" lon="175.1881385">
                <ele>19.8</ele>
            </trkpt>
            <trkpt lat="-37.5839826" lon="175.1891229">
                <ele>19</ele>
            </trkpt>
            <trkpt lat="-37.5846861" lon="175.1905712">
                <ele>16.2</ele>
            </trkpt>
            <trkpt lat="-37.5851559" lon="175.1918426">
                <ele>19</ele>
            </trkpt>
            <trkpt lat="-37.5856235" lon="175.1931167">
                <ele>17.8</ele>
            </trkpt>
            <trkpt lat="-37.586123" lon="175.1943237">
                <ele>16</ele>
            </trkpt>
            <trkpt lat="-37.5868392" lon="175.1957586">
                <ele>17.8</ele>
            </trkpt>
            <trkpt lat="-37.5877001" lon="175.1971427">
                <ele>18</ele>
            </trkpt>
            <trkpt lat="-37.5883866" lon="175.198068">
                <ele>18.2</ele>
            </trkpt>
            <trkpt lat="-37.589309" lon="175.1991141">
                <ele>17.8</ele>
            </trkpt>
            <trkpt lat="-37.5905311" lon="175.2002487">
                <ele>23</ele>
            </trkpt>
            <trkpt lat="-37.5920018" lon="175.201512">
                <ele>23</ele>
            </trkpt>
            <trkpt lat="-37.5927691" lon="175.2021798">
                <ele>13</ele>
            </trkpt>
            <trkpt lat="-37.594737" lon="175.2038804">
                <ele>16</ele>
            </trkpt>
            <trkpt lat="-37.595568" lon="175.2045214">
                <ele>16.2</ele>
            </trkpt>
            <trkpt lat="-37.5965095" lon="175.2051035">
                <ele>17.5</ele>
            </trkpt>
            <trkpt lat="-37.5976634" lon="175.2056399">
                <ele>17.2</ele>
            </trkpt>
            <trkpt lat="-37.5989088" lon="175.2060288">
                <ele>16.4</ele>
            </trkpt>
            <trkpt lat="-37.6001137" lon="175.2062461">
                <ele>15.8</ele>
            </trkpt>
            <trkpt lat="-37.6013462" lon="175.2063051">
                <ele>15.8</ele>
            </trkpt>
            <trkpt lat="-37.6023705" lon="175.2062407">
                <ele>18.2</ele>
            </trkpt>
            <trkpt lat="-37.6036264" lon="175.2059966">
                <ele>22.2</ele>
            </trkpt>
            <trkpt lat="-37.6048185" lon="175.2056292">
                <ele>21.2</ele>
            </trkpt>
            <trkpt lat="-37.6063123" lon="175.2052107">
                <ele>15</ele>
            </trkpt>
            <trkpt lat="-37.6075171" lon="175.2049854">
                <ele>16.8</ele>
            </trkpt>
            <trkpt lat="-37.6091235" lon="175.2048138">
                <ele>17.2</ele>
            </trkpt>
            <trkpt lat="-37.6101009" lon="175.2047816">
                <ele>20.8</ele>
            </trkpt>
            <trkpt lat="-37.6122278" lon="175.2048191">
                <ele>20</ele>
            </trkpt>
            <trkpt lat="-37.6134453" lon="175.2048486">
                <ele>20</ele>
            </trkpt>
            <trkpt lat="-37.6159651" lon="175.2049613">
                <ele>18</ele>
            </trkpt>
            <trkpt lat="-37.6174141" lon="175.2050605">
                <ele>18</ele>
            </trkpt>
            <trkpt lat="-37.61905" lon="175.2052322">
                <ele>18</ele>
            </trkpt>
            <trkpt lat="-37.6201824" lon="175.2053905">
                <ele>18</ele>
            </trkpt>
            <trkpt lat="-37.6217991" lon="175.205605">
                <ele>19</ele>
            </trkpt>
            <trkpt lat="-37.6239724" lon="175.2058223">
                <ele>18.5</ele>
            </trkpt>
            <trkpt lat="-37.6255169" lon="175.2059671">
                <ele>20</ele>
            </trkpt>
            <trkpt lat="-37.6277878" lon="175.2061871">
                <ele>19</ele>
            </trkpt>
            <trkpt lat="-37.6297123" lon="175.2063748">
                <ele>22.5</ele>
            </trkpt>
            <trkpt lat="-37.6308297" lon="175.2064794">
                <ele>25.8</ele>
            </trkpt>
            <trkpt lat="-37.6321467" lon="175.2066028">
                <ele>33.2</ele>
            </trkpt>
            <trkpt lat="-37.6330792" lon="175.2067021">
                <ele>31.5</ele>
            </trkpt>
            <trkpt lat="-37.6341094" lon="175.2068281">
                <ele>25.5</ele>
            </trkpt>
            <trkpt lat="-37.635575" lon="175.2068791">
                <ele>22.5</ele>
            </trkpt>
            <trkpt lat="-37.6364947" lon="175.2068576">
                <ele>22.7</ele>
            </trkpt>
            <trkpt lat="-37.6402903" lon="175.2066216">
                <ele>23.8</ele>
            </trkpt>
            <trkpt lat="-37.6427774" lon="175.2064875">
                <ele>22.8</ele>
            </trkpt>
            <trkpt lat="-37.6459036" lon="175.2063078">
                <ele>23.2</ele>
            </trkpt>
            <trkpt lat="-37.6496648" lon="175.2060556">
                <ele>23.8</ele>
            </trkpt>
            <trkpt lat="-37.6509283" lon="175.2059859">
                <ele>23.9</ele>
            </trkpt>
            <trkpt lat="-37.6519158" lon="175.2059269">
                <ele>24.1</ele>
            </trkpt>
            <trkpt lat="-37.6531751" lon="175.2058545">
                <ele>24.2</ele>
            </trkpt>
            <trkpt lat="-37.6546276" lon="175.2057767">
                <ele>24.4</ele>
            </trkpt>
            <trkpt lat="-37.6556278" lon="175.2057633">
                <ele>24.6</ele>
            </trkpt>
            <trkpt lat="-37.6567341" lon="175.2057686">
                <ele>24.7</ele>
            </trkpt>
            <trkpt lat="-37.6577066" lon="175.2058116">
                <ele>25.1</ele>
            </trkpt>
            <trkpt lat="-37.6588979" lon="175.2058947">
                <ele>25.2</ele>
            </trkpt>
            <trkpt lat="-37.6598173" lon="175.2059859">
                <ele>25.8</ele>
            </trkpt>
            <trkpt lat="-37.660983" lon="175.2061334">
                <ele>25.1</ele>
            </trkpt>
            <trkpt lat="-37.6622804" lon="175.206348">
                <ele>25.2</ele>
            </trkpt>
            <trkpt lat="-37.6634057" lon="175.2065653">
                <ele>26</ele>
            </trkpt>
            <trkpt lat="-37.6644313" lon="175.2067637">
                <ele>27.5</ele>
            </trkpt>
            <trkpt lat="-37.6658453" lon="175.2070346">
                <ele>30.5</ele>
            </trkpt>
            <trkpt lat="-37.666771" lon="175.2072144">
                <ele>32</ele>
            </trkpt>
            <trkpt lat="-37.6683613" lon="175.2075282">
                <ele>29</ele>
            </trkpt>
            <trkpt lat="-37.670219" lon="175.2078769">
                <ele>28.3</ele>
            </trkpt>
            <trkpt lat="-37.6711149" lon="175.2080593">
                <ele>28.5</ele>
            </trkpt>
            <trkpt lat="-37.6721064" lon="175.2082846">
                <ele>28.8</ele>
            </trkpt>
            <trkpt lat="-37.6730044" lon="175.2085394">
                <ele>28.8</ele>
            </trkpt>
            <trkpt lat="-37.6745733" lon="175.2091321">
                <ele>28</ele>
            </trkpt>
            <trkpt lat="-37.6754395" lon="175.2094916">
                <ele>28.8</ele>
            </trkpt>
            <trkpt lat="-37.67652" lon="175.2100468">
                <ele>27.8</ele>
            </trkpt>
            <trkpt lat="-37.6776897" lon="175.2107468">
                <ele>27</ele>
            </trkpt>
            <trkpt lat="-37.6785707" lon="175.2113503">
                <ele>27.2</ele>
            </trkpt>
            <trkpt lat="-37.6795854" lon="175.2121335">
                <ele>27.5</ele>
            </trkpt>
            <trkpt lat="-37.6804494" lon="175.2128765">
                <ele>28</ele>
            </trkpt>
            <trkpt lat="-37.6812285" lon="175.2136034">
                <ele>28.2</ele>
            </trkpt>
            <trkpt lat="-37.6837036" lon="175.2159047">
                <ele>28.2</ele>
            </trkpt>
            <trkpt lat="-37.6850409" lon="175.2171546">
                <ele>28.8</ele>
            </trkpt>
            <trkpt lat="-37.6860045" lon="175.2180558">
                <ele>28.2</ele>
            </trkpt>
            <trkpt lat="-37.6871911" lon="175.219287">
                <ele>27.2</ele>
            </trkpt>
            <trkpt lat="-37.6879871" lon="175.2202177">
                <ele>25.2</ele>
            </trkpt>
            <trkpt lat="-37.6886599" lon="175.221025">
                <ele>24.2</ele>
            </trkpt>
            <trkpt lat="-37.6895089" lon="175.2221382">
                <ele>23.2</ele>
            </trkpt>
            <trkpt lat="-37.6904683" lon="175.2235517">
                <ele>22.6</ele>
            </trkpt>
            <trkpt lat="-37.6914086" lon="175.2251154">
                <ele>21.2</ele>
            </trkpt>
            <trkpt lat="-37.6921684" lon="175.2265236">
                <ele>21.4</ele>
            </trkpt>
            <trkpt lat="-37.6932806" lon="175.2289054">
                <ele>21.7</ele>
            </trkpt>
            <trkpt lat="-37.6938027" lon="175.230217">
                <ele>21.9</ele>
            </trkpt>
            <trkpt lat="-37.6942378" lon="175.2314186">
                <ele>22</ele>
            </trkpt>
            <trkpt lat="-37.6946155" lon="175.2325988">
                <ele>24</ele>
            </trkpt>
            <trkpt lat="-37.6952034" lon="175.2346668">
                <ele>26.2</ele>
            </trkpt>
            <trkpt lat="-37.6957319" lon="175.2370781">
                <ele>28</ele>
            </trkpt>
            <trkpt lat="-37.696063" lon="175.2383575">
                <ele>29.2</ele>
            </trkpt>
            <trkpt lat="-37.6964026" lon="175.2394786">
                <ele>29.4</ele>
            </trkpt>
            <trkpt lat="-37.6968355" lon="175.2406079">
                <ele>29.5</ele>
            </trkpt>
            <trkpt lat="-37.697347" lon="175.2417719">
                <ele>30.5</ele>
            </trkpt>
            <trkpt lat="-37.6980092" lon="175.2430728">
                <ele>29.5</ele>
            </trkpt>
            <trkpt lat="-37.698771" lon="175.2443308">
                <ele>34.5</ele>
            </trkpt>
            <trkpt lat="-37.6997536" lon="175.2457175">
                <ele>39.8</ele>
            </trkpt>
            <trkpt lat="-37.7005834" lon="175.2467179">
                <ele>42.5</ele>
            </trkpt>
            <trkpt lat="-37.7019798" lon="175.2481368">
                <ele>36.5</ele>
            </trkpt>
            <trkpt lat="-37.7035969" lon="175.2497917">
                <ele>33</ele>
            </trkpt>
            <trkpt lat="-37.7054049" lon="175.2515888">
                <ele>32.6</ele>
            </trkpt>
            <trkpt lat="-37.7068925" lon="175.2530828">
                <ele>32.2</ele>
            </trkpt>
            <trkpt lat="-37.7078347" lon="175.254043">
                <ele>31.2</ele>
            </trkpt>
            <trkpt lat="-37.7087832" lon="175.2550703">
                <ele>36.2</ele>
            </trkpt>
            <trkpt lat="-37.7098527" lon="175.2563471">
                <ele>42.8</ele>
            </trkpt>
            <trkpt lat="-37.7106866" lon="175.2574629">
                <ele>53.5</ele>
            </trkpt>
            <trkpt lat="-37.711321" lon="175.2583882">
                <ele>47.5</ele>
            </trkpt>
            <trkpt lat="-37.7123629" lon="175.2601853">
                <ele>40.2</ele>
            </trkpt>
            <trkpt lat="-37.7128552" lon="175.2611402">
                <ele>38.8</ele>
            </trkpt>
            <trkpt lat="-37.7136233" lon="175.2628461">
                <ele>36.8</ele>
            </trkpt>
            <trkpt lat="-37.7149367" lon="175.2661666">
                <ele>37</ele>
            </trkpt>
            <trkpt lat="-37.7153398" lon="175.2671885">
                <ele>40</ele>
            </trkpt>
            <trkpt lat="-37.7180578" lon="175.2740443">
                <ele>37.5</ele>
            </trkpt>
            <trkpt lat="-37.7187282" lon="175.2757958">
                <ele>40</ele>
            </trkpt>
            <trkpt lat="-37.7191271" lon="175.2769974">
                <ele>43.2</ele>
            </trkpt>
            <trkpt lat="-37.719543" lon="175.2783492">
                <ele>45</ele>
            </trkpt>
            <trkpt lat="-37.7208711" lon="175.2827454">
                <ele>37.2</ele>
            </trkpt>
            <trkpt lat="-37.7215882" lon="175.2851486">
                <ele>41.5</ele>
            </trkpt>
            <trkpt lat="-37.7219892" lon="175.2862456">
                <ele>45.2</ele>
            </trkpt>
            <trkpt lat="-37.722509" lon="175.287517">
                <ele>49</ele>
            </trkpt>
            <trkpt lat="-37.7231349" lon="175.288783">
                <ele>55</ele>
            </trkpt>
            <trkpt lat="-37.7242232" lon="175.290556">
                <ele>48.5</ele>
            </trkpt>
            <trkpt lat="-37.7250739" lon="175.2917495">
                <ele>43.8</ele>
            </trkpt>
            <trkpt lat="-37.726349" lon="175.2932274">
                <ele>40.8</ele>
            </trkpt>
            <trkpt lat="-37.72766" lon="175.2944398">
                <ele>41</ele>
            </trkpt>
            <trkpt lat="-37.7286677" lon="175.2952069">
                <ele>40.9</ele>
            </trkpt>
            <trkpt lat="-37.7298726" lon="175.2959928">
                <ele>40.8</ele>
            </trkpt>
            <trkpt lat="-37.731033" lon="175.2967519">
                <ele>40</ele>
            </trkpt>
            <trkpt lat="-37.734391" lon="175.2989486">
                <ele>40</ele>
            </trkpt>
            <trkpt lat="-37.7413865" lon="175.3035673">
                <ele>40.8</ele>
            </trkpt>
            <trkpt lat="-37.7426549" lon="175.3043854">
                <ele>40.3</ele>
            </trkpt>
            <trkpt lat="-37.7439551" lon="175.305233">
                <ele>39.8</ele>
            </trkpt>
            <trkpt lat="-37.7449456" lon="175.3058499">
                <ele>39.8</ele>
            </trkpt>
            <trkpt lat="-37.7469159" lon="175.3071669">
                <ele>39.8</ele>
            </trkpt>
            <trkpt lat="-37.7498087" lon="175.3089908">
                <ele>42</ele>
            </trkpt>
            <trkpt lat="-37.7513102" lon="175.3099376">
                <ele>41.5</ele>
            </trkpt>
            <trkpt lat="-37.7522476" lon="175.310533">
                <ele>41.8</ele>
            </trkpt>
            <trkpt lat="-37.7536558" lon="175.3114235">
                <ele>42</ele>
            </trkpt>
            <trkpt lat="-37.754784" lon="175.3122014">
                <ele>42.8</ele>
            </trkpt>
            <trkpt lat="-37.7558846" lon="175.3130785">
                <ele>42.8</ele>
            </trkpt>
            <trkpt lat="-37.758126" lon="175.3150928">
                <ele>42</ele>
            </trkpt>
            <trkpt lat="-37.7594047" lon="175.3165063">
                <ele>44</ele>
            </trkpt>
            <trkpt lat="-37.7608445" lon="175.3183758">
                <ele>44</ele>
            </trkpt>
            <trkpt lat="-37.7618942" lon="175.3198618">
                <ele>43.9</ele>
            </trkpt>
            <trkpt lat="-37.7641906" lon="175.3235847">
                <ele>43.8</ele>
            </trkpt>
            <trkpt lat="-37.7648161" lon="175.3245449">
                <ele>43.8</ele>
            </trkpt>
            <trkpt lat="-37.7654522" lon="175.3254032">
                <ele>43.2</ele>
            </trkpt>
            <trkpt lat="-37.7663237" lon="175.3265163">
                <ele>44.8</ele>
            </trkpt>
            <trkpt lat="-37.7679987" lon="175.3282571">
                <ele>44</ele>
            </trkpt>
            <trkpt lat="-37.7693006" lon="175.3294936">
                <ele>44.5</ele>
            </trkpt>
            <trkpt lat="-37.7704667" lon="175.3303948">
                <ele>44.5</ele>
            </trkpt>
            <trkpt lat="-37.7713529" lon="175.3310412">
                <ele>44</ele>
            </trkpt>
            <trkpt lat="-37.7729197" lon="175.3320095">
                <ele>44.4</ele>
            </trkpt>
            <trkpt lat="-37.7742702" lon="175.3327203">
                <ele>44.8</ele>
            </trkpt>
            <trkpt lat="-37.7757585" lon="175.3333855">
                <ele>43.8</ele>
            </trkpt>
            <trkpt lat="-37.7766553" lon="175.33371">
                <ele>44.3</ele>
            </trkpt>
            <trkpt lat="-37.777745" lon="175.3340453">
                <ele>45</ele>
            </trkpt>
            <trkpt lat="-37.7793922" lon="175.3344503">
                <ele>45</ele>
            </trkpt>
            <trkpt lat="-37.7805073" lon="175.334748">
                <ele>45</ele>
            </trkpt>
            <trkpt lat="-37.7818089" lon="175.3351933">
                <ele>45</ele>
            </trkpt>
            <trkpt lat="-37.7837443" lon="175.3360489">
                <ele>46</ele>
            </trkpt>
            <trkpt lat="-37.7846622" lon="175.3365371">
                <ele>45.5</ele>
            </trkpt>
            <trkpt lat="-37.7855525" lon="175.3370547">
                <ele>45</ele>
            </trkpt>
            <trkpt lat="-37.7870766" lon="175.3381276">
                <ele>45.8</ele>
            </trkpt>
            <trkpt lat="-37.7882849" lon="175.3390986">
                <ele>46.8</ele>
            </trkpt>
            <trkpt lat="-37.78958" lon="175.3402707">
                <ele>45.7</ele>
            </trkpt>
            <trkpt lat="-37.7920557" lon="175.3431085">
                <ele>45.5</ele>
            </trkpt>
            <trkpt lat="-37.7935288" lon="175.3448787">
                <ele>37</ele>
            </trkpt>
            <trkpt lat="-37.7943406" lon="175.345847">
                <ele>43.2</ele>
            </trkpt>
            <trkpt lat="-37.7954025" lon="175.3471157">
                <ele>46.2</ele>
            </trkpt>
            <trkpt lat="-37.7963647" lon="175.348084">
                <ele>46.7</ele>
            </trkpt>
            <trkpt lat="-37.7974011" lon="175.3488618">
                <ele>47.2</ele>
            </trkpt>
            <trkpt lat="-37.7984884" lon="175.3494331">
                <ele>48.4</ele>
            </trkpt>
            <trkpt lat="-37.7995099" lon="175.3497899">
                <ele>48.8</ele>
            </trkpt>
            <trkpt lat="-37.8005696" lon="175.3499857">
                <ele>49.2</ele>
            </trkpt>
            <trkpt lat="-37.8017162" lon="175.3500152">
                <ele>49.8</ele>
            </trkpt>
            <trkpt lat="-37.8028479" lon="175.3498569">
                <ele>50</ele>
            </trkpt>
            <trkpt lat="-37.8038015" lon="175.3495726">
                <ele>49.5</ele>
            </trkpt>
            <trkpt lat="-37.8050349" lon="175.3489825">
                <ele>48.2</ele>
            </trkpt>
            <trkpt lat="-37.8061179" lon="175.3482208">
                <ele>48.6</ele>
            </trkpt>
            <trkpt lat="-37.8071054" lon="175.3472659">
                <ele>45.4</ele>
            </trkpt>
            <trkpt lat="-37.8086587" lon="175.3454983">
                <ele>40</ele>
            </trkpt>
            <trkpt lat="-37.8094407" lon="175.3445917">
                <ele>40</ele>
            </trkpt>
            <trkpt lat="-37.8101845" lon="175.3438032">
                <ele>35</ele>
            </trkpt>
            <trkpt lat="-37.8111041" lon="175.3430817">
                <ele>37.5</ele>
            </trkpt>
            <trkpt lat="-37.8120704" lon="175.3425854">
                <ele>44.2</ele>
            </trkpt>
            <trkpt lat="-37.8130409" lon="175.3423011">
                <ele>45</ele>
            </trkpt>
            <trkpt lat="-37.813969" lon="175.3422073">
                <ele>48.2</ele>
            </trkpt>
            <trkpt lat="-37.8150158" lon="175.3423011">
                <ele>48.1</ele>
            </trkpt>
            <trkpt lat="-37.8159311" lon="175.3425613">
                <ele>49.2</ele>
            </trkpt>
            <trkpt lat="-37.8170266" lon="175.3431299">
                <ele>49</ele>
            </trkpt>
            <trkpt lat="-37.8178869" lon="175.3438032">
                <ele>47.8</ele>
            </trkpt>
            <trkpt lat="-37.8186963" lon="175.3447017">
                <ele>47.8</ele>
            </trkpt>
            <trkpt lat="-37.8195586" lon="175.3459838">
                <ele>49</ele>
            </trkpt>
            <trkpt lat="-37.8203871" lon="175.3471935">
                <ele>53.5</ele>
            </trkpt>
            <trkpt lat="-37.8211625" lon="175.3482503">
                <ele>52.8</ele>
            </trkpt>
            <trkpt lat="-37.8221054" lon="175.349519">
                <ele>52.2</ele>
            </trkpt>
            <trkpt lat="-37.8231541" lon="175.3509325">
                <ele>49.5</ele>
            </trkpt>
            <trkpt lat="-37.8238364" lon="175.3518444">
                <ele>50</ele>
            </trkpt>
            <trkpt lat="-37.8249995" lon="175.3534135">
                <ele>50.5</ele>
            </trkpt>
            <trkpt lat="-37.8265885" lon="175.3555459">
                <ele>53.2</ele>
            </trkpt>
            <trkpt lat="-37.8275439" lon="175.3567663">
                <ele>51.8</ele>
            </trkpt>
            <trkpt lat="-37.8284316" lon="175.3577238">
                <ele>49</ele>
            </trkpt>
            <trkpt lat="-37.8294125" lon="175.358735">
                <ele>48.2</ele>
            </trkpt>
            <trkpt lat="-37.8308192" lon="175.3601298">
                <ele>48</ele>
            </trkpt>
            <trkpt lat="-37.8321835" lon="175.3614789">
                <ele>52.5</ele>
            </trkpt>
            <trkpt lat="-37.8335138" lon="175.362812">
                <ele>52.8</ele>
            </trkpt>
            <trkpt lat="-37.8352318" lon="175.3645366">
                <ele>53.2</ele>
            </trkpt>
            <trkpt lat="-37.8366511" lon="175.3659421">
                <ele>55</ele>
            </trkpt>
            <trkpt lat="-37.837545" lon="175.366846">
                <ele>56</ele>
            </trkpt>
            <trkpt lat="-37.8383309" lon="175.3676212">
                <ele>55</ele>
            </trkpt>
            <trkpt lat="-37.839013" lon="175.3683642">
                <ele>55.1</ele>
            </trkpt>
            <trkpt lat="-37.8396887" lon="175.369142">
                <ele>55.2</ele>
            </trkpt>
            <trkpt lat="-37.8404724" lon="175.3701076">
                <ele>55.8</ele>
            </trkpt>
            <trkpt lat="-37.8414087" lon="175.3714138">
                <ele>56</ele>
            </trkpt>
            <trkpt lat="-37.8429571" lon="175.3739673">
                <ele>59</ele>
            </trkpt>
            <trkpt lat="-37.8437026" lon="175.3752306">
                <ele>58</ele>
            </trkpt>
            <trkpt lat="-37.8457783" lon="175.3789642">
                <ele>58</ele>
            </trkpt>
            <trkpt lat="-37.8470576" lon="175.3811583">
                <ele>57</ele>
            </trkpt>
            <trkpt lat="-37.8476041" lon="175.3820917">
                <ele>58</ele>
            </trkpt>
            <trkpt lat="-37.848159" lon="175.3830063">
                <ele>59</ele>
            </trkpt>
            <trkpt lat="-37.8487414" lon="175.383921">
                <ele>58</ele>
            </trkpt>
            <trkpt lat="-37.8493451" lon="175.3848115">
                <ele>58.4</ele>
            </trkpt>
            <trkpt lat="-37.8501859" lon="175.3860319">
                <ele>59</ele>
            </trkpt>
            <trkpt lat="-37.8515434" lon="175.3880543">
                <ele>59.3</ele>
            </trkpt>
            <trkpt lat="-37.8524308" lon="175.3893256">
                <ele>59.6</ele>
            </trkpt>
            <trkpt lat="-37.8531975" lon="175.3904468">
                <ele>59.8</ele>
            </trkpt>
            <trkpt lat="-37.8541569" lon="175.3918254">
                <ele>60</ele>
            </trkpt>
            <trkpt lat="-37.8547774" lon="175.3926677">
                <ele>61</ele>
            </trkpt>
            <trkpt lat="-37.8560925" lon="175.394167">
                <ele>60.4</ele>
            </trkpt>
            <trkpt lat="-37.8569714" lon="175.3949744">
                <ele>60</ele>
            </trkpt>
            <trkpt lat="-37.8584601" lon="175.3963476">
                <ele>59</ele>
            </trkpt>
            <trkpt lat="-37.8591844" lon="175.397037">
                <ele>61</ele>
            </trkpt>
            <trkpt lat="-37.8605693" lon="175.3983647">
                <ele>61.6</ele>
            </trkpt>
            <trkpt lat="-37.8614375" lon="175.3992283">
                <ele>62</ele>
            </trkpt>
            <trkpt lat="-37.8623756" lon="175.4001993">
                <ele>62</ele>
            </trkpt>
            <trkpt lat="-37.8632904" lon="175.4011005">
                <ele>63</ele>
            </trkpt>
            <trkpt lat="-37.8641268" lon="175.4019293">
                <ele>64.2</ele>
            </trkpt>
            <trkpt lat="-37.8650268" lon="175.4028171">
                <ele>65.8</ele>
            </trkpt>
            <trkpt lat="-37.8658208" lon="175.4037023">
                <ele>64.2</ele>
            </trkpt>
            <trkpt lat="-37.8665916" lon="175.4047912">
                <ele>63.8</ele>
            </trkpt>
            <trkpt lat="-37.8672077" lon="175.4059178">
                <ele>64.5</ele>
            </trkpt>
            <trkpt lat="-37.8677096" lon="175.4071167">
                <ele>65.1</ele>
            </trkpt>
            <trkpt lat="-37.8681119" lon="175.4084551">
                <ele>65.7</ele>
            </trkpt>
            <trkpt lat="-37.8683639" lon="175.409748">
                <ele>66.2</ele>
            </trkpt>
            <trkpt lat="-37.8684951" lon="175.410963">
                <ele>66.8</ele>
            </trkpt>
            <trkpt lat="-37.8684782" lon="175.4204607">
                <ele>66.8</ele>
            </trkpt>
            <trkpt lat="-37.8684867" lon="175.4227218">
                <ele>66.9</ele>
            </trkpt>
            <trkpt lat="-37.868493" lon="175.4239878">
                <ele>67</ele>
            </trkpt>
            <trkpt lat="-37.8684994" lon="175.4252216">
                <ele>67.1</ele>
            </trkpt>
            <trkpt lat="-37.8685692" lon="175.4326862">
                <ele>67.8</ele>
            </trkpt>
            <trkpt lat="-37.8685671" lon="175.4503298">
                <ele>70.2</ele>
            </trkpt>
            <trkpt lat="-37.8685565" lon="175.4515985">
                <ele>70</ele>
            </trkpt>
            <trkpt lat="-37.8685523" lon="175.4533499">
                <ele>70</ele>
            </trkpt>
            <trkpt lat="-37.8685438" lon="175.4577944">
                <ele>70</ele>
            </trkpt>
            <trkpt lat="-37.8685269" lon="175.4613054">
                <ele>72</ele>
            </trkpt>
            <trkpt lat="-37.8685248" lon="175.4629871">
                <ele>72</ele>
            </trkpt>
            <trkpt lat="-37.8685205" lon="175.4641432">
                <ele>72</ele>
            </trkpt>
            <trkpt lat="-37.8685078" lon="175.4661924">
                <ele>73</ele>
            </trkpt>
            <trkpt lat="-37.8685777" lon="175.46763">
                <ele>73.5</ele>
            </trkpt>
            <trkpt lat="-37.8687238" lon="175.4692018">
                <ele>74</ele>
            </trkpt>
            <trkpt lat="-37.8689356" lon="175.4704866">
                <ele>74.2</ele>
            </trkpt>
            <trkpt lat="-37.869503" lon="175.4728255">
                <ele>74.7</ele>
            </trkpt>
            <trkpt lat="-37.8698778" lon="175.4740056">
                <ele>74.3</ele>
            </trkpt>
            <trkpt lat="-37.8703118" lon="175.4751644">
                <ele>74</ele>
            </trkpt>
            <trkpt lat="-37.8708687" lon="175.4764062">
                <ele>73.6</ele>
            </trkpt>
            <trkpt lat="-37.871415" lon="175.4774818">
                <ele>73.3</ele>
            </trkpt>
            <trkpt lat="-37.8720205" lon="175.4785305">
                <ele>73</ele>
            </trkpt>
            <trkpt lat="-37.8729394" lon="175.4799038">
                <ele>73.4</ele>
            </trkpt>
            <trkpt lat="-37.8739388" lon="175.4811832">
                <ele>73.8</ele>
            </trkpt>
            <trkpt lat="-37.8746141" lon="175.4819503">
                <ele>74</ele>
            </trkpt>
            <trkpt lat="-37.8753065" lon="175.4827309">
                <ele>74.3</ele>
            </trkpt>
            <trkpt lat="-37.8760115" lon="175.4835168">
                <ele>74.7</ele>
            </trkpt>
            <trkpt lat="-37.8766932" lon="175.4842892">
                <ele>75</ele>
            </trkpt>
            <trkpt lat="-37.8773877" lon="175.4850671">
                <ele>75.3</ele>
            </trkpt>
            <trkpt lat="-37.8787659" lon="175.4866228">
                <ele>76</ele>
            </trkpt>
            <trkpt lat="-37.8801505" lon="175.4881731">
                <ele>77.1</ele>
            </trkpt>
            <trkpt lat="-37.8815371" lon="175.4897287">
                <ele>78.2</ele>
            </trkpt>
            <trkpt lat="-37.8822379" lon="175.4904771">
                <ele>78.8</ele>
            </trkpt>
            <trkpt lat="-37.8829619" lon="175.491212">
                <ele>78</ele>
            </trkpt>
            <trkpt lat="-37.8836986" lon="175.4919094">
                <ele>76.8</ele>
            </trkpt>
            <trkpt lat="-37.8853709" lon="175.4933685">
                <ele>78.2</ele>
            </trkpt>
            <trkpt lat="-37.8867046" lon="175.494487">
                <ele>77</ele>
            </trkpt>
            <trkpt lat="-37.8876974" lon="175.4953802">
                <ele>77</ele>
            </trkpt>
            <trkpt lat="-37.8891411" lon="175.4968232">
                <ele>53</ele>
            </trkpt>
            <trkpt lat="-37.8906313" lon="175.498521">
                <ele>76.2</ele>
            </trkpt>
            <trkpt lat="-37.8920453" lon="175.5003691">
                <ele>76</ele>
            </trkpt>
            <trkpt lat="-37.8930888" lon="175.501847">
                <ele>77.5</ele>
            </trkpt>
            <trkpt lat="-37.893728" lon="175.5028233">
                <ele>78.8</ele>
            </trkpt>
            <trkpt lat="-37.8947271" lon="175.5045265">
                <ele>78.8</ele>
            </trkpt>
            <trkpt lat="-37.8959357" lon="175.5066079">
                <ele>79.6</ele>
            </trkpt>
            <trkpt lat="-37.896759" lon="175.5079812">
                <ele>80.2</ele>
            </trkpt>
            <trkpt lat="-37.8974279" lon="175.5091292">
                <ele>84</ele>
            </trkpt>
            <trkpt lat="-37.8980819" lon="175.5102852">
                <ele>82</ele>
            </trkpt>
            <trkpt lat="-37.899718" lon="175.5130452">
                <ele>80.5</ele>
            </trkpt>
            <trkpt lat="-37.9004989" lon="175.5144158">
                <ele>83.2</ele>
            </trkpt>
            <trkpt lat="-37.9022112" lon="175.5172911">
                <ele>80.8</ele>
            </trkpt>
            <trkpt lat="-37.9031212" lon="175.5188093">
                <ele>83.2</ele>
            </trkpt>
            <trkpt lat="-37.9039233" lon="175.5201986">
                <ele>82.8</ele>
            </trkpt>
            <trkpt lat="-37.904791" lon="175.5216792">
                <ele>82.2</ele>
            </trkpt>
            <trkpt lat="-37.9057201" lon="175.523251">
                <ele>80.2</ele>
            </trkpt>
            <trkpt lat="-37.906264" lon="175.5241925">
                <ele>80.5</ele>
            </trkpt>
            <trkpt lat="-37.9067253" lon="175.5252814">
                <ele>82.8</ele>
            </trkpt>
            <trkpt lat="-37.9069518" lon="175.5273762">
                <ele>84.2</ele>
            </trkpt>
            <trkpt lat="-37.9073391" lon="175.5288246">
                <ele>84.2</ele>
            </trkpt>
            <trkpt lat="-37.9080776" lon="175.5302891">
                <ele>84.8</ele>
            </trkpt>
            <trkpt lat="-37.9095188" lon="175.5331457">
                <ele>84.2</ele>
            </trkpt>
            <trkpt lat="-37.9100521" lon="175.5342105">
                <ele>85</ele>
            </trkpt>
            <trkpt lat="-37.9113768" lon="175.5368444">
                <ele>86.8</ele>
            </trkpt>
            <trkpt lat="-37.9121238" lon="175.5383357">
                <ele>87</ele>
            </trkpt>
            <trkpt lat="-37.9126465" lon="175.5395642">
                <ele>88.2</ele>
            </trkpt>
            <trkpt lat="-37.9133533" lon="175.541608">
                <ele>86.8</ele>
            </trkpt>
            <trkpt lat="-37.9136813" lon="175.5426809">
                <ele>88.9</ele>
            </trkpt>
            <trkpt lat="-37.9144917" lon="175.5471656">
                <ele>87</ele>
            </trkpt>
            <trkpt lat="-37.914824" lon="175.5490994">
                <ele>86.2</ele>
            </trkpt>
            <trkpt lat="-37.9150864" lon="175.550226">
                <ele>89.2</ele>
            </trkpt>
            <trkpt lat="-37.9158206" lon="175.5529967">
                <ele>92.2</ele>
            </trkpt>
            <trkpt lat="-37.9162163" lon="175.5540642">
                <ele>93.8</ele>
            </trkpt>
            <trkpt lat="-37.917232" lon="175.5554026">
                <ele>92</ele>
            </trkpt>
            <trkpt lat="-37.9220796" lon="175.5610782">
                <ele>94.5</ele>
            </trkpt>
            <trkpt lat="-37.92311" lon="175.5624408">
                <ele>94</ele>
            </trkpt>
            <trkpt lat="-37.9236538" lon="175.5633634">
                <ele>96</ele>
            </trkpt>
            <trkpt lat="-37.9252216" lon="175.5664265">
                <ele>97.5</ele>
            </trkpt>
            <trkpt lat="-37.9264593" lon="175.5683389">
                <ele>92.8</ele>
            </trkpt>
            <trkpt lat="-37.9275912" lon="175.5696559">
                <ele>95.8</ele>
            </trkpt>
            <trkpt lat="-37.9283951" lon="175.5703372">
                <ele>94.8</ele>
            </trkpt>
            <trkpt lat="-37.929235" lon="175.570946">
                <ele>93.8</ele>
            </trkpt>
            <trkpt lat="-37.9366119" lon="175.5752617">
                <ele>97</ele>
            </trkpt>
            <trkpt lat="-37.9377543" lon="175.5759886">
                <ele>97.3</ele>
            </trkpt>
            <trkpt lat="-37.9386893" lon="175.5767986">
                <ele>98</ele>
            </trkpt>
            <trkpt lat="-37.9394318" lon="175.5776542">
                <ele>100.2</ele>
            </trkpt>
            <trkpt lat="-37.9400156" lon="175.5786145">
                <ele>100</ele>
            </trkpt>
            <trkpt lat="-37.9410331" lon="175.5808192">
                <ele>89.8</ele>
            </trkpt>
            <trkpt lat="-37.9416402" lon="175.581935">
                <ele>80</ele>
            </trkpt>
            <trkpt lat="-37.9426365" lon="175.583244">
                <ele>86.2</ele>
            </trkpt>
            <trkpt lat="-37.9437914" lon="175.5846602">
                <ele>86.5</ele>
            </trkpt>
            <trkpt lat="-37.9444027" lon="175.5855292">
                <ele>87.2</ele>
            </trkpt>
            <trkpt lat="-37.944923" lon="175.5864868">
                <ele>87.4</ele>
            </trkpt>
            <trkpt lat="-37.945363" lon="175.5875301">
                <ele>87.2</ele>
            </trkpt>
            <trkpt lat="-37.9458368" lon="175.589177">
                <ele>83.5</ele>
            </trkpt>
            <trkpt lat="-37.9461287" lon="175.5905235">
                <ele>80.2</ele>
            </trkpt>
            <trkpt lat="-37.9463952" lon="175.5919048">
                <ele>79</ele>
            </trkpt>
            <trkpt lat="-37.9466511" lon="175.5935383">
                <ele>77.2</ele>
            </trkpt>
            <trkpt lat="-37.9469705" lon="175.5959979">
                <ele>76.2</ele>
            </trkpt>
            <trkpt lat="-37.9471101" lon="175.5975777">
                <ele>77.6</ele>
            </trkpt>
            <trkpt lat="-37.9472095" lon="175.6003055">
                <ele>78.5</ele>
            </trkpt>
            <trkpt lat="-37.9472899" lon="175.6017056">
                <ele>81.5</ele>
            </trkpt>
            <trkpt lat="-37.9474168" lon="175.6030145">
                <ele>80.5</ele>
            </trkpt>
            <trkpt lat="-37.9476008" lon="175.6042564">
                <ele>79</ele>
            </trkpt>
            <trkpt lat="-37.947844" lon="175.6057745">
                <ele>83.2</ele>
            </trkpt>
            <trkpt lat="-37.9479667" lon="175.6071532">
                <ele>87</ele>
            </trkpt>
            <trkpt lat="-37.947916" lon="175.6085238">
                <ele>85.2</ele>
            </trkpt>
            <trkpt lat="-37.9477531" lon="175.6102028">
                <ele>89.8</ele>
            </trkpt>
            <trkpt lat="-37.9477044" lon="175.6113669">
                <ele>94.2</ele>
            </trkpt>
            <trkpt lat="-37.9478144" lon="175.6127134">
                <ele>91.8</ele>
            </trkpt>
            <trkpt lat="-37.9481169" lon="175.6139982">
                <ele>87.2</ele>
            </trkpt>
            <trkpt lat="-37.9485357" lon="175.6150657">
                <ele>90.1</ele>
            </trkpt>
            <trkpt lat="-37.9499126" lon="175.6178311">
                <ele>86.5</ele>
            </trkpt>
            <trkpt lat="-37.9503991" lon="175.6189039">
                <ele>86.8</ele>
            </trkpt>
            <trkpt lat="-37.950858" lon="175.6199983">
                <ele>81.8</ele>
            </trkpt>
            <trkpt lat="-37.9513572" lon="175.6214708">
                <ele>76.8</ele>
            </trkpt>
            <trkpt lat="-37.9517019" lon="175.6229031">
                <ele>82.8</ele>
            </trkpt>
            <trkpt lat="-37.9519346" lon="175.6243381">
                <ele>86.5</ele>
            </trkpt>
            <trkpt lat="-37.9520678" lon="175.6257328">
                <ele>87.2</ele>
            </trkpt>
            <trkpt lat="-37.9520953" lon="175.6271115">
                <ele>86.2</ele>
            </trkpt>
            <trkpt lat="-37.9520361" lon="175.6284875">
                <ele>85.5</ele>
            </trkpt>
            <trkpt lat="-37.9518753" lon="175.6300029">
                <ele>83.5</ele>
            </trkpt>
            <trkpt lat="-37.9516237" lon="175.6313333">
                <ele>77.2</ele>
            </trkpt>
            <trkpt lat="-37.951317" lon="175.6325376">
                <ele>75.2</ele>
            </trkpt>
            <trkpt lat="-37.950803" lon="175.6340691">
                <ele>78.5</ele>
            </trkpt>
            <trkpt lat="-37.9502679" lon="175.6354129">
                <ele>86</ele>
            </trkpt>
            <trkpt lat="-37.94946" lon="175.6372502">
                <ele>76.8</ele>
            </trkpt>
            <trkpt lat="-37.9488572" lon="175.6385967">
                <ele>86</ele>
            </trkpt>
            <trkpt lat="-37.9482967" lon="175.6398734">
                <ele>93.5</ele>
            </trkpt>
            <trkpt lat="-37.9477573" lon="175.6411502">
                <ele>96</ele>
            </trkpt>
            <trkpt lat="-37.9472687" lon="175.6426039">
                <ele>93</ele>
            </trkpt>
            <trkpt lat="-37.9469536" lon="175.6438673">
                <ele>88</ele>
            </trkpt>
            <trkpt lat="-37.9467378" lon="175.6450903">
                <ele>80.8</ele>
            </trkpt>
            <trkpt lat="-37.9466025" lon="175.6464019">
                <ele>79.5</ele>
            </trkpt>
            <trkpt lat="-37.9465644" lon="175.647684">
                <ele>77</ele>
            </trkpt>
            <trkpt lat="-37.9466342" lon="175.6492075">
                <ele>75.5</ele>
            </trkpt>
            <trkpt lat="-37.9470191" lon="175.6518951">
                <ele>79.8</ele>
            </trkpt>
            <trkpt lat="-37.9472285" lon="175.6530592">
                <ele>84.8</ele>
            </trkpt>
            <trkpt lat="-37.947237" lon="175.6542394">
                <ele>93</ele>
            </trkpt>
            <trkpt lat="-37.9469409" lon="175.6554893">
                <ele>102.2</ele>
            </trkpt>
            <trkpt lat="-37.9463994" lon="175.6564656">
                <ele>107.5</ele>
            </trkpt>
            <trkpt lat="-37.9456866" lon="175.6571683">
                <ele>111.2</ele>
            </trkpt>
            <trkpt lat="-37.944775" lon="175.657855">
                <ele>110.8</ele>
            </trkpt>
            <trkpt lat="-37.9439183" lon="175.6587106">
                <ele>107.8</ele>
            </trkpt>
            <trkpt lat="-37.9434043" lon="175.6597808">
                <ele>107</ele>
            </trkpt>
            <trkpt lat="-37.943161" lon="175.6621867">
                <ele>107</ele>
            </trkpt>
            <trkpt lat="-37.9429982" lon="175.6640562">
                <ele>105.2</ele>
            </trkpt>
            <trkpt lat="-37.9427147" lon="175.6660411">
                <ele>105</ele>
            </trkpt>
            <trkpt lat="-37.9424228" lon="175.6672373">
                <ele>105</ele>
            </trkpt>
            <trkpt lat="-37.9417502" lon="175.6680286">
                <ele>106.2</ele>
            </trkpt>
            <trkpt lat="-37.9409104" lon="175.6691042">
                <ele>106.6</ele>
            </trkpt>
            <trkpt lat="-37.9397173" lon="175.6701073">
                <ele>107</ele>
            </trkpt>
            <trkpt lat="-37.9387485" lon="175.6707457">
                <ele>106</ele>
            </trkpt>
            <trkpt lat="-37.9340861" lon="175.6727305">
                <ele>106.2</ele>
            </trkpt>
            <trkpt lat="-37.9320996" lon="175.6735781">
                <ele>103.2</ele>
            </trkpt>
            <trkpt lat="-37.9310079" lon="175.6740502">
                <ele>104.7</ele>
            </trkpt>
            <trkpt lat="-37.9300009" lon="175.6746402">
                <ele>103.8</ele>
            </trkpt>
            <trkpt lat="-37.9258267" lon="175.6781808">
                <ele>101.8</ele>
            </trkpt>
            <trkpt lat="-37.9240536" lon="175.6796989">
                <ele>101.5</ele>
            </trkpt>
            <trkpt lat="-37.923292" lon="175.6804526">
                <ele>102</ele>
            </trkpt>
            <trkpt lat="-37.9226911" lon="175.6813645">
                <ele>103.6</ele>
            </trkpt>
            <trkpt lat="-37.9222277" lon="175.682424">
                <ele>103.9</ele>
            </trkpt>
            <trkpt lat="-37.9219442" lon="175.6837973">
                <ele>104.2</ele>
            </trkpt>
            <trkpt lat="-37.9216733" lon="175.6851545">
                <ele>102.5</ele>
            </trkpt>
            <trkpt lat="-37.9212248" lon="175.6862167">
                <ele>104.2</ele>
            </trkpt>
            <trkpt lat="-37.9191575" lon="175.6892663">
                <ele>100.8</ele>
            </trkpt>
            <trkpt lat="-37.9184339" lon="175.6900308">
                <ele>101</ele>
            </trkpt>
            <trkpt lat="-37.9174119" lon="175.6902668">
                <ele>101.5</ele>
            </trkpt>
            <trkpt lat="-37.9159751" lon="175.6899664">
                <ele>100.7</ele>
            </trkpt>
            <trkpt lat="-37.9149213" lon="175.6898886">
                <ele>99.5</ele>
            </trkpt>
            <trkpt lat="-37.9140326" lon="175.6900898">
                <ele>98.4</ele>
            </trkpt>
            <trkpt lat="-37.912801" lon="175.6906477">
                <ele>100.5</ele>
            </trkpt>
            <trkpt lat="-37.9079972" lon="175.6929678">
                <ele>100.9</ele>
            </trkpt>
            <trkpt lat="-37.9070936" lon="175.6936383">
                <ele>100.2</ele>
            </trkpt>
            <trkpt lat="-37.9026514" lon="175.698292">
                <ele>98.5</ele>
            </trkpt>
            <trkpt lat="-37.9012842" lon="175.6996787">
                <ele>98</ele>
            </trkpt>
            <trkpt lat="-37.8902291" lon="175.7113034">
                <ele>89.5</ele>
            </trkpt>
            <trkpt lat="-37.8892723" lon="175.712387">
                <ele>89.2</ele>
            </trkpt>
            <trkpt lat="-37.8884298" lon="175.7135323">
                <ele>87</ele>
            </trkpt>
            <trkpt lat="-37.8877927" lon="175.7146373">
                <ele>86.2</ele>
            </trkpt>
            <trkpt lat="-37.8872021" lon="175.7159811">
                <ele>86.4</ele>
            </trkpt>
            <trkpt lat="-37.8867787" lon="175.7172632">
                <ele>87.5</ele>
            </trkpt>
            <trkpt lat="-37.8858557" lon="175.7214662">
                <ele>92.2</ele>
            </trkpt>
            <trkpt lat="-37.8838256" lon="175.7311141">
                <ele>91</ele>
            </trkpt>
            <trkpt lat="-37.8835483" lon="175.7324579">
                <ele>91</ele>
            </trkpt>
            <trkpt lat="-37.8806734" lon="175.7461452">
                <ele>87</ele>
            </trkpt>
            <trkpt lat="-37.8793693" lon="175.7523438">
                <ele>87.5</ele>
            </trkpt>
            <trkpt lat="-37.8792528" lon="175.7536662">
                <ele>87.5</ele>
            </trkpt>
            <trkpt lat="-37.879564" lon="175.754959">
                <ele>87.2</ele>
            </trkpt>
            <trkpt lat="-37.8802203" lon="175.7562786">
                <ele>86</ele>
            </trkpt>
            <trkpt lat="-37.8809401" lon="175.7576948">
                <ele>84</ele>
            </trkpt>
            <trkpt lat="-37.8815752" lon="175.7589099">
                <ele>84</ele>
            </trkpt>
            <trkpt lat="-37.8821278" lon="175.7600042">
                <ele>86</ele>
            </trkpt>
            <trkpt lat="-37.883743" lon="175.7632041">
                <ele>83</ele>
            </trkpt>
            <trkpt lat="-37.8842553" lon="175.7642099">
                <ele>84</ele>
            </trkpt>
            <trkpt lat="-37.885136" lon="175.7658997">
                <ele>83</ele>
            </trkpt>
            <trkpt lat="-37.8859044" lon="175.7676512">
                <ele>84</ele>
            </trkpt>
            <trkpt lat="-37.8878519" lon="175.7735708">
                <ele>84</ele>
            </trkpt>
            <trkpt lat="-37.88836" lon="175.7751372">
                <ele>85</ele>
            </trkpt>
            <trkpt lat="-37.8890987" lon="175.7774493">
                <ele>83</ele>
            </trkpt>
            <trkpt lat="-37.8898142" lon="175.7796648">
                <ele>85.8</ele>
            </trkpt>
            <trkpt lat="-37.8903413" lon="175.7844365">
                <ele>92.2</ele>
            </trkpt>
            <trkpt lat="-37.8903688" lon="175.7857266">
                <ele>93.2</ele>
            </trkpt>
            <trkpt lat="-37.8892575" lon="175.7898492">
                <ele>85</ele>
            </trkpt>
            <trkpt lat="-37.8887918" lon="175.7908764">
                <ele>83.1</ele>
            </trkpt>
            <trkpt lat="-37.8867998" lon="175.7930812">
                <ele>81.5</ele>
            </trkpt>
            <trkpt lat="-37.8851889" lon="175.7950285">
                <ele>74.8</ele>
            </trkpt>
            <trkpt lat="-37.8844924" lon="175.7961255">
                <ele>65</ele>
            </trkpt>
            <trkpt lat="-37.8839272" lon="175.7972038">
                <ele>66.5</ele>
            </trkpt>
            <trkpt lat="-37.8834191" lon="175.7984295">
                <ele>74</ele>
            </trkpt>
            <trkpt lat="-37.8829576" lon="175.7998753">
                <ele>77.5</ele>
            </trkpt>
            <trkpt lat="-37.8826507" lon="175.8012137">
                <ele>78.1</ele>
            </trkpt>
            <trkpt lat="-37.8822738" lon="175.8038771">
                <ele>80.5</ele>
            </trkpt>
            <trkpt lat="-37.8819542" lon="175.8051136">
                <ele>81.5</ele>
            </trkpt>
            <trkpt lat="-37.881281" lon="175.8063474">
                <ele>85.5</ele>
            </trkpt>
            <trkpt lat="-37.8798244" lon="175.8088714">
                <ele>92</ele>
            </trkpt>
            <trkpt lat="-37.8783086" lon="175.8107167">
                <ele>85</ele>
            </trkpt>
            <trkpt lat="-37.877701" lon="175.8116099">
                <ele>77</ele>
            </trkpt>
            <trkpt lat="-37.8762105" lon="175.8158854">
                <ele>70.8</ele>
            </trkpt>
            <trkpt lat="-37.8760073" lon="175.8172077">
                <ele>74.5</ele>
            </trkpt>
            <trkpt lat="-37.876382" lon="175.8188358">
                <ele>77.2</ele>
            </trkpt>
            <trkpt lat="-37.8769748" lon="175.8203217">
                <ele>73.5</ele>
            </trkpt>
            <trkpt lat="-37.8775422" lon="175.8227947">
                <ele>71</ele>
            </trkpt>
            <trkpt lat="-37.8775824" lon="175.8241278">
                <ele>75</ele>
            </trkpt>
            <trkpt lat="-37.8761682" lon="175.8282611">
                <ele>75.8</ele>
            </trkpt>
            <trkpt lat="-37.8728886" lon="175.8413154">
                <ele>72</ele>
            </trkpt>
            <trkpt lat="-37.8725752" lon="175.8425868">
                <ele>73</ele>
            </trkpt>
            <trkpt lat="-37.8712837" lon="175.8477795">
                <ele>75.8</ele>
            </trkpt>
            <trkpt lat="-37.8677138" lon="175.8563116">
                <ele>71.2</ele>
            </trkpt>
            <trkpt lat="-37.8663883" lon="175.8613542">
                <ele>70.2</ele>
            </trkpt>
            <trkpt lat="-37.8662422" lon="175.8626577">
                <ele>72</ele>
            </trkpt>
            <trkpt lat="-37.8668668" lon="175.8645916">
                <ele>73.8</ele>
            </trkpt>
            <trkpt lat="-37.8675952" lon="175.8666784">
                <ele>71.2</ele>
            </trkpt>
            <trkpt lat="-37.868078" lon="175.8677137">
                <ele>70.5</ele>
            </trkpt>
            <trkpt lat="-37.8689652" lon="175.868623">
                <ele>68.8</ele>
            </trkpt>
            <trkpt lat="-37.8698312" lon="175.8694169">
                <ele>72</ele>
            </trkpt>
            <trkpt lat="-37.8705892" lon="175.8704388">
                <ele>73.5</ele>
            </trkpt>
            <trkpt lat="-37.8716923" lon="175.874835">
                <ele>73.8</ele>
            </trkpt>
            <trkpt lat="-37.8718088" lon="175.8761251">
                <ele>75.8</ele>
            </trkpt>
            <trkpt lat="-37.8712795" lon="175.8791935">
                <ele>77</ele>
            </trkpt>
            <trkpt lat="-37.8710211" lon="175.8805722">
                <ele>77</ele>
            </trkpt>
            <trkpt lat="-37.8716034" lon="175.881924">
                <ele>78.5</ele>
            </trkpt>
            <trkpt lat="-37.8724609" lon="175.8824524">
                <ele>79</ele>
            </trkpt>
            <trkpt lat="-37.8732993" lon="175.8829674">
                <ele>78.7</ele>
            </trkpt>
            <trkpt lat="-37.8746946" lon="175.8841878">
                <ele>80.5</ele>
            </trkpt>
            <trkpt lat="-37.8763439" lon="175.8858669">
                <ele>82.2</ele>
            </trkpt>
            <trkpt lat="-37.8777306" lon="175.887267">
                <ele>85</ele>
            </trkpt>
            <trkpt lat="-37.8787468" lon="175.8887261">
                <ele>92</ele>
            </trkpt>
            <trkpt lat="-37.8794243" lon="175.8904964">
                <ele>96.5</ele>
            </trkpt>
            <trkpt lat="-37.879708" lon="175.891808">
                <ele>99.8</ele>
            </trkpt>
            <trkpt lat="-37.8802097" lon="175.8930176">
                <ele>110.5</ele>
            </trkpt>
            <trkpt lat="-37.8823162" lon="175.8953136">
                <ele>131.2</ele>
            </trkpt>
            <trkpt lat="-37.8830825" lon="175.8963114">
                <ele>139.2</ele>
            </trkpt>
            <trkpt lat="-37.8835271" lon="175.8973601">
                <ele>147</ele>
            </trkpt>
            <trkpt lat="-37.8837621" lon="175.8987227">
                <ele>153</ele>
            </trkpt>
            <trkpt lat="-37.8837113" lon="175.899868">
                <ele>161.5</ele>
            </trkpt>
            <trkpt lat="-37.8833366" lon="175.9013057">
                <ele>166.8</ele>
            </trkpt>
            <trkpt lat="-37.8828645" lon="175.9026226">
                <ele>173.5</ele>
            </trkpt>
            <trkpt lat="-37.8823987" lon="175.9041193">
                <ele>185.2</ele>
            </trkpt>
            <trkpt lat="-37.8817912" lon="175.9068123">
                <ele>206</ele>
            </trkpt>
            <trkpt lat="-37.8813551" lon="175.90781">
                <ele>213.5</ele>
            </trkpt>
            <trkpt lat="-37.8806967" lon="175.9087488">
                <ele>217.5</ele>
            </trkpt>
            <trkpt lat="-37.8805167" lon="175.9099504">
                <ele>221.5</ele>
            </trkpt>
            <trkpt lat="-37.8805315" lon="175.9113184">
                <ele>229.2</ele>
            </trkpt>
            <trkpt lat="-37.8800129" lon="175.9124503">
                <ele>247.8</ele>
            </trkpt>
            <trkpt lat="-37.8800637" lon="175.9137323">
                <ele>265.2</ele>
            </trkpt>
            <trkpt lat="-37.8807813" lon="175.9144458">
                <ele>269.2</ele>
            </trkpt>
            <trkpt lat="-37.8817298" lon="175.9149474">
                <ele>272</ele>
            </trkpt>
            <trkpt lat="-37.8818589" lon="175.9161973">
                <ele>276.5</ele>
            </trkpt>
            <trkpt lat="-37.8802436" lon="175.9174767">
                <ele>282</ele>
            </trkpt>
            <trkpt lat="-37.8795831" lon="175.9184772">
                <ele>292.8</ele>
            </trkpt>
            <trkpt lat="-37.8800277" lon="175.9194964">
                <ele>306</ele>
            </trkpt>
            <trkpt lat="-37.8809549" lon="175.9200087">
                <ele>320</ele>
            </trkpt>
            <trkpt lat="-37.881228" lon="175.9211111">
                <ele>321.8</ele>
            </trkpt>
            <trkpt lat="-37.8803833" lon="175.9218407">
                <ele>331.8</ele>
            </trkpt>
            <trkpt lat="-37.8794942" lon="175.9220526">
                <ele>330.8</ele>
            </trkpt>
            <trkpt lat="-37.8789395" lon="175.9231415">
                <ele>341.8</ele>
            </trkpt>
            <trkpt lat="-37.8791766" lon="175.92426">
                <ele>357.2</ele>
            </trkpt>
            <trkpt lat="-37.8792274" lon="175.9254643">
                <ele>370.5</ele>
            </trkpt>
            <trkpt lat="-37.8787638" lon="175.9267464">
                <ele>381.5</ele>
            </trkpt>
            <trkpt lat="-37.8788527" lon="175.9280258">
                <ele>401.2</ele>
            </trkpt>
            <trkpt lat="-37.8777772" lon="175.9283718">
                <ele>405</ele>
            </trkpt>
            <trkpt lat="-37.8766826" lon="175.9284765">
                <ele>427</ele>
            </trkpt>
            <trkpt lat="-37.8759819" lon="175.9277228">
                <ele>423.2</ele>
            </trkpt>
            <trkpt lat="-37.8750312" lon="175.9274331">
                <ele>432.2</ele>
            </trkpt>
            <trkpt lat="-37.8739959" lon="175.9271461">
                <ele>435</ele>
            </trkpt>
            <trkpt lat="-37.8730008" lon="175.9274787">
                <ele>446.2</ele>
            </trkpt>
            <trkpt lat="-37.8721878" lon="175.9286374">
                <ele>472</ele>
            </trkpt>
            <trkpt lat="-37.8715124" lon="175.929434">
                <ele>477</ele>
            </trkpt>
            <trkpt lat="-37.8704897" lon="175.9312552">
                <ele>484.8</ele>
            </trkpt>
            <trkpt lat="-37.8701975" lon="175.9326446">
                <ele>489</ele>
            </trkpt>
            <trkpt lat="-37.8702187" lon="175.9340608">
                <ele>491.8</ele>
            </trkpt>
            <trkpt lat="-37.8702356" lon="175.9352598">
                <ele>498.8</ele>
            </trkpt>
            <trkpt lat="-37.8699371" lon="175.936617">
                <ele>504</ele>
            </trkpt>
            <trkpt lat="-37.8694035" lon="175.9376094">
                <ele>505</ele>
            </trkpt>
            <trkpt lat="-37.8683935" lon="175.9393635">
                <ele>498</ele>
            </trkpt>
            <trkpt lat="-37.8676948" lon="175.9404901">
                <ele>492.5</ele>
            </trkpt>
            <trkpt lat="-37.8669092" lon="175.9412572">
                <ele>486.5</ele>
            </trkpt>
            <trkpt lat="-37.8655794" lon="175.942196">
                <ele>476</ele>
            </trkpt>
            <trkpt lat="-37.8623523" lon="175.9449023">
                <ele>484</ele>
            </trkpt>
            <trkpt lat="-37.861609" lon="175.9457713">
                <ele>483.8</ele>
            </trkpt>
            <trkpt lat="-37.8612596" lon="175.946922">
                <ele>472.8</ele>
            </trkpt>
            <trkpt lat="-37.8611665" lon="175.9497598">
                <ele>453</ele>
            </trkpt>
            <trkpt lat="-37.8611347" lon="175.9511411">
                <ele>448.8</ele>
            </trkpt>
            <trkpt lat="-37.8607768" lon="175.9524742">
                <ele>439.2</ele>
            </trkpt>
            <trkpt lat="-37.8600907" lon="175.9535497">
                <ele>431.2</ele>
            </trkpt>
            <trkpt lat="-37.8580429" lon="175.9549499">
                <ele>405</ele>
            </trkpt>
            <trkpt lat="-37.8570476" lon="175.955658">
                <ele>400.8</ele>
            </trkpt>
            <trkpt lat="-37.8560438" lon="175.9565511">
                <ele>398.5</ele>
            </trkpt>
            <trkpt lat="-37.8530387" lon="175.9583777">
                <ele>377.2</ele>
            </trkpt>
            <trkpt lat="-37.8517701" lon="175.9589866">
                <ele>370.2</ele>
            </trkpt>
            <trkpt lat="-37.85087" lon="175.9595981">
                <ele>366</ele>
            </trkpt>
            <trkpt lat="-37.8500122" lon="175.9606898">
                <ele>360</ele>
            </trkpt>
            <trkpt lat="-37.8487605" lon="175.9628677">
                <ele>363</ele>
            </trkpt>
            <trkpt lat="-37.8468352" lon="175.9660408">
                <ele>354</ele>
            </trkpt>
            <trkpt lat="-37.8460495" lon="175.9670359">
                <ele>350</ele>
            </trkpt>
            <trkpt lat="-37.8451429" lon="175.9677413">
                <ele>344.8</ele>
            </trkpt>
            <trkpt lat="-37.8423407" lon="175.9693936">
                <ele>336.5</ele>
            </trkpt>
            <trkpt lat="-37.8415908" lon="175.9700748">
                <ele>334.8</ele>
            </trkpt>
            <trkpt lat="-37.8410401" lon="175.9711128">
                <ele>335</ele>
            </trkpt>
            <trkpt lat="-37.8407732" lon="175.9727436">
                <ele>327</ele>
            </trkpt>
            <trkpt lat="-37.8404788" lon="175.9738567">
                <ele>323</ele>
            </trkpt>
            <trkpt lat="-37.8398158" lon="175.9748653">
                <ele>315.5</ele>
            </trkpt>
            <trkpt lat="-37.8386444" lon="175.9760401">
                <ele>310</ele>
            </trkpt>
            <trkpt lat="-37.837778" lon="175.9769332">
                <ele>304</ele>
            </trkpt>
            <trkpt lat="-37.8369519" lon="175.9778184">
                <ele>292.8</ele>
            </trkpt>
            <trkpt lat="-37.8363143" lon="175.9788081">
                <ele>288.8</ele>
            </trkpt>
            <trkpt lat="-37.8357042" lon="175.9799695">
                <ele>281.2</ele>
            </trkpt>
            <trkpt lat="-37.8349882" lon="175.9808573">
                <ele>272.3</ele>
            </trkpt>
            <trkpt lat="-37.8340413" lon="175.9813803">
                <ele>272.2</ele>
            </trkpt>
            <trkpt lat="-37.8330647" lon="175.9817103">
                <ele>268.2</ele>
            </trkpt>
            <trkpt lat="-37.8321242" lon="175.9823835">
                <ele>265.2</ele>
            </trkpt>
            <trkpt lat="-37.8315331" lon="175.983274">
                <ele>262.8</ele>
            </trkpt>
            <trkpt lat="-37.8309908" lon="175.9849021">
                <ele>242</ele>
            </trkpt>
            <trkpt lat="-37.8305099" lon="175.986439">
                <ele>232.2</ele>
            </trkpt>
            <trkpt lat="-37.8301264" lon="175.9876862">
                <ele>217</ele>
            </trkpt>
            <trkpt lat="-37.8298743" lon="175.9891856">
                <ele>203.5</ele>
            </trkpt>
            <trkpt lat="-37.8295163" lon="175.9906527">
                <ele>193</ele>
            </trkpt>
            <trkpt lat="-37.8289697" lon="175.9917149">
                <ele>179.2</ele>
            </trkpt>
            <trkpt lat="-37.8282664" lon="175.9925678">
                <ele>173.2</ele>
            </trkpt>
            <trkpt lat="-37.8272537" lon="175.9932867">
                <ele>168.2</ele>
            </trkpt>
            <trkpt lat="-37.8259677" lon="175.9938848">
                <ele>161.2</ele>
            </trkpt>
            <trkpt lat="-37.8250864" lon="175.9945714">
                <ele>157</ele>
            </trkpt>
            <trkpt lat="-37.8244508" lon="175.9956604">
                <ele>145.5</ele>
            </trkpt>
            <trkpt lat="-37.8238067" lon="175.9973958">
                <ele>147.8</ele>
            </trkpt>
            <trkpt lat="-37.8232961" lon="175.9987772">
                <ele>150.2</ele>
            </trkpt>
            <trkpt lat="-37.8228724" lon="175.9998474">
                <ele>153</ele>
            </trkpt>
            <trkpt lat="-37.8221329" lon="176.0015801">
                <ele>147.8</ele>
            </trkpt>
            <trkpt lat="-37.8209655" lon="176.0042757">
                <ele>144</ele>
            </trkpt>
            <trkpt lat="-37.8205015" lon="176.0053459">
                <ele>139.5</ele>
            </trkpt>
            <trkpt lat="-37.8200841" lon="176.006628">
                <ele>141.2</ele>
            </trkpt>
            <trkpt lat="-37.8199294" lon="176.0077572">
                <ele>142.5</ele>
            </trkpt>
            <trkpt lat="-37.8199633" lon="176.0097125">
                <ele>139</ele>
            </trkpt>
            <trkpt lat="-37.8197811" lon="176.0110375">
                <ele>139.6</ele>
            </trkpt>
            <trkpt lat="-37.8190692" lon="176.0121855">
                <ele>141.8</ele>
            </trkpt>
            <trkpt lat="-37.8183933" lon="176.0129955">
                <ele>142.8</ele>
            </trkpt>
            <trkpt lat="-37.8178445" lon="176.0141945">
                <ele>141.2</ele>
            </trkpt>
            <trkpt lat="-37.8174207" lon="176.0156858">
                <ele>138.5</ele>
            </trkpt>
            <trkpt lat="-37.8170626" lon="176.0169518">
                <ele>146</ele>
            </trkpt>
            <trkpt lat="-37.8167406" lon="176.0180193">
                <ele>156.5</ele>
            </trkpt>
            <trkpt lat="-37.816285" lon="176.0190493">
                <ele>161.5</ele>
            </trkpt>
            <trkpt lat="-37.8157023" lon="176.0199532">
                <ele>166</ele>
            </trkpt>
            <trkpt lat="-37.8149946" lon="176.0206962">
                <ele>168.2</ele>
            </trkpt>
            <trkpt lat="-37.8140114" lon="176.021525">
                <ele>172.8</ele>
            </trkpt>
            <trkpt lat="-37.8132486" lon="176.0222143">
                <ele>176.2</ele>
            </trkpt>
            <trkpt lat="-37.8125874" lon="176.0231182">
                <ele>183.8</ele>
            </trkpt>
            <trkpt lat="-37.8121319" lon="176.0241213">
                <ele>188</ele>
            </trkpt>
            <trkpt lat="-37.8118416" lon="176.025272">
                <ele>188.4</ele>
            </trkpt>
            <trkpt lat="-37.8115046" lon="176.0264093">
                <ele>186</ele>
            </trkpt>
            <trkpt lat="-37.8109876" lon="176.0273615">
                <ele>180.8</ele>
            </trkpt>
            <trkpt lat="-37.8100022" lon="176.028893">
                <ele>170</ele>
            </trkpt>
            <trkpt lat="-37.8091525" lon="176.0302904">
                <ele>162</ele>
            </trkpt>
            <trkpt lat="-37.8084977" lon="176.0317522">
                <ele>154</ele>
            </trkpt>
            <trkpt lat="-37.808023" lon="176.0327581">
                <ele>150.8</ele>
            </trkpt>
            <trkpt lat="-37.8061433" lon="176.0352525">
                <ele>145</ele>
            </trkpt>
            <trkpt lat="-37.8053401" lon="176.036092">
                <ele>150.8</ele>
            </trkpt>
            <trkpt lat="-37.8045157" lon="176.0366634">
                <ele>153.2</ele>
            </trkpt>
            <trkpt lat="-37.8033946" lon="176.037181">
                <ele>148.8</ele>
            </trkpt>
            <trkpt lat="-37.8025257" lon="176.0375753">
                <ele>144.8</ele>
            </trkpt>
            <trkpt lat="-37.8016208" lon="176.0382137">
                <ele>147.2</ele>
            </trkpt>
            <trkpt lat="-37.8008684" lon="176.0390049">
                <ele>155.2</ele>
            </trkpt>
            <trkpt lat="-37.8001309" lon="176.0400939">
                <ele>158</ele>
            </trkpt>
            <trkpt lat="-37.7990458" lon="176.0415986">
                <ele>149.5</ele>
            </trkpt>
            <trkpt lat="-37.7982595" lon="176.0427573">
                <ele>149.8</ele>
            </trkpt>
            <trkpt lat="-37.79763" lon="176.0436746">
                <ele>153.8</ele>
            </trkpt>
            <trkpt lat="-37.7969688" lon="176.0446537">
                <ele>150.5</ele>
            </trkpt>
            <trkpt lat="-37.7963541" lon="176.0455334">
                <ele>138.2</ele>
            </trkpt>
            <trkpt lat="-37.7955699" lon="176.0464534">
                <ele>125.8</ele>
            </trkpt>
            <trkpt lat="-37.7946882" lon="176.0471562">
                <ele>111</ele>
            </trkpt>
            <trkpt lat="-37.793692" lon="176.047639">
                <ele>106.8</ele>
            </trkpt>
            <trkpt lat="-37.7926301" lon="176.0478696">
                <ele>107</ele>
            </trkpt>
            <trkpt lat="-37.7908751" lon="176.0477972">
                <ele>89.2</ele>
            </trkpt>
            <trkpt lat="-37.7899594" lon="176.0478294">
                <ele>77.5</ele>
            </trkpt>
            <trkpt lat="-37.789067" lon="176.048044">
                <ele>70.2</ele>
            </trkpt>
            <trkpt lat="-37.7863157" lon="176.0495406">
                <ele>54</ele>
            </trkpt>
            <trkpt lat="-37.7852049" lon="176.0501441">
                <ele>42.8</ele>
            </trkpt>
            <trkpt lat="-37.7843082" lon="176.0505331">
                <ele>36.2</ele>
            </trkpt>
            <trkpt lat="-37.7833861" lon="176.0507476">
                <ele>30.8</ele>
            </trkpt>
            <trkpt lat="-37.7823368" lon="176.0508603">
                <ele>24</ele>
            </trkpt>
            <trkpt lat="-37.7814061" lon="176.0510883">
                <ele>20.5</ele>
            </trkpt>
            <trkpt lat="-37.7805476" lon="176.0514772">
                <ele>23</ele>
            </trkpt>
            <trkpt lat="-37.7796678" lon="176.0521209">
                <ele>33.5</ele>
            </trkpt>
            <trkpt lat="-37.7788728" lon="176.0530195">
                <ele>26</ele>
            </trkpt>
            <trkpt lat="-37.7782262" lon="176.0540923">
                <ele>20</ele>
            </trkpt>
            <trkpt lat="-37.7776432" lon="176.0553396">
                <ele>23</ele>
            </trkpt>
            <trkpt lat="-37.7771556" lon="176.0563427">
                <ele>20.5</ele>
            </trkpt>
            <trkpt lat="-37.7765557" lon="176.0572547">
                <ele>12.5</ele>
            </trkpt>
            <trkpt lat="-37.7757055" lon="176.0580862">
                <ele>15.5</ele>
            </trkpt>
            <trkpt lat="-37.7746964" lon="176.0585287">
                <ele>21.8</ele>
            </trkpt>
            <trkpt lat="-37.773507" lon="176.0586709">
                <ele>25</ele>
            </trkpt>
            <trkpt lat="-37.7725996" lon="176.058746">
                <ele>16.8</ele>
            </trkpt>
            <trkpt lat="-37.7715798" lon="176.0588399">
                <ele>12.5</ele>
            </trkpt>
            <trkpt lat="-37.7706405" lon="176.0591161">
                <ele>15</ele>
            </trkpt>
            <trkpt lat="-37.769837" lon="176.0596418">
                <ele>15.7</ele>
            </trkpt>
            <trkpt lat="-37.7689677" lon="176.0606986">
                <ele>17.2</ele>
            </trkpt>
            <trkpt lat="-37.7671145" lon="176.0632011">
                <ele>20</ele>
            </trkpt>
            <trkpt lat="-37.7657872" lon="176.0649794">
                <ele>25.2</ele>
            </trkpt>
            <trkpt lat="-37.7648034" lon="176.0662991">
                <ele>32</ele>
            </trkpt>
            <trkpt lat="-37.7639892" lon="176.0673398">
                <ele>39</ele>
            </trkpt>
            <trkpt lat="-37.7630816" lon="176.0683134">
                <ele>30</ele>
            </trkpt>
            <trkpt lat="-37.7620278" lon="176.0694158">
                <ele>15.2</ele>
            </trkpt>
            <trkpt lat="-37.7612686" lon="176.0702473">
                <ele>10</ele>
            </trkpt>
            <trkpt lat="-37.7607618" lon="176.0712987">
                <ele>11.8</ele>
            </trkpt>
            <trkpt lat="-37.7604098" lon="176.0724762">
                <ele>15</ele>
            </trkpt>
            <trkpt lat="-37.7598861" lon="176.073423">
                <ele>22.8</ele>
            </trkpt>
            <trkpt lat="-37.759023" lon="176.0737583">
                <ele>24</ele>
            </trkpt>
            <trkpt lat="-37.7579055" lon="176.0736805">
                <ele>17</ele>
            </trkpt>
            <trkpt lat="-37.7570021" lon="176.0738093">
                <ele>11.8</ele>
            </trkpt>
            <trkpt lat="-37.7561963" lon="176.074512">
                <ele>9.2</ele>
            </trkpt>
            <trkpt lat="-37.7554265" lon="176.0754052">
                <ele>12</ele>
            </trkpt>
            <trkpt lat="-37.7544871" lon="176.0758075">
                <ele>13.1</ele>
            </trkpt>
            <trkpt lat="-37.753819" lon="176.0770494">
                <ele>13.2</ele>
            </trkpt>
            <trkpt lat="-37.7535837" lon="176.0782671">
                <ele>17</ele>
            </trkpt>
            <trkpt lat="-37.7531192" lon="176.0803646">
                <ele>26</ele>
            </trkpt>
            <trkpt lat="-37.7525127" lon="176.0829636">
                <ele>40.2</ele>
            </trkpt>
            <trkpt lat="-37.7522837" lon="176.0840929">
                <ele>48.8</ele>
            </trkpt>
            <trkpt lat="-37.7522412" lon="176.085501">
                <ele>57.2</ele>
            </trkpt>
            <trkpt lat="-37.7523133" lon="176.0867053">
                <ele>61.2</ele>
            </trkpt>
            <trkpt lat="-37.7521988" lon="176.0880545">
                <ele>62.8</ele>
            </trkpt>
            <trkpt lat="-37.7517407" lon="176.0891756">
                <ele>62</ele>
            </trkpt>
            <trkpt lat="-37.7509667" lon="176.0901546">
                <ele>61.1</ele>
            </trkpt>
            <trkpt lat="-37.7498427" lon="176.0909164">
                <ele>59</ele>
            </trkpt>
            <trkpt lat="-37.7490049" lon="176.0914984">
                <ele>57</ele>
            </trkpt>
            <trkpt lat="-37.7481184" lon="176.092051">
                <ele>54.8</ele>
            </trkpt>
            <trkpt lat="-37.7472807" lon="176.092582">
                <ele>51.5</ele>
            </trkpt>
            <trkpt lat="-37.7463942" lon="176.0929361">
                <ele>55.2</ele>
            </trkpt>
            <trkpt lat="-37.7450707" lon="176.0930595">
                <ele>54.2</ele>
            </trkpt>
            <trkpt lat="-37.7441311" lon="176.0931265">
                <ele>41.2</ele>
            </trkpt>
            <trkpt lat="-37.7431576" lon="176.0934323">
                <ele>39.5</ele>
            </trkpt>
            <trkpt lat="-37.742305" lon="176.0941511">
                <ele>43.5</ele>
            </trkpt>
            <trkpt lat="-37.741588" lon="176.0950845">
                <ele>45</ele>
            </trkpt>
            <trkpt lat="-37.7407227" lon="176.0962352">
                <ele>48.2</ele>
            </trkpt>
            <trkpt lat="-37.7400715" lon="176.0970962">
                <ele>48</ele>
            </trkpt>
            <trkpt lat="-37.7393334" lon="176.0980806">
                <ele>47</ele>
            </trkpt>
            <trkpt lat="-37.7386419" lon="176.0990354">
                <ele>47.2</ele>
            </trkpt>
            <trkpt lat="-37.7380564" lon="176.1000252">
                <ele>51</ele>
            </trkpt>
            <trkpt lat="-37.7375474" lon="176.1013663">
                <ele>42</ele>
            </trkpt>
            <trkpt lat="-37.7369598" lon="176.1030909">
                <ele>22.2</ele>
            </trkpt>
            <trkpt lat="-37.7362916" lon="176.1050168">
                <ele>15.5</ele>
            </trkpt>
            <trkpt lat="-37.7358504" lon="176.1061352">
                <ele>12</ele>
            </trkpt>
            <trkpt lat="-37.7354431" lon="176.1072591">
                <ele>7.7</ele>
            </trkpt>
            <trkpt lat="-37.7348959" lon="176.1082917">
                <ele>7</ele>
            </trkpt>
            <trkpt lat="-37.7346116" lon="176.1093727">
                <ele>8</ele>
            </trkpt>
            <trkpt lat="-37.7341407" lon="176.1105797">
                <ele>11</ele>
            </trkpt>
            <trkpt lat="-37.7337568" lon="176.1116311">
                <ele>10.5</ele>
            </trkpt>
            <trkpt lat="-37.7336252" lon="176.1128515">
                <ele>17.2</ele>
            </trkpt>
            <trkpt lat="-37.7338056" lon="176.1140692">
                <ele>19.5</ele>
            </trkpt>
            <trkpt lat="-37.734355" lon="176.1151233">
                <ele>18.5</ele>
            </trkpt>
            <trkpt lat="-37.7351038" lon="176.1160541">
                <ele>14.8</ele>
            </trkpt>
            <trkpt lat="-37.7355577" lon="176.1172825">
                <ele>9.2</ele>
            </trkpt>
            <trkpt lat="-37.7355259" lon="176.118452">
                <ele>18.5</ele>
            </trkpt>
            <trkpt lat="-37.735335" lon="176.119785">
                <ele>25.5</ele>
            </trkpt>
            <trkpt lat="-37.7352035" lon="176.1210215">
                <ele>37</ele>
            </trkpt>
            <trkpt lat="-37.735091" lon="176.1221829">
                <ele>42.9</ele>
            </trkpt>
            <trkpt lat="-37.7347368" lon="176.123237">
                <ele>42</ele>
            </trkpt>
            <trkpt lat="-37.7351844" lon="176.124275">
                <ele>43</ele>
            </trkpt>
            <trkpt lat="-37.7377743" lon="176.1360633">
                <ele>7</ele>
            </trkpt>
            <trkpt lat="-37.7382792" lon="176.1384344">
                <ele>16</ele>
            </trkpt>
            <trkpt lat="-37.7384998" lon="176.1395422">
                <ele>16.5</ele>
            </trkpt>
            <trkpt lat="-37.738627" lon="176.1407599">
                <ele>12</ele>
            </trkpt>
            <trkpt lat="-37.7389728" lon="176.1419722">
                <ele>7.5</ele>
            </trkpt>
            <trkpt lat="-37.7394543" lon="176.1437854">
                <ele>7</ele>
            </trkpt>
            <trkpt lat="-37.7397767" lon="176.1452392">
                <ele>10.2</ele>
            </trkpt>
            <trkpt lat="-37.7399357" lon="176.1463657">
                <ele>11.8</ele>
            </trkpt>
            <trkpt lat="-37.7398445" lon="176.1477685">
                <ele>12.5</ele>
            </trkpt>
            <trkpt lat="-37.739467" lon="176.149005">
                <ele>12.2</ele>
            </trkpt>
            <trkpt lat="-37.7388731" lon="176.1500484">
                <ele>15.8</ele>
            </trkpt>
            <trkpt lat="-37.7381413" lon="176.1508182">
                <ele>19.5</ele>
            </trkpt>
            <trkpt lat="-37.7373098" lon="176.1512768">
                <ele>19.7</ele>
            </trkpt>
            <trkpt lat="-37.7358144" lon="176.151934">
                <ele>20</ele>
            </trkpt>
            <trkpt lat="-37.734915" lon="176.1523578">
                <ele>18</ele>
            </trkpt>
            <trkpt lat="-37.733814" lon="176.1529532">
                <ele>14.5</ele>
            </trkpt>
            <trkpt lat="-37.7329719" lon="176.1536962">
                <ele>12.2</ele>
            </trkpt>
            <trkpt lat="-37.7322655" lon="176.1545652">
                <ele>10.2</ele>
            </trkpt>
            <trkpt lat="-37.7316673" lon="176.1555603">
                <ele>8.6</ele>
            </trkpt>
            <trkpt lat="-37.731137" lon="176.1570436">
                <ele>8.8</ele>
            </trkpt>
            <trkpt lat="-37.7307848" lon="176.1585054">
                <ele>8.8</ele>
            </trkpt>
            <trkpt lat="-37.7301166" lon="176.1614451">
                <ele>5.8</ele>
            </trkpt>
            <trkpt lat="-37.7297687" lon="176.1627647">
                <ele>10.2</ele>
            </trkpt>
            <trkpt lat="-37.7292702" lon="176.1642373">
                <ele>21</ele>
            </trkpt>
            <trkpt lat="-37.7287971" lon="176.1656159">
                <ele>32.5</ele>
            </trkpt>
            <trkpt lat="-37.7282561" lon="176.1668122">
                <ele>37.2</ele>
            </trkpt>
            <trkpt lat="-37.7274733" lon="176.1678153">
                <ele>38.2</ele>
            </trkpt>
            <trkpt lat="-37.7266163" lon="176.1681828">
                <ele>36</ele>
            </trkpt>
            <trkpt lat="-37.7256637" lon="176.1690009">
                <ele>33.8</ele>
            </trkpt>
            <trkpt lat="-37.724936" lon="176.1697599">
                <ele>34.2</ele>
            </trkpt>
            <trkpt lat="-37.7240492" lon="176.17024">
                <ele>37</ele>
            </trkpt>
            <trkpt lat="-37.7242253" lon="176.1715195">
                <ele>35.5</ele>
            </trkpt>
            <trkpt lat="-37.7241214" lon="176.1727667">
                <ele>35.9</ele>
            </trkpt>
            <trkpt lat="-37.7235167" lon="176.1741695">
                <ele>34</ele>
            </trkpt>
            <trkpt lat="-37.7227742" lon="176.1750117">
                <ele>34.2</ele>
            </trkpt>
            <trkpt lat="-37.719108" lon="176.1775437">
                <ele>34.7</ele>
            </trkpt>
            <trkpt lat="-37.7183527" lon="176.1782143">
                <ele>34.5</ele>
            </trkpt>
            <trkpt lat="-37.7176653" lon="176.1789814">
                <ele>35</ele>
            </trkpt>
            <trkpt lat="-37.7142004" lon="176.1837772">
                <ele>27</ele>
            </trkpt>
            <trkpt lat="-37.713358" lon="176.1848742">
                <ele>25.2</ele>
            </trkpt>
            <trkpt lat="-37.7125814" lon="176.185762">
                <ele>22.5</ele>
            </trkpt>
            <trkpt lat="-37.7116563" lon="176.1865452">
                <ele>18</ele>
            </trkpt>
            <trkpt lat="-37.7108012" lon="176.1871728">
                <ele>9</ele>
            </trkpt>
            <trkpt lat="-37.7097805" lon="176.18783">
                <ele>0.2</ele>
            </trkpt>
            <trkpt lat="-37.7064617" lon="176.1899355">
                <ele>0.2</ele>
            </trkpt>
            <trkpt lat="-37.705127" lon="176.1907294">
                <ele>7.2</ele>
            </trkpt>
            <trkpt lat="-37.7043015" lon="176.1913893">
                <ele>13</ele>
            </trkpt>
            <trkpt lat="-37.7035524" lon="176.1923656">
                <ele>20.5</ele>
            </trkpt>
            <trkpt lat="-37.7031025" lon="176.1933848">
                <ele>21.4</ele>
            </trkpt>
            <trkpt lat="-37.702451" lon="176.1969441">
                <ele>22</ele>
            </trkpt>
            <trkpt lat="-37.7020223" lon="176.198599">
                <ele>19</ele>
            </trkpt>
            <trkpt lat="-37.7013305" lon="176.2002888">
                <ele>20.8</ele>
            </trkpt>
            <trkpt lat="-37.7005558" lon="176.2015924">
                <ele>19</ele>
            </trkpt>
            <trkpt lat="-37.6993292" lon="176.2031963">
                <ele>17.2</ele>
            </trkpt>
            <trkpt lat="-37.6986098" lon="176.2041029">
                <ele>16.8</ele>
            </trkpt>
            <trkpt lat="-37.6977948" lon="176.2050819">
                <ele>17</ele>
            </trkpt>
            <trkpt lat="-37.6970393" lon="176.2057954">
                <ele>18.8</ele>
            </trkpt>
            <trkpt lat="-37.6960969" lon="176.206423">
                <ele>16.5</ele>
            </trkpt>
            <trkpt lat="-37.6952268" lon="176.2067798">
                <ele>13</ele>
            </trkpt>
            <trkpt lat="-37.6941805" lon="176.206989">
                <ele>9.5</ele>
            </trkpt>
            <trkpt lat="-37.6930195" lon="176.2070292">
                <ele>6.8</ele>
            </trkpt>
            <trkpt lat="-37.6917885" lon="176.2072974">
                <ele>8.2</ele>
            </trkpt>
            <trkpt lat="-37.6908588" lon="176.207791">
                <ele>9.8</ele>
            </trkpt>
            <trkpt lat="-37.6897827" lon="176.2086976">
                <ele>10.5</ele>
            </trkpt>
            <trkpt lat="-37.6891035" lon="176.20947">
                <ele>10.2</ele>
            </trkpt>
            <trkpt lat="-37.6882354" lon="176.210728">
                <ele>9.5</ele>
            </trkpt>
            <trkpt lat="-37.6875901" lon="176.2116399">
                <ele>9.2</ele>
            </trkpt>
            <trkpt lat="-37.6868472" lon="176.2127692">
                <ele>9.5</ele>
            </trkpt>
            <trkpt lat="-37.6863251" lon="176.2138098">
                <ele>8.2</ele>
            </trkpt>
            <trkpt lat="-37.6859005" lon="176.2148184">
                <ele>8.1</ele>
            </trkpt>
            <trkpt lat="-37.6854887" lon="176.2160119">
                <ele>7.8</ele>
            </trkpt>
            <trkpt lat="-37.6849751" lon="176.2179565">
                <ele>5.5</ele>
            </trkpt>
            <trkpt lat="-37.6844911" lon="176.2196946">
                <ele>6.5</ele>
            </trkpt>
            <trkpt lat="-37.6841791" lon="176.2208185">
                <ele>7</ele>
            </trkpt>
            <trkpt lat="-37.6834595" lon="176.2215561">
                <ele>7</ele>
            </trkpt>
            <trkpt lat="-37.6831623" lon="176.2227443">
                <ele>7.8</ele>
            </trkpt>
            <trkpt lat="-37.683468" lon="176.2240049">
                <ele>8</ele>
            </trkpt>
            <trkpt lat="-37.6831559" lon="176.2251127">
                <ele>9.2</ele>
            </trkpt>
            <trkpt lat="-37.6824873" lon="176.2258798">
                <ele>11</ele>
            </trkpt>
            <trkpt lat="-37.683313" lon="176.2276125">
                <ele>9</ele>
            </trkpt>
            <trkpt lat="-37.684421" lon="176.2297073">
                <ele>10</ele>
            </trkpt>
            <trkpt lat="-37.6855864" lon="176.2321052">
                <ele>11</ele>
            </trkpt>
            <trkpt lat="-37.6863739" lon="176.2337226">
                <ele>10</ele>
            </trkpt>
            <trkpt lat="-37.687346" lon="176.2355572">
                <ele>10.6</ele>
            </trkpt>
            <trkpt lat="-37.6880231" lon="176.2368071">
                <ele>11</ele>
            </trkpt>
            <trkpt lat="-37.6887321" lon="176.2381777">
                <ele>9</ele>
            </trkpt>
            <trkpt lat="-37.6892627" lon="176.2392613">
                <ele>9</ele>
            </trkpt>
            <trkpt lat="-37.6903197" lon="176.2415466">
                <ele>10</ele>
            </trkpt>
            <trkpt lat="-37.6909671" lon="176.2428233">
                <ele>10.3</ele>
            </trkpt>
            <trkpt lat="-37.6917906" lon="176.2444219">
                <ele>10.7</ele>
            </trkpt>
            <trkpt lat="-37.6924401" lon="176.2456986">
                <ele>11</ele>
            </trkpt>
            <trkpt lat="-37.6930832" lon="176.2469888">
                <ele>10.5</ele>
            </trkpt>
            <trkpt lat="-37.6935904" lon="176.2481529">
                <ele>11.2</ele>
            </trkpt>
            <trkpt lat="-37.6943163" lon="176.250025">
                <ele>11.8</ele>
            </trkpt>
            <trkpt lat="-37.6951483" lon="176.2517256">
                <ele>11.2</ele>
            </trkpt>
            <trkpt lat="-37.6958826" lon="176.2528387">
                <ele>10.5</ele>
            </trkpt>
            <trkpt lat="-37.6967252" lon="176.2539437">
                <ele>8.2</ele>
            </trkpt>
            <trkpt lat="-37.6975083" lon="176.2549791">
                <ele>9.2</ele>
            </trkpt>
            <trkpt lat="-37.6982935" lon="176.2561378">
                <ele>8.5</ele>
            </trkpt>
            <trkpt lat="-37.6990045" lon="176.2572241">
                <ele>8.9</ele>
            </trkpt>
            <trkpt lat="-37.6996836" lon="176.2582621">
                <ele>9.2</ele>
            </trkpt>
            <trkpt lat="-37.7010652" lon="176.2604535">
                <ele>7</ele>
            </trkpt>
            <trkpt lat="-37.7019013" lon="176.2617356">
                <ele>9</ele>
            </trkpt>
            <trkpt lat="-37.7028711" lon="176.2632269">
                <ele>10.8</ele>
            </trkpt>
            <trkpt lat="-37.7038601" lon="176.2647343">
                <ele>9</ele>
            </trkpt>
            <trkpt lat="-37.704537" lon="176.2660646">
                <ele>8.5</ele>
            </trkpt>
            <trkpt lat="-37.7053561" lon="176.2677652">
                <ele>9.5</ele>
            </trkpt>
            <trkpt lat="-37.7061816" lon="176.2693799">
                <ele>12.5</ele>
            </trkpt>
            <trkpt lat="-37.7068649" lon="176.2703884">
                <ele>11.8</ele>
            </trkpt>
            <trkpt lat="-37.7079768" lon="176.2716892">
                <ele>11</ele>
            </trkpt>
            <trkpt lat="-37.7087004" lon="176.2725127">
                <ele>10.5</ele>
            </trkpt>
            <trkpt lat="-37.7096808" lon="176.2737653">
                <ele>9</ele>
            </trkpt>
            <trkpt lat="-37.7109964" lon="176.2756911">
                <ele>12</ele>
            </trkpt>
            <trkpt lat="-37.7118048" lon="176.2769249">
                <ele>11</ele>
            </trkpt>
            <trkpt lat="-37.7124817" lon="176.2780032">
                <ele>14</ele>
            </trkpt>
            <trkpt lat="-37.7130589" lon="176.2792665">
                <ele>14</ele>
            </trkpt>
            <trkpt lat="-37.713566" lon="176.2804547">
                <ele>11.2</ele>
            </trkpt>
            <trkpt lat="-37.714194" lon="176.2821954">
                <ele>11</ele>
            </trkpt>
            <trkpt lat="-37.7149282" lon="176.282976">
                <ele>11</ele>
            </trkpt>
            <trkpt lat="-37.7157408" lon="176.2834749">
                <ele>12.1</ele>
            </trkpt>
            <trkpt lat="-37.7166596" lon="176.2840703">
                <ele>14</ele>
            </trkpt>
            <trkpt lat="-37.7175995" lon="176.2843895">
                <ele>16.8</ele>
            </trkpt>
            <trkpt lat="-37.7188173" lon="176.284411">
                <ele>18.8</ele>
            </trkpt>
            <trkpt lat="-37.7207077" lon="176.2844163">
                <ele>22</ele>
            </trkpt>
            <trkpt lat="-37.7216901" lon="176.2844136">
                <ele>23.5</ele>
            </trkpt>
            <trkpt lat="-37.7225238" lon="176.2849367">
                <ele>25</ele>
            </trkpt>
            <trkpt lat="-37.7234616" lon="176.2852076">
                <ele>23.8</ele>
            </trkpt>
            <trkpt lat="-37.7242232" lon="176.2861624">
                <ele>17.8</ele>
            </trkpt>
            <trkpt lat="-37.7245499" lon="176.2873292">
                <ele>16.8</ele>
            </trkpt>
            <trkpt lat="-37.7247303" lon="176.2884906">
                <ele>17.8</ele>
            </trkpt>
            <trkpt lat="-37.72518" lon="176.2898558">
                <ele>20.2</ele>
            </trkpt>
            <trkpt lat="-37.7258377" lon="176.2910575">
                <ele>17.2</ele>
            </trkpt>
            <trkpt lat="-37.7265293" lon="176.292192">
                <ele>25.2</ele>
            </trkpt>
            <trkpt lat="-37.7270045" lon="176.2931818">
                <ele>26</ele>
            </trkpt>
            <trkpt lat="-37.7274309" lon="176.294547">
                <ele>18.2</ele>
            </trkpt>
            <trkpt lat="-37.7278552" lon="176.2956145">
                <ele>16</ele>
            </trkpt>
            <trkpt lat="-37.7285107" lon="176.2964621">
                <ele>17</ele>
            </trkpt>
            <trkpt lat="-37.7293614" lon="176.2970173">
                <ele>17.2</ele>
            </trkpt>
            <trkpt lat="-37.7315803" lon="176.2977737">
                <ele>16</ele>
            </trkpt>
            <trkpt lat="-37.7329592" lon="176.2982512">
                <ele>14</ele>
            </trkpt>
            <trkpt lat="-37.7339116" lon="176.2984416">
                <ele>13</ele>
            </trkpt>
            <trkpt lat="-37.7350677" lon="176.2981761">
                <ele>18</ele>
            </trkpt>
            <trkpt lat="-37.7361962" lon="176.2972936">
                <ele>21.5</ele>
            </trkpt>
            <trkpt lat="-37.737768" lon="176.2959418">
                <ele>19.2</ele>
            </trkpt>
            <trkpt lat="-37.7389091" lon="176.2952578">
                <ele>16</ele>
            </trkpt>
            <trkpt lat="-37.7401182" lon="176.2950969">
                <ele>18.8</ele>
            </trkpt>
            <trkpt lat="-37.7411999" lon="176.2953919">
                <ele>13</ele>
            </trkpt>
            <trkpt lat="-37.7444684" lon="176.297535">
                <ele>8</ele>
            </trkpt>
            <trkpt lat="-37.7457006" lon="176.2983665">
                <ele>7</ele>
            </trkpt>
            <trkpt lat="-37.7477367" lon="176.2997425">
                <ele>6</ele>
            </trkpt>
            <trkpt lat="-37.7487504" lon="176.3004291">
                <ele>6.5</ele>
            </trkpt>
            <trkpt lat="-37.7497642" lon="176.301097">
                <ele>6.9</ele>
            </trkpt>
            <trkpt lat="-37.7508903" lon="176.3015074">
                <ele>8.2</ele>
            </trkpt>
            <trkpt lat="-37.7518044" lon="176.3015637">
                <ele>10</ele>
            </trkpt>
            <trkpt lat="-37.7528202" lon="176.3013303">
                <ele>11</ele>
            </trkpt>
            <trkpt lat="-37.7542771" lon="176.300692">
                <ele>12</ele>
            </trkpt>
            <trkpt lat="-37.7553184" lon="176.300244">
                <ele>11.5</ele>
            </trkpt>
            <trkpt lat="-37.7564868" lon="176.299729">
                <ele>11</ele>
            </trkpt>
            <trkpt lat="-37.7577104" lon="176.2991953">
                <ele>11.8</ele>
            </trkpt>
            <trkpt lat="-37.7590527" lon="176.2986159">
                <ele>11.3</ele>
            </trkpt>
            <trkpt lat="-37.7602572" lon="176.298404">
                <ele>10.2</ele>
            </trkpt>
            <trkpt lat="-37.7614298" lon="176.2986267">
                <ele>10</ele>
            </trkpt>
            <trkpt lat="-37.7624328" lon="176.2989244">
                <ele>11.6</ele>
            </trkpt>
            <trkpt lat="-37.7633106" lon="176.2993911">
                <ele>11.1</ele>
            </trkpt>
            <trkpt lat="-37.7640464" lon="176.3001046">
                <ele>10.9</ele>
            </trkpt>
            <trkpt lat="-37.7646338" lon="176.3010648">
                <ele>10.2</ele>
            </trkpt>
            <trkpt lat="-37.7653716" lon="176.3031515">
                <ele>10</ele>
            </trkpt>
            <trkpt lat="-37.7658954" lon="176.3047206">
                <ele>10.7</ele>
            </trkpt>
            <trkpt lat="-37.7663003" lon="176.3057613">
                <ele>10.8</ele>
            </trkpt>
            <trkpt lat="-37.766947" lon="176.3067994">
                <ele>10.8</ele>
            </trkpt>
            <trkpt lat="-37.7677803" lon="176.3075396">
                <ele>11.7</ele>
            </trkpt>
            <trkpt lat="-37.7687196" lon="176.3079607">
                <ele>12.6</ele>
            </trkpt>
            <trkpt lat="-37.769608" lon="176.3083094">
                <ele>13.5</ele>
            </trkpt>
            <trkpt lat="-37.7707677" lon="176.3087118">
                <ele>15</ele>
            </trkpt>
            <trkpt lat="-37.7719126" lon="176.308744">
                <ele>16.8</ele>
            </trkpt>
            <trkpt lat="-37.7728264" lon="176.3084838">
                <ele>16</ele>
            </trkpt>
            <trkpt lat="-37.7738123" lon="176.3083282">
                <ele>15.1</ele>
            </trkpt>
            <trkpt lat="-37.774707" lon="176.3084945">
                <ele>15.9</ele>
            </trkpt>
            <trkpt lat="-37.7758052" lon="176.3089317">
                <ele>16</ele>
            </trkpt>
            <trkpt lat="-37.7768058" lon="176.3098893">
                <ele>14.5</ele>
            </trkpt>
            <trkpt lat="-37.7775351" lon="176.3110507">
                <ele>14.2</ele>
            </trkpt>
            <trkpt lat="-37.7781245" lon="176.3120055">
                <ele>16.2</ele>
            </trkpt>
            <trkpt lat="-37.7791336" lon="176.3133734">
                <ele>18.8</ele>
            </trkpt>
            <trkpt lat="-37.779901" lon="176.3141432">
                <ele>20</ele>
            </trkpt>
            <trkpt lat="-37.7807235" lon="176.3148004">
                <ele>18.8</ele>
            </trkpt>
            <trkpt lat="-37.7815418" lon="176.3155192">
                <ele>18.5</ele>
            </trkpt>
            <trkpt lat="-37.7819234" lon="176.3166726">
                <ele>19</ele>
            </trkpt>
            <trkpt lat="-37.782129" lon="176.3180298">
                <ele>20</ele>
            </trkpt>
            <trkpt lat="-37.7822562" lon="176.3195184">
                <ele>18.3</ele>
            </trkpt>
            <trkpt lat="-37.7823113" lon="176.3206691">
                <ele>17.5</ele>
            </trkpt>
            <trkpt lat="-37.7824194" lon="176.3218465">
                <ele>16.2</ele>
            </trkpt>
            <trkpt lat="-37.782606" lon="176.3230884">
                <ele>15.2</ele>
            </trkpt>
            <trkpt lat="-37.783102" lon="176.3242686">
                <ele>16.2</ele>
            </trkpt>
            <trkpt lat="-37.7839627" lon="176.3262105">
                <ele>22</ele>
            </trkpt>
            <trkpt lat="-37.7845032" lon="176.3273826">
                <ele>23</ele>
            </trkpt>
            <trkpt lat="-37.7849781" lon="176.3285413">
                <ele>23</ele>
            </trkpt>
            <trkpt lat="-37.7853787" lon="176.329987">
                <ele>20.8</ele>
            </trkpt>
            <trkpt lat="-37.7856034" lon="176.3311163">
                <ele>21.1</ele>
            </trkpt>
            <trkpt lat="-37.7860549" lon="176.3324922">
                <ele>15.5</ele>
            </trkpt>
            <trkpt lat="-37.7867354" lon="176.3335705">
                <ele>9.8</ele>
            </trkpt>
            <trkpt lat="-37.7879224" lon="176.3346434">
                <ele>14.8</ele>
            </trkpt>
            <trkpt lat="-37.7886791" lon="176.335263">
                <ele>17</ele>
            </trkpt>
            <trkpt lat="-37.7894104" lon="176.3360408">
                <ele>14.2</ele>
            </trkpt>
            <trkpt lat="-37.7898958" lon="176.3371378">
                <ele>8.8</ele>
            </trkpt>
            <trkpt lat="-37.790182" lon="176.3383958">
                <ele>8</ele>
            </trkpt>
            <trkpt lat="-37.7905317" lon="176.3398764">
                <ele>11.2</ele>
            </trkpt>
            <trkpt lat="-37.7906865" lon="176.3412443">
                <ele>18.5</ele>
            </trkpt>
            <trkpt lat="-37.7905847" lon="176.3440177">
                <ele>26</ele>
            </trkpt>
            <trkpt lat="-37.7903176" lon="176.3473785">
                <ele>12</ele>
            </trkpt>
            <trkpt lat="-37.7902774" lon="176.348615">
                <ele>6.2</ele>
            </trkpt>
            <trkpt lat="-37.7907267" lon="176.3524935">
                <ele>7.6</ele>
            </trkpt>
            <trkpt lat="-37.7908581" lon="176.3537943">
                <ele>7.8</ele>
            </trkpt>
            <trkpt lat="-37.7908433" lon="176.3551676">
                <ele>9.8</ele>
            </trkpt>
            <trkpt lat="-37.7910934" lon="176.3564873">
                <ele>9.5</ele>
            </trkpt>
            <trkpt lat="-37.7916" lon="176.3574287">
                <ele>10.5</ele>
            </trkpt>
            <trkpt lat="-37.7923609" lon="176.3598025">
                <ele>11.7</ele>
            </trkpt>
            <trkpt lat="-37.7928845" lon="176.3613045">
                <ele>12.2</ele>
            </trkpt>
            <trkpt lat="-37.7935882" lon="176.3625813">
                <ele>10.8</ele>
            </trkpt>
            <trkpt lat="-37.7938128" lon="176.3638821">
                <ele>9.2</ele>
            </trkpt>
            <trkpt lat="-37.7935797" lon="176.3651213">
                <ele>7.9</ele>
            </trkpt>
            <trkpt lat="-37.7932533" lon="176.3661969">
                <ele>7.7</ele>
            </trkpt>
            <trkpt lat="-37.7925559" lon="176.3673878">
                <ele>7.5</ele>
            </trkpt>
            <trkpt lat="-37.791653" lon="176.3681978">
                <ele>9.5</ele>
            </trkpt>
            <trkpt lat="-37.7905423" lon="176.3688871">
                <ele>10.8</ele>
            </trkpt>
            <trkpt lat="-37.7896203" lon="176.3697132">
                <ele>9.8</ele>
            </trkpt>
            <trkpt lat="-37.7889801" lon="176.3707539">
                <ele>8.2</ele>
            </trkpt>
            <trkpt lat="-37.7886367" lon="176.3718161">
                <ele>10</ele>
            </trkpt>
            <trkpt lat="-37.7884015" lon="176.3733637">
                <ele>8.9</ele>
            </trkpt>
            <trkpt lat="-37.7881407" lon="176.3756195">
                <ele>9.3</ele>
            </trkpt>
            <trkpt lat="-37.7881471" lon="176.3770276">
                <ele>9.7</ele>
            </trkpt>
            <trkpt lat="-37.7884015" lon="176.3783795">
                <ele>10.5</ele>
            </trkpt>
            <trkpt lat="-37.7889165" lon="176.3798305">
                <ele>10.2</ele>
            </trkpt>
            <trkpt lat="-37.7898768" lon="176.3822043">
                <ele>11.5</ele>
            </trkpt>
            <trkpt lat="-37.7909896" lon="176.3849616">
                <ele>13.5</ele>
            </trkpt>
            <trkpt lat="-37.792416" lon="176.3880301">
                <ele>16.6</ele>
            </trkpt>
            <trkpt lat="-37.7930222" lon="176.3893872">
                <ele>16.8</ele>
            </trkpt>
            <trkpt lat="-37.7935013" lon="176.3905674">
                <ele>18</ele>
            </trkpt>
            <trkpt lat="-37.7943766" lon="176.3929304">
                <ele>19</ele>
            </trkpt>
            <trkpt lat="-37.7947963" lon="176.3940918">
                <ele>20</ele>
            </trkpt>
            <trkpt lat="-37.7953029" lon="176.3953337">
                <ele>19.8</ele>
            </trkpt>
            <trkpt lat="-37.7958243" lon="176.3963905">
                <ele>18</ele>
            </trkpt>
            <trkpt lat="-37.7965534" lon="176.3971871">
                <ele>18</ele>
            </trkpt>
            <trkpt lat="-37.7975304" lon="176.3976619">
                <ele>18.5</ele>
            </trkpt>
            <trkpt lat="-37.7986283" lon="176.3976967">
                <ele>16.2</ele>
            </trkpt>
            <trkpt lat="-37.7995566" lon="176.3975599">
                <ele>17</ele>
            </trkpt>
            <trkpt lat="-37.8004509" lon="176.3980696">
                <ele>16</ele>
            </trkpt>
            <trkpt lat="-37.8004361" lon="176.3992363">
                <ele>16</ele>
            </trkpt>
            <trkpt lat="-37.8007773" lon="176.4003065">
                <ele>16</ele>
            </trkpt>
            <trkpt lat="-37.8013771" lon="176.401197">
                <ele>16.5</ele>
            </trkpt>
            <trkpt lat="-37.8025363" lon="176.4014518">
                <ele>17</ele>
            </trkpt>
            <trkpt lat="-37.8035154" lon="176.4015618">
                <ele>17.2</ele>
            </trkpt>
            <trkpt lat="-37.8044055" lon="176.4021975">
                <ele>17.1</ele>
            </trkpt>
            <trkpt lat="-37.8048548" lon="176.4033562">
                <ele>17.9</ele>
            </trkpt>
            <trkpt lat="-37.8048802" lon="176.4054161">
                <ele>16.9</ele>
            </trkpt>
            <trkpt lat="-37.8048802" lon="176.4067385">
                <ele>17.1</ele>
            </trkpt>
            <trkpt lat="-37.804876" lon="176.411604">
                <ele>17.8</ele>
            </trkpt>
            <trkpt lat="-37.8048739" lon="176.4128137">
                <ele>18.8</ele>
            </trkpt>
            <trkpt lat="-37.8048718" lon="176.4184678">
                <ele>14.8</ele>
            </trkpt>
            <trkpt lat="-37.8048739" lon="176.4204285">
                <ele>14.5</ele>
            </trkpt>
            <trkpt lat="-37.8048675" lon="176.4218447">
                <ele>12.8</ele>
            </trkpt>
            <trkpt lat="-37.8048718" lon="176.4230677">
                <ele>12.2</ele>
            </trkpt>
            <trkpt lat="-37.8048824" lon="176.4254174">
                <ele>9</ele>
            </trkpt>
            <trkpt lat="-37.8048993" lon="176.4270964">
                <ele>10</ele>
            </trkpt>
            <trkpt lat="-37.8049947" lon="176.4284027">
                <ele>12</ele>
            </trkpt>
            <trkpt lat="-37.8051727" lon="176.4297169">
                <ele>13.5</ele>
            </trkpt>
            <trkpt lat="-37.8054228" lon="176.4310339">
                <ele>14.5</ele>
            </trkpt>
            <trkpt lat="-37.805747" lon="176.4322999">
                <ele>11.2</ele>
            </trkpt>
            <trkpt lat="-37.8071796" lon="176.4367712">
                <ele>9</ele>
            </trkpt>
            <trkpt lat="-37.8091567" lon="176.4427418">
                <ele>7</ele>
            </trkpt>
            <trkpt lat="-37.8107397" lon="176.4476931">
                <ele>5.8</ele>
            </trkpt>
            <trkpt lat="-37.8111783" lon="176.4491066">
                <ele>5.5</ele>
            </trkpt>
            <trkpt lat="-37.8119517" lon="176.4513114">
                <ele>6</ele>
            </trkpt>
            <trkpt lat="-37.8124264" lon="176.4526364">
                <ele>5</ele>
            </trkpt>
            <trkpt lat="-37.8132125" lon="176.4546561">
                <ele>5.8</ele>
            </trkpt>
            <trkpt lat="-37.8138143" lon="176.4562145">
                <ele>7.8</ele>
            </trkpt>
            <trkpt lat="-37.8143314" lon="176.4588055">
                <ele>7.4</ele>
            </trkpt>
            <trkpt lat="-37.8146471" lon="176.4601091">
                <ele>7.8</ele>
            </trkpt>
            <trkpt lat="-37.8153421" lon="176.4613965">
                <ele>10.6</ele>
            </trkpt>
            <trkpt lat="-37.8162236" lon="176.4622521">
                <ele>10.5</ele>
            </trkpt>
            <trkpt lat="-37.8170224" lon="176.4627886">
                <ele>9.5</ele>
            </trkpt>
            <trkpt lat="-37.8209528" lon="176.4653715">
                <ele>10.2</ele>
            </trkpt>
            <trkpt lat="-37.8217134" lon="176.4660287">
                <ele>10.5</ele>
            </trkpt>
            <trkpt lat="-37.8224126" lon="176.4670399">
                <ele>10.8</ele>
            </trkpt>
            <trkpt lat="-37.8228088" lon="176.4681101">
                <ele>8.2</ele>
            </trkpt>
            <trkpt lat="-37.8235461" lon="176.4716962">
                <ele>10.2</ele>
            </trkpt>
            <trkpt lat="-37.8238152" lon="176.4730614">
                <ele>10.2</ele>
            </trkpt>
            <trkpt lat="-37.8239381" lon="176.4742684">
                <ele>11.7</ele>
            </trkpt>
            <trkpt lat="-37.8238914" lon="176.476559">
                <ele>13.5</ele>
            </trkpt>
            <trkpt lat="-37.8236647" lon="176.4818108">
                <ele>13.5</ele>
            </trkpt>
            <trkpt lat="-37.8235927" lon="176.4831224">
                <ele>6.1</ele>
            </trkpt>
            <trkpt lat="-37.8233702" lon="176.4844555">
                <ele>6.4</ele>
            </trkpt>
            <trkpt lat="-37.8229846" lon="176.485582">
                <ele>6.8</ele>
            </trkpt>
            <trkpt lat="-37.8225673" lon="176.4867944">
                <ele>6.8</ele>
            </trkpt>
            <trkpt lat="-37.8220778" lon="176.488916">
                <ele>8.2</ele>
            </trkpt>
            <trkpt lat="-37.8218342" lon="176.4902008">
                <ele>7.8</ele>
            </trkpt>
            <trkpt lat="-37.8200205" lon="176.4982259">
                <ele>6</ele>
            </trkpt>
            <trkpt lat="-37.8186645" lon="176.5043601">
                <ele>7</ele>
            </trkpt>
            <trkpt lat="-37.8183996" lon="176.50561">
                <ele>7.2</ele>
            </trkpt>
            <trkpt lat="-37.8180161" lon="176.507324">
                <ele>7.2</ele>
            </trkpt>
            <trkpt lat="-37.8164863" lon="176.5119481">
                <ele>5.2</ele>
            </trkpt>
            <trkpt lat="-37.8161388" lon="176.5131524">
                <ele>5.2</ele>
            </trkpt>
            <trkpt lat="-37.8159206" lon="176.5143031">
                <ele>9.2</ele>
            </trkpt>
            <trkpt lat="-37.8158019" lon="176.5154591">
                <ele>11.4</ele>
            </trkpt>
            <trkpt lat="-37.8157934" lon="176.5168995">
                <ele>13.8</ele>
            </trkpt>
            <trkpt lat="-37.8158909" lon="176.5180582">
                <ele>14</ele>
            </trkpt>
            <trkpt lat="-37.816035" lon="176.519646">
                <ele>14.8</ele>
            </trkpt>
            <trkpt lat="-37.8170245" lon="176.5305573">
                <ele>13.8</ele>
            </trkpt>
            <trkpt lat="-37.8172258" lon="176.5327218">
                <ele>11.6</ele>
            </trkpt>
            <trkpt lat="-37.8174271" lon="176.5340334">
                <ele>11</ele>
            </trkpt>
            <trkpt lat="-37.817747" lon="176.5353262">
                <ele>11.2</ele>
            </trkpt>
            <trkpt lat="-37.8183085" lon="176.5372092">
                <ele>12.5</ele>
            </trkpt>
            <trkpt lat="-37.8206011" lon="176.5448937">
                <ele>9.5</ele>
            </trkpt>
            <trkpt lat="-37.8211244" lon="176.5466988">
                <ele>10.5</ele>
            </trkpt>
            <trkpt lat="-37.821421" lon="176.5478897">
                <ele>11.5</ele>
            </trkpt>
            <trkpt lat="-37.8215926" lon="176.5490967">
                <ele>12.3</ele>
            </trkpt>
            <trkpt lat="-37.8216583" lon="176.5505853">
                <ele>12.4</ele>
            </trkpt>
            <trkpt lat="-37.821582" lon="176.5573767">
                <ele>11.5</ele>
            </trkpt>
            <trkpt lat="-37.8215418" lon="176.5607107">
                <ele>10.5</ele>
            </trkpt>
            <trkpt lat="-37.8214846" lon="176.5650746">
                <ele>10.9</ele>
            </trkpt>
            <trkpt lat="-37.821402" lon="176.5726331">
                <ele>11.5</ele>
            </trkpt>
            <trkpt lat="-37.8213596" lon="176.5755486">
                <ele>12.5</ele>
            </trkpt>
            <trkpt lat="-37.8213066" lon="176.5800011">
                <ele>11.5</ele>
            </trkpt>
            <trkpt lat="-37.8213193" lon="176.5811598">
                <ele>13</ele>
            </trkpt>
            <trkpt lat="-37.8215651" lon="176.5826458">
                <ele>17.5</ele>
            </trkpt>
            <trkpt lat="-37.8222177" lon="176.583952">
                <ele>20</ele>
            </trkpt>
            <trkpt lat="-37.8233342" lon="176.5850115">
                <ele>17.5</ele>
            </trkpt>
            <trkpt lat="-37.8258258" lon="176.5860334">
                <ele>21</ele>
            </trkpt>
            <trkpt lat="-37.827313" lon="176.5866959">
                <ele>25.2</ele>
            </trkpt>
            <trkpt lat="-37.8299315" lon="176.5879163">
                <ele>30.8</ele>
            </trkpt>
            <trkpt lat="-37.8310289" lon="176.5884367">
                <ele>33.8</ele>
            </trkpt>
            <trkpt lat="-37.8320182" lon="176.5891904">
                <ele>36.5</ele>
            </trkpt>
            <trkpt lat="-37.8335181" lon="176.5917787">
                <ele>37.2</ele>
            </trkpt>
            <trkpt lat="-37.8345285" lon="176.5933344">
                <ele>24.5</ele>
            </trkpt>
            <trkpt lat="-37.8349077" lon="176.5943992">
                <ele>14.5</ele>
            </trkpt>
            <trkpt lat="-37.8347997" lon="176.5958691">
                <ele>8.2</ele>
            </trkpt>
            <trkpt lat="-37.8348421" lon="176.5973067">
                <ele>7.2</ele>
            </trkpt>
            <trkpt lat="-37.8352933" lon="176.5990314">
                <ele>12</ele>
            </trkpt>
            <trkpt lat="-37.8355071" lon="176.6004682">
                <ele>15.1</ele>
            </trkpt>
            <trkpt lat="-37.8364901" lon="176.6001365">
                <ele>13.5</ele>
            </trkpt>
            <trkpt lat="-37.8376785" lon="176.5999192">
                <ele>12.5</ele>
            </trkpt>
            <trkpt lat="-37.8387291" lon="176.5999568">
                <ele>11</ele>
            </trkpt>
            <trkpt lat="-37.8396273" lon="176.6003484">
                <ele>9.6</ele>
            </trkpt>
            <trkpt lat="-37.8407224" lon="176.6005442">
                <ele>10.8</ele>
            </trkpt>
            <trkpt lat="-37.8416332" lon="176.6004556">
                <ele>12.8</ele>
            </trkpt>
            <trkpt lat="-37.8430587" lon="176.5998709">
                <ele>13.5</ele>
            </trkpt>
            <trkpt lat="-37.8439632" lon="176.5999782">
                <ele>15.2</ele>
            </trkpt>
            <trkpt lat="-37.8450158" lon="176.6006032">
                <ele>15.8</ele>
            </trkpt>
            <trkpt lat="-37.8459054" lon="176.6008285">
                <ele>15.2</ele>
            </trkpt>
            <trkpt lat="-37.846884" lon="176.6008741">
                <ele>15.8</ele>
            </trkpt>
            <trkpt lat="-37.8481886" lon="176.6009519">
                <ele>17.2</ele>
            </trkpt>
            <trkpt lat="-37.850404" lon="176.6006756">
                <ele>22.2</ele>
            </trkpt>
            <trkpt lat="-37.8516324" lon="176.6002786">
                <ele>22.8</ele>
            </trkpt>
            <trkpt lat="-37.8527273" lon="176.5998951">
                <ele>19.8</ele>
            </trkpt>
            <trkpt lat="-37.8535681" lon="176.5990528">
                <ele>11.2</ele>
            </trkpt>
            <trkpt lat="-37.8551162" lon="176.5978324">
                <ele>16.2</ele>
            </trkpt>
            <trkpt lat="-37.855957" lon="176.5966013">
                <ele>16.2</ele>
            </trkpt>
            <trkpt lat="-37.8567681" lon="176.5957135">
                <ele>13.5</ele>
            </trkpt>
            <trkpt lat="-37.8573674" lon="176.5948632">
                <ele>14</ele>
            </trkpt>
            <trkpt lat="-37.8576109" lon="176.5935731">
                <ele>17.4</ele>
            </trkpt>
            <trkpt lat="-37.8584156" lon="176.591481">
                <ele>15.2</ele>
            </trkpt>
            <trkpt lat="-37.8591187" lon="176.5897536">
                <ele>14.5</ele>
            </trkpt>
            <trkpt lat="-37.859555" lon="176.5884206">
                <ele>16.2</ele>
            </trkpt>
            <trkpt lat="-37.8599912" lon="176.587337">
                <ele>15.6</ele>
            </trkpt>
            <trkpt lat="-37.86069" lon="176.5865645">
                <ele>18.5</ele>
            </trkpt>
            <trkpt lat="-37.8615498" lon="176.5855265">
                <ele>17.5</ele>
            </trkpt>
            <trkpt lat="-37.8623947" lon="176.5844187">
                <ele>15.1</ele>
            </trkpt>
            <trkpt lat="-37.8627292" lon="176.5831876">
                <ele>17.8</ele>
            </trkpt>
            <trkpt lat="-37.8630151" lon="176.5820986">
                <ele>17.8</ele>
            </trkpt>
            <trkpt lat="-37.8634958" lon="176.579226">
                <ele>18.5</ele>
            </trkpt>
            <trkpt lat="-37.8637732" lon="176.5778688">
                <ele>23.5</ele>
            </trkpt>
            <trkpt lat="-37.8638685" lon="176.5764311">
                <ele>20.8</ele>
            </trkpt>
            <trkpt lat="-37.8640506" lon="176.5752241">
                <ele>21</ele>
            </trkpt>
            <trkpt lat="-37.8627038" lon="176.5716246">
                <ele>18.8</ele>
            </trkpt>
            <trkpt lat="-37.8622994" lon="176.5704337">
                <ele>19</ele>
            </trkpt>
            <trkpt lat="-37.8616662" lon="176.5692964">
                <ele>18.5</ele>
            </trkpt>
            <trkpt lat="-37.8610733" lon="176.5682423">
                <ele>14.8</ele>
            </trkpt>
            <trkpt lat="-37.8608912" lon="176.5670702">
                <ele>14.3</ele>
            </trkpt>
            <trkpt lat="-37.8606392" lon="176.565882">
                <ele>15</ele>
            </trkpt>
            <trkpt lat="-37.8606434" lon="176.5633419">
                <ele>14.8</ele>
            </trkpt>
            <trkpt lat="-37.8608425" lon="176.5606087">
                <ele>17.8</ele>
            </trkpt>
            <trkpt lat="-37.8610055" lon="176.5580767">
                <ele>21</ele>
            </trkpt>
            <trkpt lat="-37.8611368" lon="176.5563414">
                <ele>26.8</ele>
            </trkpt>
            <trkpt lat="-37.8609166" lon="176.5546784">
                <ele>29.2</ele>
            </trkpt>
            <trkpt lat="-37.8606074" lon="176.5532836">
                <ele>31.5</ele>
            </trkpt>
            <trkpt lat="-37.8610055" lon="176.5518621">
                <ele>29.2</ele>
            </trkpt>
            <trkpt lat="-37.863563" lon="176.5498246">
                <ele>30</ele>
            </trkpt>
            <extensions>
                <osmand:route>
                    <segment id="638808173" length="23" startTrkptIdx="0" segmentTime="44.69" speed="5.54" turnType="C" turnAngle="" types="0,1,2,3,4,5" pointTypes=";6;6;;;;6;;;;;;;;;7;7;7;;;;8;" names="0" />
                    <segment id="101919359" length="4" startTrkptIdx="22" segmentTime="17.77" speed="8.33" turnType="TL" turnAngle="-79.02" types="2,9,10,11,5" pointTypes=";6;12,7;8" names="212,213,214,215,216,217,218,219,220" />
                    <segment id="101919361" length="2" startTrkptIdx="25" segmentTime="17.08" speed="1.01" turnType="" turnAngle="" types="2,13,10,11,14" pointTypes="8" names="212,213,214,215,216,217,218,219,220" />
                    <segment id="1027541616" length="2" startTrkptIdx="26" segmentTime="1.58" speed="8.33" turnType="" turnAngle="" types="2,13,15,10,11,14" pointTypes="" names="212,213,214,215,216,217,218,219,220" />
                    <segment id="742372707" length="2" startTrkptIdx="27" segmentTime="2.44" speed="8.33" turnType="" turnAngle="" types="2,13,10,11,14" pointTypes="" names="212,213,214,215,216,217,218,219,220" />
                    <segment id="101919363" length="2" startTrkptIdx="28" segmentTime="4.94" speed="8.33" turnType="" turnAngle="" types="2,13,10,11,14" pointTypes="6" names="212,213,214,215,216,217,218,219,220" />
                    <segment id="101919363" length="2" startTrkptIdx="29" segmentTime="3.76" speed="8.33" turnType="KL" turnAngle="-0.36" types="2,13,10,11,14" pointTypes="6;" names="212,213,214,215,216,217,218,219,220" />
                    <segment id="1027541615" length="3" startTrkptIdx="30" segmentTime="2.19" speed="8.33" turnType="" turnAngle="" types="2,13,16,10,11,14" pointTypes="" names="212,213,214,215,216,217,218,219,220" />
                    <segment id="1027541614" length="7" startTrkptIdx="32" segmentTime="22.74" speed="2.84" turnType="" turnAngle="" types="2,17,10,11,18" pointTypes="8,0,1,19,6;;;" names="212,213,214,215,216,217,218,219,220" />
                    <segment id="9630323" length="11" startTrkptIdx="38" segmentTime="41.43" speed="5.32" turnType="" turnAngle="" types="2,13,14" pointTypes=";7;7;7;7;20,8;21,22" names="0" />
                    <segment id="28756002" length="19" startTrkptIdx="48" segmentTime="71.65" speed="11.95" turnType="" turnAngle="" types="23,24,17,18" pointTypes=";;;;;;;;;;;;;6;6;7;;22" names="221" />
                    <segment id="150289900" length="9" startTrkptIdx="66" segmentTime="50.67" speed="8.41" turnType="TR" turnAngle="87.81" types="23,24,17,18" pointTypes=";;25,26,27,28,29;;;;;22" names="221" />
                    <segment id="150289907" length="34" startTrkptIdx="74" segmentTime="86.22" speed="13.08" turnType="TR" turnAngle="89.74" types="30,24,17,10,31,18" pointTypes=";;;6;6;;;;;;;;;;;;6;6;;;;;;;6;25,32,33,27,28;6;;;;7;7;7;6" names="221,212,222,223,224,217,225,219,226" />
                    <segment id="150289907" length="2" startTrkptIdx="107" segmentTime="15.82" speed="13.89" turnType="" turnAngle="" types="30,24,17,10,31,18" pointTypes="6;" names="221,212,222,223,224,217,225,219,226" />
                    <segment id="665012403" length="3" startTrkptIdx="108" segmentTime="24.58" speed="8.24" turnType="TL" turnAngle="-77.57" types="30,24,17,18" pointTypes="34;22;35,27,29,25" names="221" />
                    <segment id="150170093" length="4" startTrkptIdx="110" segmentTime="21.85" speed="1.18" turnType="" turnAngle="" types="30,24,36,17,18" pointTypes="35,27,29,25;6;22" names="221" />
                    <segment id="665012379" length="7" startTrkptIdx="113" segmentTime="0.84" speed="13.89" turnType="RNLB2" turnAngle="-44.71" types="30,37,24,36,17,18" pointTypes="" names="0" />
                    <segment id="665012399" length="5" startTrkptIdx="119" segmentTime="12.11" speed="2.42" turnType="" turnAngle="" types="30,38,24,36,17,18" pointTypes=";;;35,27,29,25" names="221" />
                    <segment id="24608076" length="11" startTrkptIdx="123" segmentTime="40.36" speed="10.45" turnType="" turnAngle="" types="30,39,24,17,18" pointTypes=";;25,26,27,28,29;;;;;;;;" names="221" />
                    <segment id="625314026" length="5" startTrkptIdx="133" segmentTime="18.20" speed="2.44" turnType="" turnAngle="" types="30,39,24,17,40,18" pointTypes=";41,42;43,44;45,46,47,48,27;" names="221" />
                    <segment id="5211062" length="5" startTrkptIdx="137" segmentTime="54.88" speed="1.23" turnType="C" turnAngle="0.12" types="49,50,51,52,24,17,53,54,55,18,56,57,58,59" pointTypes=";45,46,60,27,61;45,46,47,48,27;41,42;" names="221,211,227,228,229,230,231,232,233" />
                    <segment id="26296521" length="3" startTrkptIdx="141" segmentTime="2.35" speed="13.89" turnType="" turnAngle="" types="62,49,39,24,17,55,18,56,57,58,59" pointTypes="" names="221,211,227,228,229,230,231" />
                    <segment id="26296520" length="2" startTrkptIdx="143" segmentTime="10.23" speed="13.89" turnType="" turnAngle="" types="49,39,24,17,55,18,56,57,58,59" pointTypes=";" names="221,211,227,228,229,230,231" />
                    <segment id="26296520" length="4" startTrkptIdx="144" segmentTime="6.20" speed="13.89" turnType="" turnAngle="" types="49,39,24,17,55,18,56,57,58,59" pointTypes="" names="221,211,227,228,229,230,231" />
                    <segment id="665048994" length="2" startTrkptIdx="147" segmentTime="1.11" speed="13.89" turnType="" turnAngle="" types="49,50,63,64,24,17,55,18,56,57,58,59" pointTypes="" names="221,211,227,228,229,230,231" />
                    <segment id="613092110" length="3" startTrkptIdx="148" segmentTime="3.94" speed="13.89" turnType="" turnAngle="" types="49,39,24,36,17,55,18,56,57,58,59" pointTypes=";6" names="221,211,227,228,229,230,231" />
                    <segment id="24602883" length="3" startTrkptIdx="150" segmentTime="5.04" speed="13.89" turnType="" turnAngle="" types="62,49,39,24,36,17,65,55,18,56,57,58,59" pointTypes=";41,66" names="221,211,227,228,229,230,231" />
                    <segment id="616747890" length="2" startTrkptIdx="152" segmentTime="0.12" speed="13.89" turnType="" turnAngle="" types="49,39,24,36,17,65,55,18,56,57,58,59" pointTypes="" names="221,211,227,228,229,230,231" />
                    <segment id="24602881" length="5" startTrkptIdx="153" segmentTime="1.44" speed="26.07" turnType="TR" turnAngle="77.53" types="67,68,69,38,24,36,17,18" pointTypes=";;;6;6" names="0" />
                    <segment id="814600852" length="2" startTrkptIdx="157" segmentTime="1.55" speed="26.07" turnType="" turnAngle="" types="67,68,69,39,70,36,17,18" pointTypes=";" names="234" />
                    <segment id="24602879" length="8" startTrkptIdx="158" segmentTime="9.29" speed="26.07" turnType="" turnAngle="" types="67,68,69,39,70,36,17,18" pointTypes=";;6;;;;" names="234" />
                    <segment id="616747887" length="10" startTrkptIdx="165" segmentTime="19.90" speed="26.07" turnType="" turnAngle="" types="67,68,69,38,70,36,17,18" pointTypes=";;6;;;;;" names="234" />
                    <segment id="1350321002" length="4" startTrkptIdx="174" segmentTime="11.70" speed="26.07" turnType="" turnAngle="" types="67,68,71,39,70,36,17,72,73,18,74,75,76,77,78,79,80,81,82,83,84,85,86,87,88,89" pointTypes=";;;" names="234,221,211,235,236,237,238,239,240,241,242,243,244,245,246" />
                    <segment id="1350321003" length="2" startTrkptIdx="177" segmentTime="0.44" speed="26.07" turnType="" turnAngle="" types="67,68,71,39,70,36,17,72,73,18,74,75,76,77,78,79,80,81,82,83,84,85,86,87,88,89" pointTypes=";" names="234,221,211,235,236,237,238,239,240,241,242,243,244,245,246" />
                    <segment id="79789182" length="11" startTrkptIdx="178" segmentTime="27.25" speed="26.07" turnType="" turnAngle="" types="67,68,71,39,70,36,17,72,73,18,74,75,76,77,78,79,80,81,82,83,84,85,86,87,88,89" pointTypes=";;;;;;;;;;" names="234,221,211,235,236,237,238,239,240,241,242,243,244,245,246" />
                    <segment id="1350320998" length="2" startTrkptIdx="188" segmentTime="1.15" speed="26.07" turnType="" turnAngle="" types="67,68,71,39,70,36,17,72,73,18,74,75,76,77,78,79,80,81,82,83,84,85,86,87,88,89" pointTypes="" names="234,221,211,235,236,237,238,239,240,241,242,243,244,245,246" />
                    <segment id="1350320999" length="5" startTrkptIdx="189" segmentTime="26.85" speed="26.07" turnType="" turnAngle="" types="67,68,71,39,70,36,17,72,73,18,74,75,76,77,78,79,80,81,82,83,84,85,86,87,88,89" pointTypes=";;6;;90" names="234,221,211,235,236,237,238,239,240,241,242,243,244,245,246" />
                    <segment id="1350320999" length="5" startTrkptIdx="193" segmentTime="14.09" speed="26.07" turnType="" turnAngle="" types="67,68,71,39,70,36,17,72,73,18,74,75,76,77,78,79,80,81,82,83,84,85,86,87,88,89" pointTypes="90;;;;" names="234,221,211,235,236,237,238,239,240,241,242,243,244,245,246" />
                    <segment id="1350320961" length="2" startTrkptIdx="197" segmentTime="1.24" speed="26.07" turnType="" turnAngle="" types="67,68,71,39,70,36,17,72,73,18,74,75,76,77,78,79,80,81,82,83,84,85,86,87,88,89" pointTypes="" names="234,221,211,235,236,237,238,239,240,241,242,243,244,245,246" />
                    <segment id="1350320962" length="3" startTrkptIdx="198" segmentTime="8.43" speed="26.07" turnType="" turnAngle="" types="67,68,71,39,70,36,17,72,73,18,74,75,76,77,78,79,80,81,82,83,84,85,86,87,88,89" pointTypes=";;6" names="234,221,211,235,236,237,238,239,240,241,242,243,244,245,246" />
                    <segment id="669066802" length="2" startTrkptIdx="200" segmentTime="7.85" speed="26.07" turnType="" turnAngle="" types="67,68,71,50,70,36,17,91,72,73,18,74,75,76,77,78,79,80,81,82,83,84,85,86,87,88,89" pointTypes=";6" names="234,221,211,235,236,237,238,239,240,241,242,243,244,245,246" />
                    <segment id="396813612" length="9" startTrkptIdx="201" segmentTime="72.10" speed="26.07" turnType="" turnAngle="" types="67,68,71,39,70,36,17,72,73,18,74,75,76,77,78,79,80,81,82,83,84,85,86,87,88,89" pointTypes=";;;;;;;6;6" names="234,221,211,235,236,237,238,239,240,241,242,243,244,245,246" />
                    <segment id="729862741" length="2" startTrkptIdx="209" segmentTime="3.80" speed="26.07" turnType="" turnAngle="" types="67,62,68,71,39,70,36,17,72,73,18,74,75,76,77,78,79,80,81,82,83,84,85,86,87,88,89" pointTypes="" names="234,221,211,235,236,237,238,239,240,241,242,243,244,245,246" />
                    <segment id="729862743" length="3" startTrkptIdx="210" segmentTime="12.95" speed="26.07" turnType="" turnAngle="" types="67,68,71,39,70,36,17,72,73,18,74,75,76,77,78,79,80,81,82,83,84,85,86,87,88,89" pointTypes=";;90" names="234,221,211,235,236,237,238,239,240,241,242,243,244,245,246" />
                    <segment id="729862743" length="5" startTrkptIdx="212" segmentTime="17.63" speed="26.07" turnType="" turnAngle="" types="67,68,71,39,70,36,17,72,73,18,74,75,76,77,78,79,80,81,82,83,84,85,86,87,88,89" pointTypes="90;;;" names="234,221,211,235,236,237,238,239,240,241,242,243,244,245,246" />
                    <segment id="28434303" length="2" startTrkptIdx="216" segmentTime="2.42" speed="26.07" turnType="" turnAngle="" types="67,62,68,71,39,92,70,36,17,72,73,18,74,75,76,77,78,79,80,81,82,83,84,85,86,87,88,89" pointTypes="" names="221,211,235,236,237,238,239,240,241,242,243,244,245,246" />
                    <segment id="80339560" length="11" startTrkptIdx="217" segmentTime="22.30" speed="26.07" turnType="" turnAngle="" types="67,68,71,39,92,70,36,17,72,73,18,74,75,76,77,78,79,80,81,82,83,84,85,86,87,88,89" pointTypes=";;6;6;6;;;6;6;7;" names="221,211,235,236,237,238,239,240,241,242,243,244,245,246" />
                    <segment id="77087879" length="6" startTrkptIdx="227" segmentTime="10.96" speed="26.07" turnType="" turnAngle="" types="67,68,71,39,92,70,36,17,72,73,18,74,75,76,77,78,79,80,81,82,83,84,85,86,87,88,89" pointTypes=";;;6;" names="221,211,235,236,237,238,239,240,241,242,243,244,245,246" />
                    <segment id="77087880" length="3" startTrkptIdx="232" segmentTime="2.37" speed="26.07" turnType="" turnAngle="" types="67,62,68,71,39,92,70,36,17,72,73,18,74,75,76,77,78,79,80,81,82,83,84,85,86,87,88,89" pointTypes="" names="221,211,235,236,237,238,239,240,241,242,243,244,245,246" />
                    <segment id="77087871" length="8" startTrkptIdx="234" segmentTime="13.31" speed="26.07" turnType="" turnAngle="" types="67,68,71,39,92,70,36,17,72,73,18,74,75,76,77,78,79,80,81,82,83,84,85,86,87,88,89" pointTypes=";;;;;;;6" names="221,211,235,236,237,238,239,240,241,242,243,244,245,246" />
                    <segment id="77088604" length="2" startTrkptIdx="241" segmentTime="2.78" speed="26.07" turnType="" turnAngle="" types="67,62,68,71,39,92,70,36,17,72,73,18,74,75,76,77,78,79,80,81,82,83,84,85,86,87,88,89" pointTypes="" names="221,211,235,236,237,238,239,240,241,242,243,244,245,246" />
                    <segment id="77088625" length="8" startTrkptIdx="242" segmentTime="11.16" speed="26.07" turnType="" turnAngle="" types="67,93,68,71,39,92,70,36,94,17,72,73,18,74,75,76,77,78,79,80,81,82,83,84,85,86,87,88,89" pointTypes=";;;;;;;" names="221,211,235,236,237,238,239,240,241,242,243,244,245,246" />
                    <segment id="77088614" length="2" startTrkptIdx="249" segmentTime="4.78" speed="26.07" turnType="" turnAngle="" types="67,62,68,71,39,92,70,36,17,72,73,18,74,75,76,77,78,79,80,81,82,83,84,85,86,87,88,89" pointTypes="" names="221,211,235,236,237,238,239,240,241,242,243,244,245,246" />
                    <segment id="77088653" length="9" startTrkptIdx="250" segmentTime="24.63" speed="26.07" turnType="" turnAngle="" types="67,93,68,71,39,92,70,36,94,17,72,73,18,74,75,76,77,78,79,80,81,82,83,84,85,86,87,88,89" pointTypes=";6;;;;;;;90" names="221,211,235,236,237,238,239,240,241,242,243,244,245,246" />
                    <segment id="1155668813" length="2" startTrkptIdx="258" segmentTime="5.39" speed="26.07" turnType="" turnAngle="" types="67,93,68,71,39,92,70,36,94,17,72,73,18,74,75,76,77,78,79,80,81,82,83,84,85,86,87,88,89" pointTypes="90" names="247,221,211,235,236,237,238,239,240,241,242,243,244,245,246,248" />
                    <segment id="1155668812" length="4" startTrkptIdx="259" segmentTime="10.62" speed="26.07" turnType="" turnAngle="" types="67,93,68,71,39,92,70,36,94,17,72,73,18,74,75,76,77,78,79,80,81,82,83,84,85,86,87,88,89" pointTypes=";;6" names="221,211,235,236,237,238,239,240,241,242,243,244,245,246" />
                    <segment id="119984873" length="5" startTrkptIdx="262" segmentTime="10.85" speed="26.07" turnType="" turnAngle="" types="67,68,71,50,92,70,36,17,95,72,73,18,74,75,76,77,78,79,80,81,82,83,84,85,86,87,88,89" pointTypes=";;;;" names="221,211,235,236,237,238,239,240,241,242,243,244,245,246,249" />
                    <segment id="50682372" length="7" startTrkptIdx="266" segmentTime="23.27" speed="26.07" turnType="" turnAngle="" types="67,68,71,50,92,96,70,36,17,72,73,18,74,75,76,77,78,79,80,81,82,83,84,85,86,87,88,89" pointTypes=";;6;6;;;90" names="221,211,235,236,237,238,239,240,241,242,243,244,245,246,249" />
                    <segment id="1465786154" length="2" startTrkptIdx="272" segmentTime="5.85" speed="26.07" turnType="KR" turnAngle="0.22" types="67,68,69,39,92,70,36,17,97,18,56,57,58,59" pointTypes="90;" names="247,211,250,251,252,253,254,255" />
                    <segment id="1465786155" length="2" startTrkptIdx="273" segmentTime="1.84" speed="26.07" turnType="" turnAngle="" types="67,68,69,39,92,70,36,17,97,18,56,57,58,59" pointTypes=";6" names="247,211,250,251,252,253,254,255" />
                    <segment id="119984875" length="8" startTrkptIdx="274" segmentTime="13.26" speed="26.07" turnType="" turnAngle="" types="67,68,69,39,92,70,36,17,97,18,56,57,58,59" pointTypes=";6;;;;;;" names="247,211,250,251,252,253,254,255" />
                    <segment id="77088796" length="4" startTrkptIdx="281" segmentTime="3.71" speed="26.07" turnType="" turnAngle="" types="67,68,69,39,92,70,36,17,98,97,18,56,57,58,59" pointTypes="" names="211,250,251,252,253,254" />
                    <segment id="624442787" length="3" startTrkptIdx="284" segmentTime="2.25" speed="26.07" turnType="" turnAngle="" types="67,68,69,39,92,70,36,17,97,18,56,57,58,59" pointTypes=";;" names="211,250,251,252,253,254" />
                    <segment id="624442783" length="7" startTrkptIdx="286" segmentTime="6.05" speed="26.07" turnType="" turnAngle="" types="67,68,69,50,92,70,36,17,97,18,56,57,58,59" pointTypes=";;;;;;41,6" names="211,250,251,252,253,254" />
                    <segment id="155090259" length="7" startTrkptIdx="292" segmentTime="34.16" speed="10.81" turnType="" turnAngle="" types="67,68,69,39,92,70,36,17,97,18,56,57,58,59" pointTypes="41;6;6;6;;;" names="211,250,251,252,253,254" />
                    <segment id="203345410" length="10" startTrkptIdx="298" segmentTime="28.09" speed="26.07" turnType="" turnAngle="" types="67,68,71,99,92,96,70,36,17,100,18,101,102,103,79,80,81,104,105,106,87,88,89" pointTypes=";;6;6;;6;;6;;" names="247,221,211,256,257,258,259,260,261,262,263,264" />
                    <segment id="539116369" length="2" startTrkptIdx="307" segmentTime="0.73" speed="26.07" turnType="" turnAngle="" types="67,62,107,68,71,99,92,70,36,17,100,18,101,102,103,79,80,81,104,105,106,87,88,89" pointTypes="" names="247,221,211,256,257,258,259,260,261,262,263,264" />
                    <segment id="203345411" length="15" startTrkptIdx="308" segmentTime="31.85" speed="26.07" turnType="" turnAngle="" types="67,107,68,71,99,92,70,36,17,100,18,101,102,103,79,80,81,104,105,106,87,88,89" pointTypes=";;;;;;;;;;;;;;90" names="247,221,211,256,257,258,259,260,261,262,263,264" />
                    <segment id="638291531" length="2" startTrkptIdx="322" segmentTime="1.75" speed="26.07" turnType="" turnAngle="" types="67,68,71,50,92,70,36,17,100,18,101,102,103,79,80,81,104,105,106,87,88,89" pointTypes="90;" names="247,221,211,256,257,258,259,260,261,262,263,264" />
                    <segment id="638291530" length="2" startTrkptIdx="323" segmentTime="3.28" speed="26.07" turnType="" turnAngle="" types="67,68,71,50,92,70,36,17,108,100,18,101,102,103,79,80,81,104,105,106,87,88,89" pointTypes=";" names="247,221,211,256,257,258,259,260,261,262,263,264" />
                    <segment id="1190097623" length="5" startTrkptIdx="324" segmentTime="6.15" speed="26.07" turnType="" turnAngle="" types="67,68,71,50,92,70,36,17,100,18,101,102,103,79,80,81,104,105,106,87,88,89" pointTypes=";;;;" names="247,221,211,256,257,258,259,260,261,262,263,264" />
                    <segment id="1190097624" length="2" startTrkptIdx="328" segmentTime="0.94" speed="26.07" turnType="" turnAngle="" types="67,68,71,50,92,109,70,36,17,100,18,101,102,103,79,80,81,104,105,106,87,88,89" pointTypes=";" names="247,221,211,256,257,258,259,260,261,262,263,264" />
                    <segment id="119980911" length="16" startTrkptIdx="329" segmentTime="76.35" speed="26.07" turnType="" turnAngle="" types="67,68,71,50,92,109,70,36,17,100,18,101,102,103,79,80,81,104,105,106,87,88,89" pointTypes=";;;6;34;7;34;7;34;7;7;6;6;6;6;6" names="247,221,211,256,257,258,259,260,261,262,263,264" />
                    <segment id="540764049" length="2" startTrkptIdx="344" segmentTime="1.58" speed="26.07" turnType="" turnAngle="" types="67,62,68,71,50,92,70,36,17,100,18,101,102,103,79,80,81,104,105,106,87,88,89" pointTypes=";90" names="247,221,211,256,257,258,259,260,261,262,263,264" />
                    <segment id="540764048" length="3" startTrkptIdx="345" segmentTime="7.82" speed="26.07" turnType="" turnAngle="" types="67,68,71,50,92,70,36,17,100,18,101,102,103,79,80,81,104,105,106,87,88,89" pointTypes="90;;" names="247,221,211,256,257,258,259,260,261,262,263,264" />
                    <segment id="79788265" length="2" startTrkptIdx="347" segmentTime="1.60" speed="26.07" turnType="" turnAngle="" types="67,62,68,71,50,92,70,36,17,100,18,101,102,103,79,80,81,104,105,106,87,88,89" pointTypes="" names="247,221,211,256,257,258,259,260,261,262,263,264" />
                    <segment id="492881636" length="2" startTrkptIdx="348" segmentTime="6.39" speed="26.07" turnType="" turnAngle="" types="67,68,71,50,92,70,36,17,100,18,101,102,103,79,80,81,104,105,106,87,88,89" pointTypes=";" names="247,221,211,256,257,258,259,260,261,262,263,264" />
                    <segment id="79605770" length="2" startTrkptIdx="349" segmentTime="3.08" speed="26.07" turnType="" turnAngle="" types="67,62,68,71,50,92,70,36,17,100,18,101,102,103,79,80,81,104,105,106,87,88,89" pointTypes="" names="247,221,211,256,257,258,259,260,261,262,263,264" />
                    <segment id="8166953" length="7" startTrkptIdx="350" segmentTime="16.73" speed="26.07" turnType="" turnAngle="" types="67,68,71,50,92,70,36,17,100,18,101,102,103,79,80,81,104,105,106,87,88,89" pointTypes=";6;;;;;" names="247,221,211,256,257,258,259,260,261,262,263,264" />
                    <segment id="612405414" length="5" startTrkptIdx="356" segmentTime="12.03" speed="26.07" turnType="" turnAngle="" types="67,68,71,50,92,70,36,17,100,18,101,102,103,79,80,81,104,105,106,87,88,89" pointTypes=";;;6;" names="247,221,211,256,257,258,259,260,261,262,263,264" />
                    <segment id="1068106059" length="2" startTrkptIdx="360" segmentTime="5.04" speed="26.07" turnType="" turnAngle="" types="67,68,71,50,92,70,36,17,100,18,101,102,103,79,80,81,104,105,106,87,88,89" pointTypes=";" names="247,221,211,256,257,258,259,260,261,262,263,264" />
                    <segment id="1068106060" length="2" startTrkptIdx="361" segmentTime="0.89" speed="26.07" turnType="" turnAngle="" types="67,68,71,50,92,110,70,36,17,100,18,101,102,103,79,80,81,104,105,106,87,88,89" pointTypes="" names="247,221,211,256,257,258,259,260,261,262,263,264" />
                    <segment id="492881638" length="4" startTrkptIdx="362" segmentTime="23.70" speed="26.07" turnType="" turnAngle="" types="67,68,71,50,92,70,36,17,100,18,101,102,103,79,80,81,104,105,106,87,88,89" pointTypes=";;;6" names="247,221,211,256,257,258,259,260,261,262,263,264" />
                    <segment id="668818749" length="4" startTrkptIdx="365" segmentTime="12.21" speed="26.07" turnType="" turnAngle="" types="67,68,71,50,92,70,36,17,100,18,101,102,103,79,80,81,104,105,106,87,88,89" pointTypes=";;34;7" names="247,221,211,256,257,258,259,260,261,262,263,264" />
                    <segment id="668818748" length="2" startTrkptIdx="368" segmentTime="1.28" speed="26.07" turnType="" turnAngle="" types="67,62,111,68,71,50,92,70,36,17,100,18,101,102,103,79,80,81,104,105,106,87,88,89" pointTypes="" names="247,221,211,256,257,258,259,260,261,262,263,264" />
                    <segment id="492881637" length="6" startTrkptIdx="369" segmentTime="35.32" speed="26.07" turnType="" turnAngle="" types="67,68,71,50,92,70,36,17,100,18,101,102,103,79,80,81,104,105,106,87,88,89" pointTypes=";;;;6;6" names="247,221,211,256,257,258,259,260,261,262,263,264" />
                    <segment id="817993636" length="2" startTrkptIdx="374" segmentTime="0.49" speed="26.07" turnType="" turnAngle="" types="67,62,112,68,71,50,92,70,36,17,100,18,101,102,103,79,80,81,104,105,106,87,88,89" pointTypes="" names="247,221,211,256,257,258,259,260,261,262,263,264" />
                    <segment id="817993639" length="9" startTrkptIdx="375" segmentTime="32.06" speed="26.07" turnType="" turnAngle="" types="67,68,71,50,92,70,36,17,100,18,101,102,103,79,80,81,104,105,106,87,88,89" pointTypes=";;;;;;;;" names="247,221,211,256,257,258,259,260,261,262,263,264" />
                    <segment id="1023813494" length="2" startTrkptIdx="383" segmentTime="3.12" speed="26.07" turnType="" turnAngle="" types="67,68,71,50,92,70,36,17,100,18,101,102,103,79,80,81,104,105,106,87,88,89" pointTypes=";90" names="247,221,211,256,257,258,259,260,261,262,263,264" />
                    <segment id="668827854" length="4" startTrkptIdx="384" segmentTime="20.21" speed="26.07" turnType="" turnAngle="" types="67,68,71,50,92,70,36,17,100,18,101,102,103,79,80,81,104,105,106,87,88,89" pointTypes="90;;;6" names="247,221,211,256,257,258,259,260,261,262,263,264" />
                    <segment id="952519218" length="4" startTrkptIdx="387" segmentTime="16.21" speed="26.07" turnType="" turnAngle="" types="67,113,68,71,39,92,70,36,17,100,18,101,102,103,79,80,81,104,105,106,87,88,89" pointTypes=";;;" names="247,221,211,256,257,258,259,260,261,262,263,264" />
                    <segment id="1023813495" length="3" startTrkptIdx="390" segmentTime="4.18" speed="26.07" turnType="" turnAngle="" types="67,113,68,71,39,92,70,36,17,100,18,101,102,103,79,80,81,104,105,106,87,88,89" pointTypes=";;6" names="247,221,211,256,257,258,259,260,261,262,263,264" />
                    <segment id="394279568" length="12" startTrkptIdx="392" segmentTime="40.17" speed="26.07" turnType="" turnAngle="" types="67,113,68,71,50,92,96,70,36,17,100,18,101,102,103,79,80,81,104,105,106,87,88,89" pointTypes=";;;;6;;;;;;;90" names="247,221,211,256,257,258,259,260,261,262,263,264" />
                    <segment id="394279568" length="4" startTrkptIdx="403" segmentTime="36.97" speed="26.07" turnType="" turnAngle="" types="67,113,68,71,50,92,96,70,36,17,100,18,101,102,103,79,80,81,104,105,106,87,88,89" pointTypes="90;6;;6" names="247,221,211,256,257,258,259,260,261,262,263,264" />
                    <segment id="668826077" length="4" startTrkptIdx="406" segmentTime="5.06" speed="26.07" turnType="" turnAngle="" types="67,68,71,50,92,70,36,17,91,100,18,101,102,103,79,80,81,104,105,106,87,88,89" pointTypes=";6;6;6" names="247,221,211,256,257,258,259,260,261,262,263,264" />
                    <segment id="668826078" length="6" startTrkptIdx="409" segmentTime="10.43" speed="26.07" turnType="" turnAngle="" types="67,113,68,71,39,92,70,36,17,100,18,101,102,103,79,80,81,104,105,106,87,88,89" pointTypes=";6;6;;7;6" names="247,221,211,256,257,258,259,260,261,262,263,264" />
                    <segment id="350781110" length="3" startTrkptIdx="414" segmentTime="2.33" speed="26.07" turnType="" turnAngle="" types="67,62,113,68,71,39,92,70,36,17,100,18,101,102,103,79,80,81,104,105,106,87,88,89" pointTypes="" names="265,221,211,256,257,258,259,260,261,262,263,264" />
                    <segment id="350781112" length="9" startTrkptIdx="416" segmentTime="34.49" speed="26.07" turnType="" turnAngle="" types="67,113,68,71,39,92,70,36,17,100,18,101,102,103,79,80,81,104,105,106,87,88,89" pointTypes=";;6;;;;;;" names="247,221,211,256,257,258,259,260,261,262,263,264" />
                    <segment id="617651238" length="2" startTrkptIdx="424" segmentTime="1.07" speed="26.07" turnType="" turnAngle="" types="67,68,71,50,92,70,36,17,100,18,101,102,103,79,80,81,104,105,106,87,88,89" pointTypes=";90" names="247,221,211,256,257,258,259,260,261,262,263,264" />
                    <segment id="617651237" length="2" startTrkptIdx="425" segmentTime="1.65" speed="26.07" turnType="" turnAngle="" types="67,68,71,39,92,70,36,17,100,18,101,102,103,79,80,81,104,105,106,87,88,89" pointTypes="90;" names="247,221,211,256,257,258,259,260,261,262,263,264" />
                    <segment id="617651239" length="6" startTrkptIdx="426" segmentTime="13.90" speed="26.07" turnType="" turnAngle="" types="67,68,71,39,92,70,36,17,100,18,101,102,103,79,80,81,104,105,106,87,88,89" pointTypes=";;;;114" names="247,221,211,256,257,258,259,260,261,262,263,264" />
                    <segment id="79605827" length="2" startTrkptIdx="431" segmentTime="2.33" speed="26.07" turnType="" turnAngle="" types="67,62,68,71,39,70,36,17,100,18,101,102,103,79,80,81,104,105,106,87,88,89" pointTypes="" names="247,221,211,256,257,258,259,260,261,262,263,264" />
                    <segment id="79605826" length="4" startTrkptIdx="432" segmentTime="5.56" speed="26.07" turnType="" turnAngle="" types="67,68,71,39,70,36,17,100,18,101,102,103,79,80,81,104,105,106,87,88,89" pointTypes=";;;" names="247,221,211,256,257,258,259,260,261,262,263,264" />
                    <segment id="352018461" length="2" startTrkptIdx="435" segmentTime="1.40" speed="26.07" turnType="" turnAngle="" types="67,62,68,71,115,50,70,36,17,100,18,101,102,103,79,80,81,104,105,106,87,88,89" pointTypes="" names="247,221,211,256,257,258,259,260,261,262,263,264" />
                    <segment id="617651216" length="2" startTrkptIdx="436" segmentTime="3.06" speed="26.07" turnType="" turnAngle="" types="67,68,71,115,50,70,36,17,100,18,101,102,103,79,80,81,104,105,106,87,88,89" pointTypes=";" names="247,221,211,256,257,258,259,260,261,262,263,264" />
                    <segment id="617651215" length="2" startTrkptIdx="437" segmentTime="5.05" speed="26.07" turnType="" turnAngle="" types="67,68,71,115,50,70,36,17,108,100,18,101,102,103,79,80,81,104,105,106,87,88,89" pointTypes="" names="247,221,211,256,257,258,259,260,261,262,263,264" />
                    <segment id="1465786148" length="17" startTrkptIdx="438" segmentTime="32.20" speed="26.07" turnType="" turnAngle="" types="67,68,71,115,39,70,36,17,100,18,101,102,103,79,80,81,104,105,106,87,88,89" pointTypes=";;;;;;;6;;;6;6;6;;;;" names="247,221,211,256,257,258,259,260,261,262,263,264" />
                    <segment id="1465786149" length="2" startTrkptIdx="454" segmentTime="1.33" speed="26.07" turnType="" turnAngle="" types="67,68,71,115,39,70,36,17,100,18,101,102,103,79,80,81,104,105,106,87,88,89" pointTypes="" names="247,221,211,256,257,258,259,260,261,262,263,264" />
                    <segment id="352018467" length="21" startTrkptIdx="455" segmentTime="112.82" speed="26.07" turnType="" turnAngle="" types="67,68,71,115,39,70,36,17,100,18,101,102,103,79,80,81,104,105,106,87,88,89" pointTypes=";;;;;;;6;;;;;;;;;;;;;90" names="247,221,211,256,257,258,259,260,261,262,263,264" />
                    <segment id="352018467" length="2" startTrkptIdx="475" segmentTime="26.92" speed="26.07" turnType="" turnAngle="" types="67,68,71,115,39,70,36,17,100,18,101,102,103,79,80,81,104,105,106,87,88,89" pointTypes="90;" names="247,221,211,256,257,258,259,260,261,262,263,264" />
                    <segment id="668823406" length="2" startTrkptIdx="476" segmentTime="6.39" speed="26.07" turnType="" turnAngle="" types="67,68,71,115,50,70,36,17,91,100,18,101,102,103,79,80,81,104,105,106,87,88,89" pointTypes=";6" names="247,221,211,256,257,258,259,260,261,262,263,264" />
                    <segment id="668823407" length="6" startTrkptIdx="477" segmentTime="65.29" speed="26.07" turnType="" turnAngle="" types="67,68,71,115,39,70,36,17,100,18,101,102,103,79,80,81,104,105,106,87,88,89" pointTypes=";;;;;" names="247,221,211,256,257,258,259,260,261,262,263,264" />
                    <segment id="7963232" length="19" startTrkptIdx="482" segmentTime="49.04" speed="26.07" turnType="" turnAngle="" types="67,68,71,50,70,36,17,100,18,101,102,103,79,80,81,104,105,106,87,88,89" pointTypes=";;;;;;;;;;;;;;;6;;;" names="247,221,211,256,257,258,259,260,261,262,263,264" />
                    <segment id="188428987" length="6" startTrkptIdx="500" segmentTime="17.49" speed="26.07" turnType="" turnAngle="" types="67,68,71,39,70,36,17,100,18,101,102,103,79,80,81,104,105,106,87,88,89" pointTypes=";;;;;" names="247,221,211,256,257,258,259,260,261,262,263,264" />
                    <segment id="79606225" length="2" startTrkptIdx="505" segmentTime="1.30" speed="26.07" turnType="" turnAngle="" types="67,62,68,71,39,70,36,17,100,18,101,102,103,79,80,81,104,105,106,87,88,89" pointTypes="" names="247,221,211,256,257,258,259,260,261,262,263,264" />
                    <segment id="79606246" length="24" startTrkptIdx="506" segmentTime="58.49" speed="26.07" turnType="" turnAngle="" types="67,68,71,39,70,36,17,100,18,101,102,103,79,80,81,104,105,106,87,88,89" pointTypes=";;;;;;;;;;;;;;;;;;;7;6;;;90" names="247,221,211,256,257,258,259,260,261,262,263,264" />
                    <segment id="79606246" length="6" startTrkptIdx="529" segmentTime="12.13" speed="26.07" turnType="" turnAngle="" types="67,68,71,39,70,36,17,100,18,101,102,103,79,80,81,104,105,106,87,88,89" pointTypes="90;;;;;" names="247,221,211,256,257,258,259,260,261,262,263,264" />
                    <segment id="1025369299" length="2" startTrkptIdx="534" segmentTime="1.30" speed="26.07" turnType="" turnAngle="" types="67,68,71,39,116,70,36,17,100,18,101,102,103,79,80,81,104,105,106,87,88,89" pointTypes="" names="247,221,211,256,257,258,259,260,261,262,263,264" />
                    <segment id="1025369298" length="13" startTrkptIdx="535" segmentTime="26.50" speed="26.07" turnType="" turnAngle="" types="67,68,71,39,70,36,17,100,18,101,102,103,79,80,81,104,105,106,87,88,89" pointTypes=";;6;6;;;;;;;;;" names="247,221,211,256,257,258,259,260,261,262,263,264" />
                    <segment id="44743722" length="23" startTrkptIdx="547" segmentTime="33.32" speed="26.07" turnType="" turnAngle="" types="0,71,39,70,36,17,72,18,74,75,76,101,102,103,82,83,84,104,105,106" pointTypes=";;;;;;6;7;6;7;7;7;7;7;6;;;;;;;;90" names="247,221,211,266,267,237,268,259,269,270,271,263" />
                    <segment id="44743722" length="18" startTrkptIdx="569" segmentTime="38.55" speed="26.07" turnType="" turnAngle="" types="0,71,39,70,36,17,72,18,74,75,76,101,102,103,82,83,84,104,105,106" pointTypes="90;;;;;;;;;;;;;;;;;90" names="247,221,211,266,267,237,268,259,269,270,271,263" />
                    <segment id="44743722" length="3" startTrkptIdx="586" segmentTime="5.18" speed="26.07" turnType="" turnAngle="" types="0,71,39,70,36,17,72,18,74,75,76,101,102,103,82,83,84,104,105,106" pointTypes="90;6;90" names="247,221,211,266,267,237,268,259,269,270,271,263" />
                    <segment id="44743722" length="24" startTrkptIdx="588" segmentTime="66.26" speed="26.07" turnType="" turnAngle="" types="0,71,39,70,36,17,72,18,74,75,76,101,102,103,82,83,84,104,105,106" pointTypes="90;6;7;7;117;117;;117;34;34;34;117;34;7;7;7;34;34;7;117;;117;117;90,34" names="247,221,211,266,267,237,268,259,269,270,271,263" />
                    <segment id="581996368" length="6" startTrkptIdx="611" segmentTime="17.81" speed="26.07" turnType="" turnAngle="" types="0,71,39,92,96,70,36,17,72,18,74,75,76,101,102,103,82,83,84,104,105,106" pointTypes="90;117;34;7;117;117" names="247,221,211,266,267,237,268,259,269,270,271,263" />
                    <segment id="478006626" length="2" startTrkptIdx="616" segmentTime="7.87" speed="26.07" turnType="" turnAngle="" types="0,71,50,92,70,36,17,118,72,18,74,75,76,101,102,103,82,83,84,104,105,106" pointTypes=";90,34" names="247,221,211,266,267,237,268,259,269,270,271,263" />
                    <segment id="158469495" length="13" startTrkptIdx="617" segmentTime="28.32" speed="26.07" turnType="" turnAngle="" types="0,71,39,92,70,36,17,72,18,74,75,76,101,102,103,82,83,84,104,105,106" pointTypes="90;7;6;6;6;;6;6;6;7;7;6;6" names="247,221,211,266,267,237,268,259,269,270,271,263" />
                    <segment id="1074997209" length="5" startTrkptIdx="629" segmentTime="7.98" speed="26.07" turnType="" turnAngle="" types="0,71,39,92,70,36,17,72,119,18,74,75,76,77,78,79,80,81,82,83,84,85,86,87,88,89" pointTypes=";;;6;90" names="247,221,211,266,272,273,237,274,268,275,260,269,270,276,277,278,264" />
                    <segment id="206924964" length="6" startTrkptIdx="633" segmentTime="10.21" speed="26.07" turnType="" turnAngle="" types="0,71,39,92,70,36,17,72,119,18,74,75,76,77,78,79,80,81,82,83,84,85,86,87,88,89" pointTypes="90;6;7;7;6;7" names="247,221,211,266,272,273,237,274,268,275,260,269,270,276,277,278,264" />
                    <segment id="581996375" length="6" startTrkptIdx="638" segmentTime="5.51" speed="26.07" turnType="" turnAngle="" types="0,71,39,120,70,36,17,72,119,18,74,75,76,77,78,79,80,81,82,83,84,85,86,87,88,89" pointTypes=";34;117;34;7;7" names="247,221,211,266,272,273,237,274,268,275,260,269,270,276,277,278,264" />
                    <segment id="92017684" length="2" startTrkptIdx="643" segmentTime="1.80" speed="26.07" turnType="" turnAngle="" types="0,62,71,39,120,70,36,17,72,119,18,74,75,76,77,78,79,80,81,82,83,84,85,86,87,88,89" pointTypes="" names="221,211,266,272,273,237,274,268,275,260,269,270,276,277,278,264" />
                    <segment id="92017682" length="17" startTrkptIdx="644" segmentTime="41.07" speed="26.07" turnType="" turnAngle="" types="0,71,39,70,36,17,72,119,18,74,75,76,77,78,79,80,81,82,83,84,85,86,87,88,89" pointTypes=";;6;7;6;6;7;6;;;;;;;;6;" names="221,211,266,272,273,237,274,268,275,260,269,270,276,277,278,264" />
                    <segment id="429280075" length="2" startTrkptIdx="660" segmentTime="0.60" speed="26.07" turnType="" turnAngle="" types="0,62,71,39,70,36,17,72,119,18,74,75,76,77,78,79,80,81,82,83,84,85,86,87,88,89" pointTypes="" names="221,211,266,272,273,237,274,268,275,260,269,270,276,277,278,264" />
                    <segment id="429280078" length="4" startTrkptIdx="661" segmentTime="11.23" speed="26.07" turnType="" turnAngle="" types="0,71,39,70,36,17,72,119,18,74,75,76,77,78,79,80,81,82,83,84,85,86,87,88,89" pointTypes=";;;6" names="221,211,266,272,273,237,274,268,275,260,269,270,276,277,278,264" />
                    <segment id="125578999" length="2" startTrkptIdx="664" segmentTime="0.76" speed="26.07" turnType="" turnAngle="" types="0,62,71,39,70,36,17,72,119,18,74,75,76,77,78,79,80,81,82,83,84,85,86,87,88,89" pointTypes="" names="221,211,266,272,273,237,274,268,275,260,269,270,276,277,278,264" />
                    <segment id="125579004" length="4" startTrkptIdx="665" segmentTime="4.78" speed="26.07" turnType="" turnAngle="" types="0,71,39,70,36,17,72,119,18,74,75,76,77,78,79,80,81,82,83,84,85,86,87,88,89" pointTypes=";6;;6" names="221,211,266,272,273,237,274,268,275,260,269,270,276,277,278,264" />
                    <segment id="757784513" length="28" startTrkptIdx="668" segmentTime="37.60" speed="26.07" turnType="" turnAngle="" types="0,71,39,70,36,17,72,119,18,74,75,76,77,78,79,80,81,82,83,84,85,86,87,88,89" pointTypes=";7;34;117;6;7;;;;;;;;;;;;;;;;6;7;6;7;7;6;90" names="221,211,266,272,273,237,274,268,275,260,269,270,276,277,278,264" />
                    <segment id="757784513" length="15" startTrkptIdx="695" segmentTime="29.40" speed="26.07" turnType="" turnAngle="" types="0,71,39,70,36,17,72,119,18,74,75,76,77,78,79,80,81,82,83,84,85,86,87,88,89" pointTypes="90;;34;7;;;7;7;6;7;;;" names="221,211,266,272,273,237,274,268,275,260,269,270,276,277,278,264" />
                    <segment id="399139486" length="6" startTrkptIdx="709" segmentTime="4.93" speed="26.07" turnType="" turnAngle="" types="0,62,71,39,70,36,17,72,119,18,74,75,76,77,78,79,80,81,82,83,84,85,86,87,88,89" pointTypes="" names="221,211,266,272,273,237,274,268,275,260,269,270,276,277,278,264" />
                    <segment id="399139488" length="9" startTrkptIdx="714" segmentTime="7.92" speed="26.07" turnType="" turnAngle="" types="0,71,39,70,36,17,72,119,18,74,75,76,77,78,79,80,81,82,83,84,85,86,87,88,89" pointTypes=";;;;;;;;90" names="221,211,266,272,273,237,274,268,275,260,269,270,276,277,278,264" />
                    <segment id="504339152" length="4" startTrkptIdx="722" segmentTime="31.72" speed="26.07" turnType="" turnAngle="" types="0,121,39,70,36,13,72,119,14,74,75,76,77,78,79,80,81,82,83,84,85,86,87,88,89" pointTypes="90;;;" names="221,211,266,272,273,237,274,268,275,260,269,270,276,277,278,264" />
                    <segment id="1177127515" length="8" startTrkptIdx="725" segmentTime="19.88" speed="26.07" turnType="" turnAngle="" types="0,121,39,70,36,13,72,119,14,74,75,76,77,78,79,80,81,82,83,84,85,86,87,88,89" pointTypes=";;;;;;;90" names="221,211,266,272,273,237,274,268,275,260,269,270,276,277,278,264" />
                    <segment id="122888644" length="15" startTrkptIdx="732" segmentTime="21.51" speed="26.07" turnType="" turnAngle="" types="0,121,39,70,36,13,72,119,14,74,75,76,77,78,79,80,81,82,83,84,85,86,87,88,89" pointTypes="90;;;;;;;;;;;;;7;117" names="221,211,266,272,273,237,274,268,275,260,269,270,276,277,278,264" />
                    <segment id="1038882201" length="6" startTrkptIdx="746" segmentTime="9.57" speed="26.07" turnType="" turnAngle="" types="0,121,39,70,36,13,72,119,14,74,75,76,77,78,79,80,81,82,83,84,85,86,87,88,89" pointTypes=";7;6;;;" names="221,211,266,272,273,237,274,268,275,260,269,270,276,277,278,264" />
                    <segment id="1177127516" length="2" startTrkptIdx="751" segmentTime="5.42" speed="26.07" turnType="" turnAngle="" types="0,121,39,70,36,13,72,119,14,74,75,76,77,78,79,80,81,82,83,84,85,86,87,88,89" pointTypes=";6" names="221,211,266,272,273,237,274,268,275,260,269,270,276,277,278,264" />
                    <segment id="1177127516" length="2" startTrkptIdx="752" segmentTime="0.69" speed="26.07" turnType="" turnAngle="" types="0,121,39,70,36,13,72,119,14,74,75,76,77,78,79,80,81,82,83,84,85,86,87,88,89" pointTypes="6;7" names="221,211,266,272,273,237,274,268,275,260,269,270,276,277,278,264" />
                    <segment id="1038882202" length="2" startTrkptIdx="753" segmentTime="4.10" speed="26.07" turnType="" turnAngle="" types="0,62,121,39,70,36,13,72,119,14,74,75,76,77,78,79,80,81,82,83,84,85,86,87,88,89" pointTypes="" names="221,211,266,272,273,237,274,268,275,260,269,270,276,277,278,264" />
                    <segment id="125731839" length="14" startTrkptIdx="754" segmentTime="40.09" speed="26.07" turnType="" turnAngle="" types="0,121,39,70,36,13,72,119,14,74,75,76,77,78,79,80,81,82,83,84,85,86,87,88,89" pointTypes=";;34;;;;;;;;7;34;;122" names="221,211,266,272,273,237,274,268,275,260,269,270,276,277,278,264" />
                    <segment id="125731837" length="4" startTrkptIdx="767" segmentTime="6.32" speed="26.07" turnType="" turnAngle="" types="0,62,121,39,70,36,13,72,119,14,74,75,76,77,78,79,80,81,82,83,84,85,86,87,88,89" pointTypes="" names="221,211,266,272,273,237,274,268,275,260,269,270,276,277,278,264" />
                    <segment id="810571614" length="2" startTrkptIdx="770" segmentTime="1.18" speed="26.07" turnType="" turnAngle="" types="0,121,39,70,36,13,72,119,14,74,75,76,77,78,79,80,81,82,83,84,85,86,87,88,89" pointTypes=";90,6" names="221,211,266,272,273,237,274,268,275,260,269,270,276,277,278,264" />
                    <segment id="810571614" length="2" startTrkptIdx="771" segmentTime="2.59" speed="26.07" turnType="" turnAngle="" types="0,121,39,70,36,13,72,119,14,74,75,76,77,78,79,80,81,82,83,84,85,86,87,88,89" pointTypes="90,6;6" names="221,211,266,272,273,237,274,268,275,260,269,270,276,277,278,264" />
                    <segment id="810571613" length="2" startTrkptIdx="772" segmentTime="3.26" speed="26.07" turnType="" turnAngle="" types="0,121,39,70,36,13,72,119,14,74,75,76,77,78,79,80,81,82,83,84,85,86,87,88,89" pointTypes=";6" names="221,211,266,272,273,237,274,268,275,260,269,270,276,277,278,264" />
                    <segment id="803892897" length="2" startTrkptIdx="773" segmentTime="0.78" speed="26.07" turnType="" turnAngle="" types="0,121,39,70,36,13,72,119,14,74,75,76,77,78,79,80,81,82,83,84,85,86,87,88,89" pointTypes="" names="221,211,266,272,273,237,274,268,275,260,269,270,276,277,278,264" />
                    <segment id="814771643" length="3" startTrkptIdx="774" segmentTime="6.58" speed="26.07" turnType="" turnAngle="" types="0,121,39,70,36,13,72,119,14,74,75,76,77,78,79,80,81,82,83,84,85,86,87,88,89" pointTypes=";;" names="221,211,266,272,273,237,274,268,275,260,269,270,276,277,278,264" />
                    <segment id="810565698" length="29" startTrkptIdx="776" segmentTime="53.50" speed="26.07" turnType="" turnAngle="" types="0,121,39,70,36,13,72,119,14,74,75,76,77,78,79,80,81,82,83,84,85,86,87,88,89" pointTypes=";;;;;;;;6;;;;;;;;;;;;6;6;;;;;;;90" names="221,211,266,272,273,237,274,268,275,260,269,270,276,277,278,264" />
                    <segment id="125731831" length="3" startTrkptIdx="804" segmentTime="3.80" speed="26.07" turnType="" turnAngle="" types="0,121,39,70,36,13,72,119,14,74,75,76,77,78,79,80,81,82,83,84,85,86,87,88,89" pointTypes="90" names="221,211,266,272,273,237,274,268,275,260,269,270,276,277,278,264" />
                    <segment id="803901452" length="25" startTrkptIdx="806" segmentTime="62.88" speed="26.07" turnType="" turnAngle="" types="0,121,39,70,36,13,72,119,14,74,75,76,77,78,79,80,81,82,83,84,85,86,87,88,89" pointTypes=";;;;;6;;;;;;;;6;;;;;6;;;;;;6" names="221,211,266,272,273,237,274,268,275,260,269,270,276,277,278,264" />
                    <segment id="815069727" length="2" startTrkptIdx="830" segmentTime="2.04" speed="26.07" turnType="" turnAngle="" types="0,121,39,70,36,13,72,119,14,74,75,76,77,78,79,80,81,82,83,84,85,86,87,88,89" pointTypes=";90,6" names="221,211,266,272,273,237,274,268,275,260,269,270,276,277,278,264" />
                    <segment id="815069726" length="2" startTrkptIdx="831" segmentTime="3.95" speed="26.07" turnType="" turnAngle="" types="0,121,39,70,36,13,72,119,14,74,75,76,77,78,79,80,81,82,83,84,85,86,87,88,89" pointTypes="90;6" names="221,211,266,272,273,237,274,268,275,260,269,270,276,277,278,264" />
                    <segment id="815069729" length="2" startTrkptIdx="832" segmentTime="2.93" speed="26.07" turnType="" turnAngle="" types="0,121,39,70,36,13,72,119,14,74,75,76,77,78,79,80,81,82,83,84,85,86,87,88,89" pointTypes=";" names="221,211,266,272,273,237,274,268,275,260,269,270,276,277,278,264" />
                    <segment id="804334000" length="21" startTrkptIdx="833" segmentTime="37.54" speed="26.07" turnType="" turnAngle="" types="0,121,39,70,36,13,72,119,14,74,75,76,77,78,79,80,81,82,83,84,85,86,87,88,89" pointTypes=";;6;;;6;;;;;;;;;;;6;6;;;" names="221,211,266,272,273,237,274,268,275,260,269,270,276,277,278,264" />
                    <segment id="804334000" length="7" startTrkptIdx="853" segmentTime="6.08" speed="26.07" turnType="" turnAngle="" types="0,121,39,70,36,13,72,119,14,74,75,76,77,78,79,80,81,82,83,84,85,86,87,88,89" pointTypes=";;;;;;" names="221,211,266,272,273,237,274,268,275,260,269,270,276,277,278,264" />
                    <segment id="819612991" length="5" startTrkptIdx="859" segmentTime="3.75" speed="26.07" turnType="" turnAngle="" types="0,121,39,70,36,13,72,119,14,74,75,76,77,78,79,80,81,82,83,84,85,86,87,88,89" pointTypes=";;7;7;7" names="221,211,266,272,273,237,274,268,275,260,269,270,276,277,278,264" />
                    <segment id="804333999" length="2" startTrkptIdx="863" segmentTime="0.29" speed="26.07" turnType="" turnAngle="" types="0,121,39,70,36,13,72,119,14,74,75,76,77,78,79,80,81,82,83,84,85,86,87,88,89" pointTypes=";34" names="221,211,266,272,273,237,274,268,275,260,269,270,276,277,278,264" />
                    <segment id="814609971" length="7" startTrkptIdx="864" segmentTime="6.11" speed="26.07" turnType="" turnAngle="" types="0,121,39,70,36,13,72,119,14,74,75,76,77,78,79,80,81,82,83,84,85,86,87,88,89" pointTypes=";7;6;;;;" names="221,211,266,272,273,237,274,268,275,260,269,270,276,277,278,264" />
                    <segment id="814609972" length="7" startTrkptIdx="870" segmentTime="10.22" speed="26.07" turnType="" turnAngle="" types="0,71,39,70,36,13,72,119,14,74,75,76,77,78,79,80,81,82,83,84,85,86,87,88,89" pointTypes=";;;;6;6" names="221,211,266,272,273,237,274,268,275,260,269,270,276,277,278,264" />
                    <segment id="122887915" length="22" startTrkptIdx="876" segmentTime="66.99" speed="26.07" turnType="" turnAngle="" types="0,71,39,70,36,13,72,119,14,74,75,76,77,78,79,80,81,82,83,84,85,86,87,88,89" pointTypes=";;;;;6;;;;;;7;7;7;;;;;;6;6;" names="221,211,266,272,273,237,274,268,275,260,269,270,276,277,278,264" />
                    <segment id="554758204" length="3" startTrkptIdx="897" segmentTime="11.53" speed="28.48" turnType="" turnAngle="" types="0,71,39,96,123,36,17,72,119,18,74,75,76,77,78,79,80,81,82,83,84,85,86,87,88,89" pointTypes=";6;90" names="221,211,266,272,273,237,274,268,275,260,269,270,276,277,278,264" />
                    <segment id="554758204" length="8" startTrkptIdx="899" segmentTime="47.94" speed="28.48" turnType="" turnAngle="" types="0,71,39,96,123,36,17,72,119,18,74,75,76,77,78,79,80,81,82,83,84,85,86,87,88,89" pointTypes="90;;;;;;;" names="221,211,266,272,273,237,274,268,275,260,269,270,276,277,278,264" />
                    <segment id="248540196" length="98" startTrkptIdx="906" segmentTime="206.33" speed="28.48" turnType="" turnAngle="" types="0,71,39,123,36,17,72,119,18,74,75,76,77,78,79,80,81,82,83,84,85,86,87,88,89" pointTypes=";;34;;;;;;;;;;7;34;34;34;7;7;6;6;6;;;;;;;;;;;;;;;;;;;;;;;;;;;;;;;;;;6;;;6;;;;;;;;6;7;34;34;6;;;6;;;;;;;;6;7;6;6;;;;;;6;;;;;;;;7" names="221,211,266,272,273,237,274,268,275,260,269,270,276,277,278,264" />
                    <segment id="1395137034" length="7" startTrkptIdx="1003" segmentTime="10.91" speed="28.48" turnType="" turnAngle="" types="0,71,39,123,36,17,72,119,18,74,75,76,77,78,79,80,81,82,83,84,85,86,87,88,89" pointTypes=";6;6;6;6;6;90,6" names="221,211,266,272,273,237,274,268,275,260,269,270,276,277,278,264" />
                    <segment id="256772755" length="11" startTrkptIdx="1009" segmentTime="33.45" speed="28.48" turnType="" turnAngle="" types="0,71,39,123,36,17,72,119,18,74,75,76,77,78,79,80,81,82,83,84,85,86,87,88,89" pointTypes="90;;;;6;34;117;6;;;" names="221,211,266,272,273,237,274,268,275,260,269,270,276,277,278,264" />
                    <segment id="571304146" length="18" startTrkptIdx="1019" segmentTime="43.59" speed="28.48" turnType="" turnAngle="" types="0,71,39,123,36,17,72,119,18,74,75,76,77,78,79,80,81,82,83,84,85,86,87,88,89" pointTypes=";;7;;6;6;6;;;6;6;;;;;6;;90" names="221,211,266,272,273,237,274,268,275,260,269,270,276,277,278,264" />
                    <segment id="571304146" length="19" startTrkptIdx="1036" segmentTime="44.49" speed="28.48" turnType="TSLL" turnAngle="-5.04" types="0,71,39,123,36,17,72,119,18,74,75,76,77,78,79,80,81,82,83,84,85,86,87,88,89" pointTypes="90;;;;114,6;;;;;;6;6;6;;;6" names="221,211,266,272,273,237,274,268,275,260,269,270,276,277,278,264" />
                    <segment id="167954419" length="14" startTrkptIdx="1054" segmentTime="32.89" speed="28.48" turnType="" turnAngle="" types="0,71,39,123,36,17,72,119,18,74,75,76,77,78,79,80,81,82,83,84,85,86,87,88,89" pointTypes=";;;;;;6;;;;;;;90,6" names="221,211,266,272,273,237,274,268,275,260,269,270,276,277,278,264" />
                    <segment id="167954419" length="52" startTrkptIdx="1067" segmentTime="187.88" speed="28.48" turnType="" turnAngle="" types="0,71,39,123,36,17,72,119,18,74,75,76,77,78,79,80,81,82,83,84,85,86,87,88,89" pointTypes="90,6;;;;;;;;6;6;;;6;;;;;;;;;;;;;6;6;;;;;;6;;;;;;;;;;;;;;;;;;;90" names="221,211,266,272,273,237,274,268,275,260,269,270,276,277,278,264" />
                    <segment id="1177127523" length="17" startTrkptIdx="1118" segmentTime="27.74" speed="28.48" turnType="" turnAngle="" types="0,71,39,123,36,17,72,119,18,74,75,76,77,78,79,80,81,82,83,84,85,86,87,88,89" pointTypes="90;;;;;;6;;;;;6;;6;;;" names="221,211,266,272,273,237,274,268,275,260,269,270,276,277,278,264" />
                    <segment id="805923396" length="5" startTrkptIdx="1134" segmentTime="5.83" speed="28.48" turnType="" turnAngle="" types="0,71,50,123,36,17,108,72,119,18,74,75,76,77,78,79,80,81,82,83,84,85,86,87,88,89" pointTypes=";" names="221,211,266,272,273,237,274,268,275,260,269,270,276,277,278,264" />
                    <segment id="805923395" length="14" startTrkptIdx="1138" segmentTime="37.94" speed="28.48" turnType="" turnAngle="" types="0,71,39,123,36,17,72,119,18,74,75,76,77,78,79,80,81,82,83,84,85,86,87,88,89" pointTypes=";;;;;;;;6;;;;;90" names="221,211,266,272,273,237,274,268,275,260,269,270,276,277,278,264" />
                    <segment id="1373529351" length="2" startTrkptIdx="1151" segmentTime="5.34" speed="28.48" turnType="" turnAngle="" types="67,71,39,123,36,17,72,119,18,74,75,76,77,78,79,80,81,82,83,84,85,86,87,88,89" pointTypes="90;" names="221,211,266,272,273,237,274,268,275,260,269,270,276,277,278,264" />
                    <segment id="374370947" length="13" startTrkptIdx="1152" segmentTime="16.71" speed="28.48" turnType="" turnAngle="" types="0,71,39,123,36,17,72,119,18,74,75,76,77,78,79,80,81,82,83,84,85,86,87,88,89" pointTypes=";;;;;;6;7;34;117;34;6;6" names="221,211,266,272,273,237,274,268,275,260,269,270,276,277,278,264" />
                    <segment id="396504580" length="2" startTrkptIdx="1164" segmentTime="2.26" speed="28.48" turnType="" turnAngle="" types="0,62,71,39,123,36,17,72,119,18,74,75,76,77,78,79,80,81,82,83,84,85,86,87,88,89" pointTypes="" names="221,211,266,272,273,237,274,268,275,260,269,270,276,277,278,264" />
                    <segment id="396504579" length="180" startTrkptIdx="1165" segmentTime="346.20" speed="28.48" turnType="" turnAngle="" types="0,71,39,123,36,17,72,119,18,74,75,76,77,78,79,80,81,82,83,84,85,86,87,88,89" pointTypes=";6;;;;;;;;;;;;;;;;;;6;6;7;6;;;;;7;;7;;;;;;;;;6;7;117;117;34;117;34;34;6;;;;;;6;;;;;;;;;;;;;;;;6;6;6;6;;;;;;;;;;7;7;6;;;;;;;;;;;;;;;;;;;;;;;;;;34;;7;117;117;6;;;;;;;;7;;;;;;;;;7;;6;;;;117;;;;;122;34;114,6;;6;;34;122;122;;;;7;;;;;34;122;;122;;117;34;7;7;7;7;7;6;;6;7;6;;;;90,6" names="221,211,266,272,273,237,274,268,275,260,269,270,276,277,278,264" />
                    <segment id="396504579" length="13" startTrkptIdx="1344" segmentTime="26.65" speed="28.48" turnType="" turnAngle="" types="0,71,39,123,36,17,72,119,18,74,75,76,77,78,79,80,81,82,83,84,85,86,87,88,89" pointTypes="90,6;6;6;114;;;;;;;;;" names="221,211,266,272,273,237,274,268,275,260,269,270,276,277,278,264" />
                    <segment id="1271317076" length="2" startTrkptIdx="1356" segmentTime="2.96" speed="28.48" turnType="" turnAngle="" types="0,71,50,123,36,17,108,72,119,18,74,75,76,77,78,79,80,81,82,83,84,85,86,87,88,89" pointTypes=";" names="221,211,266,272,273,237,274,268,275,260,269,270,276,277,278,264" />
                    <segment id="1271317075" length="2" startTrkptIdx="1357" segmentTime="6.95" speed="28.48" turnType="" turnAngle="" types="0,71,39,123,36,17,72,119,18,74,75,76,77,78,79,80,81,82,83,84,85,86,87,88,89" pointTypes=";7" names="221,211,266,272,273,237,274,268,275,260,269,270,276,277,278,264" />
                    <segment id="706943867" length="2" startTrkptIdx="1358" segmentTime="3.64" speed="28.48" turnType="" turnAngle="" types="0,62,71,39,123,36,17,72,119,18,74,75,76,77,78,79,80,81,82,83,84,85,86,87,88,89" pointTypes="" names="221,211,266,272,273,237,274,268,275,260,269,270,276,277,278,264" />
                    <segment id="706943866" length="28" startTrkptIdx="1359" segmentTime="53.49" speed="28.48" turnType="" turnAngle="" types="0,71,39,123,36,17,72,119,18,74,75,76,77,78,79,80,81,82,83,84,85,86,87,88,89" pointTypes=";114;;;;;;;6;;6;;;;;;6;;;;;;;;;6;7;6" names="221,211,266,272,273,237,274,268,275,260,269,270,276,277,278,264" />
                    <segment id="709943220" length="2" startTrkptIdx="1386" segmentTime="2.86" speed="28.48" turnType="" turnAngle="" types="0,62,71,39,123,36,17,72,119,18,74,75,76,77,78,79,80,81,82,83,84,85,86,87,88,89" pointTypes="" names="221,211,266,272,273,237,274,268,275,260,269,270,276,277,278,264" />
                    <segment id="709943226" length="7" startTrkptIdx="1387" segmentTime="27.93" speed="28.48" turnType="" turnAngle="" types="0,71,39,123,36,17,72,119,18,74,75,76,77,78,79,80,81,82,83,84,85,86,87,88,89" pointTypes=";;;;114;;6" names="221,211,266,272,273,237,274,268,275,260,269,270,276,277,278,264" />
                    <segment id="709943223" length="2" startTrkptIdx="1393" segmentTime="2.66" speed="28.48" turnType="" turnAngle="" types="0,62,71,39,123,36,17,72,119,18,74,75,76,77,78,79,80,81,82,83,84,85,86,87,88,89" pointTypes="" names="221,211,266,272,273,237,274,268,275,260,269,270,276,277,278,264" />
                    <segment id="709943222" length="3" startTrkptIdx="1394" segmentTime="12.85" speed="28.48" turnType="" turnAngle="" types="0,71,39,123,36,17,72,119,18,74,75,76,77,78,79,80,81,82,83,84,85,86,87,88,89" pointTypes=";;6" names="221,211,266,272,273,237,274,268,275,260,269,270,276,277,278,264" />
                    <segment id="756864059" length="2" startTrkptIdx="1396" segmentTime="3.14" speed="28.48" turnType="" turnAngle="" types="0,62,71,39,123,36,17,72,119,18,74,75,76,77,78,79,80,81,82,83,84,85,86,87,88,89" pointTypes="" names="221,211,266,272,273,237,274,268,275,260,269,270,276,277,278,264" />
                    <segment id="1373529346" length="2" startTrkptIdx="1397" segmentTime="3.27" speed="28.48" turnType="" turnAngle="" types="0,71,39,123,36,17,72,119,18,74,75,76,77,78,79,80,81,82,83,84,85,86,87,88,89" pointTypes=";90" names="221,211,266,272,273,237,274,268,275,260,269,270,276,277,278,264" />
                    <segment id="1373529347" length="2" startTrkptIdx="1398" segmentTime="4.45" speed="28.48" turnType="" turnAngle="" types="67,71,39,123,36,17,72,119,18,74,75,76,77,78,79,80,81,82,83,84,85,86,87,88,89" pointTypes="90" names="221,211,266,272,273,237,274,268,275,260,269,270,276,277,278,264" />
                    <segment id="756864063" length="6" startTrkptIdx="1399" segmentTime="20.91" speed="28.48" turnType="" turnAngle="" types="0,71,39,123,36,17,72,119,18,74,75,76,77,78,79,80,81,82,83,84,85,86,87,88,89" pointTypes=";;114;;" names="221,211,266,272,273,237,274,268,275,260,269,270,276,277,278,264" />
                    <segment id="1373529349" length="2" startTrkptIdx="1404" segmentTime="3.06" speed="28.48" turnType="" turnAngle="" types="67,71,39,123,36,17,72,119,18,74,75,76,77,78,79,80,81,82,83,84,85,86,87,88,89" pointTypes="" names="221,211,266,272,273,237,274,268,275,260,269,270,276,277,278,264" />
                    <segment id="1271318097" length="2" startTrkptIdx="1405" segmentTime="5.83" speed="28.48" turnType="" turnAngle="" types="0,71,50,123,36,17,108,72,119,18,74,75,76,77,78,79,80,81,82,83,84,85,86,87,88,89" pointTypes=";" names="221,211,266,272,273,237,274,268,275,260,269,270,276,277,278,264" />
                    <segment id="336775115" length="61" startTrkptIdx="1406" segmentTime="152.70" speed="28.48" turnType="" turnAngle="" types="0,71,39,96,123,36,17,72,119,18,74,75,76,77,78,79,80,81,82,83,84,85,86,87,88,89" pointTypes=";;;;;6;7;34;6;6;;;;;;;;;;;;;;;;;;;;;;;;;;;;;;;;;6;6;;;;;;;;;;;;;;;;;" names="221,211,266,272,273,237,274,268,275,260,269,270,276,277,278,264" />
                    <segment id="1070606282" length="12" startTrkptIdx="1466" segmentTime="31.09" speed="28.48" turnType="" turnAngle="" types="0,71,50,123,36,17,124,72,119,18,74,75,76,77,78,79,80,81,82,83,84,85,86,87,88,89" pointTypes=";6;6;;;;;;;;;90" names="221,211,266,272,273,237,274,268,275,260,269,270,276,277,278,264" />
                    <segment id="1078463065" length="27" startTrkptIdx="1477" segmentTime="44.07" speed="28.48" turnType="KR" turnAngle="2.36" types="67,71,39,96,123,36,17,72,18,74,75,76,101,102,103,82,83,84,104,105,106" pointTypes="90;;;;;6;6;;;;;;;;;;;;;;;;;;;;6" names="279,221,211,266,267,237,268,259,269,270,271,263,280" />
                    <segment id="403578798" length="35" startTrkptIdx="1503" segmentTime="125.35" speed="28.48" turnType="" turnAngle="" types="0,71,39,96,123,36,17,72,18,74,75,76,101,102,103,82,83,84,104,105,106" pointTypes=";;;;6;;6;6;;;;6;6;;;;;;;;;;;;;;;114;;;;;;6;90,7" names="221,211,266,267,237,268,259,269,270,271,263" />
                    <segment id="403578798" length="8" startTrkptIdx="1537" segmentTime="34.36" speed="28.48" turnType="" turnAngle="" types="0,71,39,96,123,36,17,72,18,74,75,76,101,102,103,82,83,84,104,105,106" pointTypes="90,7;;;;;;;" names="221,211,266,267,237,268,259,269,270,271,263" />
                    <segment id="403578798" length="31" startTrkptIdx="1544" segmentTime="171.18" speed="28.48" turnType="" turnAngle="" types="0,71,39,96,123,36,17,72,18,74,75,76,101,102,103,82,83,84,104,105,106" pointTypes=";;;34;34;6;6;6;;;;;;;;;6;;;;;;34;7;6;;;;114;" names="221,211,266,267,237,268,259,269,270,271,263" />
                    <segment id="403580953" length="2" startTrkptIdx="1574" segmentTime="1.05" speed="28.48" turnType="" turnAngle="" types="0,62,71,39,123,36,17,72,18,74,75,76,101,102,103,82,83,84,104,105,106" pointTypes="" names="221,211,266,267,237,268,259,269,270,271,263" />
                    <segment id="403580954" length="4" startTrkptIdx="1575" segmentTime="35.33" speed="28.48" turnType="" turnAngle="" types="0,71,39,123,36,17,72,18,74,75,76,101,102,103,82,83,84,104,105,106" pointTypes=";;;90" names="221,211,266,267,237,268,259,269,270,271,263" />
                    <segment id="403580954" length="4" startTrkptIdx="1578" segmentTime="18.73" speed="28.48" turnType="" turnAngle="" types="0,71,39,123,36,17,72,18,74,75,76,101,102,103,82,83,84,104,105,106" pointTypes="90;" names="221,211,266,267,237,268,259,269,270,271,263" />
                    <segment id="403578783" length="2" startTrkptIdx="1581" segmentTime="1.13" speed="28.48" turnType="" turnAngle="" types="0,62,71,39,123,36,17,72,18,74,75,76,101,102,103,82,83,84,104,105,106" pointTypes="" names="221,211,266,267,237,268,259,269,270,271,263" />
                    <segment id="403578793" length="14" startTrkptIdx="1582" segmentTime="64.57" speed="28.48" turnType="" turnAngle="" types="0,71,39,123,36,17,72,18,74,75,76,101,102,103,82,83,84,104,105,106" pointTypes=";;;;;;;;;;;" names="221,211,266,267,237,268,259,269,270,271,263" />
                    <segment id="1182386252" length="2" startTrkptIdx="1595" segmentTime="0.48" speed="28.48" turnType="" turnAngle="" types="0,62,71,39,123,36,17,72,18,74,75,76,101,102,103,82,83,84,104,105,106" pointTypes="" names="221,211,266,267,237,268,259,269,270,271,263" />
                    <segment id="1182386251" length="11" startTrkptIdx="1596" segmentTime="51.97" speed="28.48" turnType="" turnAngle="" types="0,71,39,123,36,17,72,18,74,75,76,101,102,103,82,83,84,104,105,106" pointTypes=";;;;;;;;;;" names="221,211,266,267,237,268,259,269,270,271,263" />
                    <segment id="403580947" length="2" startTrkptIdx="1606" segmentTime="2.03" speed="28.48" turnType="" turnAngle="" types="0,62,71,39,123,36,17,72,18,74,75,76,101,102,103,82,83,84,104,105,106" pointTypes="" names="221,211,266,267,237,268,259,269,270,271,263" />
                    <segment id="1148412556" length="5" startTrkptIdx="1607" segmentTime="14.48" speed="28.48" turnType="" turnAngle="" types="0,71,39,123,36,17,72,18,74,75,76,101,102,103,82,83,84,104,105,106" pointTypes=";6;;;90" names="221,211,266,267,237,268,259,269,270,271,263" />
                    <segment id="1148412556" length="12" startTrkptIdx="1611" segmentTime="30.46" speed="28.48" turnType="" turnAngle="" types="0,71,39,123,36,17,72,18,74,75,76,101,102,103,82,83,84,104,105,106" pointTypes="90;;;;;" names="221,211,266,267,237,268,259,269,270,271,263" />
                    <segment id="403580948" length="2" startTrkptIdx="1622" segmentTime="0.55" speed="28.48" turnType="" turnAngle="" types="0,71,39,123,36,17,72,18,74,75,76,101,102,103,82,83,84,104,105,106" pointTypes=";" names="221,211,266,267,237,268,259,269,270,271,263" />
                    <segment id="403580948" length="15" startTrkptIdx="1623" segmentTime="49.58" speed="28.48" turnType="" turnAngle="" types="0,71,39,123,36,17,72,18,74,75,76,101,102,103,82,83,84,104,105,106" pointTypes=";;;;;6;;;;6;;;;34;34" names="221,211,266,267,237,268,259,269,270,271,263" />
                    <segment id="807939250" length="2" startTrkptIdx="1637" segmentTime="5.19" speed="28.48" turnType="" turnAngle="" types="0,125,71,39,123,36,17,72,18,74,75,76,101,102,103,82,83,84,104,105,106" pointTypes="" names="221,211,266,267,237,268,259,269,270,271,263" />
                    <segment id="807939252" length="37" startTrkptIdx="1638" segmentTime="71.21" speed="28.48" turnType="" turnAngle="" types="0,71,39,96,123,36,17,72,18,74,75,76,101,102,103,82,83,84,104,105,106" pointTypes=";;;;;;;;;;;;;;;;;;;;;;;;;;6;6;;;;;;;;7;6" names="221,211,266,267,237,268,259,269,270,271,263" />
                    <segment id="918224815" length="3" startTrkptIdx="1674" segmentTime="2.44" speed="28.48" turnType="" turnAngle="" types="0,125,71,39,123,36,17,72,18,74,75,76,101,102,103,82,83,84,104,105,106" pointTypes="" names="221,211,266,267,237,268,259,269,270,271,263" />
                    <segment id="807939258" length="2" startTrkptIdx="1676" segmentTime="2.55" speed="28.48" turnType="" turnAngle="" types="0,71,39,123,36,17,72,18,74,75,76,101,102,103,82,83,84,104,105,106" pointTypes=";" names="221,211,266,267,237,268,259,269,270,271,263" />
                    <segment id="918224814" length="4" startTrkptIdx="1677" segmentTime="3.21" speed="28.48" turnType="" turnAngle="" types="0,125,71,39,123,36,17,72,18,74,75,76,101,102,103,82,83,84,104,105,106" pointTypes="" names="221,211,266,267,237,268,259,269,270,271,263" />
                    <segment id="546039202" length="10" startTrkptIdx="1680" segmentTime="8.99" speed="28.48" turnType="" turnAngle="" types="0,71,39,123,36,17,72,18,74,75,76,101,102,103,82,83,84,104,105,106" pointTypes=";;;;;;;6;;" names="221,211,266,267,237,268,259,269,270,271,263" />
                    <segment id="1056187165" length="26" startTrkptIdx="1689" segmentTime="29.39" speed="28.48" turnType="" turnAngle="" types="67,71,39,123,36,17,72,18,74,75,76,101,102,103,82,83,84,104,105,106" pointTypes=";;;;;;;;;;;;;;6;;;;6;;6;;;;6;" names="221,211,266,267,237,268,259,269,270,271,263" />
                    <segment id="188429147" length="13" startTrkptIdx="1714" segmentTime="33.96" speed="28.48" turnType="" turnAngle="" types="67,71,50,123,36,17,126,72,119,18,74,75,76,77,78,79,80,81,82,83,84,85,86,87,88,89" pointTypes=";;;;6;;;6;;;;;90" names="221,211,266,272,273,237,274,268,275,260,269,270,276,277,278,264" />
                    <segment id="503671156" length="6" startTrkptIdx="1726" segmentTime="14.82" speed="28.48" turnType="" turnAngle="" types="67,71,39,123,36,94,17,72,119,18,74,75,76,77,78,79,80,81,82,83,84,85,86,87,88,89" pointTypes="90;;6;;;6" names="221,211,266,272,273,237,274,268,275,260,269,270,276,277,278,264" />
                    <segment id="32335671" length="2" startTrkptIdx="1731" segmentTime="1.38" speed="28.48" turnType="" turnAngle="" types="67,62,71,39,123,36,94,17,72,119,18,74,75,76,77,78,79,80,81,82,83,84,85,86,87,88,89" pointTypes="" names="221,211,266,272,273,237,274,268,275,260,269,270,276,277,278,264" />
                    <segment id="809168691" length="3" startTrkptIdx="1732" segmentTime="11.92" speed="28.48" turnType="" turnAngle="" types="67,71,39,123,36,94,17,72,119,18,74,75,76,77,78,79,80,81,82,83,84,85,86,87,88,89" pointTypes=";;" names="221,211,266,272,273,237,274,268,275,260,269,270,276,277,278,264" />
                    <segment id="118778224" length="6" startTrkptIdx="1734" segmentTime="28.98" speed="28.48" turnType="" turnAngle="" types="0,1,71,39,123,36,94,17,72,119,18,74,75,76,77,78,79,80,81,82,83,84,85,86,87,88,89" pointTypes=";;;;;" names="221,211,266,272,273,237,274,268,275,260,269,270,276,277,278,264" />
                    <segment id="542511206" length="13" startTrkptIdx="1739" segmentTime="54.03" speed="28.48" turnType="" turnAngle="" types="0,1,71,39,123,36,94,17,72,119,18,74,75,76,77,78,79,80,81,82,83,84,85,86,87,88,89" pointTypes=";;;;;;;6;;;;" names="221,211,266,272,273,237,274,268,275,260,269,270,276,277,278,264" />
                    <segment id="253575603" length="2" startTrkptIdx="1751" segmentTime="0.82" speed="28.48" turnType="" turnAngle="" types="0,62,1,71,39,123,36,94,17,72,119,18,74,75,76,77,78,79,80,81,82,83,84,85,86,87,88,89" pointTypes="" names="221,211,266,272,273,237,274,268,275,260,269,270,276,277,278,264,281" />
                    <segment id="461109215" length="22" startTrkptIdx="1752" segmentTime="91.89" speed="28.48" turnType="" turnAngle="" types="0,1,71,39,123,36,94,17,72,119,18,74,75,76,77,78,79,80,81,82,83,84,85,86,87,88,89" pointTypes=";;;;;;;;;;;;;;;;;6;;;;90" names="221,211,266,272,273,237,274,268,275,260,269,270,276,277,278,264" />
                    <segment id="1410841856" length="2" startTrkptIdx="1773" segmentTime="4.53" speed="28.48" turnType="" turnAngle="" types="67,1,71,39,123,36,94,17,72,119,18,74,75,76,77,78,79,80,81,82,83,84,85,86,87,88,89" pointTypes="90;" names="221,211,266,272,273,237,274,268,275,260,269,270,276,277,278,264" />
                    <segment id="343761681" length="44" startTrkptIdx="1774" segmentTime="163.25" speed="28.48" turnType="" turnAngle="" types="0,1,71,39,123,36,94,17,72,119,18,74,75,76,77,78,79,80,81,82,83,84,85,86,87,88,89" pointTypes=";;;;;;;;7;6;7;;;;;;;;;;;;;;;;;;;;;;;;;;;;;;;;;90" names="221,211,266,272,273,237,274,268,275,260,269,270,276,277,278,264" />
                    <segment id="1410841860" length="2" startTrkptIdx="1817" segmentTime="5.40" speed="28.48" turnType="" turnAngle="" types="67,1,71,39,123,36,94,17,72,119,18,74,75,76,77,78,79,80,81,82,83,84,85,86,87,88,89" pointTypes="90" names="221,211,266,272,273,237,274,268,275,260,269,270,276,277,278,264" />
                    <segment id="1410841859" length="2" startTrkptIdx="1818" segmentTime="13.70" speed="28.48" turnType="" turnAngle="" types="0,1,71,39,123,36,94,17,72,119,18,74,75,76,77,78,79,80,81,82,83,84,85,86,87,88,89" pointTypes=";" names="221,211,266,272,273,237,274,268,275,260,269,270,276,277,278,264" />
                    <segment id="296971887" length="2" startTrkptIdx="1819" segmentTime="1.93" speed="28.48" turnType="" turnAngle="" types="0,62,1,71,39,123,36,94,17,72,119,18,74,75,76,77,78,79,80,81,82,83,84,85,86,87,88,89" pointTypes="" names="221,211,266,272,273,237,274,268,275,260,269,270,276,277,278,264,282" />
                    <segment id="1410841861" length="4" startTrkptIdx="1820" segmentTime="17.64" speed="28.48" turnType="" turnAngle="" types="0,1,71,39,123,36,94,17,72,119,18,74,75,76,77,78,79,80,81,82,83,84,85,86,87,88,89" pointTypes="" names="221,211,266,272,273,237,274,268,275,260,269,270,276,277,278,264" />
                    <segment id="1410841862" length="3" startTrkptIdx="1823" segmentTime="6.32" speed="28.48" turnType="" turnAngle="" types="67,1,71,39,123,36,94,17,72,119,18,74,75,76,77,78,79,80,81,82,83,84,85,86,87,88,89" pointTypes=";;" names="221,211,266,272,273,237,274,268,275,260,269,270,276,277,278,264" />
                    <segment id="296971888" length="31" startTrkptIdx="1825" segmentTime="121.65" speed="28.48" turnType="" turnAngle="" types="0,1,71,39,123,36,94,17,72,119,18,74,75,76,77,78,79,80,81,82,83,84,85,86,87,88,89" pointTypes=";;;;;;;;;;;;;;;;;;;;;;;;;;6;;;;" names="221,211,266,272,273,237,274,268,275,260,269,270,276,277,278,264" />
                    <segment id="385960499" length="3" startTrkptIdx="1855" segmentTime="7.18" speed="28.48" turnType="" turnAngle="" types="0,62,1,71,39,123,36,94,17,72,119,18,74,75,76,77,78,79,80,81,82,83,84,85,86,87,88,89" pointTypes="" names="221,211,266,272,273,237,274,268,275,260,269,270,276,277,278,264,283" />
                    <segment id="385960498" length="5" startTrkptIdx="1857" segmentTime="17.22" speed="26.07" turnType="" turnAngle="" types="0,1,71,39,70,36,94,17,127,72,119,18,74,75,76,77,78,79,80,81,82,83,84,85,86,87,88,89" pointTypes=";;" names="221,211,266,272,273,237,274,268,275,260,269,270,276,277,278,264" />
                    <segment id="426080062" length="5" startTrkptIdx="1861" segmentTime="18.09" speed="26.07" turnType="" turnAngle="" types="0,1,71,38,70,36,94,17,72,119,18,74,75,76,77,78,79,80,81,82,83,84,85,86,87,88,89" pointTypes=";;;;" names="221,211,266,272,273,237,274,268,275,260,269,270,276,277,278,264" />
                    <segment id="385960497" length="2" startTrkptIdx="1865" segmentTime="2.75" speed="26.07" turnType="" turnAngle="" types="0,62,1,71,38,70,36,94,17,72,119,18,74,75,76,77,78,79,80,81,82,83,84,85,86,87,88,89" pointTypes="" names="221,211,266,272,273,237,274,268,275,260,269,270,276,277,278,264" />
                    <segment id="291263081" length="4" startTrkptIdx="1866" segmentTime="12.72" speed="26.07" turnType="" turnAngle="" types="0,1,71,38,70,36,94,17,72,119,18,74,75,76,77,78,79,80,81,82,83,84,85,86,87,88,89" pointTypes=";;;" names="221,211,266,272,273,237,274,268,275,260,269,270,276,277,278,264" />
                    <segment id="1410841866" length="3" startTrkptIdx="1869" segmentTime="8.62" speed="26.07" turnType="" turnAngle="" types="67,1,71,38,70,36,94,17,72,119,18,74,75,76,77,78,79,80,81,82,83,84,85,86,87,88,89" pointTypes=";;6" names="221,211,266,272,273,237,274,268,275,260,269,270,276,277,278,264" />
                    <segment id="385773682" length="23" startTrkptIdx="1871" segmentTime="83.22" speed="26.07" turnType="" turnAngle="" types="0,1,121,38,70,36,94,17,72,119,18,74,75,76,77,78,79,80,81,82,83,84,85,86,87,88,89" pointTypes=";;;;;;;6;;;;;;;;;;;;6;;;6" names="221,211,266,272,237,274,268,275,260,269,270,276,277,264" />
                    <segment id="385773682" length="6" startTrkptIdx="1893" segmentTime="31.29" speed="26.07" turnType="" turnAngle="" types="0,1,121,38,70,36,94,17,72,119,18,74,75,76,77,78,79,80,81,82,83,84,85,86,87,88,89" pointTypes="6;;;;;" names="221,211,266,272,237,274,268,275,260,269,270,276,277,264" />
                    <segment id="385773682" length="6" startTrkptIdx="1898" segmentTime="5.60" speed="26.07" turnType="C" turnAngle="-0.14" types="0,1,121,38,70,36,94,17,72,119,18,74,75,76,77,78,79,80,81,82,83,84,85,86,87,88,89" pointTypes=";;;;7;" names="221,211,266,272,237,274,268,275,260,269,270,276,277,264" />
                    <segment id="812923675" length="9" startTrkptIdx="1903" segmentTime="9.71" speed="26.07" turnType="" turnAngle="" types="121,39,70,128,17,72,100,129,18,74,75,76,101,102,103,130,131,132,133,134,82,83,84,104,105,106,135,136,137,138,139" pointTypes=";;6;7;6;6;;;" names="221,211,266,257,284,237,258,285,268,259,286,287,269,270,262,263,288,289,290" />
                    <segment id="812923386" length="21" startTrkptIdx="1911" segmentTime="41.46" speed="26.07" turnType="" turnAngle="" types="121,39,70,17,72,100,129,18,74,75,76,101,102,103,130,131,132,133,134,82,83,84,104,105,106,135,136,137,138,139" pointTypes=";;;;6;6;7;7;6;7;;6;7;;6;;;6;;" names="221,211,266,257,284,237,258,285,268,259,286,287,269,270,262,263,288,289,290" />
                    <segment id="812923386" length="22" startTrkptIdx="1931" segmentTime="122.63" speed="26.07" turnType="" turnAngle="" types="121,39,70,17,72,100,129,18,74,75,76,101,102,103,130,131,132,133,134,82,83,84,104,105,106,135,136,137,138,139" pointTypes=";;;;;6;;;;;6;6;;;;;;6;;;;" names="221,211,266,257,284,237,258,285,268,259,286,287,269,270,262,263,288,289,290" />
                    <segment id="572219284" length="4" startTrkptIdx="1952" segmentTime="3.20" speed="26.07" turnType="" turnAngle="" types="121,50,63,64,70,13,72,100,129,14,74,75,76,101,102,103,130,131,132,133,134,82,83,84,104,105,106,135,136,137,138,139" pointTypes="6;7;6;" names="221,211,266,257,284,237,258,285,268,259,286,287,269,270,262,263,288,289,290" />
                    <segment id="1082802782" length="4" startTrkptIdx="1955" segmentTime="2.81" speed="26.07" turnType="" turnAngle="" types="121,50,63,64,70,13,72,100,129,14,74,75,76,101,102,103,130,131,132,133,134,82,83,84,104,105,106,135,136,137,138,139" pointTypes="6;6;" names="221,211,266,257,284,237,258,285,268,259,286,287,269,270,262,263,288,289,290" />
                    <segment id="189305514" length="40" startTrkptIdx="1958" segmentTime="47.28" speed="26.07" turnType="" turnAngle="" types="121,38,70,36,13,72,119,14,74,75,76,77,78,79,80,81,82,83,84,85,86,87,88,89" pointTypes=";;7;6;;7;6;34;122;;;117;34;;;;;;;;;;;;;;;;;;;;;;6;6;6;7;6;6" names="221,211,266,272,237,274,268,275,260,269,270,276,277,264" />
                    <segment id="163762299" length="19" startTrkptIdx="1997" segmentTime="48.56" speed="26.07" turnType="" turnAngle="" types="121,38,70,36,13,72,119,14,74,75,76,77,78,79,80,81,82,83,84,85,86,87,88,89" pointTypes=";6;;6;6;;6;;;;;;;;;;;6;7" names="221,211,266,272,237,274,268,275,260,269,270,276,277,264" />
                    <segment id="1327472575" length="2" startTrkptIdx="2015" segmentTime="1.81" speed="26.07" turnType="" turnAngle="" types="121,39,70,13,72,100,129,14,74,75,76,101,102,103,130,131,132,133,134,82,83,84,104,105,106,135,136,137,138,139" pointTypes=";" names="221,211,266,257,284,237,258,285,268,259,286,287,269,270,262,263,288,289,290" />
                    <segment id="1327472576" length="8" startTrkptIdx="2016" segmentTime="11.97" speed="26.07" turnType="" turnAngle="" types="121,39,70,13,72,100,129,14,74,75,76,101,102,103,130,131,132,133,134,82,83,84,104,105,106,135,136,137,138,139" pointTypes="7;7;7;6;;;" names="221,211,266,257,284,237,258,285,268,259,286,287,269,270,262,263,288,289,290" />
                    <segment id="1082802779" length="6" startTrkptIdx="2023" segmentTime="10.92" speed="26.07" turnType="" turnAngle="" types="121,39,70,13,72,100,129,14,74,75,76,101,102,103,130,131,132,133,134,82,83,84,104,105,106,135,136,137,138,139" pointTypes=";;7;6;7;" names="221,211,266,257,284,237,258,285,268,259,286,287,269,270,262,263,288,289,290" />
                    <segment id="163762300" length="37" startTrkptIdx="2028" segmentTime="41.00" speed="26.07" turnType="" turnAngle="" types="121,50,51,52,70,17,72,100,129,18,74,75,76,101,102,103,130,131,132,133,134,82,83,84,104,105,106,135,136,137,138,139" pointTypes="7;7;;;;;;;;;7;7;7;7;34;;6;;;;7;;6;;;;;;;;;;;;;7;" names="221,211,266,257,284,237,258,285,268,259,286,287,269,270,262,263,288,289,290" />
                    <segment id="163762298" length="18" startTrkptIdx="2064" segmentTime="20.50" speed="26.07" turnType="" turnAngle="" types="121,39,70,17,72,100,129,18,74,75,76,101,102,103,130,131,132,133,134,82,83,84,104,105,106,135,136,137,138,139" pointTypes="34;7;34;7;6;6;;;;;;;;;;;;" names="221,211,266,257,284,237,258,285,268,259,286,287,269,270,262,263,288,289,290" />
                    <segment id="1125369632" length="38" startTrkptIdx="2081" segmentTime="86.22" speed="26.07" turnType="" turnAngle="" types="121,38,70,36,17,72,119,18,74,75,76,77,78,79,80,81,82,83,84,85,86,87,88,89" pointTypes=";6;;6;6;7;34;34;34;6;;;;;;;34;7;;;;;;;7;34;6;7;;7;;;7;7;;;;" names="221,211,266,272,237,274,268,275,260,269,270,276,277,264" />
                    <segment id="119979899" length="34" startTrkptIdx="2118" segmentTime="31.45" speed="26.07" turnType="" turnAngle="" types="121,50,63,64,70,17,72,100,129,18,74,75,76,101,102,103,130,131,132,133,134,82,83,84,104,105,106,135,136,137,138,139" pointTypes=";;;;;;;;;;;;;;;;;;;;;;;;;;34;7;6;;6;6;;6" names="221,211,266,257,284,237,258,285,268,259,286,287,269,270,262,263,288,289,290" />
                    <segment id="819893106" length="8" startTrkptIdx="2151" segmentTime="9.64" speed="26.07" turnType="" turnAngle="" types="121,39,70,17,72,100,129,18,74,75,76,101,102,103,130,131,132,133,134,82,83,84,104,105,106,135,136,137,138,139" pointTypes="6;6;6;6;;;;" names="221,211,266,257,284,237,258,285,268,259,286,287,269,270,262,263,288,289,290" />
                    <segment id="965879899" length="4" startTrkptIdx="2158" segmentTime="13.12" speed="26.07" turnType="" turnAngle="" types="121,39,70,36,17,72,119,18,74,75,76,77,78,79,80,81,82,83,84,85,86,87,88,89" pointTypes=";;6;" names="221,211,266,272,237,274,268,275,260,269,270,276,277,264" />
                    <segment id="1318225838" length="7" startTrkptIdx="2161" segmentTime="5.28" speed="26.07" turnType="" turnAngle="" types="121,39,70,36,17,72,119,18,74,75,76,77,78,79,80,81,82,83,84,85,86,87,88,89" pointTypes=";7;;;21,22" names="221,211,266,272,237,274,268,275,260,269,270,276,277,264" />
                    <segment id="965879898" length="13" startTrkptIdx="2167" segmentTime="2.77" speed="26.07" turnType="RNLB1" turnAngle="-28.90" types="121,37,39,70,17,72,100,129,18,74,75,76,101,102,103,130,131,132,133,134,82,83,84,104,105,106,135,136,137,138,139" pointTypes=";;;;;;;;;;;;" names="221,211,266,257,284,237,258,285,268,259,286,287,269,270,262,263,288,289,290" />
                    <segment id="965879903" length="9" startTrkptIdx="2179" segmentTime="16.47" speed="26.07" turnType="" turnAngle="" types="121,39,70,36,17,72,10,31,18,74,75,76,82,83,84" pointTypes=";;;;;;;;" names="221,291,237,292,212,293,223,224,217,294,219,295,296,297" />
                    <segment id="918074944" length="44" startTrkptIdx="2187" segmentTime="112.78" speed="26.07" turnType="" turnAngle="" types="121,39,70,17,72,100,10,31,18,74,75,76,101,102,103,79,80,81,82,83,84,104,105,106,87,88,89" pointTypes=";6;6;;;;;;;;;6;;;6;6;6;;;;;;;;;;;;;6;6;6;7;;;;;;6;;;;" names="221,211,291,298,237,258,292,299,300,212,293,223,224,217,294,219,295,296,297,301,302,303" />
                    <segment id="1083453175" length="8" startTrkptIdx="2230" segmentTime="6.80" speed="20.06" turnType="" turnAngle="" types="121,39,70,140,128,17,72,100,10,31,18,74,75,76,101,102,103,79,80,81,82,83,84,104,105,106,87,88,89" pointTypes=";6;" names="221,211,291,298,237,258,292,299,300,212,293,223,224,217,294,219,295,296,297,301,302,303" />
                    <segment id="918074945" length="2" startTrkptIdx="2237" segmentTime="0.25" speed="26.07" turnType="" turnAngle="" types="62,121,39,70,13,72,100,10,31,14,74,75,76,101,102,103,79,80,81,82,83,84,104,105,106,87,88,89" pointTypes="" names="221,211,291,298,237,258,292,299,300,212,293,223,224,217,294,219,295,296,297,301,302,303" />
                    <segment id="590736972" length="29" startTrkptIdx="2238" segmentTime="78.39" speed="26.07" turnType="" turnAngle="" types="121,39,70,17,72,100,10,31,18,74,75,76,101,102,103,79,80,81,82,83,84,104,105,106,87,88,89" pointTypes=";;;;;;;;;;;;6;6;;6;7;;;;;;;;;;;;" names="221,211,291,298,237,258,292,299,300,212,293,223,224,217,294,219,295,296,297,301,302,303" />
                    <segment id="590736972" length="15" startTrkptIdx="2266" segmentTime="81.82" speed="26.07" turnType="" turnAngle="" types="121,39,70,17,72,100,10,31,18,74,75,76,101,102,103,79,80,81,82,83,84,104,105,106,87,88,89" pointTypes=";;;;;;;;;;;;7;;" names="221,211,291,298,237,258,292,299,300,212,293,223,224,217,294,219,295,296,297,301,302,303" />
                    <segment id="917202350" length="2" startTrkptIdx="2280" segmentTime="0.45" speed="26.07" turnType="" turnAngle="" types="62,121,39,70,13,72,100,10,31,14,74,75,76,101,102,103,79,80,81,82,83,84,104,105,106,87,88,89" pointTypes="" names="221,211,291,298,237,258,292,299,300,212,293,223,224,217,294,219,295,296,297,301,302,303" />
                    <segment id="917202349" length="6" startTrkptIdx="2281" segmentTime="52.54" speed="26.07" turnType="" turnAngle="" types="121,39,70,17,72,100,10,31,18,74,75,76,101,102,103,79,80,81,82,83,84,104,105,106,87,88,89" pointTypes="6;;6;;" names="221,211,291,298,237,258,292,299,300,212,293,223,224,217,294,219,295,296,297,301,302,303" />
                    <segment id="774880195" length="2" startTrkptIdx="2286" segmentTime="4.68" speed="26.07" turnType="C" turnAngle="0.27" types="121,39,70,13,72,100,14,74,75,76,101,102,103,79,80,81,82,83,84,104,105,106,87,88,89" pointTypes="" names="221,211,291,298,237,258,292,299,300,296,297,301,302,303" />
                    <segment id="774880193" length="2" startTrkptIdx="2287" segmentTime="1.65" speed="26.07" turnType="" turnAngle="" types="121,39,70,17,72,100,18,74,75,76,101,102,103,79,80,81,82,83,84,104,105,106,87,88,89" pointTypes=";" names="221,211,291,298,237,258,292,299,300,296,297,301,302,303,304,305" />
                    <segment id="774880194" length="2" startTrkptIdx="2288" segmentTime="1.27" speed="26.07" turnType="" turnAngle="" types="121,50,63,64,70,17,141,72,100,18,74,75,76,101,102,103,79,80,81,82,83,84,104,105,106,87,88,89" pointTypes=";" names="221,211,291,298,237,258,292,299,300,296,297,301,302,303,306,307" />
                    <segment id="17158674" length="19" startTrkptIdx="2289" segmentTime="80.69" speed="26.07" turnType="" turnAngle="" types="121,39,70,17,72,100,18,74,75,76,101,102,103,79,80,81,82,83,84,104,105,106,87,88,89" pointTypes=";;;;;;;6;7;;;;;;;;;;" names="221,211,291,298,237,258,292,299,300,296,297,301,302,303" />
                    <segment id="1364910086" length="3" startTrkptIdx="2307" segmentTime="14.63" speed="18.85" turnType="" turnAngle="" types="121,39,142,128,13,72,100,14,74,75,76,101,102,103,79,80,81,82,83,84,104,105,106,87,88,89" pointTypes=";6" names="221,211,291,298,237,258,292,299,300,296,297,301,302,303" />
                    <segment id="1364910087" length="2" startTrkptIdx="2309" segmentTime="2.10" speed="18.85" turnType="" turnAngle="" types="121,50,51,52,142,128,13,143,72,100,14,74,75,76,101,102,103,79,80,81,82,83,84,104,105,106,87,88,89" pointTypes="" names="221,211,291,298,237,258,292,299,300,296,297,301,302,303" />
                    <segment id="140814287" length="8" startTrkptIdx="2310" segmentTime="86.65" speed="7.97" turnType="" turnAngle="" types="121,39,142,128,13,72,100,14,74,75,76,101,102,103,79,80,81,82,83,84,104,105,106,87,88,89" pointTypes=";;144,145;146,147,148,145;;6;;" names="221,211,291,298,237,258,292,299,300,296,297,301,302,303" />
                    <segment id="140814286" length="3" startTrkptIdx="2317" segmentTime="6.75" speed="26.07" turnType="" turnAngle="" types="121,39,70,13,72,100,14,74,75,76,101,102,103,79,80,81,82,83,84,104,105,106,87,88,89" pointTypes=";;6" names="221,211,291,298,237,258,292,299,300,296,297,301,302,303" />
                    <segment id="497742986" length="2" startTrkptIdx="2319" segmentTime="0.91" speed="26.07" turnType="" turnAngle="" types="62,121,39,70,149,13,72,100,14,74,75,76,101,102,103,79,80,81,82,83,84,104,105,106,87,88,89" pointTypes="" names="221,211,291,298,237,258,292,299,300,296,297,301,302,303" />
                    <segment id="497742984" length="3" startTrkptIdx="2320" segmentTime="20.68" speed="26.07" turnType="" turnAngle="" types="121,39,70,13,72,100,14,74,75,76,101,102,103,79,80,81,82,83,84,104,105,106,87,88,89" pointTypes=";;" names="221,211,291,298,237,258,292,299,300,296,297,301,302,303" />
                    <segment id="1364910083" length="2" startTrkptIdx="2322" segmentTime="5.77" speed="16.44" turnType="" turnAngle="" types="121,39,150,13,72,100,14,74,75,76,101,102,103,79,80,81,82,83,84,104,105,106,87,88,89" pointTypes=";" names="221,211,291,298,237,258,292,299,300,296,297,301,302,303" />
                    <segment id="1364910082" length="2" startTrkptIdx="2323" segmentTime="3.27" speed="16.44" turnType="" turnAngle="" types="121,39,150,13,72,100,14,74,75,76,101,102,103,79,80,81,82,83,84,104,105,106,87,88,89" pointTypes=";114" names="221,211,291,298,237,258,292,299,300,296,297,301,302,303,308,307" />
                    <segment id="34046266" length="3" startTrkptIdx="2324" segmentTime="4.16" speed="16.44" turnType="" turnAngle="" types="121,99,150,128,13,143,141,72,100,151,152,14,74,75,76,101,102,103,79,80,81,132,133,134,153,154,155,156,157,158,82,83,84,104,105,106,87,88,89,137,138,139,159,160,161,162,163,164" pointTypes="114;6;6" names="221,211,309,310,311,312,237,258,313,314,315,316,300,317,318,319,320,321,322,323,324,303,325,326,327,328,308,329,307,305,330" />
                    <segment id="1364910080" length="2" startTrkptIdx="2326" segmentTime="9.16" speed="16.44" turnType="C" turnAngle="0.60" types="121,39,150,13,72,100,14,74,75,76,101,102,103,79,80,81,82,83,84,104,105,106,87,88,89" pointTypes=";" names="221,211,291,298,237,258,292,299,300,296,297,301,302,303,331,305" />
                    <segment id="34046267" length="23" startTrkptIdx="2327" segmentTime="71.81" speed="26.07" turnType="" turnAngle="" types="121,39,70,13,72,100,14,74,75,76,101,102,103,79,80,81,82,83,84,104,105,106,87,88,89" pointTypes=";;;;;;;;;;6;7;6;6;6;6;;;;;;6;117" names="221,211,291,298,237,258,292,299,300,296,297,301,302,303" />
                    <segment id="497742961" length="2" startTrkptIdx="2349" segmentTime="1.10" speed="26.07" turnType="" turnAngle="" types="62,121,39,70,13,72,100,14,74,75,76,101,102,103,79,80,81,82,83,84,104,105,106,87,88,89" pointTypes="" names="221,211,291,298,237,258,292,299,300,296,297,301,302,303" />
                    <segment id="497742968" length="71" startTrkptIdx="2350" segmentTime="167.29" speed="26.07" turnType="" turnAngle="" types="121,39,70,13,72,100,14,74,75,76,101,102,103,79,80,81,82,83,84,104,105,106,87,88,89" pointTypes=";;;;;;;;;;;6;;;;;;;;6;;;;;;;6;6;;7;7;34;117;117;117;117;117;7;6;;;;;;;;;;;;6;;6;6;;;;;;;;;;6;6;6;;;;;" names="221,211,291,298,237,258,292,299,300,296,297,301,302,303" />
                    <segment id="140814291" length="2" startTrkptIdx="2420" segmentTime="6.20" speed="18.85" turnType="" turnAngle="" types="121,39,142,13,72,100,14,74,75,76,101,102,103,79,80,81,82,83,84,104,105,106,87,88,89" pointTypes=";" names="221,211,291,298,237,258,292,299,300,296,297,301,302,303" />
                    <segment id="819975423" length="2" startTrkptIdx="2421" segmentTime="0.62" speed="18.85" turnType="" turnAngle="" types="121,39,142,13,72,100,14,74,75,76,101,102,103,79,80,81,82,83,84,104,105,106,87,88,89" pointTypes="" names="221,211,291,298,237,258,292,299,300,296,297,301,302,303" />
                    <segment id="819975425" length="3" startTrkptIdx="2422" segmentTime="26.04" speed="18.85" turnType="" turnAngle="" types="121,39,142,13,72,100,14,74,75,76,101,102,103,79,80,81,82,83,84,104,105,106,87,88,89" pointTypes=";;" names="221,211,291,298,237,258,292,299,300,296,297,301,302,303" />
                    <segment id="819975424" length="3" startTrkptIdx="2424" segmentTime="1.95" speed="18.85" turnType="" turnAngle="" types="121,39,142,13,72,100,14,74,75,76,101,102,103,79,80,81,82,83,84,104,105,106,87,88,89" pointTypes="" names="221,211,291,298,237,258,292,299,300,296,297,301,302,303" />
                    <segment id="140814292" length="30" startTrkptIdx="2426" segmentTime="76.31" speed="26.07" turnType="" turnAngle="" types="121,39,70,17,72,100,18,74,75,76,101,102,103,79,80,81,82,83,84,104,105,106,87,88,89" pointTypes=";;;;;;;;;;;;;;;;;6;6;7;;6;;;;6;6;6;34;" names="221,211,291,298,237,258,292,299,300,296,297,301,302,303" />
                    <segment id="497742981" length="2" startTrkptIdx="2455" segmentTime="1.28" speed="26.07" turnType="" turnAngle="" types="62,121,39,70,149,13,72,100,14,74,75,76,101,102,103,79,80,81,82,83,84,104,105,106,87,88,89" pointTypes="" names="221,211,291,298,237,258,292,299,300,296,297,301,302,303" />
                    <segment id="838461858" length="2" startTrkptIdx="2456" segmentTime="0.88" speed="26.07" turnType="" turnAngle="" types="121,39,70,13,72,100,14,74,75,76,101,102,103,79,80,81,82,83,84,104,105,106,87,88,89" pointTypes=";" names="221,211,291,298,237,258,292,299,300,296,297,301,302,303" />
                    <segment id="497742966" length="17" startTrkptIdx="2457" segmentTime="37.69" speed="26.07" turnType="" turnAngle="" types="121,39,70,17,72,100,18,74,75,76,101,102,103,79,80,81,82,83,84,104,105,106,87,88,89" pointTypes=";;;;;;;;;;;;;;;;" names="221,211,291,298,237,258,292,299,300,296,297,301,302,303" />
                    <segment id="983393699" length="5" startTrkptIdx="2473" segmentTime="17.93" speed="11.53" turnType="" turnAngle="" types="121,39,70,17,72,100,18,74,75,76,101,102,103,79,80,81,82,83,84,104,105,106,87,88,89" pointTypes=";44,22;;21,165,166" names="221,211,291,298,237,258,292,299,300,296,297,301,302,303" />
                    <segment id="983393700" length="3" startTrkptIdx="2477" segmentTime="7.62" speed="26.07" turnType="TR" turnAngle="79.11" types="121,39,70,17,72,100,18,74,75,76,101,102,103,79,80,81,82,83,84,104,105,106,87,88,89" pointTypes=";;" names="221,211,291,298,237,258,292,299,300,296,297,301,302,303" />
                    <segment id="27186666" length="16" startTrkptIdx="2479" segmentTime="46.94" speed="26.07" turnType="" turnAngle="" types="121,39,70,17,72,100,18,74,75,76,101,102,103,79,80,81,82,83,84,104,105,106,87,88,89" pointTypes=";;;;;6;;6;6;6;34;7;6;6;;" names="221,211,291,298,237,258,292,299,300,296,297,301,302,303" />
                    <segment id="1091206324" length="15" startTrkptIdx="2494" segmentTime="25.15" speed="26.07" turnType="" turnAngle="" types="121,50,51,52,70,128,17,72,100,18,74,75,76,101,102,103,79,80,81,82,83,84,104,105,106,87,88,89" pointTypes="117;34;117;117;;34;34;117;34;117;;34;34;6;6" names="221,211,291,298,237,258,292,299,300,296,297,301,302,303" />
                    <segment id="1091206324" length="19" startTrkptIdx="2508" segmentTime="32.17" speed="26.07" turnType="" turnAngle="" types="121,50,51,52,70,128,17,72,100,18,74,75,76,101,102,103,79,80,81,82,83,84,104,105,106,87,88,89" pointTypes="6;7;34;;;117;34;7;7;7;7;34;7;44,167,70,7;117;122;117;70,117;" names="221,211,291,298,237,258,292,299,300,296,297,301,302,303" />
                    <segment id="1091206345" length="6" startTrkptIdx="2526" segmentTime="5.48" speed="26.07" turnType="" turnAngle="" types="121,50,51,52,70,168,128,13,72,100,14,74,75,76,101,102,103,79,80,81,82,83,84,104,105,106,87,88,89" pointTypes=";117;117;7;7;" names="221,211,291,298,237,258,292,299,300,296,297,301,302,303" />
                    <segment id="1091206344" length="29" startTrkptIdx="2531" segmentTime="26.67" speed="26.07" turnType="" turnAngle="" types="121,50,51,52,70,128,13,72,100,14,74,75,76,101,102,103,79,80,81,82,83,84,104,105,106,87,88,89" pointTypes="6;34;7;34;7;7;6;6;6;34;;;;;;;;;;;122;;34;7;6;7;7;7;" names="221,211,291,298,237,258,292,299,300,296,297,301,302,303" />
                    <segment id="1091206342" length="14" startTrkptIdx="2559" segmentTime="14.63" speed="15.24" turnType="" turnAngle="" types="121,50,51,52,70,169,128,13,72,100,14,74,75,76,101,102,103,79,80,81,82,83,84,104,105,106,87,88,89" pointTypes="7;;;;;6;117;;117;34;34;117;6;" names="221,211,291,298,237,258,292,299,300,296,297,301,302,303" />
                    <segment id="1091206343" length="3" startTrkptIdx="2572" segmentTime="6.35" speed="26.07" turnType="" turnAngle="" types="121,50,51,52,70,128,13,72,100,14,74,75,76,101,102,103,79,80,81,82,83,84,104,105,106,87,88,89" pointTypes="6;" names="221,211,291,298,237,258,292,299,300,296,297,301,302,303" />
                    <segment id="1091206341" length="9" startTrkptIdx="2574" segmentTime="8.79" speed="26.07" turnType="" turnAngle="" types="121,50,51,52,70,170,128,13,72,100,14,74,75,76,101,102,103,79,80,81,82,83,84,104,105,106,87,88,89" pointTypes="7;117;122;122;;;;;" names="221,211,291,298,237,258,292,299,300,296,297,301,302,303" />
                    <segment id="1091206340" length="4" startTrkptIdx="2582" segmentTime="4.32" speed="26.07" turnType="" turnAngle="" types="121,50,51,52,70,128,13,72,100,14,74,75,76,101,102,103,79,80,81,82,83,84,104,105,106,87,88,89" pointTypes=";122;117;" names="221,211,291,298,237,258,292,299,300,296,297,301,302,303" />
                    <segment id="1091206339" length="10" startTrkptIdx="2585" segmentTime="7.73" speed="26.07" turnType="" turnAngle="" types="121,50,51,52,70,171,128,13,72,100,14,74,75,76,101,102,103,79,80,81,82,83,84,104,105,106,87,88,89" pointTypes=";;7;7;7;;122;117;;" names="221,211,291,298,237,258,292,299,300,296,297,301,302,303" />
                    <segment id="1091206338" length="4" startTrkptIdx="2594" segmentTime="4.08" speed="26.07" turnType="" turnAngle="" types="121,50,51,52,70,128,13,72,100,14,74,75,76,101,102,103,79,80,81,82,83,84,104,105,106,87,88,89" pointTypes="6;;;" names="221,211,291,298,237,258,292,299,300,296,297,301,302,303" />
                    <segment id="1091206337" length="12" startTrkptIdx="2597" segmentTime="7.98" speed="26.07" turnType="" turnAngle="" types="121,50,51,52,70,171,128,13,72,100,14,74,75,76,101,102,103,79,80,81,82,83,84,104,105,106,87,88,89" pointTypes="7;7;7;;117;;122;;;;;" names="221,211,291,298,237,258,292,299,300,296,297,301,302,303" />
                    <segment id="1091206336" length="7" startTrkptIdx="2608" segmentTime="6.43" speed="26.07" turnType="" turnAngle="" types="121,50,51,52,70,128,13,72,100,14,74,75,76,101,102,103,79,80,81,82,83,84,104,105,106,87,88,89" pointTypes="122;;;122;34;34;" names="221,211,291,298,237,258,292,299,300,296,297,301,302,303" />
                    <segment id="1091206335" length="6" startTrkptIdx="2614" segmentTime="4.82" speed="26.07" turnType="" turnAngle="" types="121,50,51,52,70,171,128,13,72,100,14,74,75,76,101,102,103,79,80,81,82,83,84,104,105,106,87,88,89" pointTypes="7;34;122;;;" names="221,211,291,298,237,258,292,299,300,296,297,301,302,303" />
                    <segment id="1091206334" length="10" startTrkptIdx="2619" segmentTime="8.95" speed="26.07" turnType="" turnAngle="" types="121,50,51,52,70,128,13,72,100,14,74,75,76,101,102,103,79,80,81,82,83,84,104,105,106,87,88,89" pointTypes=";;;;117;6;6;6;6;" names="221,211,291,298,237,258,292,299,300,296,297,301,302,303" />
                    <segment id="1091206333" length="9" startTrkptIdx="2628" segmentTime="7.26" speed="26.07" turnType="" turnAngle="" types="121,50,51,52,70,171,128,13,72,100,14,74,75,76,101,102,103,79,80,81,82,83,84,104,105,106,87,88,89" pointTypes="34;;;;;122;;;" names="221,211,291,298,237,258,292,299,300,296,297,301,302,303" />
                    <segment id="1091206332" length="10" startTrkptIdx="2636" segmentTime="10.45" speed="26.07" turnType="" turnAngle="" types="121,50,51,52,70,128,13,72,100,14,74,75,76,101,102,103,79,80,81,82,83,84,104,105,106,87,88,89" pointTypes=";;7;34;;;122;;;" names="221,211,291,298,237,258,292,299,300,296,297,301,302,303" />
                    <segment id="1091206331" length="3" startTrkptIdx="2645" segmentTime="2.48" speed="15.24" turnType="" turnAngle="" types="121,50,51,52,70,169,128,17,72,100,18,74,75,76,101,102,103,79,80,81,82,83,84,104,105,106,87,88,89" pointTypes=";34;" names="221,211,291,298,237,258,292,299,300,296,297,301,302,303" />
                    <segment id="1091206323" length="5" startTrkptIdx="2647" segmentTime="3.92" speed="15.24" turnType="" turnAngle="" types="121,50,51,52,70,169,128,17,72,100,18,74,75,76,101,102,103,79,80,81,82,83,84,104,105,106,87,88,89" pointTypes="34;;122;;" names="221,211,291,298,237,258,292,299,300,296,297,301,302,303" />
                    <segment id="542376768" length="24" startTrkptIdx="2651" segmentTime="40.09" speed="26.07" turnType="" turnAngle="" types="121,50,51,52,70,172,128,17,72,100,18,74,75,76,101,102,103,79,80,81,82,83,84,104,105,106,87,88,89" pointTypes=";;;;7;;6;6;6;7;7;117;34;;6;6;34,173;34;6;7;7;6;;" names="221,211,291,298,237,258,292,299,300,296,297,301,302,303" />
                    <segment id="542376766" length="10" startTrkptIdx="2674" segmentTime="39.39" speed="26.07" turnType="" turnAngle="" types="121,39,70,172,128,17,72,100,18,74,75,76,101,102,103,79,80,81,82,83,84,104,105,106,87,88,89" pointTypes=";;;;;;;;6;" names="221,211,291,298,237,258,292,299,300,296,297,301,302,303" />
                    <segment id="542376767" length="19" startTrkptIdx="2683" segmentTime="34.06" speed="26.07" turnType="" turnAngle="" types="121,50,63,64,70,128,17,72,100,18,74,75,76,101,102,103,79,80,81,82,83,84,104,105,106,87,88,89" pointTypes="7;;;;;;;;;;;;;;;;;;" names="221,211,291,298,237,258,292,299,300,296,297,301,302,303" />
                    <segment id="542376767" length="14" startTrkptIdx="2701" segmentTime="42.57" speed="26.07" turnType="" turnAngle="" types="121,50,63,64,70,128,17,72,100,18,74,75,76,101,102,103,79,80,81,82,83,84,104,105,106,87,88,89" pointTypes=";;;;;;7;;;;;;;" names="221,211,291,298,237,258,292,299,300,296,297,301,302,303" />
                    <segment id="497742975" length="3" startTrkptIdx="2714" segmentTime="3.16" speed="26.07" turnType="" turnAngle="" types="121,39,70,128,17,72,100,18,74,75,76,101,102,103,79,80,81,82,83,84,104,105,106,87,88,89" pointTypes=";" names="221,211,291,298,237,258,292,299,300,296,297,301,302,303" />
                    <segment id="497742964" length="2" startTrkptIdx="2716" segmentTime="2.03" speed="26.07" turnType="" turnAngle="" types="62,121,39,70,128,13,72,100,14,74,75,76,101,102,103,79,80,81,82,83,84,104,105,106,87,88,89" pointTypes="" names="221,211,291,298,237,258,292,299,300,296,297,301,302,303" />
                    <segment id="229656248" length="37" startTrkptIdx="2717" segmentTime="73.67" speed="26.07" turnType="" turnAngle="" types="121,39,70,128,13,72,100,14,74,75,76,101,102,103,79,80,81,82,83,84,104,105,106,87,88,89" pointTypes=";;7;;;;;;;;;;;;;;;;7;6;;;;;;;;;;;;;;;;;" names="221,211,291,298,237,258,292,299,300,296,297,301,302,303" />
                    <segment id="229656249" length="73" startTrkptIdx="2753" segmentTime="92.54" speed="26.07" turnType="" turnAngle="" types="121,50,63,64,70,128,13,72,100,14,74,75,76,101,102,103,79,80,81,82,83,84,104,105,106,87,88,89" pointTypes=";;;;;;;;;;;;;;;;;;6;;;;;;;;;;;;;;;;;;;;;;;;;;;;;;;;;;;;;;;;;;;;;;;;;;;;;;" names="221,211,291,298,237,258,292,299,300,296,297,301,302,303" />
                    <segment id="884559454" length="5" startTrkptIdx="2825" segmentTime="3.98" speed="26.07" turnType="" turnAngle="" types="121,39,70,128,13,72,100,14,74,75,76,101,102,103,79,80,81,82,83,84,104,105,106,87,88,89" pointTypes=";;;;" names="221,211,291,298,237,258,292,299,300,296,297,301,302,303" />
                    <segment id="884559455" length="2" startTrkptIdx="2829" segmentTime="1.36" speed="26.07" turnType="" turnAngle="" types="62,121,39,70,128,13,72,100,14,74,75,76,101,102,103,79,80,81,82,83,84,104,105,106,87,88,89" pointTypes="" names="221,211,291,298,237,258,292,299,300,296,297,301,302,303" />
                    <segment id="229655359" length="3" startTrkptIdx="2830" segmentTime="6.32" speed="26.07" turnType="" turnAngle="" types="121,39,70,128,13,72,100,14,74,75,76,101,102,103,79,80,81,82,83,84,104,105,106,87,88,89" pointTypes="34;6;" names="221,211,291,298,237,258,292,299,300,296,297,301,302,303" />
                    <segment id="229655360" length="8" startTrkptIdx="2832" segmentTime="23.14" speed="26.07" turnType="" turnAngle="" types="121,50,51,52,70,128,13,72,100,14,74,75,76,101,102,103,79,80,81,82,83,84,104,105,106,87,88,89" pointTypes="6;6;6;;;;;" names="221,211,291,298,237,258,292,299,300,296,297,301,302,303" />
                    <segment id="884559447" length="14" startTrkptIdx="2839" segmentTime="15.70" speed="26.07" turnType="" turnAngle="" types="121,39,70,128,13,72,100,14,74,75,76,101,102,103,79,80,81,82,83,84,104,105,106,87,88,89" pointTypes=";;;;7;7;6;6;6;;6;;;" names="221,211,291,298,237,258,292,299,300,296,297,301,302,303" />
                    <segment id="884559447" length="2" startTrkptIdx="2852" segmentTime="0.73" speed="26.07" turnType="" turnAngle="" types="121,39,70,128,13,72,100,14,74,75,76,101,102,103,79,80,81,82,83,84,104,105,106,87,88,89" pointTypes=";" names="221,211,291,298,237,258,292,299,300,296,297,301,302,303" />
                    <segment id="884559448" length="2" startTrkptIdx="2853" segmentTime="2.82" speed="26.07" turnType="" turnAngle="" types="62,121,39,70,128,13,72,100,14,74,75,76,101,102,103,79,80,81,82,83,84,104,105,106,87,88,89" pointTypes="" names="221,211,291,298,237,258,292,299,300,296,297,301,302,303" />
                    <segment id="694266317" length="21" startTrkptIdx="2854" segmentTime="23.53" speed="26.07" turnType="" turnAngle="" types="121,39,70,128,13,72,100,14,74,75,76,101,102,103,79,80,81,82,83,84,104,105,106,87,88,89" pointTypes=";6;;;;;6;6;6;6;;;6;6;;;;;;;" names="221,211,291,298,237,258,292,299,300,296,297,301,302,303" />
                    <segment id="694266316" length="2" startTrkptIdx="2874" segmentTime="2.50" speed="26.07" turnType="" turnAngle="" types="62,121,39,70,128,13,72,100,14,74,75,76,101,102,103,79,80,81,82,83,84,104,105,106,87,88,89" pointTypes="" names="221,211,291,298,237,258,292,299,300,296,297,301,302,303" />
                    <segment id="227440995" length="4" startTrkptIdx="2875" segmentTime="3.78" speed="26.07" turnType="" turnAngle="" types="121,39,70,128,13,72,100,14,74,75,76,101,102,103,79,80,81,82,83,84,104,105,106,87,88,89" pointTypes=";122;;" names="221,211,291,298,237,258,292,299,300,296,297,301,302,303" />
                    <segment id="227441290" length="39" startTrkptIdx="2878" segmentTime="40.02" speed="26.07" turnType="" turnAngle="" types="121,50,51,52,70,128,13,72,100,14,74,75,76,101,102,103,79,80,81,82,83,84,104,105,106,87,88,89" pointTypes=";7;7;7;34;34;34;6;7;7;6;;;7;7;6;6;34;122;117;34;7;7;7;117;7;6;6;6;;;;;;;;;;" names="221,211,291,298,237,258,292,299,300,296,297,301,302,303" />
                    <segment id="227441888" length="17" startTrkptIdx="2916" segmentTime="36.97" speed="26.07" turnType="" turnAngle="" types="121,39,70,13,72,100,14,74,75,76,101,102,103,79,80,81,82,83,84,104,105,106,87,88,89" pointTypes=";;;;;;;;;;;;;;;;" names="221,211,291,298,237,258,292,299,300,296,297,301,302,303" />
                    <segment id="892509010" length="22" startTrkptIdx="2932" segmentTime="29.22" speed="26.07" turnType="" turnAngle="" types="121,50,63,64,70,13,72,100,14,74,75,76,101,102,103,79,80,81,82,83,84,104,105,106,87,88,89" pointTypes="7;117;117;7;6;7;7;7;;;;;;;6;34;34;117;;7;6;" names="221,211,291,298,237,258,292,299,300,296,297,301,302,303" />
                    <segment id="892509011" length="2" startTrkptIdx="2953" segmentTime="1.71" speed="26.07" turnType="" turnAngle="" types="121,99,51,64,70,13,143,72,100,14,74,75,76,101,102,103,79,80,81,82,83,84,104,105,106,87,88,89" pointTypes="6;" names="221,211,291,298,237,258,292,299,300,296,297,301,302,303" />
                    <segment id="227441889" length="47" startTrkptIdx="2954" segmentTime="84.80" speed="26.07" turnType="C" turnAngle="-2.57" types="121,50,63,64,70,128,13,72,100,14,74,75,76,101,102,103,79,80,81,82,83,84,104,105,106,87,88,89" pointTypes=";;;7;7;;;;;;;;;;;;;;;;6;;;;;;;;;;;;;;;;;;;;;;;;;;" names="221,211,291,298,237,258,292,299,300,296,297,301,302,303" />
                    <segment id="812894638" length="2" startTrkptIdx="3000" segmentTime="3.57" speed="26.07" turnType="" turnAngle="" types="121,39,70,128,17,72,100,18,74,75,76,101,102,103,79,80,81,82,83,84,104,105,106,87,88,89" pointTypes=";" names="221,211,291,298,237,258,292,299,300,296,297,301,302,303" />
                    <segment id="1232563174" length="2" startTrkptIdx="3001" segmentTime="1.74" speed="26.07" turnType="" turnAngle="" types="121,39,70,128,17,72,100,18,74,75,76,101,102,103,79,80,81,82,83,84,104,105,106,87,88,89" pointTypes=";" names="221,211,291,298,237,258,292,299,300,296,297,301,302,303,304,305" />
                    <segment id="874474424" length="4" startTrkptIdx="3002" segmentTime="2.31" speed="26.07" turnType="" turnAngle="" types="121,39,70,128,17,72,100,18,74,75,76,101,102,103,79,80,81,82,83,84,104,105,106,87,88,89" pointTypes=";;;" names="221,211,291,298,237,258,292,299,300,296,297,301,302,303,332,307" />
                    <segment id="874474423" length="5" startTrkptIdx="3005" segmentTime="3.90" speed="26.07" turnType="" turnAngle="" types="62,121,39,70,128,17,72,100,18,74,75,76,101,102,103,79,80,81,82,83,84,104,105,106,87,88,89" pointTypes="" names="221,211,291,298,237,258,292,299,300,296,297,301,302,303,333" />
                    <segment id="812894639" length="10" startTrkptIdx="3009" segmentTime="8.90" speed="26.07" turnType="" turnAngle="" types="121,39,70,128,17,72,100,18,74,75,76,101,102,103,79,80,81,82,83,84,104,105,106,87,88,89" pointTypes=";122;;7;;;;;;" names="221,211,291,298,237,258,292,299,300,296,297,301,302,303" />
                    <segment id="1232563170" length="5" startTrkptIdx="3018" segmentTime="3.27" speed="26.07" turnType="" turnAngle="" types="121,39,70,128,17,72,100,18,74,75,76,101,102,103,79,80,81,82,83,84,104,105,106,87,88,89" pointTypes=";;;;" names="221,211,291,298,237,258,292,299,300,296,297,301,302,303" />
                    <segment id="1232563171" length="2" startTrkptIdx="3022" segmentTime="1.29" speed="26.07" turnType="" turnAngle="" types="121,50,51,52,70,128,17,143,72,100,18,74,75,76,101,102,103,79,80,81,82,83,84,104,105,106,87,88,89" pointTypes=";" names="221,211,291,298,237,258,292,299,300,296,297,301,302,303" />
                    <segment id="1232563172" length="3" startTrkptIdx="3023" segmentTime="3.02" speed="26.07" turnType="C" turnAngle="2.99" types="121,50,63,64,70,128,17,174,72,100,18,74,75,76,101,102,103,79,80,81,82,83,84,104,105,106,87,88,89" pointTypes="6;6;" names="221,211,291,298,237,258,292,299,300,296,297,301,302,303" />
                    <segment id="228009241" length="51" startTrkptIdx="3025" segmentTime="78.37" speed="26.07" turnType="" turnAngle="" types="121,39,70,128,17,72,100,18,74,75,76,101,102,103,79,80,81,82,83,84,104,105,106,87,88,89" pointTypes=";;;;;;;;;6;34;34;34;7;34;7;34;34;7;7;34;;;;;;;;;;6;6;34;6;6;;;;;6;6;6;;6;7;117;34;7;;;" names="221,211,291,298,237,258,292,299,300,296,297,301,302,303" />
                    <segment id="1232563157" length="2" startTrkptIdx="3075" segmentTime="1.61" speed="26.07" turnType="" turnAngle="" types="121,50,51,52,70,128,17,143,72,100,18,74,75,76,101,102,103,79,80,81,82,83,84,104,105,106,87,88,89" pointTypes=";" names="221,211,291,298,237,258,292,299,300,296,297,301,302,303" />
                    <segment id="1232563159" length="2" startTrkptIdx="3076" segmentTime="1.47" speed="26.07" turnType="C" turnAngle="1.05" types="121,39,70,128,17,72,100,18,74,75,76,101,102,103,79,80,81,82,83,84,104,105,106,87,88,89" pointTypes=";" names="221,211,291,298,237,258,292,299,300,296,297,301,302,303" />
                    <segment id="1232563160" length="2" startTrkptIdx="3077" segmentTime="3.79" speed="26.07" turnType="" turnAngle="" types="121,50,63,64,70,128,17,174,72,100,18,74,75,76,101,102,103,79,80,81,82,83,84,104,105,106,87,88,89" pointTypes=";" names="221,211,291,298,237,258,292,299,300,296,297,301,302,303" />
                    <segment id="1232563156" length="4" startTrkptIdx="3078" segmentTime="5.67" speed="26.07" turnType="" turnAngle="" types="121,39,70,128,17,72,100,18,74,75,76,101,102,103,79,80,81,82,83,84,104,105,106,87,88,89" pointTypes=";;;" names="221,211,291,298,237,258,292,299,300,296,297,301,302,303" />
                    <segment id="1232563161" length="9" startTrkptIdx="3081" segmentTime="5.32" speed="26.07" turnType="" turnAngle="" types="121,39,70,175,128,17,72,100,18,74,75,76,101,102,103,79,80,81,82,83,84,104,105,106,87,88,89" pointTypes=";;;6;7;7;7;6;" names="221,211,291,298,237,258,292,299,300,296,297,301,302,303" />
                    <segment id="653304348" length="2" startTrkptIdx="3089" segmentTime="1.45" speed="26.07" turnType="" turnAngle="" types="62,121,39,70,128,13,72,100,14,74,75,76,101,102,103,79,80,81,82,83,84,104,105,106,87,88,89" pointTypes="" names="221,211,291,298,237,258,292,299,300,296,297,301,302,303,334" />
                    <segment id="1232563162" length="3" startTrkptIdx="3090" segmentTime="3.49" speed="26.07" turnType="" turnAngle="" types="121,39,70,128,17,72,100,18,74,75,76,101,102,103,79,80,81,82,83,84,104,105,106,87,88,89" pointTypes="7;34;" names="221,211,291,298,237,258,292,299,300,296,297,301,302,303" />
                    <segment id="1232563163" length="11" startTrkptIdx="3092" segmentTime="9.93" speed="17.65" turnType="" turnAngle="" types="121,39,70,176,128,17,72,100,18,74,75,76,101,102,103,79,80,81,82,83,84,104,105,106,87,88,89" pointTypes="117;117;34;7;7;7;;;6;;" names="221,211,291,298,237,258,292,299,300,296,297,301,302,303" />
                    <segment id="1232563165" length="5" startTrkptIdx="3102" segmentTime="5.94" speed="26.07" turnType="" turnAngle="" types="121,39,70,128,17,72,100,18,74,75,76,101,102,103,79,80,81,82,83,84,104,105,106,87,88,89" pointTypes=";;;;" names="221,211,291,298,237,258,292,299,300,296,297,301,302,303" />
                    <segment id="1232563168" length="14" startTrkptIdx="3106" segmentTime="5.62" speed="20.06" turnType="" turnAngle="" types="121,39,70,140,128,17,72,100,18,74,75,76,101,102,103,79,80,81,82,83,84,104,105,106,87,88,89" pointTypes=";;;;;;;;;;;;;" names="221,211,291,298,237,258,292,299,300,296,297,301,302,303" />
                    <segment id="1232563166" length="3" startTrkptIdx="3119" segmentTime="1.44" speed="20.06" turnType="" turnAngle="" types="121,39,70,140,128,17,72,100,18,74,75,76,101,102,103,79,80,81,82,83,84,104,105,106,87,88,89" pointTypes=";;" names="221,211,291,298,237,258,292,299,300,296,297,301,302,303" />
                    <segment id="1232563167" length="5" startTrkptIdx="3121" segmentTime="3.24" speed="26.07" turnType="" turnAngle="" types="121,50,63,64,70,128,17,174,72,100,18,74,75,76,101,102,103,79,80,81,82,83,84,104,105,106,87,88,89" pointTypes="6;" names="221,211,291,298,237,258,292,299,300,296,297,301,302,303" />
                    <segment id="1232563175" length="3" startTrkptIdx="3125" segmentTime="2.73" speed="26.07" turnType="" turnAngle="" types="121,39,70,128,17,72,100,18,74,75,76,101,102,103,79,80,81,82,83,84,104,105,106,87,88,89" pointTypes="7;6;" names="221,211,291,298,237,258,292,299,300,296,297,301,302,303" />
                    <segment id="1363071805" length="4" startTrkptIdx="3127" segmentTime="14.52" speed="8.11" turnType="" turnAngle="" types="121,36,17,18,74,75,76,82,83,84" pointTypes=";;22" names="221,211,292,297" />
                    <segment id="1363071804" length="2" startTrkptIdx="3130" segmentTime="0.39" speed="26.07" turnType="RNLB2" turnAngle="-4.94" types="121,37,17,18,74,75,76,82,83,84" pointTypes="" names="221,211,292,297" />
                    <segment id="1363071804" length="7" startTrkptIdx="3131" segmentTime="2.10" speed="26.07" turnType="" turnAngle="" types="121,37,17,18,74,75,76,82,83,84" pointTypes=";;;;6;6;" names="221,211,292,297" />
                    <segment id="1363071807" length="4" startTrkptIdx="3137" segmentTime="5.64" speed="26.07" turnType="" turnAngle="" types="121,36,17,18,74,75,76,82,83,84" pointTypes=";;;" names="221,211,292,297" />
                    <segment id="653304349" length="6" startTrkptIdx="3140" segmentTime="9.15" speed="26.07" turnType="" turnAngle="" types="121,39,70,128,17,72,100,18,74,75,76,101,102,103,79,80,81,82,83,84,104,105,106,87,88,89" pointTypes="6;6;7;6;34;" names="221,211,291,298,237,258,292,299,300,296,297,301,302,303" />
                    <segment id="228009236" length="24" startTrkptIdx="3145" segmentTime="29.66" speed="26.07" turnType="" turnAngle="" types="121,50,51,52,70,128,17,72,100,18,74,75,76,101,102,103,79,80,81,82,83,84,104,105,106,87,88,89" pointTypes="34;34;117;34;;;7;117;117;117;117;7;7;7;6;6;6;;;;;;;" names="221,211,291,298,237,258,292,299,300,296,297,301,302,303" />
                    <segment id="228009236" length="5" startTrkptIdx="3168" segmentTime="3.99" speed="26.07" turnType="" turnAngle="" types="121,50,51,52,70,128,17,72,100,18,74,75,76,101,102,103,79,80,81,82,83,84,104,105,106,87,88,89" pointTypes=";;;;" names="221,211,291,298,237,258,292,299,300,296,297,301,302,303" />
                    <segment id="115698203" length="21" startTrkptIdx="3172" segmentTime="30.01" speed="26.07" turnType="" turnAngle="" types="121,39,70,128,13,72,100,14,74,75,76,101,102,103,79,80,81,82,83,84,104,105,106,87,88,89" pointTypes=";;;;;;;6;7;7;34;7;7;6;;;" names="221,211,291,298,237,258,292,299,300,296,297,301,302,303" />
                    <segment id="228009237" length="23" startTrkptIdx="3192" segmentTime="35.51" speed="18.85" turnType="" turnAngle="" types="121,39,142,128,13,72,100,14,74,75,76,101,102,103,79,80,81,82,83,84,104,105,106,87,88,89" pointTypes=";;;;;;6;7;6;7;34;6;;;6;6;6;6;;;;;" names="221,211,291,298,237,258,292,299,300,296,297,301,302,303" />
                    <segment id="819974394" length="2" startTrkptIdx="3214" segmentTime="6.33" speed="18.85" turnType="" turnAngle="" types="121,39,142,128,17,72,100,18,74,75,76,101,102,103,79,80,81,82,83,84,104,105,106,87,88,89" pointTypes=";" names="221,211,291,298,237,258,292,299,300,296,297,301,302,303" />
                    <segment id="228009239" length="4" startTrkptIdx="3215" segmentTime="4.88" speed="18.85" turnType="C" turnAngle="1.08" types="121,50,142,17,72,100,18,74,75,76,101,102,103,79,80,81,82,83,84,104,105,106,87,88,89" pointTypes=";;" names="221,211,291,298,237,258,292,299,300,296,297,301,302,303,304" />
                    <segment id="115698200" length="3" startTrkptIdx="3218" segmentTime="2.29" speed="18.85" turnType="" turnAngle="" types="121,50,63,64,142,17,141,72,100,18,74,75,76,101,102,103,79,80,81,82,83,84,104,105,106,87,88,89" pointTypes="7;7;" names="221,211,291,298,237,258,292,299,300,296,297,301,302,303,335,307" />
                    <segment id="819974393" length="5" startTrkptIdx="3220" segmentTime="4.65" speed="18.85" turnType="" turnAngle="" types="121,39,142,17,72,100,18,74,75,76,101,102,103,79,80,81,82,83,84,104,105,106,87,88,89" pointTypes="7;7;7;6;" names="221,211,291,298,237,258,292,299,300,296,297,301,302,303" />
                    <segment id="228008726" length="6" startTrkptIdx="3224" segmentTime="8.63" speed="26.07" turnType="" turnAngle="" types="121,39,70,13,72,100,14,74,75,76,101,102,103,79,80,81,82,83,84,104,105,106,87,88,89" pointTypes=";;;" names="221,211,291,298,237,258,292,299,300,296,297,301,302,303" />
                    <segment id="37122408" length="4" startTrkptIdx="3229" segmentTime="12.35" speed="26.07" turnType="" turnAngle="" types="121,50,63,64,70,128,13,72,100,14,74,75,76,101,102,103,79,80,81,82,83,84,104,105,106,87,88,89" pointTypes=";;;" names="221,211,291,298,237,258,292,299,300,296,297,301,302,303" />
                    <segment id="37122405" length="2" startTrkptIdx="3232" segmentTime="1.69" speed="26.07" turnType="" turnAngle="" types="121,39,70,36,17,177,72,18,74,75,76,101,102,103,82,83,84,104,105,106" pointTypes=";7" names="221,211,291,237,292,299,296,297,302" />
                    <segment id="37122405" length="7" startTrkptIdx="3233" segmentTime="5.83" speed="26.07" turnType="C" turnAngle="6.27" types="121,39,70,36,17,177,72,18,74,75,76,101,102,103,82,83,84,104,105,106" pointTypes="7;7;7;;;21,22,6" names="221,211,291,237,292,299,296,297,302" />
                    <segment id="1103388519" length="2" startTrkptIdx="3239" segmentTime="0.04" speed="26.07" turnType="RNLB2" turnAngle="-6.34" types="121,37,39,70,13,72,14,74,75,76,82,83,84" pointTypes="" names="221,291,237,292,296,297" />
                    <segment id="818510182" length="8" startTrkptIdx="3240" segmentTime="2.19" speed="26.07" turnType="" turnAngle="" types="121,37,39,70,17,18" pointTypes=";;;6;7;7;6" names="221" />
                    <segment id="818510181" length="2" startTrkptIdx="3247" segmentTime="0.33" speed="26.07" turnType="" turnAngle="" types="121,37,39,70,13,72,14,74,75,76,101,102,103,82,83,84,104,105,106" pointTypes="" names="221,211,291,237,292,299,296,297,302" />
                    <segment id="37122406" length="5" startTrkptIdx="3248" segmentTime="2.23" speed="26.07" turnType="" turnAngle="" types="121,39,70,36,13,72,14,74,75,76,101,102,103,82,83,84,104,105,106" pointTypes="" names="336,221,211,337,237,338,339,340,341,342,343" />
                    <segment id="1103388520" length="3" startTrkptIdx="3252" segmentTime="2.15" speed="26.07" turnType="" turnAngle="" types="121,38,70,36,13,72,14,74,75,76,101,102,103,82,83,84,104,105,106" pointTypes=";;" names="336,221,211,337,237,338,339,340,341,342,343" />
                    <segment id="876323709" length="2" startTrkptIdx="3254" segmentTime="1.59" speed="26.07" turnType="" turnAngle="" types="121,39,70,128,13,72,100,14,74,75,76,101,102,103,79,80,81,82,83,84,104,105,106,87,88,89" pointTypes="6;" names="221,211,337,344,237,258,338,339,345,340,341,346,342,347" />
                    <segment id="876323710" length="2" startTrkptIdx="3255" segmentTime="0.51" speed="26.07" turnType="" turnAngle="" types="62,121,39,70,128,13,72,100,14,74,75,76,101,102,103,79,80,81,82,83,84,104,105,106,87,88,89" pointTypes="" names="221,211,337,344,237,258,338,339,345,340,341,346,342,347" />
                    <segment id="810568612" length="3" startTrkptIdx="3256" segmentTime="2.45" speed="26.07" turnType="" turnAngle="" types="121,39,70,128,13,72,100,14,74,75,76,101,102,103,79,80,81,82,83,84,104,105,106,87,88,89" pointTypes="6;;" names="221,211,337,344,237,258,338,339,345,340,341,346,342,347" />
                    <segment id="115698199" length="40" startTrkptIdx="3258" segmentTime="40.24" speed="26.07" turnType="" turnAngle="" types="121,39,70,128,13,72,100,14,74,75,76,101,102,103,79,80,81,82,83,84,104,105,106,87,88,89" pointTypes=";;;7;34;117;34;117;34;7;7;6;6;;6;;;;;;;;;;;;;;;7;117;;122;117;7;34;;122;117;" names="221,211,337,344,237,258,338,339,345,340,341,346,342,347" />
                    <segment id="228008734" length="3" startTrkptIdx="3297" segmentTime="3.14" speed="18.85" turnType="" turnAngle="" types="121,39,142,128,13,72,100,14,74,75,76,101,102,103,79,80,81,82,83,84,104,105,106,87,88,89" pointTypes="7;;" names="221,211,337,344,237,258,338,339,345,340,341,346,342,347" />
                    <segment id="228008716" length="8" startTrkptIdx="3299" segmentTime="4.48" speed="18.85" turnType="" turnAngle="" types="121,39,142,36,13,178,72,14,74,75,76,101,102,103,82,83,84,104,105,106" pointTypes=";6;;;;6;21,22;6" names="221,211,337,237,338,339,340,341,342" />
                    <segment id="818616735" length="4" startTrkptIdx="3306" segmentTime="0.75" speed="18.85" turnType="RNLB3" turnAngle="3.60" types="121,37,39,142,13,72,14,74,75,76,101,102,103,82,83,84,104,105,106" pointTypes="" names="221,211,337,237,338,339,340,341,342" />
                    <segment id="818616734" length="3" startTrkptIdx="3309" segmentTime="0.31" speed="18.85" turnType="" turnAngle="" types="121,37,39,142,13,72,14,74,75,76,101,102,103,82,83,84,104,105,106" pointTypes="" names="221,211,337,237,338,339,340,341,342" />
                    <segment id="818616733" length="6" startTrkptIdx="3311" segmentTime="1.41" speed="18.85" turnType="" turnAngle="" types="121,37,39,142,13,72,14,74,75,76,101,102,103,82,83,84,104,105,106" pointTypes=";;;;;" names="221,211,337,237,338,339,340,341,342" />
                    <segment id="1458916975" length="2" startTrkptIdx="3316" segmentTime="0.23" speed="18.85" turnType="" turnAngle="" types="121,37,39,142,13,72,14,74,75,76,82,83,84" pointTypes=";" names="221,337,237,338,340,341" />
                    <segment id="1046396537" length="3" startTrkptIdx="3317" segmentTime="1.58" speed="18.85" turnType="" turnAngle="" types="121,39,142,36,13,72,14,74,75,76,101,102,103,82,83,84,104,105,106" pointTypes=";" names="348,221,211,337,237,338,339,340,341,342,343" />
                    <segment id="228008725" length="6" startTrkptIdx="3319" segmentTime="2.85" speed="18.85" turnType="" turnAngle="" types="121,39,142,36,13,72,14,74,75,76,101,102,103,82,83,84,104,105,106" pointTypes="" names="221,211,337,237,338,339,340,341,342" />
                    <segment id="115698202" length="3" startTrkptIdx="3324" segmentTime="3.44" speed="18.85" turnType="" turnAngle="" types="121,39,142,128,13,72,100,14,74,75,76,101,102,103,79,80,81,82,83,84,104,105,106,87,88,89" pointTypes=";;" names="221,211,337,344,237,258,338,339,345,340,341,346,342,347" />
                    <segment id="34047473" length="4" startTrkptIdx="3326" segmentTime="49.88" speed="26.07" turnType="" turnAngle="" types="121,39,70,13,72,100,14,74,75,76,101,102,103,79,80,81,82,83,84,104,105,106,87,88,89" pointTypes=";7;6;" names="221,211,337,344,237,258,338,339,345,340,341,346,342,347" />
                    <segment id="27054709" length="12" startTrkptIdx="3329" segmentTime="4.92" speed="26.07" turnType="" turnAngle="" types="121,39,70,36,17,179,72,18,74,75,76,101,102,103,82,83,84,104,105,106" pointTypes=";6;7;6;7;34;7;34;34;7;21,22,7;7" names="221,211,337,237,338,339,340,341,342" />
                    <segment id="1458916445" length="3" startTrkptIdx="3340" segmentTime="0.44" speed="26.07" turnType="RNLB2" turnAngle="-17.48" types="121,37,39,70,17,72,18,74,75,76,101,102,103,82,83,84,104,105,106" pointTypes=";7;7" names="211,337,237,338,339,340,341,342" />
                    <segment id="27054711" length="7" startTrkptIdx="3342" segmentTime="1.61" speed="26.07" turnType="" turnAngle="" types="121,37,39,70,17,72,18,74,75,76,101,102,103,82,83,84,104,105,106" pointTypes=";7;7;7;7;7;7" names="211,337,237,338,339,340,341,342" />
                    <segment id="830850412" length="2" startTrkptIdx="3348" segmentTime="0.15" speed="26.07" turnType="" turnAngle="" types="121,37,39,70,13,72,14,74,75,76,101,102,103,82,83,84,104,105,106" pointTypes=";7" names="211,337,237,338,339,340,341,342" />
                    <segment id="28407358" length="6" startTrkptIdx="3349" segmentTime="2.53" speed="26.07" turnType="" turnAngle="" types="121,39,70,36,17,72,18,74,75,76,101,102,103,82,83,84,104,105,106" pointTypes=";34;34;34;7;7" names="221,211,337,237,338,339,340,341,342" />
                    <segment id="392367775" length="4" startTrkptIdx="3354" segmentTime="1.59" speed="26.07" turnType="" turnAngle="" types="62,121,39,70,36,17,72,18,74,75,76,101,102,103,82,83,84,104,105,106" pointTypes="" names="221,211,337,237,338,339,340,341,342" />
                    <segment id="392367774" length="2" startTrkptIdx="3357" segmentTime="0.21" speed="26.07" turnType="" turnAngle="" types="62,121,99,51,64,70,128,13,72,100,14,74,75,76,101,102,103,79,80,81,82,83,84,104,105,106,87,88,89" pointTypes="" names="221,211,337,344,237,258,338,339,345,340,341,346,342,347" />
                    <segment id="228008720" length="2" startTrkptIdx="3358" segmentTime="4.67" speed="26.07" turnType="" turnAngle="" types="121,99,51,64,70,128,13,72,100,14,74,75,76,101,102,103,79,80,81,82,83,84,104,105,106,87,88,89" pointTypes=";" names="221,211,337,344,237,258,338,339,345,340,341,346,342,347" />
                    <segment id="228008717" length="14" startTrkptIdx="3359" segmentTime="16.94" speed="26.07" turnType="" turnAngle="" types="121,39,70,128,13,72,100,14,74,75,76,101,102,103,79,80,81,82,83,84,104,105,106,87,88,89" pointTypes=";6;7;6;6;;;;7;;;;;" names="221,211,337,344,237,258,338,339,345,340,341,346,342,347" />
                    <segment id="812576203" length="9" startTrkptIdx="3372" segmentTime="8.63" speed="26.07" turnType="" turnAngle="" types="121,39,70,128,13,72,100,14,74,75,76,101,102,103,79,80,81,82,83,84,104,105,106,87,88,89" pointTypes=";6;7;7;34;7;6;" names="221,211,337,344,237,258,338,339,345,340,341,346,342,347" />
                    <segment id="34047381" length="4" startTrkptIdx="3380" segmentTime="2.32" speed="26.07" turnType="" turnAngle="" types="121,99,70,13,72,100,14,74,75,76,101,102,103,79,80,81,82,83,84,104,105,106,87,88,89" pointTypes="6;;;" names="221,211,337,344,237,258,338,339,345,340,341,346,342,347" />
                    <segment id="34047383" length="10" startTrkptIdx="3383" segmentTime="3.26" speed="26.07" turnType="" turnAngle="" types="121,39,70,36,13,177,72,14,74,75,76,101,102,103,82,83,84,104,105,106" pointTypes=";6;;;;;;;21,22" names="221,211,337,237,338,339,340,341,342" />
                    <segment id="1458916513" length="2" startTrkptIdx="3392" segmentTime="0.02" speed="26.07" turnType="RNLB2" turnAngle="-43.99" types="121,37,39,70,13,72,14,74,75,76,101,102,103,82,83,84,104,105,106" pointTypes="" names="211,337,237,338,339,340,341,342" />
                    <segment id="392378557" length="6" startTrkptIdx="3393" segmentTime="0.80" speed="26.07" turnType="" turnAngle="" types="121,37,39,70,13,72,14,74,75,76,101,102,103,82,83,84,104,105,106" pointTypes="" names="211,337,237,338,339,340,341,342" />
                    <segment id="1458916512" length="2" startTrkptIdx="3398" segmentTime="0.24" speed="26.07" turnType="" turnAngle="" types="121,37,39,70,13,72,14,74,75,76,101,102,103,82,83,84,104,105,106" pointTypes=";" names="211,337,237,338,339,340,341,342" />
                    <segment id="27212974" length="4" startTrkptIdx="3399" segmentTime="5.20" speed="26.07" turnType="" turnAngle="" types="121,39,70,36,13,72,14,74,75,76,101,102,103,82,83,84,104,105,106" pointTypes=";;;6" names="221,211,337,237,338,339,340,341,342" />
                    <segment id="228008733" length="2" startTrkptIdx="3402" segmentTime="4.09" speed="26.07" turnType="" turnAngle="" types="121,38,70,36,13,72,14,74,75,76,101,102,103,82,83,84,104,105,106" pointTypes=";6" names="221,211,337,237,338,339,340,341,342" />
                    <segment id="803894525" length="11" startTrkptIdx="3403" segmentTime="19.79" speed="26.07" turnType="" turnAngle="" types="121,39,70,128,13,72,100,14,74,75,76,101,102,103,79,80,81,82,83,84,104,105,106,87,88,89" pointTypes=";;;;;;;;;;" names="221,211,337,344,237,258,338,339,345,340,341,346,342,347" />
                    <segment id="115698201" length="7" startTrkptIdx="3413" segmentTime="19.28" speed="26.07" turnType="KR" turnAngle="4.72" types="121,39,70,128,13,72,100,14,74,75,76,101,102,103,79,80,81,82,83,84,104,105,106,87,88,89" pointTypes="6;6;;;;7;" names="221,211,337,344,237,258,338,339,345,340,341,346,342,347" />
                    <segment id="958382765" length="2" startTrkptIdx="3419" segmentTime="0.25" speed="26.07" turnType="" turnAngle="" types="62,121,39,70,128,13,72,100,14,74,75,76,101,102,103,79,80,81,82,83,84,104,105,106,87,88,89" pointTypes="" names="221,211,337,344,237,258,338,339,345,340,341,346,342,347" />
                    <segment id="958382764" length="8" startTrkptIdx="3420" segmentTime="16.51" speed="26.07" turnType="" turnAngle="" types="121,39,70,128,13,72,100,14,74,75,76,101,102,103,79,80,81,82,83,84,104,105,106,87,88,89" pointTypes="6;7;7;;117;7;34;" names="221,211,337,344,237,258,338,339,345,340,341,346,342,347" />
                    <segment id="228008721" length="5" startTrkptIdx="3427" segmentTime="11.54" speed="13.89" turnType="" turnAngle="" types="121,39,24,128,17,72,100,18,74,75,76,101,102,103,79,80,81,82,83,84,104,105,106,87,88,89" pointTypes="7;6;6;;" names="221,211,337,344,237,258,338,339,345,340,341,346,342,347" />
                    <segment id="1103144855" length="4" startTrkptIdx="3431" segmentTime="6.17" speed="13.89" turnType="" turnAngle="" types="121,99,180,52,24,128,17,181,72,100,18,74,75,76,101,102,103,79,80,81,82,83,84,104,105,106,87,88,89" pointTypes=";;" names="221,211,337,344,237,258,338,339,345,340,341,346,342,347" />
                    <segment id="1103144854" length="2" startTrkptIdx="3434" segmentTime="0.68" speed="13.89" turnType="" turnAngle="" types="121,182,180,64,24,128,17,181,72,100,18,74,75,76,101,102,103,79,80,81,82,83,84,104,105,106,87,88,89" pointTypes=";" names="221,211,337,344,237,258,338,339,345,340,341,346,342,347" />
                    <segment id="374405015" length="6" startTrkptIdx="3435" segmentTime="2.80" speed="13.89" turnType="" turnAngle="" types="121,50,24,36,17,183,72,18,74,75,76,101,102,103,82,83,84,104,105,106" pointTypes=";6;41,66" names="221,211,337,237,338,339,340,341,342" />
                    <segment id="701263666" length="5" startTrkptIdx="3440" segmentTime="0.54" speed="13.89" turnType="RNLB2" turnAngle="-39.81" types="121,39,24,17,72,18,37,74,75,76,101,102,103,82,83,84,104,105,106" pointTypes="" names="211,337,237,338,339,340,341,342" />
                    <segment id="392378555" length="8" startTrkptIdx="3444" segmentTime="1.67" speed="13.89" turnType="" turnAngle="" types="121,39,24,17,72,18,37,74,75,76,101,102,103,82,83,84,104,105,106" pointTypes=";;;;;;7" names="211,337,237,338,339,340,341,342" />
                    <segment id="1056559843" length="3" startTrkptIdx="3451" segmentTime="1.53" speed="13.89" turnType="" turnAngle="" types="121,39,24,36,17,72,18,74,75,76,101,102,103,82,83,84,104,105,106" pointTypes=";41,66,6;45,46,47,27,28,6" names="349,221,211,337,237,338,339,340,341,342,343" />
                    <segment id="374405023" length="18" startTrkptIdx="3453" segmentTime="30.95" speed="7.16" turnType="RNLB3" turnAngle="-8.10" types="121,39,24,36,17,184,72,18,37,74,75,76,101,102,103,82,83,84,104,105,106" pointTypes="45,46,47,27,28;;6;6;6;;6;;;;;;;;41,66;43;114;" names="350,221,211,337,237,338,339,340,341,342,351" />
                    <segment id="617975615" length="4" startTrkptIdx="3470" segmentTime="1.40" speed="13.89" turnType="" turnAngle="" types="121,39,24,36,17,185,72,18,37,74,75,76,101,102,103,82,83,84,104,105,106" pointTypes=";;;" names="211,337,237,338,339,340,341,342" />
                    <segment id="617975614" length="4" startTrkptIdx="3473" segmentTime="1.90" speed="13.89" turnType="" turnAngle="" types="62,121,39,24,36,17,185,72,18,37,74,75,76,101,102,103,82,83,84,104,105,106" pointTypes="" names="211,337,237,338,339,340,341,342" />
                    <segment id="701263667" length="6" startTrkptIdx="3476" segmentTime="2.74" speed="13.89" turnType="" turnAngle="" types="121,39,24,36,17,185,72,18,37,74,75,76,101,102,103,82,83,84,104,105,106" pointTypes=";;41,66;43" names="211,337,237,338,339,340,341,342" />
                    <segment id="701527194" length="6" startTrkptIdx="3481" segmentTime="1.37" speed="13.89" turnType="" turnAngle="" types="121,50,24,36,17,186,72,18,37,74,75,76,101,102,103,82,83,84,104,105,106" pointTypes="" names="211,337,237,338,339,340,341,342" />
                    <segment id="27212747" length="9" startTrkptIdx="3486" segmentTime="3.21" speed="13.89" turnType="" turnAngle="" types="121,50,24,36,17,72,18,37,74,75,76,101,102,103,82,83,84,104,105,106" pointTypes=";6;7;34;34;34;7;6;6" names="211,337,237,338,339,340,341,342" />
                    <segment id="1103050407" length="2" startTrkptIdx="3494" segmentTime="0.05" speed="13.89" turnType="" turnAngle="" types="121,50,24,36,17,72,18,37,74,75,76,101,102,103,82,83,84,104,105,106" pointTypes="" names="211,337,237,338,339,340,341,342" />
                    <segment id="1103106293" length="4" startTrkptIdx="3495" segmentTime="2.48" speed="13.89" turnType="" turnAngle="" types="121,39,24,36,17,72,18,74,75,76,101,102,103,82,83,84,104,105,106" pointTypes=";6;6" names="348,221,211,337,237,338,339,340,341,342,343" />
                    <segment id="1056559842" length="3" startTrkptIdx="3498" segmentTime="4.68" speed="13.89" turnType="" turnAngle="" types="121,38,24,36,17,72,18,74,75,76,101,102,103,82,83,84,104,105,106" pointTypes=";;" names="348,221,211,337,237,338,339,340,341,342,343" />
                    <segment id="27212753" length="10" startTrkptIdx="3500" segmentTime="8.01" speed="26.07" turnType="" turnAngle="" types="121,39,70,36,17,72,18,74,75,76,101,102,103,82,83,84,104,105,106" pointTypes=";;;;;6;6;;;6" names="221,211,337,237,338,339,340,341,342" />
                    <segment id="146443707" length="19" startTrkptIdx="3509" segmentTime="51.86" speed="26.07" turnType="" turnAngle="" types="121,39,70,17,72,100,18,74,75,76,101,102,103,79,80,81,82,83,84,104,105,106,87,88,89" pointTypes=";;;6;6;6;7;7;;;;;6;6;;;;;90" names="221,211,337,344,237,258,338,339,345,340,341,346,342,347" />
                    <segment id="190383166" length="9" startTrkptIdx="3527" segmentTime="14.38" speed="26.07" turnType="" turnAngle="" types="121,39,70,13,72,100,14,74,75,76,101,102,103,79,80,81,82,83,84,104,105,106,87,88,89" pointTypes="90;;;;;;;;" names="221,211,337,344,237,258,338,339,345,340,341,346,342,347" />
                    <segment id="701527193" length="5" startTrkptIdx="3535" segmentTime="7.51" speed="26.07" turnType="" turnAngle="" types="121,39,70,13,72,100,14,74,75,76,101,102,103,79,80,81,82,83,84,104,105,106,87,88,89" pointTypes=";;;;" names="221,211,337,344,237,258,338,339,345,340,341,346,342,347" />
                    <segment id="1206745977" length="4" startTrkptIdx="3539" segmentTime="5.30" speed="26.07" turnType="" turnAngle="" types="121,39,70,13,72,100,14,74,75,76,101,102,103,79,80,81,82,83,84,104,105,106,87,88,89" pointTypes=";;;" names="221,211,337,344,237,258,338,339,345,340,341,346,342,347" />
                    <segment id="190383164" length="2" startTrkptIdx="3542" segmentTime="12.13" speed="26.07" turnType="" turnAngle="" types="62,121,39,70,17,72,100,18,187,74,75,76,101,102,103,79,80,81,82,83,84,104,105,106,87,88,89" pointTypes="" names="221,211,337,344,237,258,338,339,345,340,341,346,342,347,352" />
                    <segment id="877375329" length="15" startTrkptIdx="3543" segmentTime="31.37" speed="26.07" turnType="" turnAngle="" types="121,38,70,36,13,72,14,74,75,76,101,102,103,82,83,84,104,105,106" pointTypes=";;;;;;;;;;;6;;6;" names="221,211,337,237,338,339,340,341,342" />
                    <segment id="182650747" length="68" startTrkptIdx="3557" segmentTime="118.48" speed="26.07" turnType="" turnAngle="" types="121,39,70,36,13,72,14,74,75,76,101,102,103,82,83,84,104,105,106" pointTypes=";;6;;6;;6;6;;;6;;;;;;;;6;6;;6;6;7;7;7;6;6;7;6;;;;;;;;;6;;;;;;;;;6;;;;;6;;6;;;6;;;;;;6;6;;" names="221,211,337,237,338,339,340,341,342" />
                    <segment id="825102818" length="8" startTrkptIdx="3624" segmentTime="4.66" speed="26.07" turnType="" turnAngle="" types="121,39,36,17,72,18,74,75,76,101,102,103,82,83,84,104,105,106" pointTypes=";;;;;;21,22" names="221,211,337,237,338,339,340,341,342" />
                    <segment id="1074972635" length="3" startTrkptIdx="3631" segmentTime="0.71" speed="26.07" turnType="RNLB1" turnAngle="-180.00" types="121,37,39,92,36,13,72,14,74,75,76,101,102,103,82,83,84,104,105,106" pointTypes="" names="221,211,337,237,338,339,340,341,342" />
                    <segment id="825102820" length="4" startTrkptIdx="3633" segmentTime="2.86" speed="26.07" turnType="" turnAngle="" types="67,68,121,39,92,36,13,72,14,74,75,76,101,102,103,82,83,84,104,105,106" pointTypes=";;;" names="221,211,337,237,338,339,340,341,342" />
                    <segment id="825102822" length="9" startTrkptIdx="3636" segmentTime="5.85" speed="26.07" turnType="" turnAngle="" types="67,68,121,39,92,36,13,72,14,74,75,76,101,102,103,82,83,84,104,105,106" pointTypes=";;;;;;6;" names="221,211,337,237,338,339,340,341,342" />
                    <segment id="1119113109" length="9" startTrkptIdx="3644" segmentTime="4.20" speed="26.07" turnType="" turnAngle="" types="67,68,121,50,92,36,13,72,14,74,75,76,101,102,103,82,83,84,104,105,106" pointTypes=";;;;;;;;" names="221,211,337,237,338,339,340,341,342" />
                    <segment id="825102823" length="2" startTrkptIdx="3652" segmentTime="1.03" speed="26.07" turnType="" turnAngle="" types="67,62,68,121,50,92,36,13,72,14,74,75,76,101,102,103,82,83,84,104,105,106" pointTypes="" names="221,211,337,237,338,339,340,341,342" />
                    <segment id="825102824" length="5" startTrkptIdx="3653" segmentTime="16.26" speed="2.02" turnType="" turnAngle="" types="67,68,121,50,92,36,13,188,72,14,74,75,76,101,102,103,82,83,84,104,105,106" pointTypes=";41,66;45,48,27;;" names="221,211,337,237,338,339,340,341,342" />
                    <segment id="1119113120" length="2" startTrkptIdx="3657" segmentTime="0.59" speed="26.07" turnType="" turnAngle="" types="67,68,69,39,92,36,13,72,14,74,75,76,101,102,103,82,83,84,104,105,106" pointTypes="" names="221,211,337,237,338,339,340,341,342" />
                    <segment id="825102826" length="3" startTrkptIdx="3658" segmentTime="0.97" speed="26.07" turnType="" turnAngle="" types="67,62,68,69,39,92,36,13,72,14,74,75,76,101,102,103,82,83,84,104,105,106" pointTypes=";41,66" names="221,211,337,237,338,339,340,341,342" />
                    <segment id="825102825" length="5" startTrkptIdx="3660" segmentTime="0.32" speed="26.07" turnType="" turnAngle="" types="69,39,92,36,13,72,14,74,75,76,101,102,103,82,83,84,104,105,106" pointTypes="" names="221,211,337,237,338,339,340,341,342" />
                    <segment id="1119113122" length="5" startTrkptIdx="3664" segmentTime="0.39" speed="26.07" turnType="" turnAngle="" types="69,39,92,36,13,72,14,74,75,76,101,102,103,82,83,84,104,105,106" pointTypes="" names="221,211,337,237,338,339,340,341,342" />
                    <segment id="1119113123" length="6" startTrkptIdx="3668" segmentTime="24.82" speed="10.32" turnType="" turnAngle="" types="67,68,69,39,92,36,13,14" pointTypes=";45,48,27;6;" names="0" />
                    <segment id="391966318" length="2" startTrkptIdx="3673" segmentTime="6.10" speed="21.26" turnType="" turnAngle="" types="67,68,71,39,92,189,36,17,190,100,18,101,102,103,130,131,132,133,134,104,105,106,135,136,137,138,139" pointTypes=";" names="353,221,211,354,355,356,357,258,358,359,360,361,362,363,364,365,366" />
                    <segment id="701027461" length="7" startTrkptIdx="3674" segmentTime="38.31" speed="26.07" turnType="" turnAngle="" types="67,68,71,39,92,70,36,17,190,100,18,101,102,103,130,131,132,133,134,104,105,106,135,136,137,138,139" pointTypes=";;;;;6;90" names="353,221,211,354,355,356,357,258,358,359,360,361,362,363,364,365,366" />
                    <segment id="495343425" length="23" startTrkptIdx="3680" segmentTime="69.11" speed="26.07" turnType="" turnAngle="" types="67,68,71,39,92,70,36,17,190,100,18,101,102,103,130,131,132,133,134,104,105,106,135,136,137,138,139" pointTypes="90;;;;;;6;;;;;;;;;6;;6;6;;;6;90" names="353,221,211,354,355,356,357,258,358,359,360,361,362,363,364,365,366" />
                    <segment id="495343425" length="28" startTrkptIdx="3702" segmentTime="95.73" speed="26.07" turnType="" turnAngle="" types="67,68,71,39,92,70,36,17,190,100,18,101,102,103,130,131,132,133,134,104,105,106,135,136,137,138,139" pointTypes="90;;;;6;;;;;6;6;;;;;;;6;6;;;;6;;;;;90" names="353,221,211,354,355,356,357,258,358,359,360,361,362,363,364,365,366" />
                    <segment id="325129209" length="8" startTrkptIdx="3729" segmentTime="12.93" speed="26.07" turnType="TSLL" turnAngle="-10.73" types="67,68,69,38,92,36,17,18" pointTypes="90;;;;6;6" names="367,368" />
                    <segment id="894447294" length="6" startTrkptIdx="3736" segmentTime="4.55" speed="26.07" turnType="" turnAngle="" types="67,68,69,39,92,36,17,191,18" pointTypes=";;;;21,22" names="369" />
                    <segment id="498815344" length="7" startTrkptIdx="3741" segmentTime="2.37" speed="16.44" turnType="RNLB2" turnAngle="25.26" types="192,49,37,39,92,17,18" pointTypes="" names="369" />
                    <segment id="499214271" length="7" startTrkptIdx="3747" segmentTime="2.64" speed="16.44" turnType="" turnAngle="" types="192,49,37,38,92,17,18" pointTypes="" names="370" />
                    <segment id="494854699" length="3" startTrkptIdx="3753" segmentTime="3.06" speed="16.44" turnType="" turnAngle="" types="192,49,37,39,92,17,18" pointTypes="" names="0" />
                    <segment id="819527767" length="8" startTrkptIdx="3755" segmentTime="12.49" speed="17.34" turnType="" turnAngle="" types="49,38,92,142,193,36,17,18" pointTypes=";;194,46,33,27,61;;;;;" names="370" />
                    <segment id="657538168" length="18" startTrkptIdx="3762" segmentTime="22.47" speed="26.07" turnType="" turnAngle="" types="192,195,49,39,92,70,196,17,197" pointTypes="7;7;7;6;6;6;6;6;6;;6;6;6;6;;7;6;" names="221" />
                    <segment id="876404110" length="6" startTrkptIdx="3779" segmentTime="2.85" speed="26.07" turnType="" turnAngle="" types="192,49,38,92,70,36,198,17,197" pointTypes=";;;;21,22" names="221" />
                    <segment id="876404108" length="7" startTrkptIdx="3784" segmentTime="1.61" speed="26.07" turnType="RNLB1" turnAngle="-32.37" types="192,49,37,38,92,70,17,18" pointTypes="" names="221" />
                    <segment id="876404107" length="9" startTrkptIdx="3790" segmentTime="5.25" speed="26.07" turnType="" turnAngle="" types="192,49,38,92,70,36,17,18" pointTypes=";;;;6;7;7;7;34" names="371,221" />
                    <segment id="1097671436" length="5" startTrkptIdx="3798" segmentTime="4.05" speed="26.07" turnType="" turnAngle="" types="199,49,39,120,70,200,17,18" pointTypes=";;;;" names="221" />
                    <segment id="552582111" length="34" startTrkptIdx="3802" segmentTime="43.22" speed="26.07" turnType="" turnAngle="" types="199,49,39,120,70,200,17,18" pointTypes=";;;6;6;7;7;;;;34;;7;7;;;;;;;;6;6;6;;;;;6;;;;;" names="221" />
                    <segment id="1097671783" length="2" startTrkptIdx="3835" segmentTime="9.03" speed="26.07" turnType="" turnAngle="" types="199,49,120,70,17,18" pointTypes=";" names="221" />
                    <segment id="816894553" length="2" startTrkptIdx="3836" segmentTime="2.41" speed="26.07" turnType="" turnAngle="" types="199,49,92,70,17,18" pointTypes=";" names="221" />
                    <segment id="816894554" length="2" startTrkptIdx="3837" segmentTime="3.69" speed="26.07" turnType="C" turnAngle="-1.60" types="199,49,39,92,70,17,18" pointTypes=";" names="221" />
                    <segment id="882141050" length="3" startTrkptIdx="3838" segmentTime="3.10" speed="26.07" turnType="" turnAngle="" types="199,49,92,70,17,18" pointTypes=";;" names="221" />
                    <segment id="816894555" length="2" startTrkptIdx="3840" segmentTime="1.02" speed="26.07" turnType="" turnAngle="" types="199,49,50,51,52,92,70,17,18" pointTypes="" names="221" />
                    <segment id="1097672336" length="7" startTrkptIdx="3841" segmentTime="5.05" speed="26.07" turnType="" turnAngle="" types="199,49,39,92,70,17,18" pointTypes="6;7;7;7;34;" names="221" />
                    <segment id="816894556" length="16" startTrkptIdx="3847" segmentTime="22.49" speed="26.07" turnType="" turnAngle="" types="199,49,39,70,17,18" pointTypes="34;7;34;6;;;;;;;;6;34;6;;" names="221" />
                    <segment id="813998307" length="3" startTrkptIdx="3862" segmentTime="2.27" speed="26.07" turnType="" turnAngle="" types="49,70,13,14" pointTypes="" names="221" />
                    <segment id="1006048328" length="8" startTrkptIdx="3864" segmentTime="20.10" speed="26.07" turnType="" turnAngle="" types="49,70,13,14" pointTypes=";;;;;;;" names="221" />
                    <segment id="1006048326" length="7" startTrkptIdx="3871" segmentTime="26.57" speed="26.07" turnType="" turnAngle="" types="49,70,17,18" pointTypes=";;;;;;" names="221,372" />
                    <segment id="1006048329" length="3" startTrkptIdx="3877" segmentTime="1.84" speed="26.07" turnType="" turnAngle="" types="62,49,70,13,14" pointTypes="" names="221" />
                    <segment id="1006048327" length="7" startTrkptIdx="3879" segmentTime="6.12" speed="26.07" turnType="" turnAngle="" types="49,70,13,14" pointTypes="6;;6;6;7;6;" names="221,373" />
                    <segment id="813998308" length="5" startTrkptIdx="3885" segmentTime="2.13" speed="26.07" turnType="" turnAngle="" types="49,70,13,14" pointTypes="6;;7;6;" names="221" />
                    <segment id="813998308" length="44" startTrkptIdx="3889" segmentTime="75.76" speed="26.07" turnType="" turnAngle="" types="49,70,13,14" pointTypes=";;6;6;;;;;;;;;;;;;;6;;;;;;;;;;;;;;;;;;;;;;;;;;" names="221" />
                    <segment id="399313338" length="4" startTrkptIdx="3932" segmentTime="1.14" speed="26.07" turnType="" turnAngle="" types="62,49,70,13,14" pointTypes="" names="221" />
                    <segment id="399313339" length="20" startTrkptIdx="3935" segmentTime="22.33" speed="26.07" turnType="" turnAngle="" types="49,70,17,18" pointTypes="6;6;;;;;;7;;;;6;6;6;;6;6;" names="221" />
                    <segment id="657538170" length="6" startTrkptIdx="3954" segmentTime="10.94" speed="18.85" turnType="" turnAngle="" types="49,142,17,18" pointTypes="6;6;;;;" names="221" />
                    <segment id="358848304" length="11" startTrkptIdx="3959" segmentTime="13.02" speed="8.33" turnType="TR" turnAngle="95.90" types="2,4,5" pointTypes=";;;;;;;;;;" names="0" />
                    <segment id="358848304" length="11" startTrkptIdx="3969" segmentTime="13.02" speed="8.33" turnType="C" turnAngle="" types="2,4,5" pointTypes=";;;;;;;;;;" names="0" />
                    <segment id="358848304" length="11" startTrkptIdx="3979" segmentTime="13.02" speed="8.33" turnType="C" turnAngle="" types="2,4,5" pointTypes=";;;;;;;;;;" names="" />
                    <segment id="657538170" length="6" startTrkptIdx="3989" segmentTime="4.77" speed="18.85" turnType="TR" turnAngle="81.86" types="49,142,17,18" pointTypes=";;;;;" names="374" />
                    <segment id="817685613" length="6" startTrkptIdx="3994" segmentTime="4.65" speed="18.85" turnType="" turnAngle="" types="49,142,17,18" pointTypes="6;6;44,22;" names="374" />
                    <segment id="657538171" length="3" startTrkptIdx="3999" segmentTime="0.24" speed="18.85" turnType="RNLB1" turnAngle="-43.43" types="49,37,142,17,18" pointTypes="" names="374" />
                    <segment id="657538171" length="8" startTrkptIdx="4001" segmentTime="0.80" speed="18.85" turnType="" turnAngle="" types="49,37,142,17,18" pointTypes="" names="374" />
                    <segment id="657538173" length="7" startTrkptIdx="4008" segmentTime="18.11" speed="6.22" turnType="" turnAngle="" types="49,39,24,17,18" pointTypes="21,22;;;;44,22;" names="374" />
                    <segment id="657538172" length="2" startTrkptIdx="4014" segmentTime="0.14" speed="18.85" turnType="RNLB1" turnAngle="-33.00" types="49,37,142,17,18" pointTypes="" names="374" />
                    <segment id="657538172" length="9" startTrkptIdx="4015" segmentTime="1.08" speed="18.85" turnType="" turnAngle="" types="49,37,142,17,18" pointTypes="" names="374" />
                    <segment id="146992726" length="9" startTrkptIdx="4023" segmentTime="40.92" speed="10.49" turnType="" turnAngle="" types="49,39,24,17,18" pointTypes="21,22;;;6;7;6;;" names="374" />
                    <segment id="101619754" length="19" startTrkptIdx="4031" segmentTime="36.57" speed="13.89" turnType="" turnAngle="" types="199,49,39,92,24,17,18" pointTypes="6;7;;;;;;;;;;;;;;;;;" names="376" />
                    <segment id="101619732" length="2" startTrkptIdx="4049" segmentTime="1.57" speed="16.44" turnType="" turnAngle="" types="62,199,49,39,92,17,18" pointTypes="" names="376" />
                    <segment id="101605780" length="22" startTrkptIdx="4050" segmentTime="39.38" speed="13.89" turnType="" turnAngle="" types="199,49,92,24,128,17,18" pointTypes="6;;;;;;;;;;;;;;;;;;;;;" names="376" />
                    <segment id="101605802" length="8" startTrkptIdx="4071" segmentTime="11.27" speed="12.66" turnType="" turnAngle="" types="192,49,38,92,24,36,17,18" pointTypes=";;;;;;194,33,27" names="376" />
                    <segment id="1221441986" length="5" startTrkptIdx="4078" segmentTime="2.94" speed="13.89" turnType="" turnAngle="" types="93,49,39,92,24,36,17,201,18" pointTypes=";;;21,22;" names="376" />
                    <segment id="657538174" length="8" startTrkptIdx="4082" segmentTime="1.18" speed="13.89" turnType="RNLB2" turnAngle="-70.02" types="192,49,37,92,24,17,18" pointTypes=";;;;;;;" names="376" />
                    <segment id="657538175" length="5" startTrkptIdx="4089" segmentTime="11.85" speed="13.89" turnType="" turnAngle="" types="192,49,38,92,24,36,17,18" pointTypes=";;;21,22;" names="376" />
                    <segment id="882141055" length="2" startTrkptIdx="4093" segmentTime="0.35" speed="13.89" turnType="RNLB2" turnAngle="-54.98" types="192,49,37,92,24,17,18" pointTypes="" names="" />
                    <segment id="392358233" length="4" startTrkptIdx="4094" segmentTime="1.39" speed="13.89" turnType="" turnAngle="" types="192,49,37,92,24,17,18" pointTypes="" names="" />
                    <segment id="882141051" length="3" startTrkptIdx="4097" segmentTime="0.41" speed="13.89" turnType="" turnAngle="" types="192,49,37,92,24,17,18" pointTypes="" names="" />
                    <segment id="101621848" length="5" startTrkptIdx="4099" segmentTime="18.39" speed="10.11" turnType="" turnAngle="" types="192,49,92,24,36,17,18" pointTypes=";25,35,27;;21,22" names="376" />
                    <segment id="392358244" length="5" startTrkptIdx="4103" segmentTime="1.52" speed="13.89" turnType="RNLB1" turnAngle="-73.84" types="192,49,37,24,17,18" pointTypes=";;7;7;7" names="" />
                    <segment id="101605803" length="4" startTrkptIdx="4107" segmentTime="2.64" speed="13.89" turnType="" turnAngle="" types="192,49,92,24,36,17,18" pointTypes=";6;;" names="376" />
                    <segment id="101605803" length="6" startTrkptIdx="4110" segmentTime="15.04" speed="9.27" turnType="C" turnAngle="-7.13" types="192,49,92,24,36,17,18" pointTypes=";25,35,27,7;" names="376" />
                    <segment id="392358209" length="2" startTrkptIdx="4115" segmentTime="0.67" speed="13.89" turnType="" turnAngle="" types="49,92,24,128,17,18" pointTypes="" names="376" />
                    <segment id="101605801" length="16" startTrkptIdx="4116" segmentTime="26.71" speed="13.89" turnType="" turnAngle="" types="49,24,128,17,18" pointTypes=";;;;6;7;7;34;34;34;7;117;117;6;;" names="376" />
                    <segment id="1154901250" length="4" startTrkptIdx="4131" segmentTime="12.43" speed="13.89" turnType="" turnAngle="" types="49,24,17,18" pointTypes="7;6;6;" names="374" />
                    <segment id="1154901251" length="2" startTrkptIdx="4134" segmentTime="1.66" speed="13.89" turnType="" turnAngle="" types="49,24,17,143,18" pointTypes="" names="374" />
                    <segment id="1154901252" length="2" startTrkptIdx="4135" segmentTime="1.24" speed="18.85" turnType="C" turnAngle="-3.04" types="49,142,17,18" pointTypes=";" names="374" />
                    <segment id="1154901253" length="2" startTrkptIdx="4136" segmentTime="0.84" speed="18.85" turnType="" turnAngle="" types="49,39,142,17,174,18" pointTypes=";" names="374" />
                    <segment id="1154901253" length="3" startTrkptIdx="4137" segmentTime="1.15" speed="18.85" turnType="" turnAngle="" types="49,39,142,17,174,18" pointTypes=";;" names="374" />
                    <segment id="22930727" length="7" startTrkptIdx="4139" segmentTime="4.15" speed="18.85" turnType="" turnAngle="" types="49,39,142,13,14" pointTypes=";;;;;;" names="374" />
                    <segment id="488358097" length="5" startTrkptIdx="4145" segmentTime="3.60" speed="26.07" turnType="" turnAngle="" types="49,39,70,13,14" pointTypes=";;;;" names="374" />
                    <segment id="488358097" length="4" startTrkptIdx="4149" segmentTime="4.04" speed="26.07" turnType="" turnAngle="" types="49,39,70,13,14" pointTypes=";;7;" names="374" />
                    <segment id="488358098" length="2" startTrkptIdx="4152" segmentTime="1.28" speed="26.07" turnType="" turnAngle="" types="62,49,39,70,13,14" pointTypes="" names="374" />
                    <segment id="146992725" length="22" startTrkptIdx="4153" segmentTime="35.27" speed="26.07" turnType="" turnAngle="" types="49,70,13,14" pointTypes="6;;117;122;122;122;117;;;;;;;;;;;;;;;" names="374" />
                    <segment id="867150034" length="2" startTrkptIdx="4174" segmentTime="0.30" speed="26.07" turnType="" turnAngle="" types="62,49,70,13,14" pointTypes="" names="374" />
                    <segment id="867150033" length="3" startTrkptIdx="4175" segmentTime="12.94" speed="26.07" turnType="" turnAngle="" types="49,70,13,14" pointTypes=";;" names="374" />
                    <segment id="23181796" length="33" startTrkptIdx="4177" segmentTime="63.08" speed="16.44" turnType="" turnAngle="" types="49,150,13,14" pointTypes="6;6;;6;7;;;;;6;6;;;6;6;;;;;;;;;6;;;;;;;;" names="374" />
                    <segment id="23181794" length="2" startTrkptIdx="4209" segmentTime="2.99" speed="16.44" turnType="" turnAngle="" types="62,49,39,150,13,14" pointTypes="" names="374" />
                    <segment id="769181633" length="24" startTrkptIdx="4210" segmentTime="29.65" speed="26.07" turnType="" turnAngle="" types="49,70,17,18" pointTypes=";;;;;;;;;;6;6;6;;;;;;;;;;;6" names="374" />
                    <segment id="769181633" length="30" startTrkptIdx="4233" segmentTime="72.85" speed="26.07" turnType="" turnAngle="" types="49,70,17,18" pointTypes="6;6;6;;;;;;;;;7;;;;;7;;;;;6;;;;;6;6;;" names="374" />
                    <segment id="291574222" length="2" startTrkptIdx="4262" segmentTime="8.80" speed="26.07" turnType="C" turnAngle="-1.97" types="49,70,17,18" pointTypes=";" names="374,377,378" />
                    <segment id="769181636" length="2" startTrkptIdx="4263" segmentTime="4.30" speed="26.07" turnType="" turnAngle="" types="49,70,17,18" pointTypes=";" names="374,379,380" />
                    <segment id="769181637" length="22" startTrkptIdx="4264" segmentTime="25.59" speed="26.07" turnType="" turnAngle="" types="49,70,17,18" pointTypes=";;;;;;;;;;;6;;;;;;6;;" names="374" />
                    <segment id="769181619" length="5" startTrkptIdx="4285" segmentTime="2.37" speed="26.07" turnType="" turnAngle="" types="202,49,70,203,168,17,18" pointTypes="" names="374" />
                    <segment id="461110614" length="4" startTrkptIdx="4289" segmentTime="1.75" speed="26.07" turnType="" turnAngle="" types="202,49,70,203,168,17,204,18" pointTypes=";;" names="374" />
                    <segment id="1462661810" length="4" startTrkptIdx="4292" segmentTime="2.95" speed="12.50" turnType="" turnAngle="" types="205,49,39,92,70,206,36,17,177,18" pointTypes="" names="374" />
                    <segment id="461110620" length="11" startTrkptIdx="4295" segmentTime="6.93" speed="10.70" turnType="" turnAngle="" types="49,39,92,70,206,36,17,177,18" pointTypes=";;;;;;194,46,33,27,61;;;21,22" names="374" />
                    <segment id="819230600" length="2" startTrkptIdx="4305" segmentTime="0.05" speed="26.07" turnType="RNLB2" turnAngle="-14.28" types="0,1,121,37,39,92,70,13,190,100,14,101,102,103,79,80,81,104,105,106,87,88,89" pointTypes="" names="381,382,354,355,357,258,358,383,361,362,363,384" />
                    <segment id="769181623" length="8" startTrkptIdx="4306" segmentTime="1.71" speed="26.07" turnType="" turnAngle="" types="0,1,121,37,39,92,70,13,14,74,75,76,82,83,84" pointTypes="" names="381,382,385,386" />
                    <segment id="973325629" length="5" startTrkptIdx="4313" segmentTime="0.88" speed="26.07" turnType="" turnAngle="" types="0,1,121,37,39,92,70,13,190,100,14,101,102,103,79,80,81,104,105,106,87,88,89" pointTypes="" names="381,382,354,355,357,258,358,383,361,362,363,384" />
                    <segment id="461110618" length="10" startTrkptIdx="4317" segmentTime="6.75" speed="22.21" turnType="" turnAngle="" types="207,39,92,70,36,17,190,100,18,101,102,103,79,80,81,104,105,106,87,88,89" pointTypes=";;194,46,33,27,61;;;;;;;" names="387,210,382,354,355,357,258,358,383,361,362,363,384,388" />
                    <segment id="769181632" length="7" startTrkptIdx="4326" segmentTime="6.16" speed="26.07" turnType="" turnAngle="" types="207,38,70,36,17,190,100,18,101,102,103,79,80,81,104,105,106,87,88,89" pointTypes=";;;;;6;" names="210,382,354,355,357,258,358,383,361,362,363,384" />
                    <segment id="495335938" length="22" startTrkptIdx="4332" segmentTime="15.49" speed="26.07" turnType="" turnAngle="" types="207,70,175,170,17,190,100,151,18,101,102,103,79,80,81,132,133,134,104,105,106,87,88,89,137,138,139" pointTypes=";;;;;;;;;;;6;;;;;;;;;6;146,147,148,145,6" names="210,382,354,355,389,357,258,313,358,383,360,361,362,363,390,384,366" />
                    <segment id="769181631" length="16" startTrkptIdx="4353" segmentTime="86.68" speed="18.55" turnType="" turnAngle="" types="207,70,13,190,100,151,14,101,102,103,79,80,81,132,133,134,104,105,106,87,88,89,137,138,139" pointTypes="146,147,148,145;6;;;;;;;;;6;;;6" names="210,382,354,355,389,357,258,313,358,383,360,361,362,363,390,384,366" />
                    <segment id="1458920713" length="4" startTrkptIdx="4368" segmentTime="2.69" speed="26.07" turnType="" turnAngle="" types="207,70,13,190,100,151,14,101,102,103,79,80,81,132,133,134,104,105,106,87,88,89,137,138,139" pointTypes=";;6;6" names="210,382,354,355,389,357,258,313,358,383,360,361,362,363,390,384,366" />
                    <segment id="291574228" length="2" startTrkptIdx="4371" segmentTime="7.55" speed="26.07" turnType="" turnAngle="" types="207,70,13,190,100,151,14,101,102,103,79,80,81,132,133,134,104,105,106,87,88,89,137,138,139" pointTypes=";6" names="210,382,354,355,389,357,258,313,358,383,360,361,362,363,390,384,366" />
                    <segment id="291574228" length="28" startTrkptIdx="4372" segmentTime="99.98" speed="26.07" turnType="" turnAngle="" types="207,70,13,190,100,151,14,101,102,103,79,80,81,132,133,134,104,105,106,87,88,89,137,138,139" pointTypes="6;;;;;;;;;;;;;;6;6;6;6;6;6;;;;;6;;" names="210,382,354,355,389,357,258,313,358,383,360,361,362,363,390,384,366" />
                    <segment id="866794460" length="2" startTrkptIdx="4399" segmentTime="0.47" speed="26.07" turnType="" turnAngle="" types="62,207,70,13,190,100,151,14,101,102,103,79,80,81,132,133,134,104,105,106,87,88,89,137,138,139" pointTypes="" names="210,382,354,355,389,357,258,313,358,383,360,361,362,363,390,384,366" />
                    <segment id="866794459" length="43" startTrkptIdx="4400" segmentTime="83.54" speed="26.07" turnType="" turnAngle="" types="207,70,17,190,100,151,18,101,102,103,79,80,81,132,133,134,104,105,106,87,88,89,137,138,139" pointTypes=";;;;;6;6;;;;;;;;;;;;;6;;6;;;;;;;6;6;;;;;6;6;;7;7;;;" names="210,382,354,355,389,357,258,313,358,383,360,361,362,363,390,384,366" />
                    <segment id="825616558" length="2" startTrkptIdx="4442" segmentTime="0.34" speed="26.07" turnType="" turnAngle="" types="62,207,70,17,190,100,151,18,101,102,103,79,80,81,132,133,134,104,105,106,87,88,89,137,138,139" pointTypes="" names="210,382,354,355,389,357,258,313,358,383,360,361,362,363,390,384,366" />
                    <segment id="866794465" length="12" startTrkptIdx="4443" segmentTime="32.65" speed="26.07" turnType="" turnAngle="" types="207,70,17,190,100,151,18,101,102,103,79,80,81,132,133,134,104,105,106,87,88,89,137,138,139" pointTypes=";;;;;;;;;;;6" names="210,382,354,355,389,357,258,313,358,383,360,361,362,363,390,384,366" />
                    <segment id="866794466" length="2" startTrkptIdx="4454" segmentTime="0.35" speed="26.07" turnType="" turnAngle="" types="62,207,70,17,190,100,151,18,101,102,103,79,80,81,132,133,134,104,105,106,87,88,89,137,138,139" pointTypes="" names="210,382,354,355,389,357,258,313,358,383,360,361,362,363,390,384,366" />
                    <segment id="825616560" length="38" startTrkptIdx="4455" segmentTime="110.37" speed="26.07" turnType="" turnAngle="" types="207,70,13,190,100,151,14,101,102,103,79,80,81,132,133,134,104,105,106,87,88,89,137,138,139" pointTypes=";6;;;;;;;;;6;6;;;;;;;;;;;;;;;;;;;;;;;;;;" names="210,382,354,355,389,357,258,313,358,383,360,361,362,363,390,384,366" />
                    <segment id="218940378" length="2" startTrkptIdx="4492" segmentTime="0.67" speed="26.07" turnType="" turnAngle="" types="62,207,70,13,190,100,151,14,101,102,103,79,80,81,132,133,134,104,105,106,87,88,89,137,138,139" pointTypes="" names="210,382,354,355,389,357,258,313,358,383,360,361,362,363,390,384,366" />
                    <segment id="821628684" length="2" startTrkptIdx="4493" segmentTime="0.37" speed="26.07" turnType="" turnAngle="" types="207,70,13,190,100,151,14,101,102,103,79,80,81,132,133,134,104,105,106,87,88,89,137,138,139" pointTypes="7;" names="210,382,354,355,389,357,258,313,358,383,360,361,362,363,390,384,366" />
                    <segment id="821628680" length="3" startTrkptIdx="4494" segmentTime="1.95" speed="26.07" turnType="C" turnAngle="0.67" types="207,70,13,190,100,151,14,101,102,103,79,80,81,132,133,134,104,105,106,87,88,89,137,138,139" pointTypes=";7;" names="210,382,354,355,389,357,258,313,358,383,360,361,362,363,390,384,366" />
                    <segment id="821628681" length="10" startTrkptIdx="4496" segmentTime="8.63" speed="26.07" turnType="" turnAngle="" types="207,70,13,190,100,151,14,101,102,103,79,80,81,132,133,134,104,105,106,87,88,89,137,138,139" pointTypes="7;6;7;;7;;;7;;" names="210,382,354,355,389,357,258,313,358,383,360,361,362,363,390,384,366" />
                    <segment id="218940381" length="43" startTrkptIdx="4505" segmentTime="231.60" speed="26.07" turnType="" turnAngle="" types="207,70,17,190,100,151,18,101,102,103,79,80,81,132,133,134,104,105,106,87,88,89,137,138,139" pointTypes=";6;;;;6;;;;;;;;;;6;;;;;;6;6;;;;;;;;;;;;6;6;7;6;7;7;6;6;" names="210,382,354,355,389,357,258,313,358,383,360,361,362,363,390,384,366" />
                    <segment id="488358147" length="31" startTrkptIdx="4547" segmentTime="70.43" speed="26.07" turnType="" turnAngle="" types="207,70,17,190,100,151,18,101,102,103,79,80,81,132,133,134,104,105,106,87,88,89,137,138,139" pointTypes=";;;;6;7;6;6;6;6;6;6;6;6;6;6;;;;;;;;;;;;;;;" names="210,382,354,355,389,357,258,313,358,383,360,361,362,363,390,384,366" />
                    <segment id="488358148" length="2" startTrkptIdx="4577" segmentTime="0.74" speed="26.07" turnType="" turnAngle="" types="62,207,39,70,17,190,100,151,18,101,102,103,79,80,81,132,133,134,104,105,106,87,88,89,137,138,139" pointTypes="" names="210,382,354,355,389,357,258,313,358,383,360,361,362,363,390,384,366" />
                    <segment id="218940384" length="15" startTrkptIdx="4578" segmentTime="17.15" speed="26.07" turnType="" turnAngle="" types="207,70,17,190,100,151,18,101,102,103,79,80,81,132,133,134,104,105,106,87,88,89,137,138,139" pointTypes=";;;;;;;7;34;21,167,70,117;6;6;7;6;" names="210,382,354,355,389,357,258,313,358,383,360,361,362,363,390,384,366" />
                    <segment id="218940384" length="2" startTrkptIdx="4592" segmentTime="0.01" speed="26.07" turnType="C" turnAngle="" types="207,70,17,190,100,151,18,101,102,103,79,80,81,132,133,134,104,105,106,87,88,89,137,138,139" pointTypes=";" names="210,382,354,355,389,357,258,313,358,383,360,361,362,363,390,384,366" />
                    <segment id="159265281" length="117" startTrkptIdx="4593" segmentTime="555.69" speed="9.55" turnType="TR" turnAngle="96.27" types="208,13,14" pointTypes=";44,22,34;6;;7;6;;;;6;6;;;;6;7;6;;;;;;;;;;;;;;;;;;;6;;;;;;;;;6;6;7;117;;117;;7;;;;;;;6;;6;7;;;;;;;;;6;;;;;;6;;;;7;7;34;;;;;;6;;;;6;6;6;;;;;;6;7;;;;;;;6;;6;;;6;117;7;6" names="391" />
                    <segment id="864486894" length="2" startTrkptIdx="4709" segmentTime="1.65" speed="9.72" turnType="" turnAngle="" types="208,38,13,14" pointTypes=";6" names="391" />
                    <segment id="864486895" length="2" startTrkptIdx="4710" segmentTime="1.58" speed="9.72" turnType="" turnAngle="" types="62,208,38,209,13,14" pointTypes="" names="391" />
                    <segment id="864486896" length="2" startTrkptIdx="4711" segmentTime="1.95" speed="9.72" turnType="" turnAngle="" types="208,38,13,14" pointTypes="" names="391" />
                    <segment id="864486893" length="10" startTrkptIdx="4712" segmentTime="85.66" speed="9.72" turnType="" turnAngle="" types="208,13,14" pointTypes=";;;;;;;;;" names="391" />
                    <segment id="682212363" length="13" startTrkptIdx="4721" segmentTime="65.78" speed="9.72" turnType="" turnAngle="" types="208,9,5" pointTypes=";;;;;;;;6;;;;" names="391" />
                </osmand:route>
                <osmand:types>
                    <type t="bicycle" v="yes" />
                    <type t="foot" v="yes" />
                    <type t="highway" v="service" />
                    <type t="motor_vehicle" v="destination" />
                    <type t="surface" v="unpaved" />
                    <type t="osmand_highway_integrity_brouting" v="4" />
                    <type t="osmand_ele_decline_1" v="1" />
                    <type t="osmand_ele_decline_3" v="1" />
                    <type t="barrier" v="gate" />
                    <type t="surface" v="gravel" />
                    <type t="route_bicycle" v="" />
                    <type t="network" v="lcn" />
                    <type t="access" v="destination" />
                    <type t="surface" v="paved" />
                    <type t="osmand_highway_integrity_brouting" v="1" />
                    <type t="turn:lanes:forward" v="right" />
                    <type t="turn:lanes:forward" v="through;right" />
                    <type t="surface" v="asphalt" />
                    <type t="osmand_highway_integrity_brouting" v="0" />
                    <type t="motor_vehicle" v="yes" />
                    <type t="access" v="yes" />
                    <type t="direction" v="forward" />
                    <type t="highway" v="give_way" />
                    <type t="highway" v="residential" />
                    <type t="maxspeed" v="50" />
                    <type t="crossing" v="uncontrolled" />
                    <type t="crossing:markings" v="zebra" />
                    <type t="highway" v="crossing" />
                    <type t="tactile_paving" v="yes" />
                    <type t="traffic_calming" v="table" />
                    <type t="highway" v="tertiary" />
                    <type t="network" v="ncn" />
                    <type t="crossing:island" v="yes" />
                    <type t="crossing:markings" v="no" />
                    <type t="osmand_ele_decline_5" v="1" />
                    <type t="crossing:markings" v="yes" />
                    <type t="oneway" v="yes" />
                    <type t="junction" v="roundabout" />
                    <type t="lanes" v="1" />
                    <type t="lanes" v="2" />
                    <type t="turn:lanes:backward" v="left;through|right" />
                    <type t="highway" v="traffic_signals" />
                    <type t="traffic_signals:direction" v="backward" />
                    <type t="cycleway" v="asl" />
                    <type t="direction" v="backward" />
                    <type t="crossing" v="traffic_signals" />
                    <type t="crossing:island" v="no" />
                    <type t="crossing:markings" v="lines" />
                    <type t="crossing:signals" v="yes" />
                    <type t="highway" v="secondary" />
                    <type t="lanes" v="3" />
                    <type t="lanes:backward" v="2" />
                    <type t="lanes:forward" v="1" />
                    <type t="turn:lanes:backward" v="left|through;right" />
                    <type t="turn:lanes:forward" v="none" />
                    <type t="route_road_1_network" v="nz:ur" />
                    <type t="route_road_1_shield_color" v="white" />
                    <type t="route_road_1_shield_shape" v="pentagon" />
                    <type t="road_shield_color_1" v="white" />
                    <type t="road_shield_shape_1" v="pentagon" />
                    <type t="crossing:markings" v="dashes" />
                    <type t="tactile_paving" v="no" />
                    <type t="bridge" v="yes" />
                    <type t="lanes:backward" v="1" />
                    <type t="lanes:forward" v="2" />
                    <type t="turn:lanes" v="through|right" />
                    <type t="traffic_signals:direction" v="forward" />
                    <type t="bicycle" v="no" />
                    <type t="foot" v="no" />
                    <type t="highway" v="motorway_link" />
                    <type t="maxspeed" v="100" />
                    <type t="highway" v="motorway" />
                    <type t="route_road_1_network" v="nz:sh" />
                    <type t="route_road_2_network" v="nz:wrr" />
                    <type t="route_road_1_shield_color" v="red" />
                    <type t="route_road_1_shield_shape" v="cshield" />
                    <type t="route_road_1_shield_order" v="1" />
                    <type t="route_road_2_shield_color" v="white" />
                    <type t="route_road_2_shield_shape" v="pentagon" />
                    <type t="route_road_3_shield_color" v="red" />
                    <type t="route_road_3_shield_shape" v="cshield" />
                    <type t="route_road_3_shield_order" v="1" />
                    <type t="road_shield_color_1" v="red" />
                    <type t="road_shield_shape_1" v="cshield" />
                    <type t="road_shield_order_1" v="1" />
                    <type t="road_shield_color_2" v="white" />
                    <type t="road_shield_shape_2" v="pentagon" />
                    <type t="road_shield_color_3" v="red" />
                    <type t="road_shield_shape_3" v="cshield" />
                    <type t="road_shield_order_3" v="1" />
                    <type t="highway" v="motorway_junction" />
                    <type t="turn:lanes" v="merge_to_right||" />
                    <type t="lit" v="yes" />
                    <type t="cycleway" v="no" />
                    <type t="sidewalk" v="no" />
                    <type t="turn:lanes" v="slight_left|none|none" />
                    <type t="maxheight:signed" v="no" />
                    <type t="route_road_1_network" v="nz:wrr" />
                    <type t="tunnel" v="yes" />
                    <type t="lanes" v="4" />
                    <type t="route_road_2_network" v="nz:sh" />
                    <type t="route_road_2_shield_color" v="red" />
                    <type t="route_road_2_shield_shape" v="cshield" />
                    <type t="route_road_2_shield_order" v="1" />
                    <type t="road_shield_color_2" v="red" />
                    <type t="road_shield_shape_2" v="cshield" />
                    <type t="road_shield_order_2" v="1" />
                    <type t="construction:lanes" v="4" />
                    <type t="turn:lanes" v="merge_to_right|none|none" />
                    <type t="maxheight" v="4.74" />
                    <type t="maxheight" v="4.64" />
                    <type t="bridge:ref" v="01N-04555" />
                    <type t="bridge:ref" v="01N-04564" />
                    <type t="construction:lanes" v="3" />
                    <type t="highway" v="milestone" />
                    <type t="horse" v="no" />
                    <type t="maxheight" v="4.80" />
                    <type t="osmand_ele_decline_7" v="1" />
                    <type t="turn:lanes" v="slight_left||" />
                    <type t="route_road_2_network" v="nz:touring:teh" />
                    <type t="lit" v="no" />
                    <type t="highway" v="trunk" />
                    <type t="osmand_ele_decline_11" v="1" />
                    <type t="maxspeed" v="110" />
                    <type t="turn:lanes" v="slight_left|slight_left;through|through" />
                    <type t="bridge" v="viaduct" />
                    <type t="turn:lanes" v="left|through|through" />
                    <type t="turn:lanes" v="merge_to_right|" />
                    <type t="oneway" v="no" />
                    <type t="route_road_3_network" v="nz:touring:teh" />
                    <type t="route_road_3_shield_color" v="white" />
                    <type t="route_road_3_shield_shape" v="pentagon" />
                    <type t="route_road_4_shield_color" v="red" />
                    <type t="route_road_4_shield_shape" v="cshield" />
                    <type t="route_road_4_shield_order" v="1" />
                    <type t="road_shield_color_3" v="white" />
                    <type t="road_shield_shape_3" v="pentagon" />
                    <type t="road_shield_color_4" v="red" />
                    <type t="road_shield_shape_4" v="cshield" />
                    <type t="road_shield_order_4" v="1" />
                    <type t="maxspeed:advisory" v="75" />
                    <type t="turn:lanes:forward" v="none|right" />
                    <type t="maxspeed" v="70" />
                    <type t="turn:lanes:backward" v="none|right" />
                    <type t="crossing:barrier" v="no" />
                    <type t="railway" v="level_crossing" />
                    <type t="crossing:barrier" v="half" />
                    <type t="crossing:bell" v="yes" />
                    <type t="crossing:light" v="yes" />
                    <type t="maxweight:signed" v="no" />
                    <type t="maxspeed" v="60" />
                    <type t="route_road_3_network" v="nz:sh" />
                    <type t="route_road_4_network" v="nz:sh" />
                    <type t="route_road_5_shield_color" v="red" />
                    <type t="route_road_5_shield_shape" v="cshield" />
                    <type t="route_road_5_shield_order" v="1" />
                    <type t="route_road_6_shield_color" v="red" />
                    <type t="route_road_6_shield_shape" v="cshield" />
                    <type t="route_road_6_shield_order" v="1" />
                    <type t="road_shield_color_5" v="red" />
                    <type t="road_shield_shape_5" v="cshield" />
                    <type t="road_shield_order_5" v="1" />
                    <type t="road_shield_color_6" v="red" />
                    <type t="road_shield_shape_6" v="cshield" />
                    <type t="road_shield_order_6" v="1" />
                    <type t="highway" v="stop" />
                    <type t="stop" v="minor" />
                    <type t="highway" v="speed_camera" />
                    <type t="maxspeed:advisory:forward" v="75" />
                    <type t="maxspeed:advisory" v="55" />
                    <type t="maxspeed:advisory:forward" v="65" />
                    <type t="maxspeed:advisory:forward" v="55" />
                    <type t="maxspeed:conditional" v="80 @ wet" />
                    <type t="highway" v="emergency_bay" />
                    <type t="turn:lanes:forward" v="left|none" />
                    <type t="maxspeed:advisory:backward" v="75" />
                    <type t="maxspeed:advisory" v="65" />
                    <type t="turn:lanes" v="left;through|through;right" />
                    <type t="turn:lanes" v="left;slight_left|through;right" />
                    <type t="turn:lanes:forward" v="left;through|through;right" />
                    <type t="lanes:backward" v="3" />
                    <type t="turn:lanes:backward" v="left;through|through|right" />
                    <type t="lanes" v="5" />
                    <type t="turn:lanes" v="left;through|through|right" />
                    <type t="turn:lanes" v="left;through;right|right" />
                    <type t="turn:lanes" v="through;right|right" />
                    <type t="turn:lanes" v="left;through|through;right|right" />
                    <type t="sidewalk" v="yes" />
                    <type t="turn:lanes" v="left|left;through|through" />
                    <type t="maxspeed" v="80" />
                    <type t="route_road_1_network" v="nz:touring:pch" />
                    <type t="turn:lanes" v="through|through;right" />
                    <type t="cycleway:left" v="no" />
                    <type t="maxspeed:type" v="sign" />
                    <type t="crossing" v="unmarked" />
                    <type t="cycleway:right" v="separate" />
                    <type t="smoothness" v="good" />
                    <type t="osmand_highway_integrity_brouting" v="-1" />
                    <type t="smoothness" v="excellent" />
                    <type t="cycleway:both" v="no" />
                    <type t="smoothness" v="intermediate" />
                    <type t="turn:lanes:forward" v="left|through;right" />
                    <type t="cycleway" v="shoulder" />
                    <type t="maxspeed:advisory:backward" v="45" />
                    <type t="turn:lanes" v="none|right" />
                    <type t="cycleway:left" v="shoulder" />
                    <type t="maxspeed:advisory" v="45" />
                    <type t="highway" v="primary" />
                    <type t="highway" v="unclassified" />
                    <type t="oneway" v="alternating" />
                    <type t="name" v="State Highway 2" />
                    <type t="ref" v="" />
                    <type t="route_bicycle_1" v="" />
                    <type t="route_bicycle_1_cycle_network" v="akl" />
                    <type t="route_bicycle_1_name" v="Ambury Farm - Ihumatao" />
                    <type t="route_bicycle_1_network" v="lcn" />
                    <type t="route_bicycle_1_osmc_background" v="white_3" />
                    <type t="route_bicycle_1_osmc_stub_name" v="." />
                    <type t="route_bicycle_1_osmc_text" v="AFI" />
                    <type t="route_bicycle_1_osmc_textcolor" v="black" />
                    <type t="route_bicycle_1_relation_id" v="10264506" />
                    <type t="name" v="" />
                    <type t="route_bicycle_1_name" v="Auckland Hauraki Tour Aotearoa" />
                    <type t="route_bicycle_1_network" v="ncn" />
                    <type t="route_bicycle_1_osmc_background" v="white_4" />
                    <type t="route_bicycle_1_osmc_text" v="AHTA" />
                    <type t="route_bicycle_1_relation_id" v="8319634" />
                    <type t="road_name_1" v="Urban Route 14" />
                    <type t="road_network_1" v="nz:ur" />
                    <type t="road_ref_1" v="14" />
                    <type t="route_road_1_name" v="Urban Route 14" />
                    <type t="route_road_1_ref" v="14" />
                    <type t="destination:forward" v="Manukau" />
                    <type t="destination:ref:forward" v="SH 20" />
                    <type t="destination" v="Manukau" />
                    <type t="road_name_1" v="State Highway 20" />
                    <type t="road_name_2" v="Western Ring Route (southbound)" />
                    <type t="road_network_1" v="nz:sh" />
                    <type t="road_network_2" v="nz:wrr" />
                    <type t="road_ref_1" v="20" />
                    <type t="road_ref_2" v="WRR" />
                    <type t="road_ref_3" v="20" />
                    <type t="route_road_1_name" v="State Highway 20" />
                    <type t="route_road_1_ref" v="20" />
                    <type t="route_road_2_name" v="Western Ring Route (southbound)" />
                    <type t="route_road_2_ref" v="WRR" />
                    <type t="route_road_3_ref" v="20" />
                    <type t="destination" v="Hamilton" />
                    <type t="destination:ref" v="WR;SH 1 South" />
                    <type t="destination:lanes" v="Auckland|Hamilton|Hamilton" />
                    <type t="road_name_1" v="Western Ring Route (southbound)" />
                    <type t="road_network_1" v="nz:wrr" />
                    <type t="road_ref_1" v="WRR" />
                    <type t="route_road_1_name" v="Western Ring Route (southbound)" />
                    <type t="route_road_1_ref" v="WRR" />
                    <type t="destination:ref" v="WRR;SH 1 South" />
                    <type t="road_name_1" v="Auckland Southern Motorway" />
                    <type t="road_name_2" v="State Highway 1 North" />
                    <type t="road_network_2" v="nz:sh" />
                    <type t="road_ref_2" v="1" />
                    <type t="road_ref_3" v="1" />
                    <type t="route_road_1_name" v="Auckland Southern Motorway" />
                    <type t="route_road_2_name" v="State Highway 1 North" />
                    <type t="route_road_2_ref" v="1" />
                    <type t="route_road_3_ref" v="1" />
                    <type t="destination" v="Auckland" />
                    <type t="road_name_1" v="State Highway 1 North" />
                    <type t="road_name_2" v="Waikato Expressway" />
                    <type t="road_ref_1" v="1" />
                    <type t="route_road_1_name" v="State Highway 1 North" />
                    <type t="route_road_1_ref" v="1" />
                    <type t="route_road_2_name" v="Waikato Expressway" />
                    <type t="road_name_2" v="Thermal Explorer Highway" />
                    <type t="road_name_3" v="Waikato Expressway" />
                    <type t="road_network_2" v="nz:touring:teh" />
                    <type t="road_ref_2" v="&#127755;" />
                    <type t="route_road_2_name" v="Thermal Explorer Highway" />
                    <type t="route_road_2_ref" v="&#127755;" />
                    <type t="route_road_3_name" v="Waikato Expressway" />
                    <type t="destination" v="Hamilton exits;Taup&#333;" />
                    <type t="destination:symbol" v="airport" />
                    <type t="bridge:name" v="Pukeroro Bridge" />
                    <type t="bridge:name" v="Te Oko Horoi Bridge" />
                    <type t="bridge:name" v="Karapiro Gully Viaduct" />
                    <type t="road_name_3" v="Thermal Explorer Highway" />
                    <type t="road_network_3" v="nz:touring:teh" />
                    <type t="road_ref_3" v="&#127755;" />
                    <type t="road_ref_4" v="1" />
                    <type t="route_road_3_name" v="Thermal Explorer Highway" />
                    <type t="route_road_3_ref" v="&#127755;" />
                    <type t="route_road_4_ref" v="1" />
                    <type t="road_name_1" v="State Highway 29" />
                    <type t="road_ref_1" v="29" />
                    <type t="route_bicycle_1_name" v="Matamata Waikato River link TA" />
                    <type t="route_bicycle_1_osmc_text" v="MWRTA" />
                    <type t="route_bicycle_1_relation_id" v="8323505" />
                    <type t="route_road_1_name" v="State Highway 29" />
                    <type t="route_road_1_ref" v="29" />
                    <type t="road_name_2" v="State Highway 29" />
                    <type t="road_ref_2" v="29" />
                    <type t="road_ref_3" v="29" />
                    <type t="route_road_2_name" v="State Highway 29" />
                    <type t="route_road_2_ref" v="29" />
                    <type t="route_road_3_ref" v="29" />
                    <type t="destination:forward" v="Hamilton" />
                    <type t="destination:ref:forward" v="SH 29" />
                    <type t="destination:backward" v="Rotorua;Tauranga" />
                    <type t="destination:ref:backward" v="SH 29" />
                    <type t="destination:backward" v="Hamilton" />
                    <type t="road_name_1" v="State Highway 27" />
                    <type t="road_name_2" v="State Highway 27" />
                    <type t="road_name_3" v="State Highway 29" />
                    <type t="road_name_4" v="State Highway 29" />
                    <type t="road_network_3" v="nz:sh" />
                    <type t="road_network_4" v="nz:sh" />
                    <type t="road_ref_1" v="27" />
                    <type t="road_ref_2" v="27" />
                    <type t="road_ref_4" v="29" />
                    <type t="road_ref_5" v="27" />
                    <type t="road_ref_6" v="29" />
                    <type t="route_road_1_name" v="State Highway 27" />
                    <type t="route_road_1_ref" v="27" />
                    <type t="route_road_2_name" v="State Highway 27" />
                    <type t="route_road_2_ref" v="27" />
                    <type t="route_road_3_name" v="State Highway 29" />
                    <type t="route_road_4_name" v="State Highway 29" />
                    <type t="route_road_4_ref" v="29" />
                    <type t="route_road_5_ref" v="27" />
                    <type t="route_road_6_ref" v="29" />
                    <type t="destination:forward" v="Rotorua;Tauranga" />
                    <type t="destination:ref:to:forward" v="SH 27" />
                    <type t="destination:forward" v="Tauranga" />
                    <type t="destination:backward" v="Tauranga" />
                    <type t="bridge:name" v="Ruahihi Bridge" />
                    <type t="bridge:name" v="&#332;manawa River Bridge" />
                    <type t="destination:backward" v="Tauranga;Mount Manganui" />
                    <type t="destination" v="Greerton;Mount Maunganui" />
                    <type t="road_name_1" v="State Highway 29A" />
                    <type t="road_ref_1" v="29A" />
                    <type t="road_ref_2" v="29A" />
                    <type t="route_road_1_name" v="State Highway 29A" />
                    <type t="route_road_1_ref" v="29A" />
                    <type t="route_road_2_ref" v="29A" />
                    <type t="destination:ref" v="SH 29A" />
                    <type t="road_name_2" v="State Highway 29A" />
                    <type t="road_ref_3" v="29A" />
                    <type t="route_road_2_name" v="State Highway 29A" />
                    <type t="route_road_3_ref" v="29A" />
                    <type t="destination" v="Mount Maunganui" />
                    <type t="destination" v="City Centre;Mount Maunganui" />
                    <type t="destination" v="City Centre;Maungatapu;Mt Maunganui" />
                    <type t="destination:lanes" v="City Centre;Maungatapu;Mt Maunganui|Mt Maunganui" />
                    <type t="bridge:name" v="Maungatapu Bridge" />
                    <type t="destination" v="Rotorua;Whakatane" />
                    <type t="road_name_1" v="Pacific Coast Highway" />
                    <type t="road_name_2" v="State Highway 2" />
                    <type t="road_name_3" v="Tauranga Eastern Link" />
                    <type t="road_network_1" v="nz:touring:pch" />
                    <type t="road_ref_2" v="2" />
                    <type t="road_ref_3" v="TEL" />
                    <type t="road_ref_4" v="2" />
                    <type t="route_road_1_name" v="Pacific Coast Highway" />
                    <type t="route_road_2_name" v="State Highway 2" />
                    <type t="route_road_2_ref" v="2" />
                    <type t="route_road_3_name" v="Tauranga Eastern Link" />
                    <type t="route_road_3_ref" v="TEL" />
                    <type t="route_road_4_ref" v="2" />
                    <type t="destination" v="Papamoa;Te Puke" />
                    <type t="destination:street" v="Domain Road" />
                    <type t="destination:lanes" v="Papamoa;Whakatane|Papamoa;Whakatane;Te Puke;Tauranga" />
                    <type t="destination" v="Te Puke" />
                    <type t="destination" v="Te Puke;Whakatane" />
                    <type t="ref:linz:topo50_id" v="1398048" />
                    <type t="ref:linz:topo50_id" v="1399105" />
                    <type t="name" v="Te Puke Highway" />
                    <type t="direction" v="" />
                    <type t="name" v="Jellicoe Street" />
                    <type t="destination:forward" v="Te Puke;Tauranga" />
                    <type t="destination:ref:forward" v="SH 2" />
                    <type t="destination:backward" v="Rotorua;Whakatane" />
                    <type t="destination:ref:backward" v="SH 33;SH 2" />
                    <type t="name" v="Paengaroa Roundabout" />
                    <type t="ref" v="SH 2" />
                    <type t="road_ref_3" v="2" />
                    <type t="route_road_3_ref" v="2" />
                    <type t="road_ref_1" v="2" />
                    <type t="route_road_1_ref" v="2" />
                    <type t="destination" v="Whakatane" />
                    <type t="destination:ref" v="SH 2" />
                    <type t="road_name_3" v="State Highway 2" />
                    <type t="route_road_3_name" v="State Highway 2" />
                    <type t="name" v="Otamarakau Valley Road" />
                </osmand:types>
            </extensions>
        </trkseg>
    </trk>
    <extensions>
        <osmand:show_arrows>false</osmand:show_arrows>
        <osmand:show_start_finish>false</osmand:show_start_finish>
        <osmand:is_join_segments>false</osmand:is_join_segments>
        <osmand:split_interval>0.0</osmand:split_interval>
        <osmand:split_type>no_split</osmand:split_type>
        <osmand:color>#FF7200</osmand:color>
        <osmand:points_groups>
            <group name="" color="#237BFF" icon="tourism_camp_site" background="square" />
        </osmand:points_groups>
    </extensions>
</gpx>