<?xml version="1.0" encoding="UTF-8" standalone="yes"?>
<gpx version="1.1" creator="OsmAnd Maps 5.2.5 (5288)" xmlns="http://www.topografix.com/GPX/1/1" xmlns:osmand="https://osmand.net/docs/technical/osmand-file-formats/osmand-gpx" xmlns:gpxtpx="https://www8.garmin.com/xmlschemas/TrackPointExtensionv1.xsd" xmlns:xsi="http://www.w3.org/2001/XMLSchema-instance" xsi:schemaLocation="http://www.topografix.com/GPX/1/1 https://www.topografix.com/GPX/1/1/gpx.xsd">
    <metadata>
        <name>2026-03-24 • Hibiscus Coast - Kaueranga and Thames</name>
        <time>2026-03-24T02:54:44Z</time>
    </metadata>
    <wpt lat="-37.0710412" lon="175.6621224">
        <time>2026-03-24T02:54:52Z</time>
        <name>Totara Flat Campsite</name>
        <extensions>
            <osmand:color>#237BFF</osmand:color>
            <osmand:icon>tourism_camp_site</osmand:icon>
            <osmand:background>square</osmand:background>
            <osmand:address>Kauaeranga Valley Road, Kauaeranga</osmand:address>
            <osmand:osm_tag_website>https://doc.govt.nz/link/c50f8adefe464b7da2c7cb80663dfe74</osmand:osm_tag_website>
            <osmand:osm_tag_operator>Department of Conservation</osmand:osm_tag_operator>
            <osmand:osm_tag_description>Camp alongside the river or higher up. Walk on a boardwalk through forest.</osmand:osm_tag_description>
            <osmand:osm_tag_addr_street>Kauaeranga Valley Road</osmand:osm_tag_addr_street>
            <osmand:collapsable_tents>yes</osmand:collapsable_tents>
            <osmand:osm_tag_capacity_tents>30</osmand:osm_tag_capacity_tents>
            <osmand:collapsable_payment_type>yes</osmand:collapsable_payment_type>
            <osmand:osm_tag_capacity_caravans>0</osmand:osm_tag_capacity_caravans>
            <osmand:amenity_type>tourism</osmand:amenity_type>
            <osmand:collapsable_caravans>yes</osmand:collapsable_caravans>
            <osmand:osm_tag_toilets_disposal_pitlatrine>pitlatrine</osmand:osm_tag_toilets_disposal_pitlatrine>
            <osmand:amenity_name>Totara Flat Campsite</osmand:amenity_name>
            <osmand:collapsable_reservation>required</osmand:collapsable_reservation>
            <osmand:collapsable_toilets>yes</osmand:collapsable_toilets>
            <osmand:amenity_subtype>camp_site</osmand:amenity_subtype>
            <osmand:collapsable_dog>no</osmand:collapsable_dog>
            <osmand:amenity_origin>Amenity:Totara Flat Campsite: tourism:camp_site</osmand:amenity_origin>
        </extensions>
    </wpt>
    <wpt lat="-37.1379798" lon="175.5417985">
        <time>2026-03-24T02:55:18Z</time>
        <name>Thames</name>
        <extensions>
            <osmand:color>#EECC22</osmand:color>
            <osmand:icon>place_town</osmand:icon>
            <osmand:background>circle</osmand:background>
            <osmand:address>Pollen Street, Thames</osmand:address>
            <osmand:amenity_subtype>town</osmand:amenity_subtype>
            <osmand:osm_tag_wikidata>Q1691479</osmand:osm_tag_wikidata>
            <osmand:osm_tag_addr_street>Pollen Street</osmand:osm_tag_addr_street>
            <osmand:osm_tag_travel_topic>6</osmand:osm_tag_travel_topic>
            <osmand:osm_tag_wikipedia>http://en.wikipedia.org/wiki/Thames, New Zealand</osmand:osm_tag_wikipedia>
            <osmand:amenity_type>administrative</osmand:amenity_type>
            <osmand:osm_tag_qrank>20009</osmand:osm_tag_qrank>
            <osmand:osm_tag_osmand_poi_key>town</osmand:osm_tag_osmand_poi_key>
            <osmand:osm_tag_population>7480</osmand:osm_tag_population>
            <osmand:osm_tag_wiki_category>Thames,_New_Zealand</osmand:osm_tag_wiki_category>
            <osmand:amenity_name>Thames</osmand:amenity_name>
            <osmand:osm_tag_wiki_place>wiki_place</osmand:osm_tag_wiki_place>
            <osmand:osm_tag_travel_elo>1227</osmand:osm_tag_travel_elo>
            <osmand:osm_tag_wiki_photo>Thames,_New_Zealand.jpg</osmand:osm_tag_wiki_photo>
            <osmand:amenity_origin>Amenity:Thames: administrative:town</osmand:amenity_origin>
        </extensions>
    </wpt>
    <wpt lat="-37.0479888" lon="175.7173115">
        <time>2026-03-28T22:40:04Z</time>
        <name>The Pinnacles</name>
        <extensions>
            <osmand:color>#EECC22</osmand:color>
            <osmand:icon>natural_peak</osmand:icon>
            <osmand:background>circle</osmand:background>
            <osmand:address>The Pinnacles Track, Tairua</osmand:address>
            <osmand:osm_tag_wiki_photo>The_Pinnacles_(New_Zealand).jpg</osmand:osm_tag_wiki_photo>
            <osmand:osm_tag_ele>773</osmand:osm_tag_ele>
            <osmand:osm_tag_wikidata>Q28566949</osmand:osm_tag_wikidata>
            <osmand:osm_tag_qrank>210</osmand:osm_tag_qrank>
            <osmand:amenity_subtype>peak</osmand:amenity_subtype>
            <osmand:osm_tag_osmand_poi_key>ridge</osmand:osm_tag_osmand_poi_key>
            <osmand:amenity_type>natural</osmand:amenity_type>
            <osmand:amenity_name>The Pinnacles</osmand:amenity_name>
            <osmand:amenity_origin>Amenity:The Pinnacles: natural:peak</osmand:amenity_origin>
        </extensions>
    </wpt>
    <wpt lat="-37.1460746" lon="175.5439764">
        <time>2026-03-28T22:41:19Z</time>
        <name>The Wharf Coffee House &amp; Bar</name>
        <extensions>
            <osmand:color>#EECC22</osmand:color>
            <osmand:icon>amenity_cafe</osmand:icon>
            <osmand:background>circle</osmand:background>
            <osmand:address>Queen Street, Thames</osmand:address>
            <osmand:osm_tag_addr_street>Queen Street</osmand:osm_tag_addr_street>
            <osmand:amenity_type>sustenance</osmand:amenity_type>
            <osmand:amenity_name>The Wharf Coffee House &amp; Bar</osmand:amenity_name>
            <osmand:amenity_subtype>cafe</osmand:amenity_subtype>
            <osmand:amenity_origin>Amenity:The Wharf Coffee House &amp; Bar: sustenance:cafe</osmand:amenity_origin>
        </extensions>
    </wpt>
    <wpt lat="-37.136805" lon="175.541066">
        <time>2026-03-28T22:44:21Z</time>
        <name>Leftbank Theatre</name>
        <extensions>
            <osmand:color>#EECC22</osmand:color>
            <osmand:background>circle</osmand:background>
            <osmand:address>Pollen Street 653, Thames</osmand:address>
            <osmand:icon>mx_amenity_cinema</osmand:icon>
        </extensions>
    </wpt>
    <wpt lat="-37.1382235" lon="175.5421042">
        <time>2026-03-28T22:52:25Z</time>
        <name>Food For Thought</name>
        <extensions>
            <osmand:color>#EECC22</osmand:color>
            <osmand:icon>amenity_cafe</osmand:icon>
            <osmand:background>circle</osmand:background>
            <osmand:address>Pollen Street 574, Thames</osmand:address>
            <osmand:osm_tag_addr_street>Pollen Street</osmand:osm_tag_addr_street>
            <osmand:amenity_type>sustenance</osmand:amenity_type>
            <osmand:amenity_name>Food For Thought</osmand:amenity_name>
            <osmand:amenity_subtype>cafe</osmand:amenity_subtype>
            <osmand:amenity_opening_hours>Mo-Fr 06:00-15:00; Sa 07:00-13:30</osmand:amenity_opening_hours>
            <osmand:amenity_origin>Amenity:Food For Thought: sustenance:cafe</osmand:amenity_origin>
        </extensions>
    </wpt>
    <wpt lat="-37.1352514" lon="175.5402428">
        <time>2026-03-28T22:52:43Z</time>
        <name>Cafe Melbourne</name>
        <extensions>
            <osmand:color>#EECC22</osmand:color>
            <osmand:icon>amenity_cafe</osmand:icon>
            <osmand:background>circle</osmand:background>
            <osmand:address>Pollen Street 715, Thames</osmand:address>
            <osmand:osm_tag_email>cafemelbournenz@gmail.com</osmand:osm_tag_email>
            <osmand:amenity_subtype>cafe</osmand:amenity_subtype>
            <osmand:osm_tag_addr_street>Pollen Street</osmand:osm_tag_addr_street>
            <osmand:osm_tag_phone>+64 7 868 3159</osmand:osm_tag_phone>
            <osmand:osm_tag_takeaway_yes>yes</osmand:osm_tag_takeaway_yes>
            <osmand:osm_tag_toilets_wheelchair_yes>yes</osmand:osm_tag_toilets_wheelchair_yes>
            <osmand:osm_tag_addr_housenumber>715</osmand:osm_tag_addr_housenumber>
            <osmand:amenity_type>sustenance</osmand:amenity_type>
            <osmand:collapsable_wheelchair_accessibility>yes</osmand:collapsable_wheelchair_accessibility>
            <osmand:amenity_name>Cafe Melbourne</osmand:amenity_name>
            <osmand:collapsable_toilets>yes</osmand:collapsable_toilets>
            <osmand:collapsable_changing_table_filter>yes</osmand:collapsable_changing_table_filter>
            <osmand:osm_tag_toilets_access_customers>customers</osmand:osm_tag_toilets_access_customers>
            <osmand:amenity_origin>Amenity:Cafe Melbourne: sustenance:cafe</osmand:amenity_origin>
        </extensions>
    </wpt>
    <wpt lat="-37.1365307" lon="175.5408932">
        <time>2026-03-28T22:53:20Z</time>
        <name>CoCo Fresh Tea &amp; Juice</name>
        <extensions>
            <osmand:color>#EECC22</osmand:color>
            <osmand:icon>amenity_cafe</osmand:icon>
            <osmand:background>circle</osmand:background>
            <osmand:address>Pollen Street 661, Thames</osmand:address>
            <osmand:osm_tag_short_name>CoCo</osmand:osm_tag_short_name>
            <osmand:collapsable_dish>bubble_tea</osmand:collapsable_dish>
            <osmand:osm_tag_branch>Coffee Bar</osmand:osm_tag_branch>
            <osmand:osm_tag_brand>CoCo</osmand:osm_tag_brand>
            <osmand:osm_tag_takeaway_yes>yes</osmand:osm_tag_takeaway_yes>
            <osmand:osm_tag_addr_street>Pollen Street</osmand:osm_tag_addr_street>
            <osmand:amenity_type>sustenance</osmand:amenity_type>
            <osmand:amenity_name>CoCo Fresh Tea &amp; Juice</osmand:amenity_name>
            <osmand:amenity_subtype>cafe</osmand:amenity_subtype>
            <osmand:amenity_origin>Amenity:CoCo Fresh Tea &amp; Juice: sustenance:cafe</osmand:amenity_origin>
        </extensions>
    </wpt>
    <wpt lat="-37.135353" lon="175.539938">
        <time>2026-03-28T23:11:40Z</time>
        <name>Coromandel Distilling Co.</name>
        <extensions>
            <osmand:color>#EECC22</osmand:color>
            <osmand:background>circle</osmand:background>
            <osmand:address>Kirkwood Street, Thames</osmand:address>
            <osmand:icon>mx_shop_alcohol</osmand:icon>
        </extensions>
    </wpt>
    <rte>
        <rtept lat="-36.6241425" lon="174.7853969">
            <extensions>
                <osmand:profile>car</osmand:profile>
                <osmand:trkpt_idx>0</osmand:trkpt_idx>
                <osmand:color>#00000000</osmand:color>
            </extensions>
        </rtept>
        <rtept lat="-37.0710447" lon="175.6620706">
            <extensions>
                <osmand:profile>car</osmand:profile>
                <osmand:trkpt_idx>3197</osmand:trkpt_idx>
                <osmand:color>#00000000</osmand:color>
            </extensions>
        </rtept>
    </rte>
    <trk>
        <name>2026-03-24 • Hibiscus Coast - Kaueranga</name>
        <trkseg>
            <trkpt lat="-36.6241212" lon="174.7854194">
                <ele>4.7</ele>
            </trkpt>
            <trkpt lat="-36.6241409" lon="174.7854477">
                <ele>4.7</ele>
            </trkpt>
            <trkpt lat="-36.6241861" lon="174.7854933">
                <ele>5</ele>
            </trkpt>
            <trkpt lat="-36.6241796" lon="174.7855818">
                <ele>5</ele>
            </trkpt>
            <trkpt lat="-36.624171" lon="174.7856006">
                <ele>5</ele>
            </trkpt>
            <trkpt lat="-36.6241559" lon="174.7856113">
                <ele>5</ele>
            </trkpt>
            <trkpt lat="-36.6241107" lon="174.7856408">
                <ele>5</ele>
            </trkpt>
            <trkpt lat="-36.6240074" lon="174.785673">
                <ele>5</ele>
            </trkpt>
            <trkpt lat="-36.623988" lon="174.7856703">
                <ele>5</ele>
            </trkpt>
            <trkpt lat="-36.6238416" lon="174.7855175">
                <ele>5</ele>
            </trkpt>
            <trkpt lat="-36.623762" lon="174.7853646">
                <ele>5.8</ele>
            </trkpt>
            <trkpt lat="-36.6237426" lon="174.7853351">
                <ele>6</ele>
            </trkpt>
            <trkpt lat="-36.6237017" lon="174.7852653">
                <ele>6.2</ele>
            </trkpt>
            <trkpt lat="-36.623635" lon="174.7851714">
                <ele>6.8</ele>
            </trkpt>
            <trkpt lat="-36.6235962" lon="174.7851285">
                <ele>7</ele>
            </trkpt>
            <trkpt lat="-36.6235553" lon="174.785091">
                <ele>7.2</ele>
            </trkpt>
            <trkpt lat="-36.6235403" lon="174.7850803">
                <ele>7.2</ele>
            </trkpt>
            <trkpt lat="-36.6234692" lon="174.7850266">
                <ele>8</ele>
            </trkpt>
            <trkpt lat="-36.6234133" lon="174.7849944">
                <ele>8.5</ele>
            </trkpt>
            <trkpt lat="-36.6233788" lon="174.784981">
                <ele>8.8</ele>
            </trkpt>
            <trkpt lat="-36.6233465" lon="174.7849676">
                <ele>9</ele>
            </trkpt>
            <trkpt lat="-36.6232949" lon="174.7849488">
                <ele>9.5</ele>
            </trkpt>
            <trkpt lat="-36.6232389" lon="174.7849381">
                <ele>10</ele>
            </trkpt>
            <trkpt lat="-36.6232195" lon="174.7849354">
                <ele>10.2</ele>
            </trkpt>
            <trkpt lat="-36.6231851" lon="174.7849301">
                <ele>10.8</ele>
            </trkpt>
            <trkpt lat="-36.6231227" lon="174.7849301">
                <ele>11.5</ele>
            </trkpt>
            <trkpt lat="-36.6230624" lon="174.7849354">
                <ele>12.2</ele>
            </trkpt>
            <trkpt lat="-36.6230086" lon="174.7849435">
                <ele>12.8</ele>
            </trkpt>
            <trkpt lat="-36.6229547" lon="174.7849569">
                <ele>13.2</ele>
            </trkpt>
            <trkpt lat="-36.6228708" lon="174.7849837">
                <ele>14</ele>
            </trkpt>
            <trkpt lat="-36.62269" lon="174.7850561">
                <ele>15</ele>
            </trkpt>
            <trkpt lat="-36.6225651" lon="174.7851071">
                <ele>15.5</ele>
            </trkpt>
            <trkpt lat="-36.6217923" lon="174.7854155">
                <ele>17</ele>
            </trkpt>
            <trkpt lat="-36.6215684" lon="174.7854987">
                <ele>15.8</ele>
            </trkpt>
            <trkpt lat="-36.6215017" lon="174.7855148">
                <ele>15.5</ele>
            </trkpt>
            <trkpt lat="-36.621196" lon="174.7855577">
                <ele>14.8</ele>
            </trkpt>
            <trkpt lat="-36.620759" lon="174.785606">
                <ele>12</ele>
            </trkpt>
            <trkpt lat="-36.6203091" lon="174.7856569">
                <ele>10.8</ele>
            </trkpt>
            <trkpt lat="-36.6199775" lon="174.7856945">
                <ele>10.5</ele>
            </trkpt>
            <trkpt lat="-36.6199711" lon="174.7856945">
                <ele>10.5</ele>
            </trkpt>
            <trkpt lat="-36.6197278" lon="174.785724">
                <ele>11.2</ele>
            </trkpt>
            <trkpt lat="-36.6196159" lon="174.7857347">
                <ele>12</ele>
            </trkpt>
            <trkpt lat="-36.6195168" lon="174.7857535">
                <ele>12.8</ele>
            </trkpt>
            <trkpt lat="-36.6194135" lon="174.785783">
                <ele>13.5</ele>
            </trkpt>
            <trkpt lat="-36.6193532" lon="174.7858071">
                <ele>13.8</ele>
            </trkpt>
            <trkpt lat="-36.6192929" lon="174.785842">
                <ele>14</ele>
            </trkpt>
            <trkpt lat="-36.619237" lon="174.7858769">
                <ele>14.2</ele>
            </trkpt>
            <trkpt lat="-36.619181" lon="174.7859198">
                <ele>14.5</ele>
            </trkpt>
            <trkpt lat="-36.6191186" lon="174.7859761">
                <ele>14.8</ele>
            </trkpt>
            <trkpt lat="-36.6190561" lon="174.7860432">
                <ele>15</ele>
            </trkpt>
            <trkpt lat="-36.6188667" lon="174.786306">
                <ele>14.8</ele>
            </trkpt>
            <trkpt lat="-36.618688" lon="174.7865689">
                <ele>13.8</ele>
            </trkpt>
            <trkpt lat="-36.6184706" lon="174.7868827">
                <ele>12</ele>
            </trkpt>
            <trkpt lat="-36.6183522" lon="174.7870517">
                <ele>11.2</ele>
            </trkpt>
            <trkpt lat="-36.6182704" lon="174.7871509">
                <ele>10.8</ele>
            </trkpt>
            <trkpt lat="-36.6181735" lon="174.7872394">
                <ele>10.5</ele>
            </trkpt>
            <trkpt lat="-36.6180658" lon="174.7873119">
                <ele>10.2</ele>
            </trkpt>
            <trkpt lat="-36.6180099" lon="174.7873414">
                <ele>10</ele>
            </trkpt>
            <trkpt lat="-36.6179324" lon="174.7873682">
                <ele>9.8</ele>
            </trkpt>
            <trkpt lat="-36.6178247" lon="174.787395">
                <ele>9.7</ele>
            </trkpt>
            <trkpt lat="-36.6177774" lon="174.7873977">
                <ele>9.6</ele>
            </trkpt>
            <trkpt lat="-36.6176913" lon="174.7873923">
                <ele>9.5</ele>
            </trkpt>
            <trkpt lat="-36.6176396" lon="174.7873843">
                <ele>9.5</ele>
            </trkpt>
            <trkpt lat="-36.6175147" lon="174.7873521">
                <ele>10</ele>
            </trkpt>
            <trkpt lat="-36.6173748" lon="174.7873119">
                <ele>10.2</ele>
            </trkpt>
            <trkpt lat="-36.61711" lon="174.7872341">
                <ele>10</ele>
            </trkpt>
            <trkpt lat="-36.6168969" lon="174.7871724">
                <ele>9.5</ele>
            </trkpt>
            <trkpt lat="-36.6167612" lon="174.7871429">
                <ele>9.2</ele>
            </trkpt>
            <trkpt lat="-36.6166278" lon="174.7871214">
                <ele>9</ele>
            </trkpt>
            <trkpt lat="-36.6165223" lon="174.7871161">
                <ele>8.8</ele>
            </trkpt>
            <trkpt lat="-36.6164964" lon="174.7871161">
                <ele>8.8</ele>
            </trkpt>
            <trkpt lat="-36.6164125" lon="174.7871241">
                <ele>8.7</ele>
            </trkpt>
            <trkpt lat="-36.6163586" lon="174.7871321">
                <ele>8.6</ele>
            </trkpt>
            <trkpt lat="-36.6163027" lon="174.7871429">
                <ele>8.5</ele>
            </trkpt>
            <trkpt lat="-36.6162575" lon="174.7871536">
                <ele>8.5</ele>
            </trkpt>
            <trkpt lat="-36.6161498" lon="174.7871831">
                <ele>8.4</ele>
            </trkpt>
            <trkpt lat="-36.6161111" lon="174.7871992">
                <ele>8.3</ele>
            </trkpt>
            <trkpt lat="-36.6160422" lon="174.787226">
                <ele>8.2</ele>
            </trkpt>
            <trkpt lat="-36.6159388" lon="174.7872797">
                <ele>8.8</ele>
            </trkpt>
            <trkpt lat="-36.6158247" lon="174.7873494">
                <ele>9.2</ele>
            </trkpt>
            <trkpt lat="-36.6157128" lon="174.7874379">
                <ele>9.8</ele>
            </trkpt>
            <trkpt lat="-36.6155944" lon="174.7875506">
                <ele>10.2</ele>
            </trkpt>
            <trkpt lat="-36.6155018" lon="174.7876579">
                <ele>10.5</ele>
            </trkpt>
            <trkpt lat="-36.6154437" lon="174.787741">
                <ele>10.6</ele>
            </trkpt>
            <trkpt lat="-36.6154006" lon="174.7878054">
                <ele>10.6</ele>
            </trkpt>
            <trkpt lat="-36.6153296" lon="174.7879314">
                <ele>10.7</ele>
            </trkpt>
            <trkpt lat="-36.6152628" lon="174.7880656">
                <ele>10.8</ele>
            </trkpt>
            <trkpt lat="-36.6152198" lon="174.7881782">
                <ele>10.2</ele>
            </trkpt>
            <trkpt lat="-36.615181" lon="174.7882989">
                <ele>9.5</ele>
            </trkpt>
            <trkpt lat="-36.6151401" lon="174.7884545">
                <ele>9</ele>
            </trkpt>
            <trkpt lat="-36.6150884" lon="174.7886664">
                <ele>8.2</ele>
            </trkpt>
            <trkpt lat="-36.6150454" lon="174.7887951">
                <ele>8</ele>
            </trkpt>
            <trkpt lat="-36.614998" lon="174.7889078">
                <ele>7.8</ele>
            </trkpt>
            <trkpt lat="-36.6149722" lon="174.7889614">
                <ele>7.8</ele>
            </trkpt>
            <trkpt lat="-36.6148818" lon="174.7891223">
                <ele>7.2</ele>
            </trkpt>
            <trkpt lat="-36.6147806" lon="174.7892591">
                <ele>7.1</ele>
            </trkpt>
            <trkpt lat="-36.6146751" lon="174.7893906">
                <ele>7</ele>
            </trkpt>
            <trkpt lat="-36.6145804" lon="174.7895113">
                <ele>6.8</ele>
            </trkpt>
            <trkpt lat="-36.6145093" lon="174.7896078">
                <ele>6.2</ele>
            </trkpt>
            <trkpt lat="-36.6144426" lon="174.7897366">
                <ele>6.2</ele>
            </trkpt>
            <trkpt lat="-36.614378" lon="174.7898814">
                <ele>6.2</ele>
            </trkpt>
            <trkpt lat="-36.6142036" lon="174.7903481">
                <ele>6.1</ele>
            </trkpt>
            <trkpt lat="-36.6141369" lon="174.7905305">
                <ele>6</ele>
            </trkpt>
            <trkpt lat="-36.6140766" lon="174.7906941">
                <ele>6</ele>
            </trkpt>
            <trkpt lat="-36.6140077" lon="174.7908202">
                <ele>6.2</ele>
            </trkpt>
            <trkpt lat="-36.6139646" lon="174.7908872">
                <ele>6.5</ele>
            </trkpt>
            <trkpt lat="-36.6139388" lon="174.7909275">
                <ele>7</ele>
            </trkpt>
            <trkpt lat="-36.6138936" lon="174.7909409">
                <ele>7</ele>
            </trkpt>
            <trkpt lat="-36.6137622" lon="174.7909221">
                <ele>7.2</ele>
            </trkpt>
            <trkpt lat="-36.6137515" lon="174.7909194">
                <ele>7.2</ele>
            </trkpt>
            <trkpt lat="-36.6135448" lon="174.7908604">
                <ele>7</ele>
            </trkpt>
            <trkpt lat="-36.6131788" lon="174.7906941">
                <ele>8.5</ele>
            </trkpt>
            <trkpt lat="-36.6130776" lon="174.7906512">
                <ele>9</ele>
            </trkpt>
            <trkpt lat="-36.6127138" lon="174.7904795">
                <ele>10</ele>
            </trkpt>
            <trkpt lat="-36.6123607" lon="174.790324">
                <ele>11.5</ele>
            </trkpt>
            <trkpt lat="-36.6122358" lon="174.7902703">
                <ele>11.8</ele>
            </trkpt>
            <trkpt lat="-36.6118849" lon="174.7900933">
                <ele>12</ele>
            </trkpt>
            <trkpt lat="-36.6117428" lon="174.7899887">
                <ele>11.8</ele>
            </trkpt>
            <trkpt lat="-36.6116846" lon="174.7899485">
                <ele>11.8</ele>
            </trkpt>
            <trkpt lat="-36.6115554" lon="174.7898197">
                <ele>11.2</ele>
            </trkpt>
            <trkpt lat="-36.611437" lon="174.7896776">
                <ele>11.5</ele>
            </trkpt>
            <trkpt lat="-36.6113315" lon="174.789522">
                <ele>12</ele>
            </trkpt>
            <trkpt lat="-36.6112562" lon="174.7893906">
                <ele>12.1</ele>
            </trkpt>
            <trkpt lat="-36.6112088" lon="174.7892913">
                <ele>12.2</ele>
            </trkpt>
            <trkpt lat="-36.6111335" lon="174.7891062">
                <ele>12.8</ele>
            </trkpt>
            <trkpt lat="-36.6110689" lon="174.7889051">
                <ele>13</ele>
            </trkpt>
            <trkpt lat="-36.6110452" lon="174.7888005">
                <ele>13.2</ele>
            </trkpt>
            <trkpt lat="-36.6110258" lon="174.7886878">
                <ele>13.8</ele>
            </trkpt>
            <trkpt lat="-36.6110043" lon="174.7885081">
                <ele>15</ele>
            </trkpt>
            <trkpt lat="-36.6110043" lon="174.7884867">
                <ele>15.2</ele>
            </trkpt>
            <trkpt lat="-36.6109978" lon="174.7883525">
                <ele>16.2</ele>
            </trkpt>
            <trkpt lat="-36.611" lon="174.7881594">
                <ele>17.8</ele>
            </trkpt>
            <trkpt lat="-36.6110215" lon="174.7879636">
                <ele>19.2</ele>
            </trkpt>
            <trkpt lat="-36.6110646" lon="174.7875291">
                <ele>21.2</ele>
            </trkpt>
            <trkpt lat="-36.6110775" lon="174.7873279">
                <ele>22.5</ele>
            </trkpt>
            <trkpt lat="-36.6110796" lon="174.7871268">
                <ele>23.5</ele>
            </trkpt>
            <trkpt lat="-36.611071" lon="174.7868237">
                <ele>24.8</ele>
            </trkpt>
            <trkpt lat="-36.6110538" lon="174.7866306">
                <ele>25.5</ele>
            </trkpt>
            <trkpt lat="-36.6110366" lon="174.786424">
                <ele>26.2</ele>
            </trkpt>
            <trkpt lat="-36.611028" lon="174.7863623">
                <ele>26.5</ele>
            </trkpt>
            <trkpt lat="-36.6109677" lon="174.7858956">
                <ele>28.2</ele>
            </trkpt>
            <trkpt lat="-36.610845" lon="174.7849596">
                <ele>33.5</ele>
            </trkpt>
            <trkpt lat="-36.6108062" lon="174.7845975">
                <ele>36.2</ele>
            </trkpt>
            <trkpt lat="-36.6107954" lon="174.7844177">
                <ele>37.2</ele>
            </trkpt>
            <trkpt lat="-36.6107911" lon="174.7842407">
                <ele>37.8</ele>
            </trkpt>
            <trkpt lat="-36.610804" lon="174.7838438">
                <ele>40.5</ele>
            </trkpt>
            <trkpt lat="-36.6108127" lon="174.7837043">
                <ele>41.5</ele>
            </trkpt>
            <trkpt lat="-36.6108514" lon="174.7830901">
                <ele>46.8</ele>
            </trkpt>
            <trkpt lat="-36.6108816" lon="174.7826099">
                <ele>53</ele>
            </trkpt>
            <trkpt lat="-36.6109031" lon="174.7824275">
                <ele>54.8</ele>
            </trkpt>
            <trkpt lat="-36.6109268" lon="174.7822666">
                <ele>56.2</ele>
            </trkpt>
            <trkpt lat="-36.6109784" lon="174.7819984">
                <ele>59.2</ele>
            </trkpt>
            <trkpt lat="-36.6110323" lon="174.7817758">
                <ele>61.8</ele>
            </trkpt>
            <trkpt lat="-36.6111421" lon="174.7814164">
                <ele>66</ele>
            </trkpt>
            <trkpt lat="-36.6112906" lon="174.7810167">
                <ele>70.8</ele>
            </trkpt>
            <trkpt lat="-36.6113552" lon="174.780837">
                <ele>71.8</ele>
            </trkpt>
            <trkpt lat="-36.6114004" lon="174.7807083">
                <ele>72</ele>
            </trkpt>
            <trkpt lat="-36.6115404" lon="174.7803864">
                <ele>71.8</ele>
            </trkpt>
            <trkpt lat="-36.6116114" lon="174.7801852">
                <ele>71.5</ele>
            </trkpt>
            <trkpt lat="-36.6116459" lon="174.7800887">
                <ele>71.6</ele>
            </trkpt>
            <trkpt lat="-36.6116975" lon="174.779925">
                <ele>71.8</ele>
            </trkpt>
            <trkpt lat="-36.6117255" lon="174.7797588">
                <ele>71.9</ele>
            </trkpt>
            <trkpt lat="-36.6117363" lon="174.7796971">
                <ele>72</ele>
            </trkpt>
            <trkpt lat="-36.6117578" lon="174.7796783">
                <ele>71.8</ele>
            </trkpt>
            <trkpt lat="-36.6117707" lon="174.7796515">
                <ele>71.6</ele>
            </trkpt>
            <trkpt lat="-36.6117772" lon="174.779622">
                <ele>71.5</ele>
            </trkpt>
            <trkpt lat="-36.6117772" lon="174.7795925">
                <ele>71.3</ele>
            </trkpt>
            <trkpt lat="-36.6117707" lon="174.7795683">
                <ele>71.1</ele>
            </trkpt>
            <trkpt lat="-36.6117621" lon="174.7795495">
                <ele>71</ele>
            </trkpt>
            <trkpt lat="-36.61176" lon="174.7795469">
                <ele>71</ele>
            </trkpt>
            <trkpt lat="-36.6117837" lon="174.7793967">
                <ele>71.2</ele>
            </trkpt>
            <trkpt lat="-36.6118461" lon="174.7790641">
                <ele>71.5</ele>
            </trkpt>
            <trkpt lat="-36.6118547" lon="174.7790211">
                <ele>71.6</ele>
            </trkpt>
            <trkpt lat="-36.6118784" lon="174.7788253">
                <ele>72</ele>
            </trkpt>
            <trkpt lat="-36.6119559" lon="174.7784418">
                <ele>71.5</ele>
            </trkpt>
            <trkpt lat="-36.6119947" lon="174.7782835">
                <ele>71.2</ele>
            </trkpt>
            <trkpt lat="-36.61207" lon="174.7780234">
                <ele>71</ele>
            </trkpt>
            <trkpt lat="-36.6121604" lon="174.7777793">
                <ele>70</ele>
            </trkpt>
            <trkpt lat="-36.6127805" lon="174.7765267">
                <ele>69.5</ele>
            </trkpt>
            <trkpt lat="-36.613153" lon="174.7757784">
                <ele>72</ele>
            </trkpt>
            <trkpt lat="-36.6132369" lon="174.7756335">
                <ele>72.8</ele>
            </trkpt>
            <trkpt lat="-36.6133553" lon="174.7754726">
                <ele>73.2</ele>
            </trkpt>
            <trkpt lat="-36.6134221" lon="174.7753975">
                <ele>73.5</ele>
            </trkpt>
            <trkpt lat="-36.6135168" lon="174.7753036">
                <ele>73.8</ele>
            </trkpt>
            <trkpt lat="-36.6136266" lon="174.7752097">
                <ele>73.8</ele>
            </trkpt>
            <trkpt lat="-36.6137601" lon="174.7751212">
                <ele>73.8</ele>
            </trkpt>
            <trkpt lat="-36.6138979" lon="174.7750434">
                <ele>73.8</ele>
            </trkpt>
            <trkpt lat="-36.61404" lon="174.7749871">
                <ele>73.9</ele>
            </trkpt>
            <trkpt lat="-36.6141821" lon="174.7749522">
                <ele>73.9</ele>
            </trkpt>
            <trkpt lat="-36.6143091" lon="174.7749308">
                <ele>73.9</ele>
            </trkpt>
            <trkpt lat="-36.6144167" lon="174.7749254">
                <ele>74</ele>
            </trkpt>
            <trkpt lat="-36.6146083" lon="174.77492">
                <ele>74</ele>
            </trkpt>
            <trkpt lat="-36.6150174" lon="174.7749174">
                <ele>73.3</ele>
            </trkpt>
            <trkpt lat="-36.6151616" lon="174.7749093">
                <ele>73</ele>
            </trkpt>
            <trkpt lat="-36.6153339" lon="174.7748744">
                <ele>72.2</ele>
            </trkpt>
            <trkpt lat="-36.6154846" lon="174.7748289">
                <ele>71.2</ele>
            </trkpt>
            <trkpt lat="-36.6156051" lon="174.7747752">
                <ele>70.8</ele>
            </trkpt>
            <trkpt lat="-36.6157171" lon="174.7747135">
                <ele>70</ele>
            </trkpt>
            <trkpt lat="-36.6158398" lon="174.7746304">
                <ele>69</ele>
            </trkpt>
            <trkpt lat="-36.6160379" lon="174.7744909">
                <ele>68</ele>
            </trkpt>
            <trkpt lat="-36.6164125" lon="174.7742307">
                <ele>66.2</ele>
            </trkpt>
            <trkpt lat="-36.6165524" lon="174.7741422">
                <ele>66</ele>
            </trkpt>
            <trkpt lat="-36.6166988" lon="174.7740644">
                <ele>65.2</ele>
            </trkpt>
            <trkpt lat="-36.6168021" lon="174.7740242">
                <ele>64.5</ele>
            </trkpt>
            <trkpt lat="-36.616927" lon="174.7739866">
                <ele>63.5</ele>
            </trkpt>
            <trkpt lat="-36.6170433" lon="174.7739625">
                <ele>62.2</ele>
            </trkpt>
            <trkpt lat="-36.6171595" lon="174.7739491">
                <ele>61</ele>
            </trkpt>
            <trkpt lat="-36.6172327" lon="174.7739437">
                <ele>60.2</ele>
            </trkpt>
            <trkpt lat="-36.6173662" lon="174.7739491">
                <ele>59.2</ele>
            </trkpt>
            <trkpt lat="-36.6176697" lon="174.7739813">
                <ele>56.2</ele>
            </trkpt>
            <trkpt lat="-36.6179862" lon="174.7740027">
                <ele>54</ele>
            </trkpt>
            <trkpt lat="-36.6181799" lon="174.7740054">
                <ele>54</ele>
            </trkpt>
            <trkpt lat="-36.6188925" lon="174.7739652">
                <ele>49.5</ele>
            </trkpt>
            <trkpt lat="-36.6189851" lon="174.7739545">
                <ele>49</ele>
            </trkpt>
            <trkpt lat="-36.6190712" lon="174.773933">
                <ele>48.2</ele>
            </trkpt>
            <trkpt lat="-36.6191595" lon="174.7738981">
                <ele>47.2</ele>
            </trkpt>
            <trkpt lat="-36.6194049" lon="174.7737989">
                <ele>43.8</ele>
            </trkpt>
            <trkpt lat="-36.6194932" lon="174.773764">
                <ele>42.2</ele>
            </trkpt>
            <trkpt lat="-36.6195857" lon="174.7737399">
                <ele>41</ele>
            </trkpt>
            <trkpt lat="-36.61973" lon="174.7737104">
                <ele>39.5</ele>
            </trkpt>
            <trkpt lat="-36.6206686" lon="174.773536">
                <ele>32.8</ele>
            </trkpt>
            <trkpt lat="-36.6207504" lon="174.7735146">
                <ele>32.2</ele>
            </trkpt>
            <trkpt lat="-36.6208236" lon="174.7734851">
                <ele>31.5</ele>
            </trkpt>
            <trkpt lat="-36.6209011" lon="174.7734556">
                <ele>30.8</ele>
            </trkpt>
            <trkpt lat="-36.6209699" lon="174.7734153">
                <ele>30</ele>
            </trkpt>
            <trkpt lat="-36.6210388" lon="174.7733563">
                <ele>29</ele>
            </trkpt>
            <trkpt lat="-36.6211099" lon="174.7732893">
                <ele>28</ele>
            </trkpt>
            <trkpt lat="-36.621224" lon="174.7731391">
                <ele>26</ele>
            </trkpt>
            <trkpt lat="-36.6214328" lon="174.7727796">
                <ele>22.5</ele>
            </trkpt>
            <trkpt lat="-36.6215017" lon="174.7726858">
                <ele>22.2</ele>
            </trkpt>
            <trkpt lat="-36.6215749" lon="174.7725946">
                <ele>22.2</ele>
            </trkpt>
            <trkpt lat="-36.6218181" lon="174.7723344">
                <ele>22.1</ele>
            </trkpt>
            <trkpt lat="-36.6220528" lon="174.772101">
                <ele>22</ele>
            </trkpt>
            <trkpt lat="-36.6223606" lon="174.7717845">
                <ele>22.5</ele>
            </trkpt>
            <trkpt lat="-36.6226146" lon="174.7715217">
                <ele>23.5</ele>
            </trkpt>
            <trkpt lat="-36.6229504" lon="174.7711757">
                <ele>24.8</ele>
            </trkpt>
            <trkpt lat="-36.6231334" lon="174.7709879">
                <ele>26</ele>
            </trkpt>
            <trkpt lat="-36.6238309" lon="174.7702718">
                <ele>33</ele>
            </trkpt>
            <trkpt lat="-36.6240268" lon="174.7700733">
                <ele>35.2</ele>
            </trkpt>
            <trkpt lat="-36.6241236" lon="174.7699821">
                <ele>36.2</ele>
            </trkpt>
            <trkpt lat="-36.624227" lon="174.7699016">
                <ele>37</ele>
            </trkpt>
            <trkpt lat="-36.624354" lon="174.7698507">
                <ele>37.2</ele>
            </trkpt>
            <trkpt lat="-36.6244552" lon="174.7698212">
                <ele>37.8</ele>
            </trkpt>
            <trkpt lat="-36.625017" lon="174.7696951">
                <ele>40</ele>
            </trkpt>
            <trkpt lat="-36.6266056" lon="174.7693276">
                <ele>38.8</ele>
            </trkpt>
            <trkpt lat="-36.6266896" lon="174.7693089">
                <ele>38.5</ele>
            </trkpt>
            <trkpt lat="-36.6268704" lon="174.769282">
                <ele>38</ele>
            </trkpt>
            <trkpt lat="-36.6271394" lon="174.7692499">
                <ele>37</ele>
            </trkpt>
            <trkpt lat="-36.6274085" lon="174.7692204">
                <ele>36.6</ele>
            </trkpt>
            <trkpt lat="-36.6276711" lon="174.7691855">
                <ele>36.2</ele>
            </trkpt>
            <trkpt lat="-36.6277745" lon="174.7691613">
                <ele>36.1</ele>
            </trkpt>
            <trkpt lat="-36.6278735" lon="174.7691265">
                <ele>35.9</ele>
            </trkpt>
            <trkpt lat="-36.6279703" lon="174.7690782">
                <ele>35.8</ele>
            </trkpt>
            <trkpt lat="-36.6281253" lon="174.7689602">
                <ele>35.9</ele>
            </trkpt>
            <trkpt lat="-36.6281619" lon="174.7689039">
                <ele>35.9</ele>
            </trkpt>
            <trkpt lat="-36.6282157" lon="174.7688153">
                <ele>35.9</ele>
            </trkpt>
            <trkpt lat="-36.6282631" lon="174.7687215">
                <ele>36</ele>
            </trkpt>
            <trkpt lat="-36.6283427" lon="174.7685096">
                <ele>35.5</ele>
            </trkpt>
            <trkpt lat="-36.6284138" lon="174.7683138">
                <ele>34.5</ele>
            </trkpt>
            <trkpt lat="-36.6284999" lon="174.7681126">
                <ele>33</ele>
            </trkpt>
            <trkpt lat="-36.6285644" lon="174.7680026">
                <ele>32.2</ele>
            </trkpt>
            <trkpt lat="-36.6286376" lon="174.7679141">
                <ele>32</ele>
            </trkpt>
            <trkpt lat="-36.6287216" lon="174.7678337">
                <ele>32.2</ele>
            </trkpt>
            <trkpt lat="-36.6288593" lon="174.7677398">
                <ele>32.8</ele>
            </trkpt>
            <trkpt lat="-36.6294943" lon="174.7673374">
                <ele>34.8</ele>
            </trkpt>
            <trkpt lat="-36.6296299" lon="174.7672328">
                <ele>35.8</ele>
            </trkpt>
            <trkpt lat="-36.6297096" lon="174.7671551">
                <ele>35.9</ele>
            </trkpt>
            <trkpt lat="-36.6297828" lon="174.7670719">
                <ele>36</ele>
            </trkpt>
            <trkpt lat="-36.6298581" lon="174.7669458">
                <ele>35.8</ele>
            </trkpt>
            <trkpt lat="-36.6299141" lon="174.7668332">
                <ele>35.5</ele>
            </trkpt>
            <trkpt lat="-36.6299765" lon="174.7666454">
                <ele>35</ele>
            </trkpt>
            <trkpt lat="-36.6300303" lon="174.7664684">
                <ele>34.8</ele>
            </trkpt>
            <trkpt lat="-36.6300389" lon="174.7664469">
                <ele>34.8</ele>
            </trkpt>
            <trkpt lat="-36.6302068" lon="174.765889">
                <ele>32.2</ele>
            </trkpt>
            <trkpt lat="-36.6302907" lon="174.7656476">
                <ele>31.5</ele>
            </trkpt>
            <trkpt lat="-36.6303984" lon="174.7654063">
                <ele>30.2</ele>
            </trkpt>
            <trkpt lat="-36.6309085" lon="174.7642744">
                <ele>28</ele>
            </trkpt>
            <trkpt lat="-36.6310592" lon="174.7640759">
                <ele>28</ele>
            </trkpt>
            <trkpt lat="-36.6311281" lon="174.7639981">
                <ele>28</ele>
            </trkpt>
            <trkpt lat="-36.631156" lon="174.7639874">
                <ele>28</ele>
            </trkpt>
            <trkpt lat="-36.6311819" lon="174.7639659">
                <ele>28</ele>
            </trkpt>
            <trkpt lat="-36.6313024" lon="174.7639042">
                <ele>28</ele>
            </trkpt>
            <trkpt lat="-36.6313261" lon="174.7638935">
                <ele>28</ele>
            </trkpt>
            <trkpt lat="-36.631509" lon="174.7637889">
                <ele>28</ele>
            </trkpt>
            <trkpt lat="-36.6317996" lon="174.7637567">
                <ele>26.8</ele>
            </trkpt>
            <trkpt lat="-36.6321053" lon="174.7637218">
                <ele>25.8</ele>
            </trkpt>
            <trkpt lat="-36.6321354" lon="174.7637191">
                <ele>25.8</ele>
            </trkpt>
            <trkpt lat="-36.6326434" lon="174.7636628">
                <ele>24.2</ele>
            </trkpt>
            <trkpt lat="-36.6336787" lon="174.7635394">
                <ele>21.8</ele>
            </trkpt>
            <trkpt lat="-36.6341479" lon="174.7634616">
                <ele>21</ele>
            </trkpt>
            <trkpt lat="-36.6347075" lon="174.7633705">
                <ele>19.8</ele>
            </trkpt>
            <trkpt lat="-36.634884" lon="174.7633061">
                <ele>19.2</ele>
            </trkpt>
            <trkpt lat="-36.6350562" lon="174.7631907">
                <ele>18.8</ele>
            </trkpt>
            <trkpt lat="-36.6352736" lon="174.7629762">
                <ele>18</ele>
            </trkpt>
            <trkpt lat="-36.6356179" lon="174.7626919">
                <ele>17.8</ele>
            </trkpt>
            <trkpt lat="-36.6361646" lon="174.7623003">
                <ele>15.5</ele>
            </trkpt>
            <trkpt lat="-36.6365456" lon="174.7620293">
                <ele>14.5</ele>
            </trkpt>
            <trkpt lat="-36.6372063" lon="174.7615305">
                <ele>12.5</ele>
            </trkpt>
            <trkpt lat="-36.6374108" lon="174.7613829">
                <ele>11.8</ele>
            </trkpt>
            <trkpt lat="-36.6376454" lon="174.7611496">
                <ele>12.5</ele>
            </trkpt>
            <trkpt lat="-36.6381598" lon="174.7602752">
                <ele>13.5</ele>
            </trkpt>
            <trkpt lat="-36.6386247" lon="174.7594839">
                <ele>17</ele>
            </trkpt>
            <trkpt lat="-36.6389927" lon="174.7588429">
                <ele>21</ele>
            </trkpt>
            <trkpt lat="-36.6391584" lon="174.7585934">
                <ele>22</ele>
            </trkpt>
            <trkpt lat="-36.6392316" lon="174.7584996">
                <ele>22.5</ele>
            </trkpt>
            <trkpt lat="-36.6393199" lon="174.758411">
                <ele>23.2</ele>
            </trkpt>
            <trkpt lat="-36.6397632" lon="174.7581321">
                <ele>27.5</ele>
            </trkpt>
            <trkpt lat="-36.6398256" lon="174.7580892">
                <ele>28</ele>
            </trkpt>
            <trkpt lat="-36.6399806" lon="174.7579926">
                <ele>29</ele>
            </trkpt>
            <trkpt lat="-36.6402259" lon="174.7578397">
                <ele>30.5</ele>
            </trkpt>
            <trkpt lat="-36.6407059" lon="174.7575447">
                <ele>31</ele>
            </trkpt>
            <trkpt lat="-36.6407704" lon="174.7574911">
                <ele>31.5</ele>
            </trkpt>
            <trkpt lat="-36.6408415" lon="174.7574213">
                <ele>31</ele>
            </trkpt>
            <trkpt lat="-36.6409103" lon="174.7573167">
                <ele>30.2</ele>
            </trkpt>
            <trkpt lat="-36.6409491" lon="174.7572201">
                <ele>29.8</ele>
            </trkpt>
            <trkpt lat="-36.6409749" lon="174.7571155">
                <ele>29.7</ele>
            </trkpt>
            <trkpt lat="-36.6409792" lon="174.7570378">
                <ele>29.6</ele>
            </trkpt>
            <trkpt lat="-36.6409814" lon="174.75696">
                <ele>29.6</ele>
            </trkpt>
            <trkpt lat="-36.6409728" lon="174.7568661">
                <ele>29.5</ele>
            </trkpt>
            <trkpt lat="-36.6409448" lon="174.7567695">
                <ele>29.8</ele>
            </trkpt>
            <trkpt lat="-36.6409146" lon="174.756681">
                <ele>30</ele>
            </trkpt>
            <trkpt lat="-36.6402324" lon="174.7553104">
                <ele>29.2</ele>
            </trkpt>
            <trkpt lat="-36.6395372" lon="174.7539264">
                <ele>24.5</ele>
            </trkpt>
            <trkpt lat="-36.6394382" lon="174.7537574">
                <ele>25</ele>
            </trkpt>
            <trkpt lat="-36.6393091" lon="174.7535831">
                <ele>26</ele>
            </trkpt>
            <trkpt lat="-36.6392166" lon="174.7534597">
                <ele>28</ele>
            </trkpt>
            <trkpt lat="-36.6391305" lon="174.7533524">
                <ele>29.8</ele>
            </trkpt>
            <trkpt lat="-36.6390315" lon="174.7531888">
                <ele>30.9</ele>
            </trkpt>
            <trkpt lat="-36.639025" lon="174.7531781">
                <ele>31</ele>
            </trkpt>
            <trkpt lat="-36.6386182" lon="174.7524324">
                <ele>35</ele>
            </trkpt>
            <trkpt lat="-36.6380608" lon="174.7514212">
                <ele>36</ele>
            </trkpt>
            <trkpt lat="-36.6373914" lon="174.7501901">
                <ele>39.2</ele>
            </trkpt>
            <trkpt lat="-36.6372623" lon="174.749954">
                <ele>40.8</ele>
            </trkpt>
            <trkpt lat="-36.6371482" lon="174.7497475">
                <ele>42</ele>
            </trkpt>
            <trkpt lat="-36.6369524" lon="174.7493908">
                <ele>44</ele>
            </trkpt>
            <trkpt lat="-36.636905" lon="174.7492325">
                <ele>44.5</ele>
            </trkpt>
            <trkpt lat="-36.6368577" lon="174.7491413">
                <ele>45</ele>
            </trkpt>
            <trkpt lat="-36.6367178" lon="174.7489187">
                <ele>45.2</ele>
            </trkpt>
            <trkpt lat="-36.6366554" lon="174.7488168">
                <ele>45</ele>
            </trkpt>
            <trkpt lat="-36.6365822" lon="174.7487417">
                <ele>46</ele>
            </trkpt>
            <trkpt lat="-36.6363368" lon="174.7485378">
                <ele>46</ele>
            </trkpt>
            <trkpt lat="-36.6361905" lon="174.7484118">
                <ele>45.8</ele>
            </trkpt>
            <trkpt lat="-36.6360979" lon="174.7483313">
                <ele>45.8</ele>
            </trkpt>
            <trkpt lat="-36.6360721" lon="174.7483099">
                <ele>45.8</ele>
            </trkpt>
            <trkpt lat="-36.6359881" lon="174.7482374">
                <ele>46</ele>
            </trkpt>
            <trkpt lat="-36.6359085" lon="174.748165">
                <ele>45.8</ele>
            </trkpt>
            <trkpt lat="-36.6358332" lon="174.7480926">
                <ele>45</ele>
            </trkpt>
            <trkpt lat="-36.6357643" lon="174.7480229">
                <ele>44.8</ele>
            </trkpt>
            <trkpt lat="-36.6356954" lon="174.7479478">
                <ele>44.8</ele>
            </trkpt>
            <trkpt lat="-36.6356266" lon="174.7478646">
                <ele>44.9</ele>
            </trkpt>
            <trkpt lat="-36.6355663" lon="174.7477788">
                <ele>45</ele>
            </trkpt>
            <trkpt lat="-36.6354888" lon="174.747642">
                <ele>44.5</ele>
            </trkpt>
            <trkpt lat="-36.6353876" lon="174.7474247">
                <ele>44</ele>
            </trkpt>
            <trkpt lat="-36.6353166" lon="174.7472048">
                <ele>43.2</ele>
            </trkpt>
            <trkpt lat="-36.6352736" lon="174.7470251">
                <ele>42.8</ele>
            </trkpt>
            <trkpt lat="-36.6352585" lon="174.7469258">
                <ele>42.2</ele>
            </trkpt>
            <trkpt lat="-36.6352456" lon="174.7467917">
                <ele>41</ele>
            </trkpt>
            <trkpt lat="-36.635237" lon="174.7466603">
                <ele>40</ele>
            </trkpt>
            <trkpt lat="-36.6352305" lon="174.7465503">
                <ele>39</ele>
            </trkpt>
            <trkpt lat="-36.6352284" lon="174.7464377">
                <ele>37.8</ele>
            </trkpt>
            <trkpt lat="-36.6352176" lon="174.7462955">
                <ele>36.5</ele>
            </trkpt>
            <trkpt lat="-36.6351853" lon="174.7461721">
                <ele>35</ele>
            </trkpt>
            <trkpt lat="-36.6351789" lon="174.74603">
                <ele>34</ele>
            </trkpt>
            <trkpt lat="-36.6351724" lon="174.745869">
                <ele>32</ele>
            </trkpt>
            <trkpt lat="-36.6351552" lon="174.7454533">
                <ele>29.2</ele>
            </trkpt>
            <trkpt lat="-36.635153" lon="174.7454211">
                <ele>29</ele>
            </trkpt>
            <trkpt lat="-36.6351444" lon="174.7452226">
                <ele>28</ele>
            </trkpt>
            <trkpt lat="-36.6351358" lon="174.7449893">
                <ele>27</ele>
            </trkpt>
            <trkpt lat="-36.6351272" lon="174.7448203">
                <ele>26</ele>
            </trkpt>
            <trkpt lat="-36.6351143" lon="174.744536">
                <ele>23.8</ele>
            </trkpt>
            <trkpt lat="-36.6351035" lon="174.7442865">
                <ele>23</ele>
            </trkpt>
            <trkpt lat="-36.6350928" lon="174.7440076">
                <ele>21.8</ele>
            </trkpt>
            <trkpt lat="-36.6350799" lon="174.7437125">
                <ele>20.5</ele>
            </trkpt>
            <trkpt lat="-36.6350691" lon="174.7434658">
                <ele>20</ele>
            </trkpt>
            <trkpt lat="-36.6350626" lon="174.7433102">
                <ele>19.8</ele>
            </trkpt>
            <trkpt lat="-36.6350454" lon="174.7429186">
                <ele>19.4</ele>
            </trkpt>
            <trkpt lat="-36.6350325" lon="174.7426558">
                <ele>19.2</ele>
            </trkpt>
            <trkpt lat="-36.6350217" lon="174.7424009">
                <ele>19</ele>
            </trkpt>
            <trkpt lat="-36.6350131" lon="174.7421408">
                <ele>19</ele>
            </trkpt>
            <trkpt lat="-36.6350067" lon="174.7420201">
                <ele>19</ele>
            </trkpt>
            <trkpt lat="-36.6349959" lon="174.7418082">
                <ele>19.5</ele>
            </trkpt>
            <trkpt lat="-36.6349809" lon="174.7415829">
                <ele>20.2</ele>
            </trkpt>
            <trkpt lat="-36.6349486" lon="174.741312">
                <ele>20.5</ele>
            </trkpt>
            <trkpt lat="-36.6349206" lon="174.7411108">
                <ele>20.8</ele>
            </trkpt>
            <trkpt lat="-36.6348948" lon="174.740966">
                <ele>21.2</ele>
            </trkpt>
            <trkpt lat="-36.6348732" lon="174.7408614">
                <ele>21.5</ele>
            </trkpt>
            <trkpt lat="-36.6348323" lon="174.7407219">
                <ele>22</ele>
            </trkpt>
            <trkpt lat="-36.6346881" lon="174.7403678">
                <ele>23</ele>
            </trkpt>
            <trkpt lat="-36.6346731" lon="174.7403249">
                <ele>23</ele>
            </trkpt>
            <trkpt lat="-36.6345482" lon="174.7400862">
                <ele>23</ele>
            </trkpt>
            <trkpt lat="-36.634503" lon="174.7400165">
                <ele>23</ele>
            </trkpt>
            <trkpt lat="-36.6343911" lon="174.7398368">
                <ele>22.8</ele>
            </trkpt>
            <trkpt lat="-36.6340682" lon="174.7394586">
                <ele>23</ele>
            </trkpt>
            <trkpt lat="-36.6340403" lon="174.7394317">
                <ele>23</ele>
            </trkpt>
            <trkpt lat="-36.6338659" lon="174.7392654">
                <ele>23.8</ele>
            </trkpt>
            <trkpt lat="-36.633698" lon="174.7391018">
                <ele>24.5</ele>
            </trkpt>
            <trkpt lat="-36.6336464" lon="174.7390535">
                <ele>25</ele>
            </trkpt>
            <trkpt lat="-36.6335302" lon="174.7389489">
                <ele>26</ele>
            </trkpt>
            <trkpt lat="-36.633457" lon="174.7388792">
                <ele>27</ele>
            </trkpt>
            <trkpt lat="-36.6331535" lon="174.7385895">
                <ele>28.5</ele>
            </trkpt>
            <trkpt lat="-36.6329899" lon="174.7384179">
                <ele>29.8</ele>
            </trkpt>
            <trkpt lat="-36.6327876" lon="174.7382087">
                <ele>31.2</ele>
            </trkpt>
            <trkpt lat="-36.6327058" lon="174.7381228">
                <ele>31.8</ele>
            </trkpt>
            <trkpt lat="-36.6323356" lon="174.7377151">
                <ele>34.5</ele>
            </trkpt>
            <trkpt lat="-36.632299" lon="174.7376695">
                <ele>34.8</ele>
            </trkpt>
            <trkpt lat="-36.6322538" lon="174.7376132">
                <ele>35</ele>
            </trkpt>
            <trkpt lat="-36.6319955" lon="174.7372189">
                <ele>36.5</ele>
            </trkpt>
            <trkpt lat="-36.6318728" lon="174.7370285">
                <ele>37</ele>
            </trkpt>
            <trkpt lat="-36.6317307" lon="174.7368166">
                <ele>37</ele>
            </trkpt>
            <trkpt lat="-36.6314552" lon="174.7364008">
                <ele>40.2</ele>
            </trkpt>
            <trkpt lat="-36.6313476" lon="174.7362265">
                <ele>41.2</ele>
            </trkpt>
            <trkpt lat="-36.6312486" lon="174.7360468">
                <ele>42</ele>
            </trkpt>
            <trkpt lat="-36.6311603" lon="174.735851">
                <ele>42.5</ele>
            </trkpt>
            <trkpt lat="-36.6310915" lon="174.7356579">
                <ele>42.8</ele>
            </trkpt>
            <trkpt lat="-36.6310097" lon="174.7353896">
                <ele>43</ele>
            </trkpt>
            <trkpt lat="-36.6309602" lon="174.7352448">
                <ele>43</ele>
            </trkpt>
            <trkpt lat="-36.6309063" lon="174.7350758">
                <ele>43</ele>
            </trkpt>
            <trkpt lat="-36.6307837" lon="174.7347513">
                <ele>43</ele>
            </trkpt>
            <trkpt lat="-36.6307471" lon="174.7346735">
                <ele>42.5</ele>
            </trkpt>
            <trkpt lat="-36.6306846" lon="174.7345501">
                <ele>42</ele>
            </trkpt>
            <trkpt lat="-36.6306717" lon="174.7345287">
                <ele>42.5</ele>
            </trkpt>
            <trkpt lat="-36.6305942" lon="174.7344026">
                <ele>42.2</ele>
            </trkpt>
            <trkpt lat="-36.6305168" lon="174.7342926">
                <ele>41.8</ele>
            </trkpt>
            <trkpt lat="-36.6300712" lon="174.733716">
                <ele>37</ele>
            </trkpt>
            <trkpt lat="-36.6299528" lon="174.7335738">
                <ele>35</ele>
            </trkpt>
            <trkpt lat="-36.6298344" lon="174.7334316">
                <ele>34</ele>
            </trkpt>
            <trkpt lat="-36.629673" lon="174.7332385">
                <ele>31</ele>
            </trkpt>
            <trkpt lat="-36.6293393" lon="174.7328281">
                <ele>26.8</ele>
            </trkpt>
            <trkpt lat="-36.6291994" lon="174.7326484">
                <ele>25.2</ele>
            </trkpt>
            <trkpt lat="-36.6290789" lon="174.732466">
                <ele>24</ele>
            </trkpt>
            <trkpt lat="-36.6289691" lon="174.7322837">
                <ele>23</ele>
            </trkpt>
            <trkpt lat="-36.6289131" lon="174.732171">
                <ele>22</ele>
            </trkpt>
            <trkpt lat="-36.62884" lon="174.7320235">
                <ele>21</ele>
            </trkpt>
            <trkpt lat="-36.6286699" lon="174.7316533">
                <ele>20</ele>
            </trkpt>
            <trkpt lat="-36.6285903" lon="174.7314817">
                <ele>19.8</ele>
            </trkpt>
            <trkpt lat="-36.6285128" lon="174.7313154">
                <ele>20</ele>
            </trkpt>
            <trkpt lat="-36.6284116" lon="174.7310928">
                <ele>21</ele>
            </trkpt>
            <trkpt lat="-36.6283793" lon="174.7310096">
                <ele>21.5</ele>
            </trkpt>
            <trkpt lat="-36.6283061" lon="174.7308433">
                <ele>22.5</ele>
            </trkpt>
            <trkpt lat="-36.6282243" lon="174.730618">
                <ele>23</ele>
            </trkpt>
            <trkpt lat="-36.6281619" lon="174.7304222">
                <ele>23.8</ele>
            </trkpt>
            <trkpt lat="-36.6281016" lon="174.730221">
                <ele>25</ele>
            </trkpt>
            <trkpt lat="-36.628065" lon="174.7300172">
                <ele>26</ele>
            </trkpt>
            <trkpt lat="-36.6280349" lon="174.7297114">
                <ele>27.2</ele>
            </trkpt>
            <trkpt lat="-36.6279983" lon="174.7292849">
                <ele>30</ele>
            </trkpt>
            <trkpt lat="-36.6279467" lon="174.7288263">
                <ele>33.8</ele>
            </trkpt>
            <trkpt lat="-36.6278971" lon="174.728609">
                <ele>36</ele>
            </trkpt>
            <trkpt lat="-36.6278261" lon="174.7283944">
                <ele>38</ele>
            </trkpt>
            <trkpt lat="-36.6277615" lon="174.7282684">
                <ele>39.2</ele>
            </trkpt>
            <trkpt lat="-36.6276776" lon="174.7281477">
                <ele>40.5</ele>
            </trkpt>
            <trkpt lat="-36.6275614" lon="174.7280028">
                <ele>42.2</ele>
            </trkpt>
            <trkpt lat="-36.6274387" lon="174.7278687">
                <ele>44</ele>
            </trkpt>
            <trkpt lat="-36.6269759" lon="174.7273564">
                <ele>51</ele>
            </trkpt>
            <trkpt lat="-36.6268273" lon="174.7271928">
                <ele>53</ele>
            </trkpt>
            <trkpt lat="-36.6267412" lon="174.7270855">
                <ele>54</ele>
            </trkpt>
            <trkpt lat="-36.6266896" lon="174.7270024">
                <ele>54.5</ele>
            </trkpt>
            <trkpt lat="-36.6266487" lon="174.7269219">
                <ele>55</ele>
            </trkpt>
            <trkpt lat="-36.6266056" lon="174.7268254">
                <ele>55.5</ele>
            </trkpt>
            <trkpt lat="-36.6265755" lon="174.7267181">
                <ele>55.6</ele>
            </trkpt>
            <trkpt lat="-36.6265539" lon="174.7266135">
                <ele>55.7</ele>
            </trkpt>
            <trkpt lat="-36.626541" lon="174.7265062">
                <ele>55.8</ele>
            </trkpt>
            <trkpt lat="-36.6265217" lon="174.7262138">
                <ele>56.8</ele>
            </trkpt>
            <trkpt lat="-36.6265087" lon="174.7257364">
                <ele>60.2</ele>
            </trkpt>
            <trkpt lat="-36.6265023" lon="174.7255245">
                <ele>61.8</ele>
            </trkpt>
            <trkpt lat="-36.626498" lon="174.7253957">
                <ele>63</ele>
            </trkpt>
            <trkpt lat="-36.6264937" lon="174.7252321">
                <ele>64</ele>
            </trkpt>
            <trkpt lat="-36.6264851" lon="174.7250712">
                <ele>65</ele>
            </trkpt>
            <trkpt lat="-36.6264377" lon="174.7239044">
                <ele>71</ele>
            </trkpt>
            <trkpt lat="-36.6264183" lon="174.7237274">
                <ele>71.8</ele>
            </trkpt>
            <trkpt lat="-36.626399" lon="174.7236282">
                <ele>72.5</ele>
            </trkpt>
            <trkpt lat="-36.6263817" lon="174.7235504">
                <ele>72.8</ele>
            </trkpt>
            <trkpt lat="-36.6263473" lon="174.7234619">
                <ele>73</ele>
            </trkpt>
            <trkpt lat="-36.6262892" lon="174.7233626">
                <ele>73.2</ele>
            </trkpt>
            <trkpt lat="-36.6261277" lon="174.7231185">
                <ele>75</ele>
            </trkpt>
            <trkpt lat="-36.6260352" lon="174.7229764">
                <ele>76</ele>
            </trkpt>
            <trkpt lat="-36.625934" lon="174.7228476">
                <ele>76.5</ele>
            </trkpt>
            <trkpt lat="-36.6257618" lon="174.7226277">
                <ele>78</ele>
            </trkpt>
            <trkpt lat="-36.6257123" lon="174.7225633">
                <ele>78.5</ele>
            </trkpt>
            <trkpt lat="-36.6256003" lon="174.7224453">
                <ele>79.5</ele>
            </trkpt>
            <trkpt lat="-36.6254798" lon="174.7223461">
                <ele>80</ele>
            </trkpt>
            <trkpt lat="-36.6253593" lon="174.7223085">
                <ele>80.5</ele>
            </trkpt>
            <trkpt lat="-36.6251892" lon="174.7223058">
                <ele>79.5</ele>
            </trkpt>
            <trkpt lat="-36.6250213" lon="174.7223219">
                <ele>78</ele>
            </trkpt>
            <trkpt lat="-36.62489" lon="174.7223273">
                <ele>77.2</ele>
            </trkpt>
            <trkpt lat="-36.6247802" lon="174.7223219">
                <ele>77.1</ele>
            </trkpt>
            <trkpt lat="-36.6247049" lon="174.7223112">
                <ele>77</ele>
            </trkpt>
            <trkpt lat="-36.6246166" lon="174.7222736">
                <ele>76.8</ele>
            </trkpt>
            <trkpt lat="-36.6245348" lon="174.72222">
                <ele>76.5</ele>
            </trkpt>
            <trkpt lat="-36.6244552" lon="174.7221476">
                <ele>76.2</ele>
            </trkpt>
            <trkpt lat="-36.6243906" lon="174.7220644">
                <ele>76</ele>
            </trkpt>
            <trkpt lat="-36.6242722" lon="174.7219008">
                <ele>76</ele>
            </trkpt>
            <trkpt lat="-36.6241645" lon="174.721756">
                <ele>75</ele>
            </trkpt>
            <trkpt lat="-36.624128" lon="174.721705">
                <ele>74.8</ele>
            </trkpt>
            <trkpt lat="-36.6240332" lon="174.7215655">
                <ele>73.5</ele>
            </trkpt>
            <trkpt lat="-36.6239622" lon="174.7214475">
                <ele>72.5</ele>
            </trkpt>
            <trkpt lat="-36.6239084" lon="174.7213215">
                <ele>71.8</ele>
            </trkpt>
            <trkpt lat="-36.6238309" lon="174.7211096">
                <ele>70.5</ele>
            </trkpt>
            <trkpt lat="-36.6236587" lon="174.7206777">
                <ele>67.2</ele>
            </trkpt>
            <trkpt lat="-36.6236113" lon="174.7205999">
                <ele>66.5</ele>
            </trkpt>
            <trkpt lat="-36.6235381" lon="174.7204927">
                <ele>65.5</ele>
            </trkpt>
            <trkpt lat="-36.6234628" lon="174.7204095">
                <ele>64.8</ele>
            </trkpt>
            <trkpt lat="-36.6233939" lon="174.7203478">
                <ele>64</ele>
            </trkpt>
            <trkpt lat="-36.623325" lon="174.7202942">
                <ele>63.2</ele>
            </trkpt>
            <trkpt lat="-36.6231786" lon="174.7202164">
                <ele>61.5</ele>
            </trkpt>
            <trkpt lat="-36.6229591" lon="174.7201225">
                <ele>58.8</ele>
            </trkpt>
            <trkpt lat="-36.6228062" lon="174.7200528">
                <ele>57.5</ele>
            </trkpt>
            <trkpt lat="-36.6226448" lon="174.7199723">
                <ele>56</ele>
            </trkpt>
            <trkpt lat="-36.6224704" lon="174.7198543">
                <ele>54.5</ele>
            </trkpt>
            <trkpt lat="-36.6223154" lon="174.7197255">
                <ele>53.8</ele>
            </trkpt>
            <trkpt lat="-36.6222035" lon="174.7195995">
                <ele>53</ele>
            </trkpt>
            <trkpt lat="-36.6220958" lon="174.7194654">
                <ele>52.2</ele>
            </trkpt>
            <trkpt lat="-36.6220183" lon="174.7193474">
                <ele>51.5</ele>
            </trkpt>
            <trkpt lat="-36.621887" lon="174.7191086">
                <ele>49.8</ele>
            </trkpt>
            <trkpt lat="-36.6217406" lon="174.7188458">
                <ele>48.5</ele>
            </trkpt>
            <trkpt lat="-36.6217105" lon="174.7187921">
                <ele>48</ele>
            </trkpt>
            <trkpt lat="-36.6213811" lon="174.7181699">
                <ele>43.2</ele>
            </trkpt>
            <trkpt lat="-36.6212197" lon="174.7179043">
                <ele>42</ele>
            </trkpt>
            <trkpt lat="-36.6211572" lon="174.7178131">
                <ele>41.2</ele>
            </trkpt>
            <trkpt lat="-36.6210948" lon="174.7177219">
                <ele>41</ele>
            </trkpt>
            <trkpt lat="-36.621041" lon="174.7176602">
                <ele>40.5</ele>
            </trkpt>
            <trkpt lat="-36.6209786" lon="174.7175986">
                <ele>40.2</ele>
            </trkpt>
            <trkpt lat="-36.6208559" lon="174.7174805">
                <ele>40.1</ele>
            </trkpt>
            <trkpt lat="-36.620731" lon="174.7173733">
                <ele>40</ele>
            </trkpt>
            <trkpt lat="-36.6206406" lon="174.7173089">
                <ele>40</ele>
            </trkpt>
            <trkpt lat="-36.620548" lon="174.7172499">
                <ele>40</ele>
            </trkpt>
            <trkpt lat="-36.6195362" lon="174.716759">
                <ele>40.7</ele>
            </trkpt>
            <trkpt lat="-36.6194996" lon="174.7167349">
                <ele>40.8</ele>
            </trkpt>
            <trkpt lat="-36.6193554" lon="174.7166356">
                <ele>40.5</ele>
            </trkpt>
            <trkpt lat="-36.6191832" lon="174.7164935">
                <ele>41</ele>
            </trkpt>
            <trkpt lat="-36.6189033" lon="174.716177">
                <ele>41.2</ele>
            </trkpt>
            <trkpt lat="-36.6188043" lon="174.7160321">
                <ele>41.8</ele>
            </trkpt>
            <trkpt lat="-36.6186988" lon="174.7158605">
                <ele>41.5</ele>
            </trkpt>
            <trkpt lat="-36.618477" lon="174.7154662">
                <ele>41.2</ele>
            </trkpt>
            <trkpt lat="-36.6183263" lon="174.7152087">
                <ele>41</ele>
            </trkpt>
            <trkpt lat="-36.6182058" lon="174.7150263">
                <ele>40.5</ele>
            </trkpt>
            <trkpt lat="-36.6180788" lon="174.7148708">
                <ele>40.1</ele>
            </trkpt>
            <trkpt lat="-36.6179517" lon="174.7147286">
                <ele>39.8</ele>
            </trkpt>
            <trkpt lat="-36.6178463" lon="174.7146294">
                <ele>39.8</ele>
            </trkpt>
            <trkpt lat="-36.61773" lon="174.7145274">
                <ele>39.9</ele>
            </trkpt>
            <trkpt lat="-36.6175901" lon="174.7144255">
                <ele>40</ele>
            </trkpt>
            <trkpt lat="-36.6175212" lon="174.7143799">
                <ele>40.8</ele>
            </trkpt>
            <trkpt lat="-36.6174265" lon="174.7143236">
                <ele>41</ele>
            </trkpt>
            <trkpt lat="-36.6172413" lon="174.714219">
                <ele>41</ele>
            </trkpt>
            <trkpt lat="-36.6167785" lon="174.7139615">
                <ele>41.5</ele>
            </trkpt>
            <trkpt lat="-36.6161477" lon="174.7136235">
                <ele>40.8</ele>
            </trkpt>
            <trkpt lat="-36.6159152" lon="174.7134975">
                <ele>40.5</ele>
            </trkpt>
            <trkpt lat="-36.6156805" lon="174.7133902">
                <ele>41.2</ele>
            </trkpt>
            <trkpt lat="-36.6154157" lon="174.7132909">
                <ele>42</ele>
            </trkpt>
            <trkpt lat="-36.6152025" lon="174.7132346">
                <ele>44.2</ele>
            </trkpt>
            <trkpt lat="-36.6150217" lon="174.7132024">
                <ele>45.2</ele>
            </trkpt>
            <trkpt lat="-36.6148107" lon="174.7131836">
                <ele>46.5</ele>
            </trkpt>
            <trkpt lat="-36.6147138" lon="174.713181">
                <ele>47.2</ele>
            </trkpt>
            <trkpt lat="-36.614533" lon="174.7131729">
                <ele>48.2</ele>
            </trkpt>
            <trkpt lat="-36.6143155" lon="174.7131917">
                <ele>49.5</ele>
            </trkpt>
            <trkpt lat="-36.6140701" lon="174.7132239">
                <ele>50</ele>
            </trkpt>
            <trkpt lat="-36.6138634" lon="174.7132668">
                <ele>50.7</ele>
            </trkpt>
            <trkpt lat="-36.6138441" lon="174.7132695">
                <ele>50.8</ele>
            </trkpt>
            <trkpt lat="-36.6136761" lon="174.713299">
                <ele>51</ele>
            </trkpt>
            <trkpt lat="-36.6135749" lon="174.7133151">
                <ele>51.2</ele>
            </trkpt>
            <trkpt lat="-36.613463" lon="174.7133338">
                <ele>51.5</ele>
            </trkpt>
            <trkpt lat="-36.6133295" lon="174.7133446">
                <ele>52</ele>
            </trkpt>
            <trkpt lat="-36.6132046" lon="174.7133338">
                <ele>52.8</ele>
            </trkpt>
            <trkpt lat="-36.613097" lon="174.7133124">
                <ele>53</ele>
            </trkpt>
            <trkpt lat="-36.6129915" lon="174.7132748">
                <ele>53</ele>
            </trkpt>
            <trkpt lat="-36.6128989" lon="174.7132346">
                <ele>53.5</ele>
            </trkpt>
            <trkpt lat="-36.612802" lon="174.7131783">
                <ele>54</ele>
            </trkpt>
            <trkpt lat="-36.612731" lon="174.71313">
                <ele>53.8</ele>
            </trkpt>
            <trkpt lat="-36.6126599" lon="174.7130737">
                <ele>54</ele>
            </trkpt>
            <trkpt lat="-36.6125652" lon="174.7129744">
                <ele>54</ele>
            </trkpt>
            <trkpt lat="-36.6124145" lon="174.7127652">
                <ele>54.5</ele>
            </trkpt>
            <trkpt lat="-36.6118827" lon="174.7119203">
                <ele>58.2</ele>
            </trkpt>
            <trkpt lat="-36.6111614" lon="174.7108394">
                <ele>63.2</ele>
            </trkpt>
            <trkpt lat="-36.6111076" lon="174.7107348">
                <ele>63.8</ele>
            </trkpt>
            <trkpt lat="-36.6110646" lon="174.7106221">
                <ele>64.2</ele>
            </trkpt>
            <trkpt lat="-36.6110323" lon="174.7105068">
                <ele>64.5</ele>
            </trkpt>
            <trkpt lat="-36.6110107" lon="174.7103968">
                <ele>64.2</ele>
            </trkpt>
            <trkpt lat="-36.6109957" lon="174.7102842">
                <ele>64</ele>
            </trkpt>
            <trkpt lat="-36.6109935" lon="174.7101796">
                <ele>63.8</ele>
            </trkpt>
            <trkpt lat="-36.6110021" lon="174.7100776">
                <ele>63.2</ele>
            </trkpt>
            <trkpt lat="-36.6110172" lon="174.7099757">
                <ele>62.8</ele>
            </trkpt>
            <trkpt lat="-36.6110559" lon="174.7097638">
                <ele>61.8</ele>
            </trkpt>
            <trkpt lat="-36.6111765" lon="174.7091979">
                <ele>60</ele>
            </trkpt>
            <trkpt lat="-36.6112605" lon="174.7088063">
                <ele>59</ele>
            </trkpt>
            <trkpt lat="-36.6112992" lon="174.7086266">
                <ele>58.8</ele>
            </trkpt>
            <trkpt lat="-36.6113229" lon="174.7085273">
                <ele>58</ele>
            </trkpt>
            <trkpt lat="-36.6115038" lon="174.7076878">
                <ele>52.2</ele>
            </trkpt>
            <trkpt lat="-36.611549" lon="174.7074491">
                <ele>50</ele>
            </trkpt>
            <trkpt lat="-36.6115619" lon="174.7073311">
                <ele>49.2</ele>
            </trkpt>
            <trkpt lat="-36.6115684" lon="174.7072318">
                <ele>49</ele>
            </trkpt>
            <trkpt lat="-36.6115641" lon="174.7069824">
                <ele>47.5</ele>
            </trkpt>
            <trkpt lat="-36.611521" lon="174.7067732">
                <ele>46.5</ele>
            </trkpt>
            <trkpt lat="-36.6114952" lon="174.7066712">
                <ele>46.2</ele>
            </trkpt>
            <trkpt lat="-36.6114521" lon="174.7065586">
                <ele>46</ele>
            </trkpt>
            <trkpt lat="-36.6113832" lon="174.7064084">
                <ele>45.8</ele>
            </trkpt>
            <trkpt lat="-36.611254" lon="174.7061777">
                <ele>46</ele>
            </trkpt>
            <trkpt lat="-36.6111313" lon="174.7059926">
                <ele>47</ele>
            </trkpt>
            <trkpt lat="-36.6109655" lon="174.7057244">
                <ele>47.7</ele>
            </trkpt>
            <trkpt lat="-36.6108751" lon="174.7055796">
                <ele>48</ele>
            </trkpt>
            <trkpt lat="-36.6108363" lon="174.7055018">
                <ele>48.2</ele>
            </trkpt>
            <trkpt lat="-36.6107825" lon="174.7053838">
                <ele>48.5</ele>
            </trkpt>
            <trkpt lat="-36.6106942" lon="174.705137">
                <ele>48.2</ele>
            </trkpt>
            <trkpt lat="-36.6104596" lon="174.704335">
                <ele>47.5</ele>
            </trkpt>
            <trkpt lat="-36.6104057" lon="174.7041231">
                <ele>47.2</ele>
            </trkpt>
            <trkpt lat="-36.6103777" lon="174.70393">
                <ele>46.8</ele>
            </trkpt>
            <trkpt lat="-36.610367" lon="174.703761">
                <ele>46</ele>
            </trkpt>
            <trkpt lat="-36.6103756" lon="174.7036564">
                <ele>45.5</ele>
            </trkpt>
            <trkpt lat="-36.6103907" lon="174.7035223">
                <ele>44.5</ele>
            </trkpt>
            <trkpt lat="-36.6104165" lon="174.7034016">
                <ele>43.8</ele>
            </trkpt>
            <trkpt lat="-36.6104531" lon="174.7032434">
                <ele>43</ele>
            </trkpt>
            <trkpt lat="-36.6105112" lon="174.7030851">
                <ele>42</ele>
            </trkpt>
            <trkpt lat="-36.6107717" lon="174.7023985">
                <ele>39</ele>
            </trkpt>
            <trkpt lat="-36.6108428" lon="174.702208">
                <ele>39</ele>
            </trkpt>
            <trkpt lat="-36.610916" lon="174.7020122">
                <ele>39.6</ele>
            </trkpt>
            <trkpt lat="-36.6109289" lon="174.7019747">
                <ele>39.8</ele>
            </trkpt>
            <trkpt lat="-36.6109526" lon="174.7019023">
                <ele>40</ele>
            </trkpt>
            <trkpt lat="-36.6109827" lon="174.7018138">
                <ele>40</ele>
            </trkpt>
            <trkpt lat="-36.6110258" lon="174.7016823">
                <ele>39.8</ele>
            </trkpt>
            <trkpt lat="-36.611071" lon="174.7015134">
                <ele>39.9</ele>
            </trkpt>
            <trkpt lat="-36.6111033" lon="174.7013685">
                <ele>40</ele>
            </trkpt>
            <trkpt lat="-36.6111421" lon="174.7011861">
                <ele>40</ele>
            </trkpt>
            <trkpt lat="-36.6111765" lon="174.700985">
                <ele>39.8</ele>
            </trkpt>
            <trkpt lat="-36.6112605" lon="174.7004431">
                <ele>39</ele>
            </trkpt>
            <trkpt lat="-36.6114133" lon="174.6994212">
                <ele>36</ele>
            </trkpt>
            <trkpt lat="-36.6116803" lon="174.697836">
                <ele>28</ele>
            </trkpt>
            <trkpt lat="-36.6118009" lon="174.6971226">
                <ele>26</ele>
            </trkpt>
            <trkpt lat="-36.6119042" lon="174.6965674">
                <ele>26.8</ele>
            </trkpt>
            <trkpt lat="-36.6119258" lon="174.696452">
                <ele>27.5</ele>
            </trkpt>
            <trkpt lat="-36.6121088" lon="174.6955106">
                <ele>29.2</ele>
            </trkpt>
            <trkpt lat="-36.6122573" lon="174.6947461">
                <ele>27.5</ele>
            </trkpt>
            <trkpt lat="-36.6123477" lon="174.6944001">
                <ele>27.4</ele>
            </trkpt>
            <trkpt lat="-36.6124662" lon="174.6939495">
                <ele>27.2</ele>
            </trkpt>
            <trkpt lat="-36.6125092" lon="174.6937805">
                <ele>27.5</ele>
            </trkpt>
            <trkpt lat="-36.612858" lon="174.6925279">
                <ele>33</ele>
            </trkpt>
            <trkpt lat="-36.6128903" lon="174.6924019">
                <ele>34</ele>
            </trkpt>
            <trkpt lat="-36.6129743" lon="174.6921203">
                <ele>36.5</ele>
            </trkpt>
            <trkpt lat="-36.6130388" lon="174.6919379">
                <ele>38.5</ele>
            </trkpt>
            <trkpt lat="-36.6131099" lon="174.6917582">
                <ele>40</ele>
            </trkpt>
            <trkpt lat="-36.6132003" lon="174.6915758">
                <ele>41.2</ele>
            </trkpt>
            <trkpt lat="-36.6133209" lon="174.6913531">
                <ele>42.8</ele>
            </trkpt>
            <trkpt lat="-36.6134415" lon="174.6911466">
                <ele>44</ele>
            </trkpt>
            <trkpt lat="-36.6135426" lon="174.6909803">
                <ele>45.5</ele>
            </trkpt>
            <trkpt lat="-36.6136288" lon="174.6908167">
                <ele>45.8</ele>
            </trkpt>
            <trkpt lat="-36.613717" lon="174.6906343">
                <ele>46</ele>
            </trkpt>
            <trkpt lat="-36.6137665" lon="174.6905109">
                <ele>46.1</ele>
            </trkpt>
            <trkpt lat="-36.6138118" lon="174.6903822">
                <ele>46.2</ele>
            </trkpt>
            <trkpt lat="-36.6138656" lon="174.6901864">
                <ele>46</ele>
            </trkpt>
            <trkpt lat="-36.6139" lon="174.6899664">
                <ele>45.2</ele>
            </trkpt>
            <trkpt lat="-36.6139173" lon="174.6897438">
                <ele>46</ele>
            </trkpt>
            <trkpt lat="-36.6139194" lon="174.6895668">
                <ele>46.8</ele>
            </trkpt>
            <trkpt lat="-36.6139086" lon="174.6893871">
                <ele>47.5</ele>
            </trkpt>
            <trkpt lat="-36.6139022" lon="174.6892691">
                <ele>48</ele>
            </trkpt>
            <trkpt lat="-36.6138785" lon="174.6890625">
                <ele>49.8</ele>
            </trkpt>
            <trkpt lat="-36.6138484" lon="174.6888533">
                <ele>51.2</ele>
            </trkpt>
            <trkpt lat="-36.6137773" lon="174.6884054">
                <ele>53</ele>
            </trkpt>
            <trkpt lat="-36.6137343" lon="174.6881372">
                <ele>54.2</ele>
            </trkpt>
            <trkpt lat="-36.6136804" lon="174.6878073">
                <ele>56.2</ele>
            </trkpt>
            <trkpt lat="-36.6136718" lon="174.6877053">
                <ele>56.8</ele>
            </trkpt>
            <trkpt lat="-36.6136589" lon="174.6875739">
                <ele>57.2</ele>
            </trkpt>
            <trkpt lat="-36.6136589" lon="174.6873459">
                <ele>58</ele>
            </trkpt>
            <trkpt lat="-36.6136567" lon="174.6871153">
                <ele>59</ele>
            </trkpt>
            <trkpt lat="-36.6136783" lon="174.6867397">
                <ele>59</ele>
            </trkpt>
            <trkpt lat="-36.6136826" lon="174.6866861">
                <ele>59</ele>
            </trkpt>
            <trkpt lat="-36.6137106" lon="174.686434">
                <ele>58.8</ele>
            </trkpt>
            <trkpt lat="-36.6137235" lon="174.686265">
                <ele>58</ele>
            </trkpt>
            <trkpt lat="-36.6137472" lon="174.686155">
                <ele>57.2</ele>
            </trkpt>
            <trkpt lat="-36.6137579" lon="174.6857366">
                <ele>56.5</ele>
            </trkpt>
            <trkpt lat="-36.6137816" lon="174.6854845">
                <ele>55.5</ele>
            </trkpt>
            <trkpt lat="-36.6138075" lon="174.6853021">
                <ele>55.3</ele>
            </trkpt>
            <trkpt lat="-36.613829" lon="174.6851975">
                <ele>55.2</ele>
            </trkpt>
            <trkpt lat="-36.6138634" lon="174.6850607">
                <ele>55</ele>
            </trkpt>
            <trkpt lat="-36.6139452" lon="174.6848407">
                <ele>54.2</ele>
            </trkpt>
            <trkpt lat="-36.614167" lon="174.6843445">
                <ele>53</ele>
            </trkpt>
            <trkpt lat="-36.6142057" lon="174.6842748">
                <ele>52.8</ele>
            </trkpt>
            <trkpt lat="-36.6144017" lon="174.6839234">
                <ele>50</ele>
            </trkpt>
            <trkpt lat="-36.6146815" lon="174.6834299">
                <ele>49</ele>
            </trkpt>
            <trkpt lat="-36.6148193" lon="174.6832073">
                <ele>49.8</ele>
            </trkpt>
            <trkpt lat="-36.6148645" lon="174.6831349">
                <ele>50</ele>
            </trkpt>
            <trkpt lat="-36.6153705" lon="174.6823087">
                <ele>51.2</ele>
            </trkpt>
            <trkpt lat="-36.6158699" lon="174.681496">
                <ele>49</ele>
            </trkpt>
            <trkpt lat="-36.6159108" lon="174.6814129">
                <ele>49</ele>
            </trkpt>
            <trkpt lat="-36.6161261" lon="174.6809033">
                <ele>46</ele>
            </trkpt>
            <trkpt lat="-36.6162079" lon="174.6807128">
                <ele>44.8</ele>
            </trkpt>
            <trkpt lat="-36.6163242" lon="174.6804714">
                <ele>42.2</ele>
            </trkpt>
            <trkpt lat="-36.6164146" lon="174.6803024">
                <ele>40.5</ele>
            </trkpt>
            <trkpt lat="-36.616617" lon="174.6799645">
                <ele>38</ele>
            </trkpt>
            <trkpt lat="-36.6167311" lon="174.6797955">
                <ele>36</ele>
            </trkpt>
            <trkpt lat="-36.6168538" lon="174.6795943">
                <ele>34</ele>
            </trkpt>
            <trkpt lat="-36.6171057" lon="174.6792457">
                <ele>30</ele>
            </trkpt>
            <trkpt lat="-36.6173382" lon="174.6789747">
                <ele>27.2</ele>
            </trkpt>
            <trkpt lat="-36.6181907" lon="174.6779957">
                <ele>17</ele>
            </trkpt>
            <trkpt lat="-36.618617" lon="174.6775183">
                <ele>14.8</ele>
            </trkpt>
            <trkpt lat="-36.6187289" lon="174.6773788">
                <ele>15</ele>
            </trkpt>
            <trkpt lat="-36.6190045" lon="174.6769792">
                <ele>13</ele>
            </trkpt>
            <trkpt lat="-36.6192004" lon="174.67666">
                <ele>12.5</ele>
            </trkpt>
            <trkpt lat="-36.6193123" lon="174.6765071">
                <ele>12.7</ele>
            </trkpt>
            <trkpt lat="-36.6194329" lon="174.6763194">
                <ele>12.7</ele>
            </trkpt>
            <trkpt lat="-36.6198871" lon="174.6756434">
                <ele>17</ele>
            </trkpt>
            <trkpt lat="-36.6199711" lon="174.6755174">
                <ele>18</ele>
            </trkpt>
            <trkpt lat="-36.6201132" lon="174.6752894">
                <ele>20.8</ele>
            </trkpt>
            <trkpt lat="-36.6203822" lon="174.6748602">
                <ele>24.2</ele>
            </trkpt>
            <trkpt lat="-36.620647" lon="174.6743909">
                <ele>27.5</ele>
            </trkpt>
            <trkpt lat="-36.6208279" lon="174.6739885">
                <ele>29</ele>
            </trkpt>
            <trkpt lat="-36.6209699" lon="174.6736103">
                <ele>30</ele>
            </trkpt>
            <trkpt lat="-36.6210474" lon="174.6733904">
                <ele>31</ele>
            </trkpt>
            <trkpt lat="-36.6212326" lon="174.6728593">
                <ele>30</ele>
            </trkpt>
            <trkpt lat="-36.621521" lon="174.6719259">
                <ele>28</ele>
            </trkpt>
            <trkpt lat="-36.6215619" lon="174.6717891">
                <ele>28</ele>
            </trkpt>
            <trkpt lat="-36.6215878" lon="174.6716979">
                <ele>28</ele>
            </trkpt>
            <trkpt lat="-36.6216136" lon="174.6716174">
                <ele>28</ele>
            </trkpt>
            <trkpt lat="-36.6216696" lon="174.6714297">
                <ele>28</ele>
            </trkpt>
            <trkpt lat="-36.6218074" lon="174.670904">
                <ele>27</ele>
            </trkpt>
            <trkpt lat="-36.6219279" lon="174.6703193">
                <ele>25</ele>
            </trkpt>
            <trkpt lat="-36.6220549" lon="174.6699491">
                <ele>25</ele>
            </trkpt>
            <trkpt lat="-36.6220764" lon="174.6698901">
                <ele>25</ele>
            </trkpt>
            <trkpt lat="-36.6222228" lon="174.6695307">
                <ele>27</ele>
            </trkpt>
            <trkpt lat="-36.6222831" lon="174.6693912">
                <ele>26.5</ele>
            </trkpt>
            <trkpt lat="-36.6223434" lon="174.6692544">
                <ele>26</ele>
            </trkpt>
            <trkpt lat="-36.622408" lon="174.6691123">
                <ele>25.8</ele>
            </trkpt>
            <trkpt lat="-36.6226125" lon="174.6687046">
                <ele>25</ele>
            </trkpt>
            <trkpt lat="-36.6226706" lon="174.6685866">
                <ele>25</ele>
            </trkpt>
            <trkpt lat="-36.6227761" lon="174.6683908">
                <ele>24.2</ele>
            </trkpt>
            <trkpt lat="-36.6229354" lon="174.668085">
                <ele>23</ele>
            </trkpt>
            <trkpt lat="-36.6229526" lon="174.6680501">
                <ele>23</ele>
            </trkpt>
            <trkpt lat="-36.6229978" lon="174.6679723">
                <ele>23</ele>
            </trkpt>
            <trkpt lat="-36.6232906" lon="174.6674278">
                <ele>23</ele>
            </trkpt>
            <trkpt lat="-36.6233595" lon="174.6673045">
                <ele>23</ele>
            </trkpt>
            <trkpt lat="-36.6234176" lon="174.6671972">
                <ele>23</ele>
            </trkpt>
            <trkpt lat="-36.6234972" lon="174.667047">
                <ele>23</ele>
            </trkpt>
            <trkpt lat="-36.6235166" lon="174.6670148">
                <ele>23</ele>
            </trkpt>
            <trkpt lat="-36.6236867" lon="174.6666956">
                <ele>23</ele>
            </trkpt>
            <trkpt lat="-36.623973" lon="174.6661913">
                <ele>21</ele>
            </trkpt>
            <trkpt lat="-36.6240009" lon="174.666135">
                <ele>21</ele>
            </trkpt>
            <trkpt lat="-36.6241086" lon="174.6659178">
                <ele>20.2</ele>
            </trkpt>
            <trkpt lat="-36.6241452" lon="174.66584">
                <ele>20</ele>
            </trkpt>
            <trkpt lat="-36.6241882" lon="174.6657541">
                <ele>20</ele>
            </trkpt>
            <trkpt lat="-36.6242227" lon="174.6656764">
                <ele>19.5</ele>
            </trkpt>
            <trkpt lat="-36.6243303" lon="174.6654323">
                <ele>18</ele>
            </trkpt>
            <trkpt lat="-36.6243604" lon="174.6653733">
                <ele>18</ele>
            </trkpt>
            <trkpt lat="-36.6245671" lon="174.6649173">
                <ele>18</ele>
            </trkpt>
            <trkpt lat="-36.624778" lon="174.6646142">
                <ele>19</ele>
            </trkpt>
            <trkpt lat="-36.624834" lon="174.6645284">
                <ele>19.5</ele>
            </trkpt>
            <trkpt lat="-36.6249589" lon="174.6643326">
                <ele>20.5</ele>
            </trkpt>
            <trkpt lat="-36.6251569" lon="174.6640241">
                <ele>21.8</ele>
            </trkpt>
            <trkpt lat="-36.6253937" lon="174.6636862">
                <ele>23.2</ele>
            </trkpt>
            <trkpt lat="-36.6255638" lon="174.6635064">
                <ele>23.1</ele>
            </trkpt>
            <trkpt lat="-36.6257661" lon="174.6633616">
                <ele>23</ele>
            </trkpt>
            <trkpt lat="-36.6261514" lon="174.6632168">
                <ele>21</ele>
            </trkpt>
            <trkpt lat="-36.6286161" lon="174.6629485">
                <ele>21</ele>
            </trkpt>
            <trkpt lat="-36.6332676" lon="174.6628493">
                <ele>25</ele>
            </trkpt>
            <trkpt lat="-36.6344212" lon="174.6628332">
                <ele>27.2</ele>
            </trkpt>
            <trkpt lat="-36.6404993" lon="174.6627688">
                <ele>38.2</ele>
            </trkpt>
            <trkpt lat="-36.6472934" lon="174.6626991">
                <ele>46.5</ele>
            </trkpt>
            <trkpt lat="-36.6490215" lon="174.6628332">
                <ele>49.2</ele>
            </trkpt>
            <trkpt lat="-36.6499619" lon="174.6629727">
                <ele>52.2</ele>
            </trkpt>
            <trkpt lat="-36.6510249" lon="174.6632302">
                <ele>58.8</ele>
            </trkpt>
            <trkpt lat="-36.652471" lon="174.6636325">
                <ele>60.2</ele>
            </trkpt>
            <trkpt lat="-36.6534307" lon="174.6640053">
                <ele>60</ele>
            </trkpt>
            <trkpt lat="-36.6546573" lon="174.6645257">
                <ele>60.1</ele>
            </trkpt>
            <trkpt lat="-36.655249" lon="174.6648315">
                <ele>60.2</ele>
            </trkpt>
            <trkpt lat="-36.6558515" lon="174.6651694">
                <ele>60.2</ele>
            </trkpt>
            <trkpt lat="-36.6564109" lon="174.6654993">
                <ele>61.2</ele>
            </trkpt>
            <trkpt lat="-36.6569898" lon="174.6658695">
                <ele>60.5</ele>
            </trkpt>
            <trkpt lat="-36.6575793" lon="174.6662691">
                <ele>58.8</ele>
            </trkpt>
            <trkpt lat="-36.6584831" lon="174.6669477">
                <ele>57</ele>
            </trkpt>
            <trkpt lat="-36.6590791" lon="174.6674466">
                <ele>53.8</ele>
            </trkpt>
            <trkpt lat="-36.659688" lon="174.6679696">
                <ele>50.5</ele>
            </trkpt>
            <trkpt lat="-36.6603249" lon="174.6685839">
                <ele>51</ele>
            </trkpt>
            <trkpt lat="-36.660667" lon="174.6689299">
                <ele>51.2</ele>
            </trkpt>
            <trkpt lat="-36.6610048" lon="174.6692839">
                <ele>51.8</ele>
            </trkpt>
            <trkpt lat="-36.6614007" lon="174.6697158">
                <ele>52.5</ele>
            </trkpt>
            <trkpt lat="-36.6618999" lon="174.6702951">
                <ele>52.8</ele>
            </trkpt>
            <trkpt lat="-36.662285" lon="174.6707699">
                <ele>51.7</ele>
            </trkpt>
            <trkpt lat="-36.6630316" lon="174.6717167">
                <ele>49.5</ele>
            </trkpt>
            <trkpt lat="-36.6634684" lon="174.6723336">
                <ele>49.8</ele>
            </trkpt>
            <trkpt lat="-36.6649938" lon="174.6746162">
                <ele>51</ele>
            </trkpt>
            <trkpt lat="-36.6657576" lon="174.6757481">
                <ele>54.2</ele>
            </trkpt>
            <trkpt lat="-36.6662546" lon="174.6764803">
                <ele>55</ele>
            </trkpt>
            <trkpt lat="-36.66653" lon="174.676888">
                <ele>56.2</ele>
            </trkpt>
            <trkpt lat="-36.6677025" lon="174.6785939">
                <ele>61</ele>
            </trkpt>
            <trkpt lat="-36.668789" lon="174.6799672">
                <ele>59</ele>
            </trkpt>
            <trkpt lat="-36.6691741" lon="174.680407">
                <ele>59.5</ele>
            </trkpt>
            <trkpt lat="-36.6697248" lon="174.6809596">
                <ele>59.8</ele>
            </trkpt>
            <trkpt lat="-36.6702885" lon="174.6814746">
                <ele>60</ele>
            </trkpt>
            <trkpt lat="-36.6706865" lon="174.681834">
                <ele>61</ele>
            </trkpt>
            <trkpt lat="-36.671717" lon="174.6825716">
                <ele>63.2</ele>
            </trkpt>
            <trkpt lat="-36.6721408" lon="174.6828479">
                <ele>63</ele>
            </trkpt>
            <trkpt lat="-36.6741393" lon="174.6839234">
                <ele>62</ele>
            </trkpt>
            <trkpt lat="-36.6750084" lon="174.6844974">
                <ele>57.5</ele>
            </trkpt>
            <trkpt lat="-36.675415" lon="174.6848166">
                <ele>53.8</ele>
            </trkpt>
            <trkpt lat="-36.6759485" lon="174.6852618">
                <ele>49.2</ele>
            </trkpt>
            <trkpt lat="-36.6764863" lon="174.6858224">
                <ele>44.8</ele>
            </trkpt>
            <trkpt lat="-36.6769617" lon="174.6864018">
                <ele>41.2</ele>
            </trkpt>
            <trkpt lat="-36.6775146" lon="174.6871233">
                <ele>37</ele>
            </trkpt>
            <trkpt lat="-36.677962" lon="174.6878636">
                <ele>34.5</ele>
            </trkpt>
            <trkpt lat="-36.6785493" lon="174.689084">
                <ele>32.5</ele>
            </trkpt>
            <trkpt lat="-36.6788698" lon="174.6898323">
                <ele>31</ele>
            </trkpt>
            <trkpt lat="-36.6791301" lon="174.6906316">
                <ele>30</ele>
            </trkpt>
            <trkpt lat="-36.6797991" lon="174.6932629">
                <ele>29</ele>
            </trkpt>
            <trkpt lat="-36.6802271" lon="174.6945181">
                <ele>27.8</ele>
            </trkpt>
            <trkpt lat="-36.6805025" lon="174.695127">
                <ele>29</ele>
            </trkpt>
            <trkpt lat="-36.6808595" lon="174.6958405">
                <ele>28</ele>
            </trkpt>
            <trkpt lat="-36.681165" lon="174.6963474">
                <ele>27.2</ele>
            </trkpt>
            <trkpt lat="-36.681606" lon="174.6969804">
                <ele>24.2</ele>
            </trkpt>
            <trkpt lat="-36.681991" lon="174.6974337">
                <ele>20.2</ele>
            </trkpt>
            <trkpt lat="-36.6823696" lon="174.6978709">
                <ele>18.8</ele>
            </trkpt>
            <trkpt lat="-36.6827266" lon="174.6982545">
                <ele>18.8</ele>
            </trkpt>
            <trkpt lat="-36.6833117" lon="174.6988472">
                <ele>15</ele>
            </trkpt>
            <trkpt lat="-36.6836064" lon="174.6991396">
                <ele>15</ele>
            </trkpt>
            <trkpt lat="-36.6837462" lon="174.6992737">
                <ele>15</ele>
            </trkpt>
            <trkpt lat="-36.6840775" lon="174.6996063">
                <ele>15.5</ele>
            </trkpt>
            <trkpt lat="-36.6844087" lon="174.6999228">
                <ele>16.1</ele>
            </trkpt>
            <trkpt lat="-36.68474" lon="174.7002259">
                <ele>16.8</ele>
            </trkpt>
            <trkpt lat="-36.6851056" lon="174.7005343">
                <ele>18.2</ele>
            </trkpt>
            <trkpt lat="-36.6854971" lon="174.7008455">
                <ele>20</ele>
            </trkpt>
            <trkpt lat="-36.6859122" lon="174.7011432">
                <ele>22.5</ele>
            </trkpt>
            <trkpt lat="-36.6863618" lon="174.7014436">
                <ele>22.1</ele>
            </trkpt>
            <trkpt lat="-36.686807" lon="174.7017118">
                <ele>21.8</ele>
            </trkpt>
            <trkpt lat="-36.6871727" lon="174.7019157">
                <ele>22.2</ele>
            </trkpt>
            <trkpt lat="-36.6873942" lon="174.7020283">
                <ele>22.5</ele>
            </trkpt>
            <trkpt lat="-36.6876157" lon="174.7021356">
                <ele>23</ele>
            </trkpt>
            <trkpt lat="-36.6880093" lon="174.7023207">
                <ele>24.2</ele>
            </trkpt>
            <trkpt lat="-36.6883943" lon="174.7024816">
                <ele>24.5</ele>
            </trkpt>
            <trkpt lat="-36.6887385" lon="174.7026131">
                <ele>24</ele>
            </trkpt>
            <trkpt lat="-36.6890288" lon="174.702715">
                <ele>23.5</ele>
            </trkpt>
            <trkpt lat="-36.6893085" lon="174.7028035">
                <ele>23</ele>
            </trkpt>
            <trkpt lat="-36.6896096" lon="174.702892">
                <ele>22.5</ele>
            </trkpt>
            <trkpt lat="-36.6898913" lon="174.7029671">
                <ele>22.8</ele>
            </trkpt>
            <trkpt lat="-36.6902591" lon="174.7030476">
                <ele>23.2</ele>
            </trkpt>
            <trkpt lat="-36.692212" lon="174.703407">
                <ele>23</ele>
            </trkpt>
            <trkpt lat="-36.6928379" lon="174.7035196">
                <ele>22.8</ele>
            </trkpt>
            <trkpt lat="-36.6947284" lon="174.7038603">
                <ele>25.2</ele>
            </trkpt>
            <trkpt lat="-36.6968467" lon="174.7042358">
                <ele>29.2</ele>
            </trkpt>
            <trkpt lat="-36.6977564" lon="174.7044101">
                <ele>31</ele>
            </trkpt>
            <trkpt lat="-36.6992038" lon="174.7046971">
                <ele>36</ele>
            </trkpt>
            <trkpt lat="-36.7013177" lon="174.7050673">
                <ele>45.8</ele>
            </trkpt>
            <trkpt lat="-36.7024941" lon="174.7052899">
                <ele>51.5</ele>
            </trkpt>
            <trkpt lat="-36.70358" lon="174.7054696">
                <ele>56.8</ele>
            </trkpt>
            <trkpt lat="-36.706554" lon="174.7060302">
                <ele>67</ele>
            </trkpt>
            <trkpt lat="-36.7082248" lon="174.7063977">
                <ele>71</ele>
            </trkpt>
            <trkpt lat="-36.7089473" lon="174.7066042">
                <ele>77.5</ele>
            </trkpt>
            <trkpt lat="-36.709715" lon="174.7068831">
                <ele>84.8</ele>
            </trkpt>
            <trkpt lat="-36.7103944" lon="174.707213">
                <ele>82.3</ele>
            </trkpt>
            <trkpt lat="-36.7108761" lon="174.7074786">
                <ele>80.5</ele>
            </trkpt>
            <trkpt lat="-36.711648" lon="174.7079372">
                <ele>74.8</ele>
            </trkpt>
            <trkpt lat="-36.7130392" lon="174.7089002">
                <ele>72</ele>
            </trkpt>
            <trkpt lat="-36.7133381" lon="174.7091389">
                <ele>70.8</ele>
            </trkpt>
            <trkpt lat="-36.7140111" lon="174.7096726">
                <ele>68</ele>
            </trkpt>
            <trkpt lat="-36.7160193" lon="174.7111264">
                <ele>53.8</ele>
            </trkpt>
            <trkpt lat="-36.7166557" lon="174.7115448">
                <ele>46</ele>
            </trkpt>
            <trkpt lat="-36.7172641" lon="174.7119606">
                <ele>46</ele>
            </trkpt>
            <trkpt lat="-36.7176877" lon="174.7122261">
                <ele>33</ele>
            </trkpt>
            <trkpt lat="-36.7183542" lon="174.7126043">
                <ele>33</ele>
            </trkpt>
            <trkpt lat="-36.7185907" lon="174.712733">
                <ele>33</ele>
            </trkpt>
            <trkpt lat="-36.7192078" lon="174.7130415">
                <ele>35.2</ele>
            </trkpt>
            <trkpt lat="-36.7196313" lon="174.7132319">
                <ele>38</ele>
            </trkpt>
            <trkpt lat="-36.7202226" lon="174.7134867">
                <ele>42.8</ele>
            </trkpt>
            <trkpt lat="-36.7207794" lon="174.713704">
                <ele>46.8</ele>
            </trkpt>
            <trkpt lat="-36.7214136" lon="174.7139347">
                <ele>48</ele>
            </trkpt>
            <trkpt lat="-36.7226649" lon="174.7143209">
                <ele>53</ele>
            </trkpt>
            <trkpt lat="-36.7227638" lon="174.714345">
                <ele>54</ele>
            </trkpt>
            <trkpt lat="-36.723312" lon="174.7144684">
                <ele>59.2</ele>
            </trkpt>
            <trkpt lat="-36.7243611" lon="174.7146696">
                <ele>65</ele>
            </trkpt>
            <trkpt lat="-36.72687" lon="174.7149619">
                <ele>75</ele>
            </trkpt>
            <trkpt lat="-36.7276611" lon="174.715037">
                <ele>80</ele>
            </trkpt>
            <trkpt lat="-36.7291723" lon="174.7151899">
                <ele>77.8</ele>
            </trkpt>
            <trkpt lat="-36.7299462" lon="174.7153267">
                <ele>71.5</ele>
            </trkpt>
            <trkpt lat="-36.7302579" lon="174.7153991">
                <ele>70</ele>
            </trkpt>
            <trkpt lat="-36.730718" lon="174.7155225">
                <ele>67.5</ele>
            </trkpt>
            <trkpt lat="-36.731393" lon="174.7157425">
                <ele>64.8</ele>
            </trkpt>
            <trkpt lat="-36.7323173" lon="174.7161394">
                <ele>59.5</ele>
            </trkpt>
            <trkpt lat="-36.7328612" lon="174.7164237">
                <ele>55</ele>
            </trkpt>
            <trkpt lat="-36.7333857" lon="174.7167">
                <ele>52</ele>
            </trkpt>
            <trkpt lat="-36.7336887" lon="174.7168878">
                <ele>51</ele>
            </trkpt>
            <trkpt lat="-36.7344884" lon="174.7173947">
                <ele>51</ele>
            </trkpt>
            <trkpt lat="-36.7349097" lon="174.7176602">
                <ele>41</ele>
            </trkpt>
            <trkpt lat="-36.7354148" lon="174.7179472">
                <ele>38.2</ele>
            </trkpt>
            <trkpt lat="-36.7357803" lon="174.7181511">
                <ele>37.2</ele>
            </trkpt>
            <trkpt lat="-36.736236" lon="174.7183684">
                <ele>38</ele>
            </trkpt>
            <trkpt lat="-36.7367003" lon="174.7185963">
                <ele>37.8</ele>
            </trkpt>
            <trkpt lat="-36.7374117" lon="174.7188967">
                <ele>34.8</ele>
            </trkpt>
            <trkpt lat="-36.7379491" lon="174.7191113">
                <ele>33</ele>
            </trkpt>
            <trkpt lat="-36.7384435" lon="174.7193232">
                <ele>33</ele>
            </trkpt>
            <trkpt lat="-36.7388347" lon="174.7194546">
                <ele>33.5</ele>
            </trkpt>
            <trkpt lat="-36.7393076" lon="174.7195834">
                <ele>35.5</ele>
            </trkpt>
            <trkpt lat="-36.7398815" lon="174.7197336">
                <ele>35.5</ele>
            </trkpt>
            <trkpt lat="-36.7401243" lon="174.7197926">
                <ele>40</ele>
            </trkpt>
            <trkpt lat="-36.7408831" lon="174.7199562">
                <ele>42</ele>
            </trkpt>
            <trkpt lat="-36.7415752" lon="174.720152">
                <ele>45.2</ele>
            </trkpt>
            <trkpt lat="-36.7422823" lon="174.7203854">
                <ele>46.2</ele>
            </trkpt>
            <trkpt lat="-36.7429572" lon="174.7206616">
                <ele>49</ele>
            </trkpt>
            <trkpt lat="-36.7434666" lon="174.7208923">
                <ele>49.5</ele>
            </trkpt>
            <trkpt lat="-36.7440426" lon="174.7212195">
                <ele>47.5</ele>
            </trkpt>
            <trkpt lat="-36.744638" lon="174.7215602">
                <ele>45</ele>
            </trkpt>
            <trkpt lat="-36.7449926" lon="174.7217613">
                <ele>42</ele>
            </trkpt>
            <trkpt lat="-36.7453838" lon="174.7220269">
                <ele>40</ele>
            </trkpt>
            <trkpt lat="-36.7455686" lon="174.7221664">
                <ele>40</ele>
            </trkpt>
            <trkpt lat="-36.7464498" lon="174.7227564">
                <ele>41.2</ele>
            </trkpt>
            <trkpt lat="-36.7474363" lon="174.7234672">
                <ele>44</ele>
            </trkpt>
            <trkpt lat="-36.7488633" lon="174.7245213">
                <ele>52.2</ele>
            </trkpt>
            <trkpt lat="-36.7494801" lon="174.7249988">
                <ele>57.2</ele>
            </trkpt>
            <trkpt lat="-36.7498219" lon="174.7252858">
                <ele>58</ele>
            </trkpt>
            <trkpt lat="-36.7506751" lon="174.7259966">
                <ele>58</ele>
            </trkpt>
            <trkpt lat="-36.7508878" lon="174.7261816">
                <ele>62</ele>
            </trkpt>
            <trkpt lat="-36.7518657" lon="174.7270936">
                <ele>68.2</ele>
            </trkpt>
            <trkpt lat="-36.7529767" lon="174.7282094">
                <ele>76.8</ele>
            </trkpt>
            <trkpt lat="-36.7537203" lon="174.7290194">
                <ele>80.2</ele>
            </trkpt>
            <trkpt lat="-36.7547196" lon="174.730154">
                <ele>76.5</ele>
            </trkpt>
            <trkpt lat="-36.7554911" lon="174.7310874">
                <ele>69.8</ele>
            </trkpt>
            <trkpt lat="-36.7561551" lon="174.731892">
                <ele>65.8</ele>
            </trkpt>
            <trkpt lat="-36.7571737" lon="174.7331554">
                <ele>55.8</ele>
            </trkpt>
            <trkpt lat="-36.75816" lon="174.7343275">
                <ele>49.8</ele>
            </trkpt>
            <trkpt lat="-36.7589981" lon="174.735328">
                <ele>42</ele>
            </trkpt>
            <trkpt lat="-36.759935" lon="174.7363096">
                <ele>35.5</ele>
            </trkpt>
            <trkpt lat="-36.7609364" lon="174.7372136">
                <ele>32</ele>
            </trkpt>
            <trkpt lat="-36.76174" lon="174.7378412">
                <ele>31.2</ele>
            </trkpt>
            <trkpt lat="-36.76226" lon="174.738214">
                <ele>30</ele>
            </trkpt>
            <trkpt lat="-36.7634247" lon="174.7389302">
                <ele>27.5</ele>
            </trkpt>
            <trkpt lat="-36.7646559" lon="174.739539">
                <ele>27.8</ele>
            </trkpt>
            <trkpt lat="-36.7656035" lon="174.7399226">
                <ele>27.5</ele>
            </trkpt>
            <trkpt lat="-36.7677414" lon="174.7407621">
                <ele>29.5</ele>
            </trkpt>
            <trkpt lat="-36.7681518" lon="174.7409445">
                <ele>29.6</ele>
            </trkpt>
            <trkpt lat="-36.7688028" lon="174.7412717">
                <ele>29.8</ele>
            </trkpt>
            <trkpt lat="-36.7696214" lon="174.7416982">
                <ele>28.2</ele>
            </trkpt>
            <trkpt lat="-36.7716282" lon="174.7427523">
                <ele>28.2</ele>
            </trkpt>
            <trkpt lat="-36.7720192" lon="174.7429588">
                <ele>24</ele>
            </trkpt>
            <trkpt lat="-36.7729302" lon="174.743439">
                <ele>23</ele>
            </trkpt>
            <trkpt lat="-36.7735704" lon="174.743785">
                <ele>22</ele>
            </trkpt>
            <trkpt lat="-36.7742987" lon="174.744198">
                <ele>20.8</ele>
            </trkpt>
            <trkpt lat="-36.7751023" lon="174.7446916">
                <ele>22.8</ele>
            </trkpt>
            <trkpt lat="-36.7767823" lon="174.7457483">
                <ele>28</ele>
            </trkpt>
            <trkpt lat="-36.7779081" lon="174.7464484">
                <ele>28.8</ele>
            </trkpt>
            <trkpt lat="-36.7796912" lon="174.7475642">
                <ele>28.8</ele>
            </trkpt>
            <trkpt lat="-36.7802304" lon="174.7479022">
                <ele>23</ele>
            </trkpt>
            <trkpt lat="-36.7843271" lon="174.7504663">
                <ele>19.5</ele>
            </trkpt>
            <trkpt lat="-36.7849865" lon="174.7508767">
                <ele>13</ele>
            </trkpt>
            <trkpt lat="-36.7880261" lon="174.7527838">
                <ele>23</ele>
            </trkpt>
            <trkpt lat="-36.7882903" lon="174.7529501">
                <ele>22</ele>
            </trkpt>
            <trkpt lat="-36.7904663" lon="174.75431">
                <ele>23</ele>
            </trkpt>
            <trkpt lat="-36.7909968" lon="174.7546533">
                <ele>21</ele>
            </trkpt>
            <trkpt lat="-36.7916928" lon="174.7551361">
                <ele>18</ele>
            </trkpt>
            <trkpt lat="-36.7925863" lon="174.7558013">
                <ele>14.8</ele>
            </trkpt>
            <trkpt lat="-36.793177" lon="174.7562921">
                <ele>11</ele>
            </trkpt>
            <trkpt lat="-36.7933574" lon="174.7564423">
                <ele>9.8</ele>
            </trkpt>
            <trkpt lat="-36.7940362" lon="174.7570592">
                <ele>8.8</ele>
            </trkpt>
            <trkpt lat="-36.7941478" lon="174.7571692">
                <ele>9</ele>
            </trkpt>
            <trkpt lat="-36.7957394" lon="174.7587436">
                <ele>10.2</ele>
            </trkpt>
            <trkpt lat="-36.7963258" lon="174.7593257">
                <ele>9.5</ele>
            </trkpt>
            <trkpt lat="-36.7967553" lon="174.7597468">
                <ele>10.8</ele>
            </trkpt>
            <trkpt lat="-36.7969701" lon="174.7599426">
                <ele>12.5</ele>
            </trkpt>
            <trkpt lat="-36.7972601" lon="174.7602081">
                <ele>12.6</ele>
            </trkpt>
            <trkpt lat="-36.797477" lon="174.7603932">
                <ele>12.8</ele>
            </trkpt>
            <trkpt lat="-36.7977047" lon="174.7605702">
                <ele>13</ele>
            </trkpt>
            <trkpt lat="-36.7979216" lon="174.7607258">
                <ele>12.8</ele>
            </trkpt>
            <trkpt lat="-36.7981407" lon="174.7608653">
                <ele>12.2</ele>
            </trkpt>
            <trkpt lat="-36.7983748" lon="174.760994">
                <ele>11.8</ele>
            </trkpt>
            <trkpt lat="-36.7986003" lon="174.7611067">
                <ele>12.2</ele>
            </trkpt>
            <trkpt lat="-36.7988473" lon="174.7612166">
                <ele>12</ele>
            </trkpt>
            <trkpt lat="-36.7991716" lon="174.7613347">
                <ele>12.2</ele>
            </trkpt>
            <trkpt lat="-36.7994186" lon="174.7614044">
                <ele>11.5</ele>
            </trkpt>
            <trkpt lat="-36.7996935" lon="174.7614661">
                <ele>10.5</ele>
            </trkpt>
            <trkpt lat="-36.7999727" lon="174.7615117">
                <ele>9</ele>
            </trkpt>
            <trkpt lat="-36.8003013" lon="174.7615385">
                <ele>7.8</ele>
            </trkpt>
            <trkpt lat="-36.8005569" lon="174.7615492">
                <ele>7.2</ele>
            </trkpt>
            <trkpt lat="-36.8007931" lon="174.7615305">
                <ele>6.5</ele>
            </trkpt>
            <trkpt lat="-36.8010766" lon="174.761509">
                <ele>6.7</ele>
            </trkpt>
            <trkpt lat="-36.8013881" lon="174.761458">
                <ele>7</ele>
            </trkpt>
            <trkpt lat="-36.8017038" lon="174.7613776">
                <ele>7.5</ele>
            </trkpt>
            <trkpt lat="-36.802522" lon="174.7610959">
                <ele>7</ele>
            </trkpt>
            <trkpt lat="-36.8034026" lon="174.7607526">
                <ele>8</ele>
            </trkpt>
            <trkpt lat="-36.8038085" lon="174.7605917">
                <ele>7.2</ele>
            </trkpt>
            <trkpt lat="-36.8042938" lon="174.7603557">
                <ele>7.2</ele>
            </trkpt>
            <trkpt lat="-36.8044141" lon="174.7602913">
                <ele>5</ele>
            </trkpt>
            <trkpt lat="-36.8049811" lon="174.7599748">
                <ele>4.8</ele>
            </trkpt>
            <trkpt lat="-36.8053311" lon="174.7597495">
                <ele>4.8</ele>
            </trkpt>
            <trkpt lat="-36.8055931" lon="174.7595805">
                <ele>4.9</ele>
            </trkpt>
            <trkpt lat="-36.8059217" lon="174.7593471">
                <ele>5</ele>
            </trkpt>
            <trkpt lat="-36.8063254" lon="174.7590467">
                <ele>5.1</ele>
            </trkpt>
            <trkpt lat="-36.8069783" lon="174.7585049">
                <ele>5.3</ele>
            </trkpt>
            <trkpt lat="-36.8076719" lon="174.7578558">
                <ele>5.5</ele>
            </trkpt>
            <trkpt lat="-36.8090313" lon="174.7565845">
                <ele>10.5</ele>
            </trkpt>
            <trkpt lat="-36.8104164" lon="174.7552755">
                <ele>12.2</ele>
            </trkpt>
            <trkpt lat="-36.8112217" lon="174.7545218">
                <ele>8</ele>
            </trkpt>
            <trkpt lat="-36.8124178" lon="174.7533873">
                <ele>7.8</ele>
            </trkpt>
            <trkpt lat="-36.8128387" lon="174.7529984">
                <ele>6.8</ele>
            </trkpt>
            <trkpt lat="-36.8131393" lon="174.7527301">
                <ele>5.5</ele>
            </trkpt>
            <trkpt lat="-36.8134378" lon="174.75247">
                <ele>5</ele>
            </trkpt>
            <trkpt lat="-36.8136761" lon="174.7522768">
                <ele>4</ele>
            </trkpt>
            <trkpt lat="-36.8139059" lon="174.7520944">
                <ele>4.2</ele>
            </trkpt>
            <trkpt lat="-36.8140927" lon="174.7519469">
                <ele>4.4</ele>
            </trkpt>
            <trkpt lat="-36.814286" lon="174.7518048">
                <ele>4.6</ele>
            </trkpt>
            <trkpt lat="-36.8145115" lon="174.7516358">
                <ele>4.8</ele>
            </trkpt>
            <trkpt lat="-36.814752" lon="174.7514749">
                <ele>4.8</ele>
            </trkpt>
            <trkpt lat="-36.8149624" lon="174.7513595">
                <ele>5</ele>
            </trkpt>
            <trkpt lat="-36.8150784" lon="174.7513005">
                <ele>5</ele>
            </trkpt>
            <trkpt lat="-36.8153274" lon="174.7512013">
                <ele>5</ele>
            </trkpt>
            <trkpt lat="-36.8155701" lon="174.7511101">
                <ele>5</ele>
            </trkpt>
            <trkpt lat="-36.8158492" lon="174.7510242">
                <ele>5</ele>
            </trkpt>
            <trkpt lat="-36.8162143" lon="174.7509357">
                <ele>5.3</ele>
            </trkpt>
            <trkpt lat="-36.8171097" lon="174.7507158">
                <ele>6</ele>
            </trkpt>
            <trkpt lat="-36.8179149" lon="174.7505146">
                <ele>7.2</ele>
            </trkpt>
            <trkpt lat="-36.818967" lon="174.7502464">
                <ele>8.5</ele>
            </trkpt>
            <trkpt lat="-36.8192955" lon="174.7501525">
                <ele>9</ele>
            </trkpt>
            <trkpt lat="-36.8196799" lon="174.7500828">
                <ele>8</ele>
            </trkpt>
            <trkpt lat="-36.8200428" lon="174.7500426">
                <ele>8.5</ele>
            </trkpt>
            <trkpt lat="-36.8205023" lon="174.7500721">
                <ele>9.8</ele>
            </trkpt>
            <trkpt lat="-36.8207771" lon="174.7501069">
                <ele>11</ele>
            </trkpt>
            <trkpt lat="-36.8212473" lon="174.7501713">
                <ele>13</ele>
            </trkpt>
            <trkpt lat="-36.8215243" lon="174.7501713">
                <ele>14</ele>
            </trkpt>
            <trkpt lat="-36.8221727" lon="174.7502813">
                <ele>13.8</ele>
            </trkpt>
            <trkpt lat="-36.8223703" lon="174.7503108">
                <ele>13.8</ele>
            </trkpt>
            <trkpt lat="-36.8225613" lon="174.7503322">
                <ele>13.5</ele>
            </trkpt>
            <trkpt lat="-36.8227653" lon="174.750343">
                <ele>13.5</ele>
            </trkpt>
            <trkpt lat="-36.8229457" lon="174.7503376">
                <ele>13.5</ele>
            </trkpt>
            <trkpt lat="-36.8231217" lon="174.7503188">
                <ele>13.5</ele>
            </trkpt>
            <trkpt lat="-36.8233214" lon="174.7502786">
                <ele>13.5</ele>
            </trkpt>
            <trkpt lat="-36.8235748" lon="174.7502008">
                <ele>13.5</ele>
            </trkpt>
            <trkpt lat="-36.8238174" lon="174.7501016">
                <ele>13.5</ele>
            </trkpt>
            <trkpt lat="-36.8240278" lon="174.7499916">
                <ele>13.5</ele>
            </trkpt>
            <trkpt lat="-36.824264" lon="174.7498548">
                <ele>13.5</ele>
            </trkpt>
            <trkpt lat="-36.8244851" lon="174.7497126">
                <ele>13.5</ele>
            </trkpt>
            <trkpt lat="-36.8256832" lon="174.7489187">
                <ele>13.5</ele>
            </trkpt>
            <trkpt lat="-36.8268855" lon="174.7481248">
                <ele>13.5</ele>
            </trkpt>
            <trkpt lat="-36.827682" lon="174.7476017">
                <ele>13.5</ele>
            </trkpt>
            <trkpt lat="-36.8282144" lon="174.7472477">
                <ele>13.5</ele>
            </trkpt>
            <trkpt lat="-36.8287963" lon="174.7468641">
                <ele>13.5</ele>
            </trkpt>
            <trkpt lat="-36.8291784" lon="174.7466147">
                <ele>13.5</ele>
            </trkpt>
            <trkpt lat="-36.8295305" lon="174.7463813">
                <ele>13.5</ele>
            </trkpt>
            <trkpt lat="-36.8301402" lon="174.745979">
                <ele>13.5</ele>
            </trkpt>
            <trkpt lat="-36.830795" lon="174.7455445">
                <ele>13.5</ele>
            </trkpt>
            <trkpt lat="-36.8356446" lon="174.7423446">
                <ele>8</ele>
            </trkpt>
            <trkpt lat="-36.8360225" lon="174.7421005">
                <ele>9</ele>
            </trkpt>
            <trkpt lat="-36.836542" lon="174.7418752">
                <ele>8.8</ele>
            </trkpt>
            <trkpt lat="-36.8368425" lon="174.7417518">
                <ele>9</ele>
            </trkpt>
            <trkpt lat="-36.8371409" lon="174.7416633">
                <ele>9</ele>
            </trkpt>
            <trkpt lat="-36.8373062" lon="174.7416446">
                <ele>9.8</ele>
            </trkpt>
            <trkpt lat="-36.8374822" lon="174.7416392">
                <ele>10.5</ele>
            </trkpt>
            <trkpt lat="-36.8376647" lon="174.7416499">
                <ele>11.2</ele>
            </trkpt>
            <trkpt lat="-36.8378493" lon="174.7416875">
                <ele>11.8</ele>
            </trkpt>
            <trkpt lat="-36.8380146" lon="174.7417384">
                <ele>12</ele>
            </trkpt>
            <trkpt lat="-36.8382056" lon="174.7418296">
                <ele>12</ele>
            </trkpt>
            <trkpt lat="-36.8383795" lon="174.7419342">
                <ele>12</ele>
            </trkpt>
            <trkpt lat="-36.8385148" lon="174.7420388">
                <ele>12.2</ele>
            </trkpt>
            <trkpt lat="-36.8386307" lon="174.7421461">
                <ele>12.1</ele>
            </trkpt>
            <trkpt lat="-36.8387659" lon="174.7422802">
                <ele>12</ele>
            </trkpt>
            <trkpt lat="-36.8390063" lon="174.7425592">
                <ele>11.8</ele>
            </trkpt>
            <trkpt lat="-36.8391845" lon="174.7428167">
                <ele>12</ele>
            </trkpt>
            <trkpt lat="-36.8394464" lon="174.7432056">
                <ele>12.5</ele>
            </trkpt>
            <trkpt lat="-36.8401226" lon="174.7443375">
                <ele>10</ele>
            </trkpt>
            <trkpt lat="-36.8402342" lon="174.7445253">
                <ele>10.1</ele>
            </trkpt>
            <trkpt lat="-36.8403931" lon="174.7447693">
                <ele>10.2</ele>
            </trkpt>
            <trkpt lat="-36.8405111" lon="174.7449303">
                <ele>11</ele>
            </trkpt>
            <trkpt lat="-36.8406313" lon="174.7450697">
                <ele>11.8</ele>
            </trkpt>
            <trkpt lat="-36.8407709" lon="174.7452039">
                <ele>12.2</ele>
            </trkpt>
            <trkpt lat="-36.8409812" lon="174.7453675">
                <ele>13.2</ele>
            </trkpt>
            <trkpt lat="-36.8412002" lon="174.745515">
                <ele>13.5</ele>
            </trkpt>
            <trkpt lat="-36.8414427" lon="174.7456652">
                <ele>13.8</ele>
            </trkpt>
            <trkpt lat="-36.8416617" lon="174.74581">
                <ele>13</ele>
            </trkpt>
            <trkpt lat="-36.8417862" lon="174.7459093">
                <ele>12</ele>
            </trkpt>
            <trkpt lat="-36.8419064" lon="174.7460166">
                <ele>10.8</ele>
            </trkpt>
            <trkpt lat="-36.842003" lon="174.7461212">
                <ele>9.8</ele>
            </trkpt>
            <trkpt lat="-36.8421511" lon="174.7463036">
                <ele>8.8</ele>
            </trkpt>
            <trkpt lat="-36.8422713" lon="174.7464859">
                <ele>8.2</ele>
            </trkpt>
            <trkpt lat="-36.8423851" lon="174.7467113">
                <ele>8.1</ele>
            </trkpt>
            <trkpt lat="-36.8424817" lon="174.7469446">
                <ele>8</ele>
            </trkpt>
            <trkpt lat="-36.8425503" lon="174.747178">
                <ele>7.8</ele>
            </trkpt>
            <trkpt lat="-36.8426062" lon="174.7474167">
                <ele>8</ele>
            </trkpt>
            <trkpt lat="-36.8426362" lon="174.7475561">
                <ele>8.5</ele>
            </trkpt>
            <trkpt lat="-36.8427135" lon="174.7479478">
                <ele>10</ele>
            </trkpt>
            <trkpt lat="-36.8427972" lon="174.7483233">
                <ele>12.2</ele>
            </trkpt>
            <trkpt lat="-36.8428852" lon="174.7486719">
                <ele>12</ele>
            </trkpt>
            <trkpt lat="-36.8429797" lon="174.7489911">
                <ele>11.8</ele>
            </trkpt>
            <trkpt lat="-36.8430784" lon="174.7492781">
                <ele>11</ele>
            </trkpt>
            <trkpt lat="-36.8432244" lon="174.7496188">
                <ele>10</ele>
            </trkpt>
            <trkpt lat="-36.843366" lon="174.7498628">
                <ele>10.2</ele>
            </trkpt>
            <trkpt lat="-36.8436064" lon="174.7502732">
                <ele>10.1</ele>
            </trkpt>
            <trkpt lat="-36.8438018" lon="174.7506166">
                <ele>10</ele>
            </trkpt>
            <trkpt lat="-36.8439134" lon="174.7508016">
                <ele>10</ele>
            </trkpt>
            <trkpt lat="-36.8439542" lon="174.7508714">
                <ele>10</ele>
            </trkpt>
            <trkpt lat="-36.8441087" lon="174.7511289">
                <ele>9.5</ele>
            </trkpt>
            <trkpt lat="-36.8443341" lon="174.7515258">
                <ele>9.5</ele>
            </trkpt>
            <trkpt lat="-36.8445165" lon="174.7518209">
                <ele>9.5</ele>
            </trkpt>
            <trkpt lat="-36.8446131" lon="174.7519737">
                <ele>9.5</ele>
            </trkpt>
            <trkpt lat="-36.8446647" lon="174.7520542">
                <ele>9.5</ele>
            </trkpt>
            <trkpt lat="-36.8447226" lon="174.752132">
                <ele>9.5</ele>
            </trkpt>
            <trkpt lat="-36.8447956" lon="174.7522286">
                <ele>9.5</ele>
            </trkpt>
            <trkpt lat="-36.844845" lon="174.7522876">
                <ele>9.5</ele>
            </trkpt>
            <trkpt lat="-36.8448836" lon="174.7523358">
                <ele>9.5</ele>
            </trkpt>
            <trkpt lat="-36.8449566" lon="174.7524163">
                <ele>9.5</ele>
            </trkpt>
            <trkpt lat="-36.8450274" lon="174.7524914">
                <ele>9.5</ele>
            </trkpt>
            <trkpt lat="-36.8451004" lon="174.7525585">
                <ele>9.5</ele>
            </trkpt>
            <trkpt lat="-36.8452056" lon="174.7526416">
                <ele>9.5</ele>
            </trkpt>
            <trkpt lat="-36.8453129" lon="174.7527194">
                <ele>9.5</ele>
            </trkpt>
            <trkpt lat="-36.8454588" lon="174.7528133">
                <ele>9.5</ele>
            </trkpt>
            <trkpt lat="-36.8456349" lon="174.7528991">
                <ele>9.5</ele>
            </trkpt>
            <trkpt lat="-36.8457272" lon="174.752942">
                <ele>9.5</ele>
            </trkpt>
            <trkpt lat="-36.8458366" lon="174.7529769">
                <ele>9.5</ele>
            </trkpt>
            <trkpt lat="-36.8459289" lon="174.7530037">
                <ele>9.5</ele>
            </trkpt>
            <trkpt lat="-36.8460813" lon="174.7530332">
                <ele>9.5</ele>
            </trkpt>
            <trkpt lat="-36.8462294" lon="174.7530574">
                <ele>9.5</ele>
            </trkpt>
            <trkpt lat="-36.8469249" lon="174.7531056">
                <ele>9.5</ele>
            </trkpt>
            <trkpt lat="-36.8479916" lon="174.7531593">
                <ele>9.5</ele>
            </trkpt>
            <trkpt lat="-36.8483694" lon="174.7531834">
                <ele>9.5</ele>
            </trkpt>
            <trkpt lat="-36.8486184" lon="174.7532049">
                <ele>9.5</ele>
            </trkpt>
            <trkpt lat="-36.8490798" lon="174.7532773">
                <ele>14</ele>
            </trkpt>
            <trkpt lat="-36.8493674" lon="174.7533336">
                <ele>15</ele>
            </trkpt>
            <trkpt lat="-36.8495155" lon="174.7533765">
                <ele>15.8</ele>
            </trkpt>
            <trkpt lat="-36.8497388" lon="174.7534463">
                <ele>16.8</ele>
            </trkpt>
            <trkpt lat="-36.850065" lon="174.7535697">
                <ele>18.5</ele>
            </trkpt>
            <trkpt lat="-36.8502281" lon="174.7536501">
                <ele>19.2</ele>
            </trkpt>
            <trkpt lat="-36.8505157" lon="174.753795">
                <ele>20.8</ele>
            </trkpt>
            <trkpt lat="-36.850799" lon="174.7539747">
                <ele>22.5</ele>
            </trkpt>
            <trkpt lat="-36.8510609" lon="174.7541544">
                <ele>24</ele>
            </trkpt>
            <trkpt lat="-36.8522328" lon="174.7551361">
                <ele>34</ele>
            </trkpt>
            <trkpt lat="-36.8526921" lon="174.7555196">
                <ele>37</ele>
            </trkpt>
            <trkpt lat="-36.8530634" lon="174.7558039">
                <ele>39.2</ele>
            </trkpt>
            <trkpt lat="-36.8536407" lon="174.7563162">
                <ele>41</ele>
            </trkpt>
            <trkpt lat="-36.8538188" lon="174.7564664">
                <ele>41</ele>
            </trkpt>
            <trkpt lat="-36.8539991" lon="174.7566247">
                <ele>41</ele>
            </trkpt>
            <trkpt lat="-36.8541837" lon="174.7567669">
                <ele>44</ele>
            </trkpt>
            <trkpt lat="-36.854364" lon="174.7568607">
                <ele>45</ele>
            </trkpt>
            <trkpt lat="-36.8545378" lon="174.7569466">
                <ele>46</ele>
            </trkpt>
            <trkpt lat="-36.8547417" lon="174.7570163">
                <ele>47.2</ele>
            </trkpt>
            <trkpt lat="-36.8549005" lon="174.7570485">
                <ele>48.2</ele>
            </trkpt>
            <trkpt lat="-36.8550529" lon="174.7570673">
                <ele>49</ele>
            </trkpt>
            <trkpt lat="-36.8553104" lon="174.7570673">
                <ele>49</ele>
            </trkpt>
            <trkpt lat="-36.8554864" lon="174.7570485">
                <ele>48.8</ele>
            </trkpt>
            <trkpt lat="-36.855656" lon="174.7570109">
                <ele>49</ele>
            </trkpt>
            <trkpt lat="-36.8560358" lon="174.7568768">
                <ele>49.5</ele>
            </trkpt>
            <trkpt lat="-36.8565187" lon="174.7565952">
                <ele>52.5</ele>
            </trkpt>
            <trkpt lat="-36.8567999" lon="174.7564316">
                <ele>55</ele>
            </trkpt>
            <trkpt lat="-36.8570059" lon="174.7563189">
                <ele>57</ele>
            </trkpt>
            <trkpt lat="-36.8571325" lon="174.7562599">
                <ele>58.5</ele>
            </trkpt>
            <trkpt lat="-36.8572677" lon="174.756217">
                <ele>60</ele>
            </trkpt>
            <trkpt lat="-36.8574931" lon="174.7561768">
                <ele>62.2</ele>
            </trkpt>
            <trkpt lat="-36.8576755" lon="174.7561687">
                <ele>64.2</ele>
            </trkpt>
            <trkpt lat="-36.8578622" lon="174.7561795">
                <ele>66</ele>
            </trkpt>
            <trkpt lat="-36.8580832" lon="174.7562358">
                <ele>66.8</ele>
            </trkpt>
            <trkpt lat="-36.8582421" lon="174.7562975">
                <ele>66.6</ele>
            </trkpt>
            <trkpt lat="-36.8583451" lon="174.7563538">
                <ele>66.6</ele>
            </trkpt>
            <trkpt lat="-36.8587357" lon="174.7565711">
                <ele>66.2</ele>
            </trkpt>
            <trkpt lat="-36.8588344" lon="174.7566462">
                <ele>65.5</ele>
            </trkpt>
            <trkpt lat="-36.8589395" lon="174.7567454">
                <ele>65</ele>
            </trkpt>
            <trkpt lat="-36.8590662" lon="174.7568876">
                <ele>64.2</ele>
            </trkpt>
            <trkpt lat="-36.8591863" lon="174.7570512">
                <ele>63.5</ele>
            </trkpt>
            <trkpt lat="-36.8592786" lon="174.7572201">
                <ele>63.1</ele>
            </trkpt>
            <trkpt lat="-36.8593687" lon="174.7574052">
                <ele>62.8</ele>
            </trkpt>
            <trkpt lat="-36.8594331" lon="174.7575447">
                <ele>62.5</ele>
            </trkpt>
            <trkpt lat="-36.8594911" lon="174.7577217">
                <ele>62.8</ele>
            </trkpt>
            <trkpt lat="-36.859549" lon="174.757939">
                <ele>62.5</ele>
            </trkpt>
            <trkpt lat="-36.8595876" lon="174.7581482">
                <ele>62.2</ele>
            </trkpt>
            <trkpt lat="-36.8596091" lon="174.7583735">
                <ele>62.5</ele>
            </trkpt>
            <trkpt lat="-36.8596241" lon="174.7587088">
                <ele>63.8</ele>
            </trkpt>
            <trkpt lat="-36.8596306" lon="174.7591513">
                <ele>65.8</ele>
            </trkpt>
            <trkpt lat="-36.8596456" lon="174.7596905">
                <ele>65.6</ele>
            </trkpt>
            <trkpt lat="-36.8596542" lon="174.7598085">
                <ele>65.6</ele>
            </trkpt>
            <trkpt lat="-36.8596864" lon="174.7601357">
                <ele>65.5</ele>
            </trkpt>
            <trkpt lat="-36.8598344" lon="174.7608384">
                <ele>69</ele>
            </trkpt>
            <trkpt lat="-36.8599246" lon="174.7612193">
                <ele>70.2</ele>
            </trkpt>
            <trkpt lat="-36.8600254" lon="174.76156">
                <ele>71.5</ele>
            </trkpt>
            <trkpt lat="-36.8601327" lon="174.7618577">
                <ele>71.8</ele>
            </trkpt>
            <trkpt lat="-36.8602529" lon="174.76215">
                <ele>73</ele>
            </trkpt>
            <trkpt lat="-36.8603345" lon="174.762311">
                <ele>73.8</ele>
            </trkpt>
            <trkpt lat="-36.860474" lon="174.7625577">
                <ele>74.5</ele>
            </trkpt>
            <trkpt lat="-36.8605126" lon="174.7626168">
                <ele>74.5</ele>
            </trkpt>
            <trkpt lat="-36.8606757" lon="174.7628474">
                <ele>74.5</ele>
            </trkpt>
            <trkpt lat="-36.8608216" lon="174.7630218">
                <ele>74.5</ele>
            </trkpt>
            <trkpt lat="-36.8609375" lon="174.7631425">
                <ele>74.5</ele>
            </trkpt>
            <trkpt lat="-36.861062" lon="174.7632632">
                <ele>74.5</ele>
            </trkpt>
            <trkpt lat="-36.8612422" lon="174.763408">
                <ele>75</ele>
            </trkpt>
            <trkpt lat="-36.8614504" lon="174.7635582">
                <ele>75.5</ele>
            </trkpt>
            <trkpt lat="-36.861635" lon="174.7636762">
                <ele>75.5</ele>
            </trkpt>
            <trkpt lat="-36.8618796" lon="174.7638372">
                <ele>75.5</ele>
            </trkpt>
            <trkpt lat="-36.8620985" lon="174.76399">
                <ele>75.5</ele>
            </trkpt>
            <trkpt lat="-36.8624182" lon="174.764218">
                <ele>75.5</ele>
            </trkpt>
            <trkpt lat="-36.862577" lon="174.7643495">
                <ele>75.5</ele>
            </trkpt>
            <trkpt lat="-36.8627294" lon="174.7644916">
                <ele>87</ele>
            </trkpt>
            <trkpt lat="-36.8628496" lon="174.764607">
                <ele>88</ele>
            </trkpt>
            <trkpt lat="-36.8630341" lon="174.7648323">
                <ele>89.8</ele>
            </trkpt>
            <trkpt lat="-36.8632208" lon="174.7650871">
                <ele>90.5</ele>
            </trkpt>
            <trkpt lat="-36.8634462" lon="174.7654411">
                <ele>90.3</ele>
            </trkpt>
            <trkpt lat="-36.8637423" lon="174.7659159">
                <ele>90</ele>
            </trkpt>
            <trkpt lat="-36.8638882" lon="174.7661412">
                <ele>88.8</ele>
            </trkpt>
            <trkpt lat="-36.8640105" lon="174.7663128">
                <ele>88</ele>
            </trkpt>
            <trkpt lat="-36.8641393" lon="174.7664684">
                <ele>87.2</ele>
            </trkpt>
            <trkpt lat="-36.8642745" lon="174.7666079">
                <ele>86</ele>
            </trkpt>
            <trkpt lat="-36.8644054" lon="174.7667339">
                <ele>85.2</ele>
            </trkpt>
            <trkpt lat="-36.8645706" lon="174.7668734">
                <ele>84.8</ele>
            </trkpt>
            <trkpt lat="-36.864708" lon="174.7669727">
                <ele>84.5</ele>
            </trkpt>
            <trkpt lat="-36.8648196" lon="174.7670504">
                <ele>84.5</ele>
            </trkpt>
            <trkpt lat="-36.8649633" lon="174.7671309">
                <ele>84.5</ele>
            </trkpt>
            <trkpt lat="-36.8651307" lon="174.7672194">
                <ele>84.5</ele>
            </trkpt>
            <trkpt lat="-36.8652938" lon="174.7672918">
                <ele>84.5</ele>
            </trkpt>
            <trkpt lat="-36.8655663" lon="174.7673911">
                <ele>84.5</ele>
            </trkpt>
            <trkpt lat="-36.8659783" lon="174.7675306">
                <ele>84.5</ele>
            </trkpt>
            <trkpt lat="-36.8662079" lon="174.7676057">
                <ele>84.5</ele>
            </trkpt>
            <trkpt lat="-36.866429" lon="174.7676969">
                <ele>84.5</ele>
            </trkpt>
            <trkpt lat="-36.8665663" lon="174.7677612">
                <ele>81</ele>
            </trkpt>
            <trkpt lat="-36.8667058" lon="174.7678283">
                <ele>81.2</ele>
            </trkpt>
            <trkpt lat="-36.866871" lon="174.7679248">
                <ele>81.8</ele>
            </trkpt>
            <trkpt lat="-36.8670298" lon="174.7680268">
                <ele>82</ele>
            </trkpt>
            <trkpt lat="-36.8672444" lon="174.7681931">
                <ele>83</ele>
            </trkpt>
            <trkpt lat="-36.8674654" lon="174.7683915">
                <ele>84.2</ele>
            </trkpt>
            <trkpt lat="-36.8676779" lon="174.7686195">
                <ele>85</ele>
            </trkpt>
            <trkpt lat="-36.8678881" lon="174.768877">
                <ele>86</ele>
            </trkpt>
            <trkpt lat="-36.868165" lon="174.7692552">
                <ele>87</ele>
            </trkpt>
            <trkpt lat="-36.868431" lon="174.7696227">
                <ele>89</ele>
            </trkpt>
            <trkpt lat="-36.8686327" lon="174.7699016">
                <ele>89</ele>
            </trkpt>
            <trkpt lat="-36.8690104" lon="174.7704059">
                <ele>88.5</ele>
            </trkpt>
            <trkpt lat="-36.8694396" lon="174.7709718">
                <ele>85.8</ele>
            </trkpt>
            <trkpt lat="-36.8697657" lon="174.771401">
                <ele>85.8</ele>
            </trkpt>
            <trkpt lat="-36.8699116" lon="174.771578">
                <ele>83</ele>
            </trkpt>
            <trkpt lat="-36.8699674" lon="174.7716424">
                <ele>83</ele>
            </trkpt>
            <trkpt lat="-36.8701434" lon="174.7718328">
                <ele>83.3</ele>
            </trkpt>
            <trkpt lat="-36.8703365" lon="174.772042">
                <ele>83.6</ele>
            </trkpt>
            <trkpt lat="-36.870609" lon="174.7723183">
                <ele>84</ele>
            </trkpt>
            <trkpt lat="-36.8708858" lon="174.7725919">
                <ele>85.2</ele>
            </trkpt>
            <trkpt lat="-36.8712377" lon="174.7729459">
                <ele>86.8</ele>
            </trkpt>
            <trkpt lat="-36.8715102" lon="174.7732329">
                <ele>87</ele>
            </trkpt>
            <trkpt lat="-36.8717763" lon="174.7735494">
                <ele>86</ele>
            </trkpt>
            <trkpt lat="-36.8720252" lon="174.773874">
                <ele>84.8</ele>
            </trkpt>
            <trkpt lat="-36.8722033" lon="174.7741395">
                <ele>84.8</ele>
            </trkpt>
            <trkpt lat="-36.8723127" lon="174.7743219">
                <ele>84.8</ele>
            </trkpt>
            <trkpt lat="-36.8725144" lon="174.7746626">
                <ele>84.8</ele>
            </trkpt>
            <trkpt lat="-36.872671" lon="174.7749576">
                <ele>84.8</ele>
            </trkpt>
            <trkpt lat="-36.8728405" lon="174.775309">
                <ele>84.8</ele>
            </trkpt>
            <trkpt lat="-36.8730229" lon="174.7757328">
                <ele>84.8</ele>
            </trkpt>
            <trkpt lat="-36.8732225" lon="174.7762451">
                <ele>84.8</ele>
            </trkpt>
            <trkpt lat="-36.8734842" lon="174.7769612">
                <ele>84.8</ele>
            </trkpt>
            <trkpt lat="-36.8736452" lon="174.7774065">
                <ele>84.8</ele>
            </trkpt>
            <trkpt lat="-36.8737932" lon="174.7777873">
                <ele>84.8</ele>
            </trkpt>
            <trkpt lat="-36.8739928" lon="174.7782701">
                <ele>84.8</ele>
            </trkpt>
            <trkpt lat="-36.8741215" lon="174.7785571">
                <ele>84.8</ele>
            </trkpt>
            <trkpt lat="-36.8742738" lon="174.7788575">
                <ele>84.8</ele>
            </trkpt>
            <trkpt lat="-36.8744691" lon="174.7792089">
                <ele>84.8</ele>
            </trkpt>
            <trkpt lat="-36.8746965" lon="174.7795576">
                <ele>84.8</ele>
            </trkpt>
            <trkpt lat="-36.8749368" lon="174.7798821">
                <ele>84.8</ele>
            </trkpt>
            <trkpt lat="-36.87519" lon="174.780196">
                <ele>84.8</ele>
            </trkpt>
            <trkpt lat="-36.8753831" lon="174.7804186">
                <ele>84.8</ele>
            </trkpt>
            <trkpt lat="-36.8756728" lon="174.7807029">
                <ele>84.8</ele>
            </trkpt>
            <trkpt lat="-36.8758616" lon="174.7808719">
                <ele>79</ele>
            </trkpt>
            <trkpt lat="-36.8762585" lon="174.7811991">
                <ele>80.5</ele>
            </trkpt>
            <trkpt lat="-36.8766383" lon="174.7815022">
                <ele>81</ele>
            </trkpt>
            <trkpt lat="-36.8774493" lon="174.7821996">
                <ele>81</ele>
            </trkpt>
            <trkpt lat="-36.8786573" lon="174.7833395">
                <ele>85</ele>
            </trkpt>
            <trkpt lat="-36.8793438" lon="174.7839886">
                <ele>88.8</ele>
            </trkpt>
            <trkpt lat="-36.8800154" lon="174.7846645">
                <ele>90.8</ele>
            </trkpt>
            <trkpt lat="-36.8806762" lon="174.7853404">
                <ele>90</ele>
            </trkpt>
            <trkpt lat="-36.8815901" lon="174.7863114">
                <ele>88.2</ele>
            </trkpt>
            <trkpt lat="-36.8826543" lon="174.7873521">
                <ele>85.8</ele>
            </trkpt>
            <trkpt lat="-36.8834137" lon="174.7881219">
                <ele>85.2</ele>
            </trkpt>
            <trkpt lat="-36.883905" lon="174.7886235">
                <ele>84.5</ele>
            </trkpt>
            <trkpt lat="-36.8842955" lon="174.7890607">
                <ele>83</ele>
            </trkpt>
            <trkpt lat="-36.8848619" lon="174.7897822">
                <ele>80.8</ele>
            </trkpt>
            <trkpt lat="-36.885336" lon="174.7904527">
                <ele>77</ele>
            </trkpt>
            <trkpt lat="-36.8858423" lon="174.7912279">
                <ele>73.8</ele>
            </trkpt>
            <trkpt lat="-36.8861126" lon="174.7916704">
                <ele>72.2</ele>
            </trkpt>
            <trkpt lat="-36.8864752" lon="174.7923088">
                <ele>69.2</ele>
            </trkpt>
            <trkpt lat="-36.8868828" lon="174.7930759">
                <ele>69.1</ele>
            </trkpt>
            <trkpt lat="-36.8871938" lon="174.7937009">
                <ele>69</ele>
            </trkpt>
            <trkpt lat="-36.8880198" lon="174.7955355">
                <ele>66.5</ele>
            </trkpt>
            <trkpt lat="-36.8882686" lon="174.7960773">
                <ele>65.5</ele>
            </trkpt>
            <trkpt lat="-36.888466" lon="174.7964957">
                <ele>65</ele>
            </trkpt>
            <trkpt lat="-36.8886977" lon="174.7969651">
                <ele>64</ele>
            </trkpt>
            <trkpt lat="-36.8888457" lon="174.7972307">
                <ele>63.5</ele>
            </trkpt>
            <trkpt lat="-36.8889658" lon="174.7974291">
                <ele>63</ele>
            </trkpt>
            <trkpt lat="-36.8890838" lon="174.7976142">
                <ele>63.2</ele>
            </trkpt>
            <trkpt lat="-36.8891653" lon="174.7977215">
                <ele>63</ele>
            </trkpt>
            <trkpt lat="-36.8894721" lon="174.7981265">
                <ele>64</ele>
            </trkpt>
            <trkpt lat="-36.8900556" lon="174.7989097">
                <ele>63</ele>
            </trkpt>
            <trkpt lat="-36.8907978" lon="174.8000738">
                <ele>56</ele>
            </trkpt>
            <trkpt lat="-36.8914199" lon="174.8010743">
                <ele>56</ele>
            </trkpt>
            <trkpt lat="-36.8915336" lon="174.8012593">
                <ele>53</ele>
            </trkpt>
            <trkpt lat="-36.8928936" lon="174.8034453">
                <ele>53</ele>
            </trkpt>
            <trkpt lat="-36.8930095" lon="174.8036358">
                <ele>48</ele>
            </trkpt>
            <trkpt lat="-36.8930524" lon="174.8037028">
                <ele>48</ele>
            </trkpt>
            <trkpt lat="-36.8933891" lon="174.8042151">
                <ele>47.8</ele>
            </trkpt>
            <trkpt lat="-36.8936294" lon="174.8045585">
                <ele>46.5</ele>
            </trkpt>
            <trkpt lat="-36.8940091" lon="174.8050654">
                <ele>44.5</ele>
            </trkpt>
            <trkpt lat="-36.8943866" lon="174.8055375">
                <ele>43.8</ele>
            </trkpt>
            <trkpt lat="-36.8947105" lon="174.8059398">
                <ele>43.5</ele>
            </trkpt>
            <trkpt lat="-36.8948971" lon="174.8061597">
                <ele>43</ele>
            </trkpt>
            <trkpt lat="-36.8951245" lon="174.8064065">
                <ele>42.5</ele>
            </trkpt>
            <trkpt lat="-36.8954162" lon="174.8066989">
                <ele>40.5</ele>
            </trkpt>
            <trkpt lat="-36.8957123" lon="174.8069564">
                <ele>39.5</ele>
            </trkpt>
            <trkpt lat="-36.896197" lon="174.8073238">
                <ele>38.5</ele>
            </trkpt>
            <trkpt lat="-36.8967269" lon="174.8076484">
                <ele>37.5</ele>
            </trkpt>
            <trkpt lat="-36.8972438" lon="174.8079193">
                <ele>37.2</ele>
            </trkpt>
            <trkpt lat="-36.8990091" lon="174.8088285">
                <ele>35</ele>
            </trkpt>
            <trkpt lat="-36.9007015" lon="174.8096895">
                <ele>30</ele>
            </trkpt>
            <trkpt lat="-36.9016066" lon="174.8101535">
                <ele>30.2</ele>
            </trkpt>
            <trkpt lat="-36.9019498" lon="174.8103413">
                <ele>29.5</ele>
            </trkpt>
            <trkpt lat="-36.9022501" lon="174.8105398">
                <ele>29.2</ele>
            </trkpt>
            <trkpt lat="-36.9025697" lon="174.8107597">
                <ele>30.2</ele>
            </trkpt>
            <trkpt lat="-36.9029278" lon="174.811044">
                <ele>30.5</ele>
            </trkpt>
            <trkpt lat="-36.9032946" lon="174.8113713">
                <ele>30.7</ele>
            </trkpt>
            <trkpt lat="-36.9034791" lon="174.8115563">
                <ele>30.8</ele>
            </trkpt>
            <trkpt lat="-36.9038094" lon="174.8119184">
                <ele>31</ele>
            </trkpt>
            <trkpt lat="-36.9039466" lon="174.8120794">
                <ele>31.5</ele>
            </trkpt>
            <trkpt lat="-36.9041375" lon="174.8123288">
                <ele>32.5</ele>
            </trkpt>
            <trkpt lat="-36.9044421" lon="174.8127526">
                <ele>33.5</ele>
            </trkpt>
            <trkpt lat="-36.904663" lon="174.813104">
                <ele>34.2</ele>
            </trkpt>
            <trkpt lat="-36.9048732" lon="174.8134714">
                <ele>33.8</ele>
            </trkpt>
            <trkpt lat="-36.9050319" lon="174.8137826">
                <ele>33.5</ele>
            </trkpt>
            <trkpt lat="-36.9051735" lon="174.8140723">
                <ele>33.3</ele>
            </trkpt>
            <trkpt lat="-36.9053407" lon="174.8144719">
                <ele>33</ele>
            </trkpt>
            <trkpt lat="-36.9055659" lon="174.8150754">
                <ele>33.2</ele>
            </trkpt>
            <trkpt lat="-36.9060957" lon="174.8164862">
                <ele>32.2</ele>
            </trkpt>
            <trkpt lat="-36.9064217" lon="174.8173285">
                <ele>32</ele>
            </trkpt>
            <trkpt lat="-36.9065268" lon="174.8175725">
                <ele>31.8</ele>
            </trkpt>
            <trkpt lat="-36.9066405" lon="174.817822">
                <ele>31.5</ele>
            </trkpt>
            <trkpt lat="-36.9067498" lon="174.8180419">
                <ele>31.3</ele>
            </trkpt>
            <trkpt lat="-36.9069407" lon="174.8183772">
                <ele>31</ele>
            </trkpt>
            <trkpt lat="-36.9071037" lon="174.8186293">
                <ele>30.2</ele>
            </trkpt>
            <trkpt lat="-36.9072839" lon="174.8188788">
                <ele>29.2</ele>
            </trkpt>
            <trkpt lat="-36.9074426" lon="174.8191068">
                <ele>28.5</ele>
            </trkpt>
            <trkpt lat="-36.9076185" lon="174.8193079">
                <ele>28.2</ele>
            </trkpt>
            <trkpt lat="-36.9078072" lon="174.8195118">
                <ele>27.5</ele>
            </trkpt>
            <trkpt lat="-36.9079616" lon="174.819662">
                <ele>27.2</ele>
            </trkpt>
            <trkpt lat="-36.9080989" lon="174.8197961">
                <ele>27.5</ele>
            </trkpt>
            <trkpt lat="-36.9083863" lon="174.8200455">
                <ele>28.5</ele>
            </trkpt>
            <trkpt lat="-36.908871" lon="174.8204103">
                <ele>29</ele>
            </trkpt>
            <trkpt lat="-36.9091197" lon="174.8205981">
                <ele>29.5</ele>
            </trkpt>
            <trkpt lat="-36.9105545" lon="174.8216602">
                <ele>32.2</ele>
            </trkpt>
            <trkpt lat="-36.9126712" lon="174.8232508">
                <ele>29</ele>
            </trkpt>
            <trkpt lat="-36.9128857" lon="174.8234224">
                <ele>28</ele>
            </trkpt>
            <trkpt lat="-36.913098" lon="174.8236021">
                <ele>27.8</ele>
            </trkpt>
            <trkpt lat="-36.9134004" lon="174.8238972">
                <ele>27.5</ele>
            </trkpt>
            <trkpt lat="-36.9136448" lon="174.8241788">
                <ele>26.8</ele>
            </trkpt>
            <trkpt lat="-36.9139472" lon="174.8245785">
                <ele>27</ele>
            </trkpt>
            <trkpt lat="-36.914196" lon="174.8249513">
                <ele>26.5</ele>
            </trkpt>
            <trkpt lat="-36.9143161" lon="174.8251632">
                <ele>26</ele>
            </trkpt>
            <trkpt lat="-36.9144233" lon="174.8253644">
                <ele>25.8</ele>
            </trkpt>
            <trkpt lat="-36.9145713" lon="174.8256594">
                <ele>25</ele>
            </trkpt>
            <trkpt lat="-36.9147428" lon="174.826059">
                <ele>24.2</ele>
            </trkpt>
            <trkpt lat="-36.9148608" lon="174.8263675">
                <ele>24</ele>
            </trkpt>
            <trkpt lat="-36.9149637" lon="174.8266813">
                <ele>23.8</ele>
            </trkpt>
            <trkpt lat="-36.9150945" lon="174.8271185">
                <ele>24.5</ele>
            </trkpt>
            <trkpt lat="-36.9152918" lon="174.8278829">
                <ele>25.8</ele>
            </trkpt>
            <trkpt lat="-36.9155192" lon="174.8288351">
                <ele>25</ele>
            </trkpt>
            <trkpt lat="-36.9163555" lon="174.8322764">
                <ele>20</ele>
            </trkpt>
            <trkpt lat="-36.9165378" lon="174.8330623">
                <ele>18.2</ele>
            </trkpt>
            <trkpt lat="-36.9167479" lon="174.8339421">
                <ele>18.2</ele>
            </trkpt>
            <trkpt lat="-36.9168637" lon="174.8344463">
                <ele>17</ele>
            </trkpt>
            <trkpt lat="-36.9172047" lon="174.8358357">
                <ele>23.5</ele>
            </trkpt>
            <trkpt lat="-36.9173162" lon="174.8362595">
                <ele>23.4</ele>
            </trkpt>
            <trkpt lat="-36.9174427" lon="174.8366699">
                <ele>23.2</ele>
            </trkpt>
            <trkpt lat="-36.9176207" lon="174.8371419">
                <ele>23.5</ele>
            </trkpt>
            <trkpt lat="-36.9187787" lon="174.8397893">
                <ele>23.5</ele>
            </trkpt>
            <trkpt lat="-36.918931" lon="174.840146">
                <ele>18</ele>
            </trkpt>
            <trkpt lat="-36.9198981" lon="174.8423615">
                <ele>18</ele>
            </trkpt>
            <trkpt lat="-36.9201211" lon="174.8428765">
                <ele>13</ele>
            </trkpt>
            <trkpt lat="-36.920818" lon="174.8444724">
                <ele>13.8</ele>
            </trkpt>
            <trkpt lat="-36.9209745" lon="174.8448318">
                <ele>14</ele>
            </trkpt>
            <trkpt lat="-36.9211654" lon="174.8451912">
                <ele>14.1</ele>
            </trkpt>
            <trkpt lat="-36.9213155" lon="174.8454514">
                <ele>14.1</ele>
            </trkpt>
            <trkpt lat="-36.921487" lon="174.845725">
                <ele>14.2</ele>
            </trkpt>
            <trkpt lat="-36.9216714" lon="174.8459825">
                <ele>14.2</ele>
            </trkpt>
            <trkpt lat="-36.9218601" lon="174.8462319">
                <ele>15</ele>
            </trkpt>
            <trkpt lat="-36.9221518" lon="174.8465592">
                <ele>16</ele>
            </trkpt>
            <trkpt lat="-36.9223962" lon="174.8467952">
                <ele>16.2</ele>
            </trkpt>
            <trkpt lat="-36.92272" lon="174.8470768">
                <ele>17</ele>
            </trkpt>
            <trkpt lat="-36.9229001" lon="174.847219">
                <ele>17.4</ele>
            </trkpt>
            <trkpt lat="-36.9232389" lon="174.847447">
                <ele>18</ele>
            </trkpt>
            <trkpt lat="-36.923627" lon="174.8476642">
                <ele>18.8</ele>
            </trkpt>
            <trkpt lat="-36.9240537" lon="174.84786">
                <ele>19.5</ele>
            </trkpt>
            <trkpt lat="-36.9248514" lon="174.8481712">
                <ele>21.5</ele>
            </trkpt>
            <trkpt lat="-36.9258613" lon="174.8485574">
                <ele>21.2</ele>
            </trkpt>
            <trkpt lat="-36.9271457" lon="174.849059">
                <ele>22.2</ele>
            </trkpt>
            <trkpt lat="-36.9298944" lon="174.8501265">
                <ele>26.8</ele>
            </trkpt>
            <trkpt lat="-36.9336293" lon="174.8515695">
                <ele>26.8</ele>
            </trkpt>
            <trkpt lat="-36.9336894" lon="174.8515937">
                <ele>8</ele>
            </trkpt>
            <trkpt lat="-36.9344033" lon="174.8518673">
                <ele>8</ele>
            </trkpt>
            <trkpt lat="-36.9380694" lon="174.8532861">
                <ele>10.8</ele>
            </trkpt>
            <trkpt lat="-36.9385089" lon="174.8534471">
                <ele>12</ele>
            </trkpt>
            <trkpt lat="-36.9388626" lon="174.8535544">
                <ele>13.2</ele>
            </trkpt>
            <trkpt lat="-36.9393257" lon="174.8536643">
                <ele>14.8</ele>
            </trkpt>
            <trkpt lat="-36.9418446" lon="174.8542008">
                <ele>14</ele>
            </trkpt>
            <trkpt lat="-36.9425692" lon="174.8543563">
                <ele>14</ele>
            </trkpt>
            <trkpt lat="-36.9429293" lon="174.8544315">
                <ele>13</ele>
            </trkpt>
            <trkpt lat="-36.9434267" lon="174.8545414">
                <ele>14</ele>
            </trkpt>
            <trkpt lat="-36.9438618" lon="174.8546594">
                <ele>14.2</ele>
            </trkpt>
            <trkpt lat="-36.9440483" lon="174.8547211">
                <ele>14.1</ele>
            </trkpt>
            <trkpt lat="-36.9443892" lon="174.8548579">
                <ele>13.8</ele>
            </trkpt>
            <trkpt lat="-36.9447407" lon="174.8550269">
                <ele>12.2</ele>
            </trkpt>
            <trkpt lat="-36.9461684" lon="174.8557806">
                <ele>10</ele>
            </trkpt>
            <trkpt lat="-36.9482798" lon="174.8569018">
                <ele>10</ele>
            </trkpt>
            <trkpt lat="-36.9486507" lon="174.8570976">
                <ele>10</ele>
            </trkpt>
            <trkpt lat="-36.9492637" lon="174.8574248">
                <ele>3</ele>
            </trkpt>
            <trkpt lat="-36.9520438" lon="174.8588866">
                <ele>13</ele>
            </trkpt>
            <trkpt lat="-36.9523032" lon="174.8590207">
                <ele>13</ele>
            </trkpt>
            <trkpt lat="-36.9531584" lon="174.859482">
                <ele>14.2</ele>
            </trkpt>
            <trkpt lat="-36.9547638" lon="174.8603296">
                <ele>17.2</ele>
            </trkpt>
            <trkpt lat="-36.9552268" lon="174.8605737">
                <ele>18.2</ele>
            </trkpt>
            <trkpt lat="-36.955857" lon="174.860909">
                <ele>18.4</ele>
            </trkpt>
            <trkpt lat="-36.9571215" lon="174.8615822">
                <ele>18.7</ele>
            </trkpt>
            <trkpt lat="-36.9592884" lon="174.8627275">
                <ele>19.2</ele>
            </trkpt>
            <trkpt lat="-36.9596978" lon="174.8629555">
                <ele>19.8</ele>
            </trkpt>
            <trkpt lat="-36.9599592" lon="174.8631245">
                <ele>20.5</ele>
            </trkpt>
            <trkpt lat="-36.960225" lon="174.8633096">
                <ele>20.6</ele>
            </trkpt>
            <trkpt lat="-36.9605036" lon="174.8635429">
                <ele>20.6</ele>
            </trkpt>
            <trkpt lat="-36.9607715" lon="174.8637897">
                <ele>20.7</ele>
            </trkpt>
            <trkpt lat="-36.9610158" lon="174.8640499">
                <ele>20.8</ele>
            </trkpt>
            <trkpt lat="-36.9612794" lon="174.864361">
                <ele>20.5</ele>
            </trkpt>
            <trkpt lat="-36.9616738" lon="174.864876">
                <ele>20</ele>
            </trkpt>
            <trkpt lat="-36.9625032" lon="174.8659596">
                <ele>21.8</ele>
            </trkpt>
            <trkpt lat="-36.9633648" lon="174.8670942">
                <ele>23</ele>
            </trkpt>
            <trkpt lat="-36.9637612" lon="174.8676252">
                <ele>23</ele>
            </trkpt>
            <trkpt lat="-36.963982" lon="174.8679122">
                <ele>22</ele>
            </trkpt>
            <trkpt lat="-36.9643634" lon="174.8684192">
                <ele>21.7</ele>
            </trkpt>
            <trkpt lat="-36.9651735" lon="174.8695189">
                <ele>21</ele>
            </trkpt>
            <trkpt lat="-36.96587" lon="174.8704255">
                <ele>22</ele>
            </trkpt>
            <trkpt lat="-36.966633" lon="174.8713991">
                <ele>23</ele>
            </trkpt>
            <trkpt lat="-36.9695539" lon="174.8752427">
                <ele>18</ele>
            </trkpt>
            <trkpt lat="-36.9705911" lon="174.8766106">
                <ele>17</ele>
            </trkpt>
            <trkpt lat="-36.9714568" lon="174.8777506">
                <ele>16.2</ele>
            </trkpt>
            <trkpt lat="-36.9717397" lon="174.8781073">
                <ele>16</ele>
            </trkpt>
            <trkpt lat="-36.9720654" lon="174.8784828">
                <ele>16.1</ele>
            </trkpt>
            <trkpt lat="-36.9724511" lon="174.8788476">
                <ele>16.2</ele>
            </trkpt>
            <trkpt lat="-36.972689" lon="174.8790461">
                <ele>16.6</ele>
            </trkpt>
            <trkpt lat="-36.972989" lon="174.879266">
                <ele>17</ele>
            </trkpt>
            <trkpt lat="-36.9733168" lon="174.8794672">
                <ele>17.5</ele>
            </trkpt>
            <trkpt lat="-36.9736426" lon="174.8796362">
                <ele>18.2</ele>
            </trkpt>
            <trkpt lat="-36.9738997" lon="174.8797515">
                <ele>19</ele>
            </trkpt>
            <trkpt lat="-36.9746304" lon="174.8800063">
                <ele>20.2</ele>
            </trkpt>
            <trkpt lat="-36.9750375" lon="174.8801404">
                <ele>21.2</ele>
            </trkpt>
            <trkpt lat="-36.9783952" lon="174.8812455">
                <ele>27.2</ele>
            </trkpt>
            <trkpt lat="-36.9793616" lon="174.881562">
                <ele>28.2</ele>
            </trkpt>
            <trkpt lat="-36.9801951" lon="174.8818865">
                <ele>28.2</ele>
            </trkpt>
            <trkpt lat="-36.9805401" lon="174.8820314">
                <ele>28.1</ele>
            </trkpt>
            <trkpt lat="-36.9817378" lon="174.8826241">
                <ele>28</ele>
            </trkpt>
            <trkpt lat="-36.986325" lon="174.8849577">
                <ele>35</ele>
            </trkpt>
            <trkpt lat="-36.9878162" lon="174.8857194">
                <ele>39</ele>
            </trkpt>
            <trkpt lat="-36.9888446" lon="174.8862693">
                <ele>39.2</ele>
            </trkpt>
            <trkpt lat="-36.9906934" lon="174.887192">
                <ele>45.2</ele>
            </trkpt>
            <trkpt lat="-36.9919317" lon="174.8878223">
                <ele>49</ele>
            </trkpt>
            <trkpt lat="-36.9930093" lon="174.8883855">
                <ele>51.2</ele>
            </trkpt>
            <trkpt lat="-36.9940954" lon="174.8889354">
                <ele>48.8</ele>
            </trkpt>
            <trkpt lat="-36.9946803" lon="174.8892331">
                <ele>46</ele>
            </trkpt>
            <trkpt lat="-36.9948388" lon="174.8893136">
                <ele>44</ele>
            </trkpt>
            <trkpt lat="-36.9951366" lon="174.8894691">
                <ele>43</ele>
            </trkpt>
            <trkpt lat="-36.9955222" lon="174.8896676">
                <ele>40.5</ele>
            </trkpt>
            <trkpt lat="-36.996272" lon="174.8900485">
                <ele>37</ele>
            </trkpt>
            <trkpt lat="-36.9969382" lon="174.8903972">
                <ele>36.5</ele>
            </trkpt>
            <trkpt lat="-36.9975466" lon="174.8907647">
                <ele>38</ele>
            </trkpt>
            <trkpt lat="-36.9980478" lon="174.8911187">
                <ele>37.8</ele>
            </trkpt>
            <trkpt lat="-36.9990846" lon="174.8919153">
                <ele>37.2</ele>
            </trkpt>
            <trkpt lat="-36.9998087" lon="174.8924732">
                <ele>38</ele>
            </trkpt>
            <trkpt lat="-37.0005948" lon="174.8930794">
                <ele>42</ele>
            </trkpt>
            <trkpt lat="-37.0013681" lon="174.8936775">
                <ele>44</ele>
            </trkpt>
            <trkpt lat="-37.0020472" lon="174.8941979">
                <ele>46.5</ele>
            </trkpt>
            <trkpt lat="-37.0035808" lon="174.8953727">
                <ele>44</ele>
            </trkpt>
            <trkpt lat="-37.0049646" lon="174.8964429">
                <ele>39.2</ele>
            </trkpt>
            <trkpt lat="-37.0051702" lon="174.8966146">
                <ele>39</ele>
            </trkpt>
            <trkpt lat="-37.0054272" lon="174.8968452">
                <ele>38.8</ele>
            </trkpt>
            <trkpt lat="-37.0058149" lon="174.8972315">
                <ele>38.2</ele>
            </trkpt>
            <trkpt lat="-37.0062048" lon="174.8976794">
                <ele>37.2</ele>
            </trkpt>
            <trkpt lat="-37.0064918" lon="174.8980495">
                <ele>37.5</ele>
            </trkpt>
            <trkpt lat="-37.0067295" lon="174.8983955">
                <ele>37.5</ele>
            </trkpt>
            <trkpt lat="-37.0068388" lon="174.8985592">
                <ele>39</ele>
            </trkpt>
            <trkpt lat="-37.0076398" lon="174.8998359">
                <ele>42</ele>
            </trkpt>
            <trkpt lat="-37.0087172" lon="174.9015525">
                <ele>46.8</ele>
            </trkpt>
            <trkpt lat="-37.0092013" lon="174.9023169">
                <ele>47.5</ele>
            </trkpt>
            <trkpt lat="-37.0094476" lon="174.9026978">
                <ele>48.5</ele>
            </trkpt>
            <trkpt lat="-37.0096767" lon="174.9030304">
                <ele>49.5</ele>
            </trkpt>
            <trkpt lat="-37.009831" lon="174.9032289">
                <ele>49.8</ele>
            </trkpt>
            <trkpt lat="-37.009983" lon="174.9034032">
                <ele>49.5</ele>
            </trkpt>
            <trkpt lat="-37.0103064" lon="174.9037492">
                <ele>50</ele>
            </trkpt>
            <trkpt lat="-37.0106684" lon="174.9040818">
                <ele>51.8</ele>
            </trkpt>
            <trkpt lat="-37.0110796" lon="174.9043876">
                <ele>54</ele>
            </trkpt>
            <trkpt lat="-37.0113302" lon="174.9045539">
                <ele>54.2</ele>
            </trkpt>
            <trkpt lat="-37.0116451" lon="174.9047416">
                <ele>55</ele>
            </trkpt>
            <trkpt lat="-37.0119364" lon="174.9048945">
                <ele>56.2</ele>
            </trkpt>
            <trkpt lat="-37.012097" lon="174.9049857">
                <ele>57</ele>
            </trkpt>
            <trkpt lat="-37.0124739" lon="174.9051869">
                <ele>60</ele>
            </trkpt>
            <trkpt lat="-37.013185" lon="174.905557">
                <ele>64</ele>
            </trkpt>
            <trkpt lat="-37.0135212" lon="174.905726">
                <ele>65.2</ele>
            </trkpt>
            <trkpt lat="-37.0135341" lon="174.9057314">
                <ele>65.3</ele>
            </trkpt>
            <trkpt lat="-37.0139474" lon="174.9059567">
                <ele>67.8</ele>
            </trkpt>
            <trkpt lat="-37.014515" lon="174.9062571">
                <ele>71</ele>
            </trkpt>
            <trkpt lat="-37.0147185" lon="174.9063644">
                <ele>71</ele>
            </trkpt>
            <trkpt lat="-37.0149519" lon="174.9064904">
                <ele>70.9</ele>
            </trkpt>
            <trkpt lat="-37.015301" lon="174.9066916">
                <ele>70.8</ele>
            </trkpt>
            <trkpt lat="-37.0155259" lon="174.9068338">
                <ele>70.8</ele>
            </trkpt>
            <trkpt lat="-37.0182693" lon="174.9086308">
                <ele>53</ele>
            </trkpt>
            <trkpt lat="-37.0188797" lon="174.9090305">
                <ele>49.5</ele>
            </trkpt>
            <trkpt lat="-37.0194943" lon="174.9094328">
                <ele>45.5</ele>
            </trkpt>
            <trkpt lat="-37.0201817" lon="174.9097574">
                <ele>41.8</ele>
            </trkpt>
            <trkpt lat="-37.0205286" lon="174.9098808">
                <ele>39.2</ele>
            </trkpt>
            <trkpt lat="-37.0209655" lon="174.90998">
                <ele>37.5</ele>
            </trkpt>
            <trkpt lat="-37.0213767" lon="174.910031">
                <ele>35.8</ele>
            </trkpt>
            <trkpt lat="-37.0217022" lon="174.9100471">
                <ele>35</ele>
            </trkpt>
            <trkpt lat="-37.0257923" lon="174.9101222">
                <ele>25.8</ele>
            </trkpt>
            <trkpt lat="-37.0286039" lon="174.9101087">
                <ele>21.5</ele>
            </trkpt>
            <trkpt lat="-37.028863" lon="174.9101087">
                <ele>21</ele>
            </trkpt>
            <trkpt lat="-37.0319528" lon="174.910157">
                <ele>21</ele>
            </trkpt>
            <trkpt lat="-37.0323233" lon="174.910157">
                <ele>14</ele>
            </trkpt>
            <trkpt lat="-37.0327023" lon="174.9101597">
                <ele>14.2</ele>
            </trkpt>
            <trkpt lat="-37.0341561" lon="174.9101973">
                <ele>14.2</ele>
            </trkpt>
            <trkpt lat="-37.0345308" lon="174.9101865">
                <ele>14</ele>
            </trkpt>
            <trkpt lat="-37.0360296" lon="174.9102107">
                <ele>14</ele>
            </trkpt>
            <trkpt lat="-37.0367511" lon="174.9102134">
                <ele>14</ele>
            </trkpt>
            <trkpt lat="-37.0390699" lon="174.9102294">
                <ele>10.8</ele>
            </trkpt>
            <trkpt lat="-37.0395238" lon="174.9102643">
                <ele>11.1</ele>
            </trkpt>
            <trkpt lat="-37.0397743" lon="174.9102965">
                <ele>11.3</ele>
            </trkpt>
            <trkpt lat="-37.0400612" lon="174.9103528">
                <ele>11.5</ele>
            </trkpt>
            <trkpt lat="-37.040408" lon="174.9104521">
                <ele>12.2</ele>
            </trkpt>
            <trkpt lat="-37.0406499" lon="174.9105352">
                <ele>13</ele>
            </trkpt>
            <trkpt lat="-37.0408919" lon="174.9106398">
                <ele>13.2</ele>
            </trkpt>
            <trkpt lat="-37.0412601" lon="174.9108356">
                <ele>14</ele>
            </trkpt>
            <trkpt lat="-37.0421229" lon="174.9113935">
                <ele>12.8</ele>
            </trkpt>
            <trkpt lat="-37.0431848" lon="174.9120775">
                <ele>14</ele>
            </trkpt>
            <trkpt lat="-37.0442402" lon="174.9127427">
                <ele>18</ele>
            </trkpt>
            <trkpt lat="-37.0444222" lon="174.9128687">
                <ele>18</ele>
            </trkpt>
            <trkpt lat="-37.0450259" lon="174.9133086">
                <ele>17.5</ele>
            </trkpt>
            <trkpt lat="-37.0469955" lon="174.9146497">
                <ele>15.8</ele>
            </trkpt>
            <trkpt lat="-37.0493011" lon="174.9162">
                <ele>12</ele>
            </trkpt>
            <trkpt lat="-37.0508574" lon="174.9172568">
                <ele>11</ele>
            </trkpt>
            <trkpt lat="-37.0514289" lon="174.9176458">
                <ele>7.2</ele>
            </trkpt>
            <trkpt lat="-37.0518164" lon="174.9179086">
                <ele>7.2</ele>
            </trkpt>
            <trkpt lat="-37.0520797" lon="174.918091">
                <ele>3</ele>
            </trkpt>
            <trkpt lat="-37.053531" lon="174.91907">
                <ele>7</ele>
            </trkpt>
            <trkpt lat="-37.0539206" lon="174.9193329">
                <ele>9.5</ele>
            </trkpt>
            <trkpt lat="-37.0563544" lon="174.9209851">
                <ele>6.5</ele>
            </trkpt>
            <trkpt lat="-37.0575274" lon="174.9217817">
                <ele>4</ele>
            </trkpt>
            <trkpt lat="-37.0593661" lon="174.9230209">
                <ele>4</ele>
            </trkpt>
            <trkpt lat="-37.0594688" lon="174.9230853">
                <ele>1</ele>
            </trkpt>
            <trkpt lat="-37.0600446" lon="174.9234447">
                <ele>3.2</ele>
            </trkpt>
            <trkpt lat="-37.0606396" lon="174.9237961">
                <ele>7.8</ele>
            </trkpt>
            <trkpt lat="-37.0615407" lon="174.9242708">
                <ele>10.2</ele>
            </trkpt>
            <trkpt lat="-37.0617804" lon="174.9243915">
                <ele>10.8</ele>
            </trkpt>
            <trkpt lat="-37.0620394" lon="174.9245149">
                <ele>11.4</ele>
            </trkpt>
            <trkpt lat="-37.0637217" lon="174.9251962">
                <ele>15</ele>
            </trkpt>
            <trkpt lat="-37.0657978" lon="174.9260089">
                <ele>17.5</ele>
            </trkpt>
            <trkpt lat="-37.0665233" lon="174.9262878">
                <ele>20</ele>
            </trkpt>
            <trkpt lat="-37.0672232" lon="174.9265587">
                <ele>22</ele>
            </trkpt>
            <trkpt lat="-37.0686164" lon="174.9271005">
                <ele>24.5</ele>
            </trkpt>
            <trkpt lat="-37.0707052" lon="174.9279267">
                <ele>26</ele>
            </trkpt>
            <trkpt lat="-37.071741" lon="174.9283424">
                <ele>24</ele>
            </trkpt>
            <trkpt lat="-37.0734467" lon="174.9290049">
                <ele>23.5</ele>
            </trkpt>
            <trkpt lat="-37.0736928" lon="174.9290988">
                <ele>23.5</ele>
            </trkpt>
            <trkpt lat="-37.0753662" lon="174.9297667">
                <ele>23</ele>
            </trkpt>
            <trkpt lat="-37.0756059" lon="174.9298632">
                <ele>22.7</ele>
            </trkpt>
            <trkpt lat="-37.0763014" lon="174.9301341">
                <ele>22</ele>
            </trkpt>
            <trkpt lat="-37.0768664" lon="174.9303648">
                <ele>22.5</ele>
            </trkpt>
            <trkpt lat="-37.0775255" lon="174.9306679">
                <ele>23</ele>
            </trkpt>
            <trkpt lat="-37.0775576" lon="174.930684">
                <ele>23</ele>
            </trkpt>
            <trkpt lat="-37.0781717" lon="174.9310032">
                <ele>22</ele>
            </trkpt>
            <trkpt lat="-37.0788522" lon="174.9313867">
                <ele>22.1</ele>
            </trkpt>
            <trkpt lat="-37.0794086" lon="174.9317434">
                <ele>22.2</ele>
            </trkpt>
            <trkpt lat="-37.0798751" lon="174.932068">
                <ele>23</ele>
            </trkpt>
            <trkpt lat="-37.0807182" lon="174.9326983">
                <ele>23.1</ele>
            </trkpt>
            <trkpt lat="-37.0817624" lon="174.9335727">
                <ele>23.2</ele>
            </trkpt>
            <trkpt lat="-37.0832666" lon="174.9348226">
                <ele>24</ele>
            </trkpt>
            <trkpt lat="-37.0844927" lon="174.9358499">
                <ele>25</ele>
            </trkpt>
            <trkpt lat="-37.0885089" lon="174.9392214">
                <ele>11.8</ele>
            </trkpt>
            <trkpt lat="-37.0906699" lon="174.9410212">
                <ele>16.5</ele>
            </trkpt>
            <trkpt lat="-37.091699" lon="174.9418849">
                <ele>15</ele>
            </trkpt>
            <trkpt lat="-37.0921525" lon="174.9422523">
                <ele>14.2</ele>
            </trkpt>
            <trkpt lat="-37.0924692" lon="174.9425098">
                <ele>13</ele>
            </trkpt>
            <trkpt lat="-37.0927045" lon="174.9426734">
                <ele>12</ele>
            </trkpt>
            <trkpt lat="-37.0931709" lon="174.9429846">
                <ele>10.5</ele>
            </trkpt>
            <trkpt lat="-37.093571" lon="174.943226">
                <ele>9.8</ele>
            </trkpt>
            <trkpt lat="-37.0939668" lon="174.9434486">
                <ele>9.5</ele>
            </trkpt>
            <trkpt lat="-37.0943969" lon="174.9436712">
                <ele>7.8</ele>
            </trkpt>
            <trkpt lat="-37.0949339" lon="174.9439207">
                <ele>7.8</ele>
            </trkpt>
            <trkpt lat="-37.0951628" lon="174.9440119">
                <ele>7.8</ele>
            </trkpt>
            <trkpt lat="-37.0954537" lon="174.9441272">
                <ele>8</ele>
            </trkpt>
            <trkpt lat="-37.0957169" lon="174.9442264">
                <ele>7.6</ele>
            </trkpt>
            <trkpt lat="-37.0959843" lon="174.9443069">
                <ele>7.2</ele>
            </trkpt>
            <trkpt lat="-37.0962731" lon="174.9443927">
                <ele>7</ele>
            </trkpt>
            <trkpt lat="-37.0972316" lon="174.9446207">
                <ele>6.2</ele>
            </trkpt>
            <trkpt lat="-37.0985387" lon="174.9448004">
                <ele>7</ele>
            </trkpt>
            <trkpt lat="-37.102214" lon="174.9452752">
                <ele>8.2</ele>
            </trkpt>
            <trkpt lat="-37.1028408" lon="174.9453637">
                <ele>9</ele>
            </trkpt>
            <trkpt lat="-37.1034547" lon="174.9454898">
                <ele>9</ele>
            </trkpt>
            <trkpt lat="-37.1037007" lon="174.9455488">
                <ele>9</ele>
            </trkpt>
            <trkpt lat="-37.1040794" lon="174.9456427">
                <ele>10</ele>
            </trkpt>
            <trkpt lat="-37.1045906" lon="174.9457768">
                <ele>11</ele>
            </trkpt>
            <trkpt lat="-37.105027" lon="174.9458867">
                <ele>12.2</ele>
            </trkpt>
            <trkpt lat="-37.1055083" lon="174.9459672">
                <ele>12.2</ele>
            </trkpt>
            <trkpt lat="-37.1072389" lon="174.9461898">
                <ele>12</ele>
            </trkpt>
            <trkpt lat="-37.1073052" lon="174.9461979">
                <ele>12</ele>
            </trkpt>
            <trkpt lat="-37.1078485" lon="174.9462676">
                <ele>13</ele>
            </trkpt>
            <trkpt lat="-37.1082399" lon="174.9463212">
                <ele>13.8</ele>
            </trkpt>
            <trkpt lat="-37.1086827" lon="174.9464339">
                <ele>15</ele>
            </trkpt>
            <trkpt lat="-37.1091234" lon="174.9465868">
                <ele>15</ele>
            </trkpt>
            <trkpt lat="-37.1094421" lon="174.9466833">
                <ele>15</ele>
            </trkpt>
            <trkpt lat="-37.1101373" lon="174.946906">
                <ele>16</ele>
            </trkpt>
            <trkpt lat="-37.1112838" lon="174.9472761">
                <ele>16</ele>
            </trkpt>
            <trkpt lat="-37.1126741" lon="174.9477857">
                <ele>16.5</ele>
            </trkpt>
            <trkpt lat="-37.1134377" lon="174.9480942">
                <ele>16.8</ele>
            </trkpt>
            <trkpt lat="-37.1140537" lon="174.9483785">
                <ele>17</ele>
            </trkpt>
            <trkpt lat="-37.1143938" lon="174.9485394">
                <ele>18.2</ele>
            </trkpt>
            <trkpt lat="-37.1147445" lon="174.9487272">
                <ele>18</ele>
            </trkpt>
            <trkpt lat="-37.1150632" lon="174.9489149">
                <ele>17.7</ele>
            </trkpt>
            <trkpt lat="-37.1153605" lon="174.9491081">
                <ele>17.5</ele>
            </trkpt>
            <trkpt lat="-37.1157263" lon="174.9493816">
                <ele>17</ele>
            </trkpt>
            <trkpt lat="-37.1160578" lon="174.9496794">
                <ele>16.6</ele>
            </trkpt>
            <trkpt lat="-37.1164021" lon="174.9500039">
                <ele>16.2</ele>
            </trkpt>
            <trkpt lat="-37.1166887" lon="174.9503124">
                <ele>15.8</ele>
            </trkpt>
            <trkpt lat="-37.116924" lon="174.9506047">
                <ele>14.8</ele>
            </trkpt>
            <trkpt lat="-37.1171657" lon="174.9509427">
                <ele>15.3</ele>
            </trkpt>
            <trkpt lat="-37.1173432" lon="174.951219">
                <ele>15.8</ele>
            </trkpt>
            <trkpt lat="-37.1175357" lon="174.9515328">
                <ele>17.2</ele>
            </trkpt>
            <trkpt lat="-37.1176918" lon="174.9518171">
                <ele>18</ele>
            </trkpt>
            <trkpt lat="-37.1178672" lon="174.952139">
                <ele>18</ele>
            </trkpt>
            <trkpt lat="-37.1181367" lon="174.95267">
                <ele>18.2</ele>
            </trkpt>
            <trkpt lat="-37.1185965" lon="174.9535659">
                <ele>18.5</ele>
            </trkpt>
            <trkpt lat="-37.1187462" lon="174.9538395">
                <ele>19</ele>
            </trkpt>
            <trkpt lat="-37.1189002" lon="174.9541184">
                <ele>19.8</ele>
            </trkpt>
            <trkpt lat="-37.1191334" lon="174.9544993">
                <ele>20</ele>
            </trkpt>
            <trkpt lat="-37.1194221" lon="174.9549124">
                <ele>21</ele>
            </trkpt>
            <trkpt lat="-37.1196852" lon="174.9552396">
                <ele>20.5</ele>
            </trkpt>
            <trkpt lat="-37.1200038" lon="174.9556124">
                <ele>20</ele>
            </trkpt>
            <trkpt lat="-37.1202904" lon="174.9558833">
                <ele>20.3</ele>
            </trkpt>
            <trkpt lat="-37.1205684" lon="174.9561515">
                <ele>20.6</ele>
            </trkpt>
            <trkpt lat="-37.1209791" lon="174.9564895">
                <ele>21</ele>
            </trkpt>
            <trkpt lat="-37.1214004" lon="174.9567819">
                <ele>22</ele>
            </trkpt>
            <trkpt lat="-37.1230172" lon="174.9576938">
                <ele>23</ele>
            </trkpt>
            <trkpt lat="-37.1260498" lon="174.9594104">
                <ele>23.6</ele>
            </trkpt>
            <trkpt lat="-37.1283144" lon="174.9607167">
                <ele>24</ele>
            </trkpt>
            <trkpt lat="-37.1315029" lon="174.9625728">
                <ele>27.2</ele>
            </trkpt>
            <trkpt lat="-37.1338658" lon="174.9639595">
                <ele>32</ele>
            </trkpt>
            <trkpt lat="-37.1365365" lon="174.9655581">
                <ele>31.8</ele>
            </trkpt>
            <trkpt lat="-37.1399662" lon="174.9676475">
                <ele>31.2</ele>
            </trkpt>
            <trkpt lat="-37.1406525" lon="174.9680686">
                <ele>33</ele>
            </trkpt>
            <trkpt lat="-37.1463248" lon="174.9715394">
                <ele>43</ele>
            </trkpt>
            <trkpt lat="-37.1476696" lon="174.9723655">
                <ele>41</ele>
            </trkpt>
            <trkpt lat="-37.1494654" lon="174.9734572">
                <ele>39</ele>
            </trkpt>
            <trkpt lat="-37.1553957" lon="174.9771023">
                <ele>49.8</ele>
            </trkpt>
            <trkpt lat="-37.1570909" lon="174.9781403">
                <ele>56</ele>
            </trkpt>
            <trkpt lat="-37.1588138" lon="174.9792534">
                <ele>61</ele>
            </trkpt>
            <trkpt lat="-37.1613319" lon="174.9810156">
                <ele>65</ele>
            </trkpt>
            <trkpt lat="-37.1645446" lon="174.9832767">
                <ele>86.2</ele>
            </trkpt>
            <trkpt lat="-37.1647989" lon="174.9834403">
                <ele>86.5</ele>
            </trkpt>
            <trkpt lat="-37.1651537" lon="174.9836549">
                <ele>88.5</ele>
            </trkpt>
            <trkpt lat="-37.1654915" lon="174.9838346">
                <ele>90.2</ele>
            </trkpt>
            <trkpt lat="-37.1658612" lon="174.9840117">
                <ele>92.8</ele>
            </trkpt>
            <trkpt lat="-37.1664747" lon="174.9842638">
                <ele>95.8</ele>
            </trkpt>
            <trkpt lat="-37.1669428" lon="174.9844328">
                <ele>97.2</ele>
            </trkpt>
            <trkpt lat="-37.1674173" lon="174.9845588">
                <ele>98.2</ele>
            </trkpt>
            <trkpt lat="-37.1678554" lon="174.9846607">
                <ele>99.8</ele>
            </trkpt>
            <trkpt lat="-37.1682209" lon="174.9847198">
                <ele>100.8</ele>
            </trkpt>
            <trkpt lat="-37.1689198" lon="174.9847949">
                <ele>101.5</ele>
            </trkpt>
            <trkpt lat="-37.1693494" lon="174.9848217">
                <ele>102.2</ele>
            </trkpt>
            <trkpt lat="-37.1698218" lon="174.9848109">
                <ele>102.5</ele>
            </trkpt>
            <trkpt lat="-37.1702086" lon="174.9847895">
                <ele>101.9</ele>
            </trkpt>
            <trkpt lat="-37.1706831" lon="174.9847332">
                <ele>101.2</ele>
            </trkpt>
            <trkpt lat="-37.1711576" lon="174.9846527">
                <ele>101.5</ele>
            </trkpt>
            <trkpt lat="-37.1716406" lon="174.9845481">
                <ele>102.5</ele>
            </trkpt>
            <trkpt lat="-37.1721279" lon="174.9844033">
                <ele>102</ele>
            </trkpt>
            <trkpt lat="-37.1726579" lon="174.9842262">
                <ele>103.2</ele>
            </trkpt>
            <trkpt lat="-37.173344" lon="174.9839124">
                <ele>105.8</ele>
            </trkpt>
            <trkpt lat="-37.1738633" lon="174.9836361">
                <ele>108</ele>
            </trkpt>
            <trkpt lat="-37.174652" lon="174.9831399">
                <ele>112.5</ele>
            </trkpt>
            <trkpt lat="-37.1758701" lon="174.9823406">
                <ele>112.5</ele>
            </trkpt>
            <trkpt lat="-37.1761394" lon="174.9821636">
                <ele>115</ele>
            </trkpt>
            <trkpt lat="-37.1769301" lon="174.9816701">
                <ele>117.8</ele>
            </trkpt>
            <trkpt lat="-37.1774815" lon="174.9814153">
                <ele>119.2</ele>
            </trkpt>
            <trkpt lat="-37.1777572" lon="174.9813107">
                <ele>120</ele>
            </trkpt>
            <trkpt lat="-37.1780308" lon="174.9812168">
                <ele>120.2</ele>
            </trkpt>
            <trkpt lat="-37.1783641" lon="174.9811149">
                <ele>121.5</ele>
            </trkpt>
            <trkpt lat="-37.1787296" lon="174.9810317">
                <ele>124</ele>
            </trkpt>
            <trkpt lat="-37.1799562" lon="174.9807903">
                <ele>132.2</ele>
            </trkpt>
            <trkpt lat="-37.1804777" lon="174.9806938">
                <ele>135.5</ele>
            </trkpt>
            <trkpt lat="-37.18092" lon="174.9806213">
                <ele>136.2</ele>
            </trkpt>
            <trkpt lat="-37.1812769" lon="174.9805731">
                <ele>137.2</ele>
            </trkpt>
            <trkpt lat="-37.1817428" lon="174.9805275">
                <ele>140</ele>
            </trkpt>
            <trkpt lat="-37.1823219" lon="174.9804845">
                <ele>146</ele>
            </trkpt>
            <trkpt lat="-37.1830826" lon="174.9804711">
                <ele>148</ele>
            </trkpt>
            <trkpt lat="-37.1834951" lon="174.9804765">
                <ele>150</ele>
            </trkpt>
            <trkpt lat="-37.1838733" lon="174.9804953">
                <ele>153.5</ele>
            </trkpt>
            <trkpt lat="-37.1844332" lon="174.9805409">
                <ele>157.5</ele>
            </trkpt>
            <trkpt lat="-37.185055" lon="174.980616">
                <ele>159.8</ele>
            </trkpt>
            <trkpt lat="-37.1856042" lon="174.9807045">
                <ele>160</ele>
            </trkpt>
            <trkpt lat="-37.1860358" lon="174.9807876">
                <ele>158.5</ele>
            </trkpt>
            <trkpt lat="-37.1865829" lon="174.9809191">
                <ele>157.5</ele>
            </trkpt>
            <trkpt lat="-37.1879825" lon="174.9812999">
                <ele>160.2</ele>
            </trkpt>
            <trkpt lat="-37.1888949" lon="174.981536">
                <ele>163.5</ele>
            </trkpt>
            <trkpt lat="-37.1895616" lon="174.9817345">
                <ele>165.2</ele>
            </trkpt>
            <trkpt lat="-37.1907175" lon="174.9820375">
                <ele>167.5</ele>
            </trkpt>
            <trkpt lat="-37.1910829" lon="174.9821395">
                <ele>168.5</ele>
            </trkpt>
            <trkpt lat="-37.1913992" lon="174.9822387">
                <ele>169.2</ele>
            </trkpt>
            <trkpt lat="-37.1919162" lon="174.9824238">
                <ele>170.8</ele>
            </trkpt>
            <trkpt lat="-37.1923158" lon="174.9826008">
                <ele>172</ele>
            </trkpt>
            <trkpt lat="-37.1926" lon="174.9827376">
                <ele>172</ele>
            </trkpt>
            <trkpt lat="-37.1930957" lon="174.9830031">
                <ele>171.7</ele>
            </trkpt>
            <trkpt lat="-37.1934418" lon="174.9832097">
                <ele>171.5</ele>
            </trkpt>
            <trkpt lat="-37.1938862" lon="174.9834833">
                <ele>171</ele>
            </trkpt>
            <trkpt lat="-37.1942836" lon="174.9838024">
                <ele>171.4</ele>
            </trkpt>
            <trkpt lat="-37.1945892" lon="174.9840465">
                <ele>171.7</ele>
            </trkpt>
            <trkpt lat="-37.1948904" lon="174.9843282">
                <ele>172</ele>
            </trkpt>
            <trkpt lat="-37.1952067" lon="174.9846232">
                <ele>173</ele>
            </trkpt>
            <trkpt lat="-37.1955677" lon="174.9850041">
                <ele>174.5</ele>
            </trkpt>
            <trkpt lat="-37.1959887" lon="174.9854949">
                <ele>176.2</ele>
            </trkpt>
            <trkpt lat="-37.1963369" lon="174.985916">
                <ele>177.8</ele>
            </trkpt>
            <trkpt lat="-37.1968347" lon="174.9865034">
                <ele>180</ele>
            </trkpt>
            <trkpt lat="-37.1975334" lon="174.9873644">
                <ele>182</ele>
            </trkpt>
            <trkpt lat="-37.1978838" lon="174.9877802">
                <ele>183.8</ele>
            </trkpt>
            <trkpt lat="-37.1981316" lon="174.9880403">
                <ele>184.8</ele>
            </trkpt>
            <trkpt lat="-37.1983858" lon="174.9882764">
                <ele>185.5</ele>
            </trkpt>
            <trkpt lat="-37.1986444" lon="174.9884829">
                <ele>186</ele>
            </trkpt>
            <trkpt lat="-37.1989734" lon="174.9887136">
                <ele>186.5</ele>
            </trkpt>
            <trkpt lat="-37.1992639" lon="174.9888584">
                <ele>185.8</ele>
            </trkpt>
            <trkpt lat="-37.1995481" lon="174.9889898">
                <ele>184.5</ele>
            </trkpt>
            <trkpt lat="-37.1998664" lon="174.9891078">
                <ele>183.5</ele>
            </trkpt>
            <trkpt lat="-37.2002339" lon="174.9891964">
                <ele>181.5</ele>
            </trkpt>
            <trkpt lat="-37.2008278" lon="174.9893171">
                <ele>179</ele>
            </trkpt>
            <trkpt lat="-37.2013363" lon="174.9894324">
                <ele>176.8</ele>
            </trkpt>
            <trkpt lat="-37.2016803" lon="174.9895263">
                <ele>175</ele>
            </trkpt>
            <trkpt lat="-37.2019858" lon="174.9896309">
                <ele>174</ele>
            </trkpt>
            <trkpt lat="-37.2022571" lon="174.9897382">
                <ele>173.2</ele>
            </trkpt>
            <trkpt lat="-37.2025626" lon="174.9898911">
                <ele>173.5</ele>
            </trkpt>
            <trkpt lat="-37.2029151" lon="174.990111">
                <ele>174</ele>
            </trkpt>
            <trkpt lat="-37.203195" lon="174.9903283">
                <ele>174.8</ele>
            </trkpt>
            <trkpt lat="-37.2034663" lon="174.990575">
                <ele>175.2</ele>
            </trkpt>
            <trkpt lat="-37.2037013" lon="174.9908164">
                <ele>177</ele>
            </trkpt>
            <trkpt lat="-37.2039427" lon="174.99109">
                <ele>179</ele>
            </trkpt>
            <trkpt lat="-37.2041307" lon="174.9913394">
                <ele>180.5</ele>
            </trkpt>
            <trkpt lat="-37.2043529" lon="174.9916372">
                <ele>181.5</ele>
            </trkpt>
            <trkpt lat="-37.2055727" lon="174.9932921">
                <ele>190.5</ele>
            </trkpt>
            <trkpt lat="-37.2059081" lon="174.99374">
                <ele>192.2</ele>
            </trkpt>
            <trkpt lat="-37.2061901" lon="174.9940941">
                <ele>193.5</ele>
            </trkpt>
            <trkpt lat="-37.2064999" lon="174.9944669">
                <ele>194.8</ele>
            </trkpt>
            <trkpt lat="-37.2068395" lon="174.9947941">
                <ele>196.5</ele>
            </trkpt>
            <trkpt lat="-37.2071365" lon="174.9950489">
                <ele>198</ele>
            </trkpt>
            <trkpt lat="-37.2075402" lon="174.9953493">
                <ele>197.5</ele>
            </trkpt>
            <trkpt lat="-37.2078201" lon="174.9955237">
                <ele>198.2</ele>
            </trkpt>
            <trkpt lat="-37.2081683" lon="174.9957168">
                <ele>200.2</ele>
            </trkpt>
            <trkpt lat="-37.2084738" lon="174.9958697">
                <ele>203</ele>
            </trkpt>
            <trkpt lat="-37.2087515" lon="174.9959823">
                <ele>205.8</ele>
            </trkpt>
            <trkpt lat="-37.2099734" lon="174.9963579">
                <ele>211.5</ele>
            </trkpt>
            <trkpt lat="-37.2105886" lon="174.99661">
                <ele>214.2</ele>
            </trkpt>
            <trkpt lat="-37.2109047" lon="174.9967656">
                <ele>215.2</ele>
            </trkpt>
            <trkpt lat="-37.2112102" lon="174.996956">
                <ele>216.5</ele>
            </trkpt>
            <trkpt lat="-37.2116887" lon="174.9973315">
                <ele>216.8</ele>
            </trkpt>
            <trkpt lat="-37.2118489" lon="174.9974871">
                <ele>216.4</ele>
            </trkpt>
            <trkpt lat="-37.2126179" lon="174.9982274">
                <ele>214.5</ele>
            </trkpt>
            <trkpt lat="-37.2128123" lon="174.9984151">
                <ele>214.3</ele>
            </trkpt>
            <trkpt lat="-37.2133762" lon="174.9989596">
                <ele>213.8</ele>
            </trkpt>
            <trkpt lat="-37.214017" lon="174.9994826">
                <ele>210</ele>
            </trkpt>
            <trkpt lat="-37.2149548" lon="175.000113">
                <ele>204.2</ele>
            </trkpt>
            <trkpt lat="-37.2156575" lon="175.0004643">
                <ele>198</ele>
            </trkpt>
            <trkpt lat="-37.2170096" lon="175.0009766">
                <ele>186</ele>
            </trkpt>
            <trkpt lat="-37.2171741" lon="175.0010061">
                <ele>184</ele>
            </trkpt>
            <trkpt lat="-37.2182292" lon="175.0012019">
                <ele>175.5</ele>
            </trkpt>
            <trkpt lat="-37.2184578" lon="175.0012422">
                <ele>174</ele>
            </trkpt>
            <trkpt lat="-37.2188529" lon="175.0013441">
                <ele>171.2</ele>
            </trkpt>
            <trkpt lat="-37.2193079" lon="175.0015345">
                <ele>167.8</ele>
            </trkpt>
            <trkpt lat="-37.2196923" lon="175.0017464">
                <ele>164.2</ele>
            </trkpt>
            <trkpt lat="-37.2201751" lon="175.0020951">
                <ele>160.2</ele>
            </trkpt>
            <trkpt lat="-37.2205211" lon="175.0024223">
                <ele>158</ele>
            </trkpt>
            <trkpt lat="-37.2209547" lon="175.00294">
                <ele>155.2</ele>
            </trkpt>
            <trkpt lat="-37.2215847" lon="175.0037983">
                <ele>151.5</ele>
            </trkpt>
            <trkpt lat="-37.2219735" lon="175.0042757">
                <ele>148</ele>
            </trkpt>
            <trkpt lat="-37.2226313" lon="175.0049382">
                <ele>142.2</ele>
            </trkpt>
            <trkpt lat="-37.2233831" lon="175.0057536">
                <ele>138.2</ele>
            </trkpt>
            <trkpt lat="-37.2236522" lon="175.0060621">
                <ele>135</ele>
            </trkpt>
            <trkpt lat="-37.2238743" lon="175.006384">
                <ele>131.2</ele>
            </trkpt>
            <trkpt lat="-37.2241712" lon="175.0068802">
                <ele>126.5</ele>
            </trkpt>
            <trkpt lat="-37.2244617" lon="175.0074273">
                <ele>122</ele>
            </trkpt>
            <trkpt lat="-37.2252903" lon="175.0089052">
                <ele>114</ele>
            </trkpt>
            <trkpt lat="-37.2258243" lon="175.009785">
                <ele>105.2</ele>
            </trkpt>
            <trkpt lat="-37.2263155" lon="175.010528">
                <ele>101</ele>
            </trkpt>
            <trkpt lat="-37.2269199" lon="175.0114158">
                <ele>97.2</ele>
            </trkpt>
            <trkpt lat="-37.2277315" lon="175.012604">
                <ele>86</ele>
            </trkpt>
            <trkpt lat="-37.22796" lon="175.0129339">
                <ele>82</ele>
            </trkpt>
            <trkpt lat="-37.2291538" lon="175.0147015">
                <ele>71</ele>
            </trkpt>
            <trkpt lat="-37.2293161" lon="175.0149858">
                <ele>69.5</ele>
            </trkpt>
            <trkpt lat="-37.2295083" lon="175.0153533">
                <ele>68</ele>
            </trkpt>
            <trkpt lat="-37.2295809" lon="175.0155088">
                <ele>67</ele>
            </trkpt>
            <trkpt lat="-37.2296407" lon="175.0156832">
                <ele>66.2</ele>
            </trkpt>
            <trkpt lat="-37.2296941" lon="175.0158548">
                <ele>65.5</ele>
            </trkpt>
            <trkpt lat="-37.2297347" lon="175.015997">
                <ele>64.5</ele>
            </trkpt>
            <trkpt lat="-37.2297689" lon="175.0162062">
                <ele>63.5</ele>
            </trkpt>
            <trkpt lat="-37.2297966" lon="175.016402">
                <ele>62.8</ele>
            </trkpt>
            <trkpt lat="-37.2298094" lon="175.0165898">
                <ele>62.5</ele>
            </trkpt>
            <trkpt lat="-37.2298116" lon="175.0167561">
                <ele>62.6</ele>
            </trkpt>
            <trkpt lat="-37.2297988" lon="175.0169304">
                <ele>62.6</ele>
            </trkpt>
            <trkpt lat="-37.2297817" lon="175.0171047">
                <ele>62.7</ele>
            </trkpt>
            <trkpt lat="-37.2297475" lon="175.0172737">
                <ele>62.8</ele>
            </trkpt>
            <trkpt lat="-37.2297261" lon="175.0173917">
                <ele>62.6</ele>
            </trkpt>
            <trkpt lat="-37.229677" lon="175.0175714">
                <ele>62.2</ele>
            </trkpt>
            <trkpt lat="-37.2295574" lon="175.017955">
                <ele>61.2</ele>
            </trkpt>
            <trkpt lat="-37.2291752" lon="175.0190976">
                <ele>55.5</ele>
            </trkpt>
            <trkpt lat="-37.2290726" lon="175.0194275">
                <ele>55</ele>
            </trkpt>
            <trkpt lat="-37.2289744" lon="175.0197896">
                <ele>55.8</ele>
            </trkpt>
            <trkpt lat="-37.2289082" lon="175.0200927">
                <ele>56</ele>
            </trkpt>
            <trkpt lat="-37.2284063" lon="175.0215733">
                <ele>59.2</ele>
            </trkpt>
            <trkpt lat="-37.2271869" lon="175.0251997">
                <ele>69</ele>
            </trkpt>
            <trkpt lat="-37.2269861" lon="175.0258353">
                <ele>68.5</ele>
            </trkpt>
            <trkpt lat="-37.2268836" lon="175.026243">
                <ele>67</ele>
            </trkpt>
            <trkpt lat="-37.226811" lon="175.0266132">
                <ele>65.5</ele>
            </trkpt>
            <trkpt lat="-37.2267704" lon="175.026868">
                <ele>64.8</ele>
            </trkpt>
            <trkpt lat="-37.226702" lon="175.0274527">
                <ele>62.8</ele>
            </trkpt>
            <trkpt lat="-37.2266764" lon="175.0279784">
                <ele>59.5</ele>
            </trkpt>
            <trkpt lat="-37.2266764" lon="175.0283915">
                <ele>56.5</ele>
            </trkpt>
            <trkpt lat="-37.2266956" lon="175.0287858">
                <ele>53.8</ele>
            </trkpt>
            <trkpt lat="-37.2267576" lon="175.0297916">
                <ele>44.8</ele>
            </trkpt>
            <trkpt lat="-37.2267853" lon="175.0301725">
                <ele>42.2</ele>
            </trkpt>
            <trkpt lat="-37.2268046" lon="175.0306499">
                <ele>40.8</ele>
            </trkpt>
            <trkpt lat="-37.2268024" lon="175.0308484">
                <ele>40.2</ele>
            </trkpt>
            <trkpt lat="-37.2267832" lon="175.0313741">
                <ele>40</ele>
            </trkpt>
            <trkpt lat="-37.2267362" lon="175.0318193">
                <ele>40.2</ele>
            </trkpt>
            <trkpt lat="-37.2266999" lon="175.0320742">
                <ele>40.1</ele>
            </trkpt>
            <trkpt lat="-37.2266721" lon="175.0322297">
                <ele>40</ele>
            </trkpt>
            <trkpt lat="-37.226591" lon="175.0326025">
                <ele>39.8</ele>
            </trkpt>
            <trkpt lat="-37.2264564" lon="175.0331149">
                <ele>40</ele>
            </trkpt>
            <trkpt lat="-37.2263155" lon="175.0336057">
                <ele>40.5</ele>
            </trkpt>
            <trkpt lat="-37.2261468" lon="175.0341448">
                <ele>40.8</ele>
            </trkpt>
            <trkpt lat="-37.2258691" lon="175.0350219">
                <ele>39.8</ele>
            </trkpt>
            <trkpt lat="-37.2256342" lon="175.0357783">
                <ele>39</ele>
            </trkpt>
            <trkpt lat="-37.2252626" lon="175.0369987">
                <ele>35</ele>
            </trkpt>
            <trkpt lat="-37.2250212" lon="175.0378248">
                <ele>33.5</ele>
            </trkpt>
            <trkpt lat="-37.2236757" lon="175.042001">
                <ele>29.5</ele>
            </trkpt>
            <trkpt lat="-37.2232784" lon="175.0432885">
                <ele>21</ele>
            </trkpt>
            <trkpt lat="-37.2230691" lon="175.043841">
                <ele>18.2</ele>
            </trkpt>
            <trkpt lat="-37.2228491" lon="175.0442246">
                <ele>16.2</ele>
            </trkpt>
            <trkpt lat="-37.2226292" lon="175.0445169">
                <ele>14.5</ele>
            </trkpt>
            <trkpt lat="-37.2222511" lon="175.0448388">
                <ele>12.5</ele>
            </trkpt>
            <trkpt lat="-37.2218474" lon="175.0450855">
                <ele>12.8</ele>
            </trkpt>
            <trkpt lat="-37.2210486" lon="175.0453672">
                <ele>13</ele>
            </trkpt>
            <trkpt lat="-37.2199038" lon="175.0457266">
                <ele>16.2</ele>
            </trkpt>
            <trkpt lat="-37.2197073" lon="175.0458044">
                <ele>17</ele>
            </trkpt>
            <trkpt lat="-37.2195279" lon="175.0458848">
                <ele>17.8</ele>
            </trkpt>
            <trkpt lat="-37.2193762" lon="175.0459653">
                <ele>18.2</ele>
            </trkpt>
            <trkpt lat="-37.2192267" lon="175.0460592">
                <ele>18.8</ele>
            </trkpt>
            <trkpt lat="-37.2190836" lon="175.0461799">
                <ele>19.5</ele>
            </trkpt>
            <trkpt lat="-37.2189021" lon="175.0463381">
                <ele>19.8</ele>
            </trkpt>
            <trkpt lat="-37.2187611" lon="175.0464857">
                <ele>19.5</ele>
            </trkpt>
            <trkpt lat="-37.2186201" lon="175.0466546">
                <ele>19.2</ele>
            </trkpt>
            <trkpt lat="-37.2184898" lon="175.0468263">
                <ele>18.5</ele>
            </trkpt>
            <trkpt lat="-37.2183809" lon="175.047006">
                <ele>17.5</ele>
            </trkpt>
            <trkpt lat="-37.218289" lon="175.0471911">
                <ele>16.2</ele>
            </trkpt>
            <trkpt lat="-37.2182057" lon="175.0473762">
                <ele>15</ele>
            </trkpt>
            <trkpt lat="-37.2181353" lon="175.0475693">
                <ele>14.2</ele>
            </trkpt>
            <trkpt lat="-37.2180712" lon="175.0477812">
                <ele>13.5</ele>
            </trkpt>
            <trkpt lat="-37.2180156" lon="175.0479931">
                <ele>13.2</ele>
            </trkpt>
            <trkpt lat="-37.2179537" lon="175.0482747">
                <ele>14.2</ele>
            </trkpt>
            <trkpt lat="-37.2175329" lon="175.0504687">
                <ele>16.8</ele>
            </trkpt>
            <trkpt lat="-37.2172894" lon="175.0519896">
                <ele>16.2</ele>
            </trkpt>
            <trkpt lat="-37.2168409" lon="175.0544706">
                <ele>18</ele>
            </trkpt>
            <trkpt lat="-37.216655" lon="175.0554764">
                <ele>20.2</ele>
            </trkpt>
            <trkpt lat="-37.2165653" lon="175.0559807">
                <ele>20</ele>
            </trkpt>
            <trkpt lat="-37.2161979" lon="175.0579226">
                <ele>18</ele>
            </trkpt>
            <trkpt lat="-37.2155208" lon="175.0616509">
                <ele>19.2</ele>
            </trkpt>
            <trkpt lat="-37.2144827" lon="175.0678468">
                <ele>20</ele>
            </trkpt>
            <trkpt lat="-37.2143908" lon="175.0683859">
                <ele>21</ele>
            </trkpt>
            <trkpt lat="-37.214346" lon="175.0686327">
                <ele>22</ele>
            </trkpt>
            <trkpt lat="-37.2142905" lon="175.0688365">
                <ele>22.8</ele>
            </trkpt>
            <trkpt lat="-37.2142071" lon="175.069153">
                <ele>22.5</ele>
            </trkpt>
            <trkpt lat="-37.2141345" lon="175.0693837">
                <ele>22.2</ele>
            </trkpt>
            <trkpt lat="-37.2119493" lon="175.0759497">
                <ele>18</ele>
            </trkpt>
            <trkpt lat="-37.2118788" lon="175.0761831">
                <ele>17.8</ele>
            </trkpt>
            <trkpt lat="-37.2118105" lon="175.0764245">
                <ele>17.5</ele>
            </trkpt>
            <trkpt lat="-37.2117442" lon="175.0766605">
                <ele>16.8</ele>
            </trkpt>
            <trkpt lat="-37.2116823" lon="175.0769287">
                <ele>15.5</ele>
            </trkpt>
            <trkpt lat="-37.2116332" lon="175.0771916">
                <ele>15</ele>
            </trkpt>
            <trkpt lat="-37.2115904" lon="175.0774544">
                <ele>15.1</ele>
            </trkpt>
            <trkpt lat="-37.2115563" lon="175.07772">
                <ele>15.2</ele>
            </trkpt>
            <trkpt lat="-37.2115306" lon="175.0779667">
                <ele>16.2</ele>
            </trkpt>
            <trkpt lat="-37.2115114" lon="175.078235">
                <ele>15.7</ele>
            </trkpt>
            <trkpt lat="-37.2115029" lon="175.0784925">
                <ele>15.2</ele>
            </trkpt>
            <trkpt lat="-37.211505" lon="175.0787687">
                <ele>14.8</ele>
            </trkpt>
            <trkpt lat="-37.2115135" lon="175.0790101">
                <ele>14.2</ele>
            </trkpt>
            <trkpt lat="-37.2115263" lon="175.0792757">
                <ele>13.8</ele>
            </trkpt>
            <trkpt lat="-37.2115477" lon="175.0795332">
                <ele>14</ele>
            </trkpt>
            <trkpt lat="-37.2115819" lon="175.0798094">
                <ele>13.9</ele>
            </trkpt>
            <trkpt lat="-37.2116203" lon="175.0800642">
                <ele>13.8</ele>
            </trkpt>
            <trkpt lat="-37.2116673" lon="175.0803244">
                <ele>13.5</ele>
            </trkpt>
            <trkpt lat="-37.211725" lon="175.0805873">
                <ele>13.8</ele>
            </trkpt>
            <trkpt lat="-37.211787" lon="175.0808394">
                <ele>14</ele>
            </trkpt>
            <trkpt lat="-37.211866" lon="175.0810996">
                <ele>14.3</ele>
            </trkpt>
            <trkpt lat="-37.211945" lon="175.0813463">
                <ele>14.5</ele>
            </trkpt>
            <trkpt lat="-37.2120497" lon="175.0816119">
                <ele>14.2</ele>
            </trkpt>
            <trkpt lat="-37.2121608" lon="175.0818989">
                <ele>13.8</ele>
            </trkpt>
            <trkpt lat="-37.2129661" lon="175.0836343">
                <ele>13.2</ele>
            </trkpt>
            <trkpt lat="-37.2130793" lon="175.0838864">
                <ele>13.2</ele>
            </trkpt>
            <trkpt lat="-37.2134232" lon="175.0844792">
                <ele>13</ele>
            </trkpt>
            <trkpt lat="-37.2142755" lon="175.0857183">
                <ele>12.2</ele>
            </trkpt>
            <trkpt lat="-37.2145361" lon="175.0861448">
                <ele>12</ele>
            </trkpt>
            <trkpt lat="-37.2147283" lon="175.0865203">
                <ele>10.2</ele>
            </trkpt>
            <trkpt lat="-37.2148821" lon="175.0869092">
                <ele>10</ele>
            </trkpt>
            <trkpt lat="-37.2155657" lon="175.0889263">
                <ele>15.5</ele>
            </trkpt>
            <trkpt lat="-37.2158818" lon="175.0900474">
                <ele>16</ele>
            </trkpt>
            <trkpt lat="-37.2161338" lon="175.0911525">
                <ele>17.5</ele>
            </trkpt>
            <trkpt lat="-37.2164094" lon="175.093073">
                <ele>17.5</ele>
            </trkpt>
            <trkpt lat="-37.2164457" lon="175.0933224">
                <ele>11</ele>
            </trkpt>
            <trkpt lat="-37.2166743" lon="175.0949961">
                <ele>10</ele>
            </trkpt>
            <trkpt lat="-37.216811" lon="175.0960019">
                <ele>10.7</ele>
            </trkpt>
            <trkpt lat="-37.2170032" lon="175.0973752">
                <ele>11.8</ele>
            </trkpt>
            <trkpt lat="-37.2170865" lon="175.0979519">
                <ele>11</ele>
            </trkpt>
            <trkpt lat="-37.2172296" lon="175.0990006">
                <ele>11</ele>
            </trkpt>
            <trkpt lat="-37.2174005" lon="175.1002532">
                <ele>11.5</ele>
            </trkpt>
            <trkpt lat="-37.2175329" lon="175.1012537">
                <ele>11.2</ele>
            </trkpt>
            <trkpt lat="-37.2176013" lon="175.1017338">
                <ele>10.8</ele>
            </trkpt>
            <trkpt lat="-37.2176397" lon="175.1021683">
                <ele>11.2</ele>
            </trkpt>
            <trkpt lat="-37.2176568" lon="175.1024714">
                <ele>11</ele>
            </trkpt>
            <trkpt lat="-37.2176995" lon="175.1030937">
                <ele>10</ele>
            </trkpt>
            <trkpt lat="-37.2177145" lon="175.1035041">
                <ele>10.2</ele>
            </trkpt>
            <trkpt lat="-37.2177187" lon="175.1039198">
                <ele>10.3</ele>
            </trkpt>
            <trkpt lat="-37.2177081" lon="175.1045099">
                <ele>10.5</ele>
            </trkpt>
            <trkpt lat="-37.2176952" lon="175.10499">
                <ele>10.7</ele>
            </trkpt>
            <trkpt lat="-37.2176675" lon="175.1057974">
                <ele>11</ele>
            </trkpt>
            <trkpt lat="-37.2176547" lon="175.1064813">
                <ele>11</ele>
            </trkpt>
            <trkpt lat="-37.2176782" lon="175.107109">
                <ele>11</ele>
            </trkpt>
            <trkpt lat="-37.2177081" lon="175.1077527">
                <ele>11</ele>
            </trkpt>
            <trkpt lat="-37.2177444" lon="175.108214">
                <ele>11.8</ele>
            </trkpt>
            <trkpt lat="-37.2177978" lon="175.1087531">
                <ele>12.8</ele>
            </trkpt>
            <trkpt lat="-37.2178768" lon="175.109362">
                <ele>13.5</ele>
            </trkpt>
            <trkpt lat="-37.2180285" lon="175.110231">
                <ele>14</ele>
            </trkpt>
            <trkpt lat="-37.2181694" lon="175.1108935">
                <ele>15.2</ele>
            </trkpt>
            <trkpt lat="-37.2182869" lon="175.1113978">
                <ele>16</ele>
            </trkpt>
            <trkpt lat="-37.2184514" lon="175.112012">
                <ele>18.2</ele>
            </trkpt>
            <trkpt lat="-37.2187525" lon="175.1130179">
                <ele>23.5</ele>
            </trkpt>
            <trkpt lat="-37.219105" lon="175.1140639">
                <ele>25.8</ele>
            </trkpt>
            <trkpt lat="-37.2195129" lon="175.1153111">
                <ele>26.8</ele>
            </trkpt>
            <trkpt lat="-37.2197671" lon="175.1160917">
                <ele>29</ele>
            </trkpt>
            <trkpt lat="-37.2201473" lon="175.1173148">
                <ele>29.5</ele>
            </trkpt>
            <trkpt lat="-37.2203587" lon="175.1180899">
                <ele>27</ele>
            </trkpt>
            <trkpt lat="-37.2205339" lon="175.1188463">
                <ele>26</ele>
            </trkpt>
            <trkpt lat="-37.2206022" lon="175.1192218">
                <ele>26</ele>
            </trkpt>
            <trkpt lat="-37.2207112" lon="175.1199272">
                <ele>25</ele>
            </trkpt>
            <trkpt lat="-37.2207859" lon="175.1205495">
                <ele>24</ele>
            </trkpt>
            <trkpt lat="-37.2208799" lon="175.1214775">
                <ele>20</ele>
            </trkpt>
            <trkpt lat="-37.2209354" lon="175.1221642">
                <ele>14.8</ele>
            </trkpt>
            <trkpt lat="-37.2209525" lon="175.1226926">
                <ele>12</ele>
            </trkpt>
            <trkpt lat="-37.2209547" lon="175.1231888">
                <ele>10.8</ele>
            </trkpt>
            <trkpt lat="-37.2209397" lon="175.123854">
                <ele>12</ele>
            </trkpt>
            <trkpt lat="-37.2208991" lon="175.1253399">
                <ele>11.8</ele>
            </trkpt>
            <trkpt lat="-37.2208692" lon="175.1269305">
                <ele>13.2</ele>
            </trkpt>
            <trkpt lat="-37.2208329" lon="175.1282233">
                <ele>13</ele>
            </trkpt>
            <trkpt lat="-37.2208051" lon="175.1291701">
                <ele>14</ele>
            </trkpt>
            <trkpt lat="-37.220756" lon="175.1311442">
                <ele>17.8</ele>
            </trkpt>
            <trkpt lat="-37.2207453" lon="175.1323915">
                <ele>19</ele>
            </trkpt>
            <trkpt lat="-37.2207774" lon="175.1338479">
                <ele>20</ele>
            </trkpt>
            <trkpt lat="-37.2208244" lon="175.1354223">
                <ele>23.5</ele>
            </trkpt>
            <trkpt lat="-37.2208906" lon="175.1368037">
                <ele>23.8</ele>
            </trkpt>
            <trkpt lat="-37.2209675" lon="175.1377639">
                <ele>24.8</ele>
            </trkpt>
            <trkpt lat="-37.2211084" lon="175.138759">
                <ele>22</ele>
            </trkpt>
            <trkpt lat="-37.2213477" lon="175.1398936">
                <ele>18</ele>
            </trkpt>
            <trkpt lat="-37.2216189" lon="175.1409665">
                <ele>17.8</ele>
            </trkpt>
            <trkpt lat="-37.2219905" lon="175.1421332">
                <ele>17.5</ele>
            </trkpt>
            <trkpt lat="-37.2224775" lon="175.1434556">
                <ele>21.2</ele>
            </trkpt>
            <trkpt lat="-37.2233041" lon="175.1456496">
                <ele>21</ele>
            </trkpt>
            <trkpt lat="-37.2241926" lon="175.14801">
                <ele>18</ele>
            </trkpt>
            <trkpt lat="-37.2247543" lon="175.149571">
                <ele>25.5</ele>
            </trkpt>
            <trkpt lat="-37.2251707" lon="175.1507726">
                <ele>32</ele>
            </trkpt>
            <trkpt lat="-37.2256321" lon="175.1520333">
                <ele>36.5</ele>
            </trkpt>
            <trkpt lat="-37.226544" lon="175.1543722">
                <ele>36</ele>
            </trkpt>
            <trkpt lat="-37.2272701" lon="175.1563168">
                <ele>41</ele>
            </trkpt>
            <trkpt lat="-37.2275371" lon="175.1570436">
                <ele>40.2</ele>
            </trkpt>
            <trkpt lat="-37.227708" lon="175.1574808">
                <ele>39</ele>
            </trkpt>
            <trkpt lat="-37.2278831" lon="175.1578858">
                <ele>38.8</ele>
            </trkpt>
            <trkpt lat="-37.2280304" lon="175.1582158">
                <ele>39.2</ele>
            </trkpt>
            <trkpt lat="-37.2282248" lon="175.1586315">
                <ele>40.2</ele>
            </trkpt>
            <trkpt lat="-37.2284832" lon="175.159125">
                <ele>42</ele>
            </trkpt>
            <trkpt lat="-37.2288206" lon="175.1596963">
                <ele>43.2</ele>
            </trkpt>
            <trkpt lat="-37.2297923" lon="175.1612359">
                <ele>46</ele>
            </trkpt>
            <trkpt lat="-37.2299675" lon="175.1614612">
                <ele>45.6</ele>
            </trkpt>
            <trkpt lat="-37.2301896" lon="175.1617429">
                <ele>45</ele>
            </trkpt>
            <trkpt lat="-37.2306786" lon="175.1623464">
                <ele>46</ele>
            </trkpt>
            <trkpt lat="-37.2311655" lon="175.1629525">
                <ele>48</ele>
            </trkpt>
            <trkpt lat="-37.2318489" lon="175.1638108">
                <ele>45</ele>
            </trkpt>
            <trkpt lat="-37.2325665" lon="175.1646772">
                <ele>44</ele>
            </trkpt>
            <trkpt lat="-37.2337559" lon="175.1661739">
                <ele>35.5</ele>
            </trkpt>
            <trkpt lat="-37.2341702" lon="175.1666969">
                <ele>33.8</ele>
            </trkpt>
            <trkpt lat="-37.2344009" lon="175.1670054">
                <ele>33</ele>
            </trkpt>
            <trkpt lat="-37.2345845" lon="175.1673031">
                <ele>32.8</ele>
            </trkpt>
            <trkpt lat="-37.2347361" lon="175.1675606">
                <ele>33.2</ele>
            </trkpt>
            <trkpt lat="-37.2348899" lon="175.1678503">
                <ele>33</ele>
            </trkpt>
            <trkpt lat="-37.2353981" lon="175.1687756">
                <ele>32</ele>
            </trkpt>
            <trkpt lat="-37.2356437" lon="175.1692343">
                <ele>31.5</ele>
            </trkpt>
            <trkpt lat="-37.2358017" lon="175.169481">
                <ele>31.2</ele>
            </trkpt>
            <trkpt lat="-37.2359427" lon="175.169701">
                <ele>31.2</ele>
            </trkpt>
            <trkpt lat="-37.2360964" lon="175.1698968">
                <ele>31.1</ele>
            </trkpt>
            <trkpt lat="-37.2362609" lon="175.1700926">
                <ele>31</ele>
            </trkpt>
            <trkpt lat="-37.2364573" lon="175.1702884">
                <ele>30</ele>
            </trkpt>
            <trkpt lat="-37.2366516" lon="175.17046">
                <ele>29.2</ele>
            </trkpt>
            <trkpt lat="-37.2368759" lon="175.1706237">
                <ele>29</ele>
            </trkpt>
            <trkpt lat="-37.2371086" lon="175.1707792">
                <ele>28.5</ele>
            </trkpt>
            <trkpt lat="-37.2373499" lon="175.1709026">
                <ele>28</ele>
            </trkpt>
            <trkpt lat="-37.2376318" lon="175.171026">
                <ele>26.8</ele>
            </trkpt>
            <trkpt lat="-37.237871" lon="175.1710877">
                <ele>25.8</ele>
            </trkpt>
            <trkpt lat="-37.2381144" lon="175.1711467">
                <ele>25</ele>
            </trkpt>
            <trkpt lat="-37.2384133" lon="175.171195">
                <ele>24.5</ele>
            </trkpt>
            <trkpt lat="-37.2386995" lon="175.1712218">
                <ele>24</ele>
            </trkpt>
            <trkpt lat="-37.2400939" lon="175.1713425">
                <ele>25.2</ele>
            </trkpt>
            <trkpt lat="-37.2403885" lon="175.1713666">
                <ele>26</ele>
            </trkpt>
            <trkpt lat="-37.2406106" lon="175.1713935">
                <ele>27.2</ele>
            </trkpt>
            <trkpt lat="-37.24079" lon="175.171431">
                <ele>27.8</ele>
            </trkpt>
            <trkpt lat="-37.2409907" lon="175.17149">
                <ele>29</ele>
            </trkpt>
            <trkpt lat="-37.2412448" lon="175.1715893">
                <ele>30</ele>
            </trkpt>
            <trkpt lat="-37.2415694" lon="175.1717475">
                <ele>30.8</ele>
            </trkpt>
            <trkpt lat="-37.2418555" lon="175.1719245">
                <ele>30.2</ele>
            </trkpt>
            <trkpt lat="-37.2421245" lon="175.1721337">
                <ele>29</ele>
            </trkpt>
            <trkpt lat="-37.2423509" lon="175.172351">
                <ele>27</ele>
            </trkpt>
            <trkpt lat="-37.2425665" lon="175.1726139">
                <ele>24.5</ele>
            </trkpt>
            <trkpt lat="-37.2430982" lon="175.17333">
                <ele>20.2</ele>
            </trkpt>
            <trkpt lat="-37.2441765" lon="175.1748455">
                <ele>17.8</ele>
            </trkpt>
            <trkpt lat="-37.2443687" lon="175.1751432">
                <ele>17.5</ele>
            </trkpt>
            <trkpt lat="-37.2445672" lon="175.1754677">
                <ele>17.8</ele>
            </trkpt>
            <trkpt lat="-37.2446953" lon="175.1756743">
                <ele>18</ele>
            </trkpt>
            <trkpt lat="-37.2447957" lon="175.1758674">
                <ele>18.1</ele>
            </trkpt>
            <trkpt lat="-37.244911" lon="175.1760927">
                <ele>18.2</ele>
            </trkpt>
            <trkpt lat="-37.2450199" lon="175.176326">
                <ele>18</ele>
            </trkpt>
            <trkpt lat="-37.2451309" lon="175.1766157">
                <ele>17.8</ele>
            </trkpt>
            <trkpt lat="-37.245227" lon="175.176892">
                <ele>16.5</ele>
            </trkpt>
            <trkpt lat="-37.2453103" lon="175.1771629">
                <ele>16.2</ele>
            </trkpt>
            <trkpt lat="-37.2453807" lon="175.177407">
                <ele>15.5</ele>
            </trkpt>
            <trkpt lat="-37.245464" lon="175.1777342">
                <ele>15.6</ele>
            </trkpt>
            <trkpt lat="-37.2459273" lon="175.1796761">
                <ele>16.3</ele>
            </trkpt>
            <trkpt lat="-37.2468369" lon="175.1833776">
                <ele>17.5</ele>
            </trkpt>
            <trkpt lat="-37.2471913" lon="175.1848501">
                <ele>17.5</ele>
            </trkpt>
            <trkpt lat="-37.2472767" lon="175.1852095">
                <ele>18</ele>
            </trkpt>
            <trkpt lat="-37.2476098" lon="175.1865774">
                <ele>21</ele>
            </trkpt>
            <trkpt lat="-37.2477529" lon="175.1871353">
                <ele>24</ele>
            </trkpt>
            <trkpt lat="-37.2478169" lon="175.1874277">
                <ele>26</ele>
            </trkpt>
            <trkpt lat="-37.2478703" lon="175.187704">
                <ele>27</ele>
            </trkpt>
            <trkpt lat="-37.2479045" lon="175.1879025">
                <ele>27.8</ele>
            </trkpt>
            <trkpt lat="-37.2479365" lon="175.1881412">
                <ele>28.2</ele>
            </trkpt>
            <trkpt lat="-37.2479493" lon="175.188337">
                <ele>28.5</ele>
            </trkpt>
            <trkpt lat="-37.2479643" lon="175.1885381">
                <ele>29</ele>
            </trkpt>
            <trkpt lat="-37.2479643" lon="175.188742">
                <ele>29.8</ele>
            </trkpt>
            <trkpt lat="-37.2479621" lon="175.1888654">
                <ele>30.2</ele>
            </trkpt>
            <trkpt lat="-37.2479493" lon="175.1890665">
                <ele>30.4</ele>
            </trkpt>
            <trkpt lat="-37.2479237" lon="175.1892972">
                <ele>30.5</ele>
            </trkpt>
            <trkpt lat="-37.2478831" lon="175.1895198">
                <ele>31</ele>
            </trkpt>
            <trkpt lat="-37.2478383" lon="175.1897371">
                <ele>31.5</ele>
            </trkpt>
            <trkpt lat="-37.247787" lon="175.1899517">
                <ele>31.1</ele>
            </trkpt>
            <trkpt lat="-37.247723" lon="175.1901609">
                <ele>30.8</ele>
            </trkpt>
            <trkpt lat="-37.2476461" lon="175.1904023">
                <ele>32</ele>
            </trkpt>
            <trkpt lat="-37.2464675" lon="175.1939642">
                <ele>51</ele>
            </trkpt>
            <trkpt lat="-37.2463373" lon="175.1943961">
                <ele>51.5</ele>
            </trkpt>
            <trkpt lat="-37.2462754" lon="175.1946107">
                <ele>52</ele>
            </trkpt>
            <trkpt lat="-37.2462199" lon="175.1948225">
                <ele>52.5</ele>
            </trkpt>
            <trkpt lat="-37.2461793" lon="175.1950425">
                <ele>53.2</ele>
            </trkpt>
            <trkpt lat="-37.246143" lon="175.1952678">
                <ele>54</ele>
            </trkpt>
            <trkpt lat="-37.2461131" lon="175.1954904">
                <ele>54.8</ele>
            </trkpt>
            <trkpt lat="-37.2460917" lon="175.1957506">
                <ele>55</ele>
            </trkpt>
            <trkpt lat="-37.2460661" lon="175.1962844">
                <ele>55.5</ele>
            </trkpt>
            <trkpt lat="-37.2459273" lon="175.2023166">
                <ele>59.2</ele>
            </trkpt>
            <trkpt lat="-37.2459231" lon="175.2024642">
                <ele>59.4</ele>
            </trkpt>
            <trkpt lat="-37.2459316" lon="175.2029148">
                <ele>59.8</ele>
            </trkpt>
            <trkpt lat="-37.2459466" lon="175.2032205">
                <ele>59.7</ele>
            </trkpt>
            <trkpt lat="-37.246175" lon="175.205023">
                <ele>59.5</ele>
            </trkpt>
            <trkpt lat="-37.2462092" lon="175.205487">
                <ele>58.8</ele>
            </trkpt>
            <trkpt lat="-37.2461836" lon="175.2060154">
                <ele>58.2</ele>
            </trkpt>
            <trkpt lat="-37.245906" lon="175.2084106">
                <ele>51</ele>
            </trkpt>
            <trkpt lat="-37.2458676" lon="175.2089766">
                <ele>48.8</ele>
            </trkpt>
            <trkpt lat="-37.2459017" lon="175.2095532">
                <ele>47</ele>
            </trkpt>
            <trkpt lat="-37.2462989" lon="175.2120343">
                <ele>46.2</ele>
            </trkpt>
            <trkpt lat="-37.2463437" lon="175.2122864">
                <ele>47.2</ele>
            </trkpt>
            <trkpt lat="-37.2463928" lon="175.2125064">
                <ele>48</ele>
            </trkpt>
            <trkpt lat="-37.2464675" lon="175.2127558">
                <ele>49</ele>
            </trkpt>
            <trkpt lat="-37.2465423" lon="175.2129596">
                <ele>49.8</ele>
            </trkpt>
            <trkpt lat="-37.2466362" lon="175.213185">
                <ele>50</ele>
            </trkpt>
            <trkpt lat="-37.2475009" lon="175.214923">
                <ele>51</ele>
            </trkpt>
            <trkpt lat="-37.2476803" lon="175.2153683">
                <ele>51</ele>
            </trkpt>
            <trkpt lat="-37.247787" lon="175.2157277">
                <ele>51</ele>
            </trkpt>
            <trkpt lat="-37.2485599" lon="175.2185547">
                <ele>51</ele>
            </trkpt>
            <trkpt lat="-37.2488076" lon="175.2195337">
                <ele>49.8</ele>
            </trkpt>
            <trkpt lat="-37.2500972" lon="175.2273336">
                <ele>48.8</ele>
            </trkpt>
            <trkpt lat="-37.2501378" lon="175.2274221">
                <ele>49</ele>
            </trkpt>
            <trkpt lat="-37.2501847" lon="175.2276474">
                <ele>48.8</ele>
            </trkpt>
            <trkpt lat="-37.2502488" lon="175.2279103">
                <ele>47.8</ele>
            </trkpt>
            <trkpt lat="-37.2503406" lon="175.2281651">
                <ele>47</ele>
            </trkpt>
            <trkpt lat="-37.2509299" lon="175.2296859">
                <ele>42.5</ele>
            </trkpt>
            <trkpt lat="-37.251058" lon="175.2299836">
                <ele>43</ele>
            </trkpt>
            <trkpt lat="-37.2510985" lon="175.2301231">
                <ele>43.2</ele>
            </trkpt>
            <trkpt lat="-37.252356" lon="175.2334464">
                <ele>45.2</ele>
            </trkpt>
            <trkpt lat="-37.2524393" lon="175.233618">
                <ele>44.9</ele>
            </trkpt>
            <trkpt lat="-37.2525162" lon="175.2337816">
                <ele>44.6</ele>
            </trkpt>
            <trkpt lat="-37.2525546" lon="175.2339077">
                <ele>44.4</ele>
            </trkpt>
            <trkpt lat="-37.252719" lon="175.2342215">
                <ele>43.8</ele>
            </trkpt>
            <trkpt lat="-37.2529069" lon="175.2345568">
                <ele>42.2</ele>
            </trkpt>
            <trkpt lat="-37.2530798" lon="175.2348679">
                <ele>41.8</ele>
            </trkpt>
            <trkpt lat="-37.2532698" lon="175.2351576">
                <ele>40.8</ele>
            </trkpt>
            <trkpt lat="-37.2534854" lon="175.2355921">
                <ele>40.2</ele>
            </trkpt>
            <trkpt lat="-37.2535794" lon="175.2357826">
                <ele>40.5</ele>
            </trkpt>
            <trkpt lat="-37.2536498" lon="175.2359569">
                <ele>40.8</ele>
            </trkpt>
            <trkpt lat="-37.2537096" lon="175.2361313">
                <ele>41.2</ele>
            </trkpt>
            <trkpt lat="-37.2537651" lon="175.2363163">
                <ele>41.4</ele>
            </trkpt>
            <trkpt lat="-37.2538078" lon="175.2365148">
                <ele>41.5</ele>
            </trkpt>
            <trkpt lat="-37.2538398" lon="175.2366811">
                <ele>42</ele>
            </trkpt>
            <trkpt lat="-37.2538526" lon="175.2368447">
                <ele>42.3</ele>
            </trkpt>
            <trkpt lat="-37.2538761" lon="175.2371398">
                <ele>42.8</ele>
            </trkpt>
            <trkpt lat="-37.253921" lon="175.2388">
                <ele>46</ele>
            </trkpt>
            <trkpt lat="-37.2539145" lon="175.2388805">
                <ele>46</ele>
            </trkpt>
            <trkpt lat="-37.2539231" lon="175.2392587">
                <ele>46.2</ele>
            </trkpt>
            <trkpt lat="-37.2539978" lon="175.2414796">
                <ele>54</ele>
            </trkpt>
            <trkpt lat="-37.2540106" lon="175.2423432">
                <ele>57.5</ele>
            </trkpt>
            <trkpt lat="-37.2540149" lon="175.2426195">
                <ele>58.2</ele>
            </trkpt>
            <trkpt lat="-37.2540085" lon="175.2428877">
                <ele>58.8</ele>
            </trkpt>
            <trkpt lat="-37.2539871" lon="175.243223">
                <ele>59.2</ele>
            </trkpt>
            <trkpt lat="-37.2537608" lon="175.2451703">
                <ele>55.5</ele>
            </trkpt>
            <trkpt lat="-37.2537331" lon="175.2454171">
                <ele>54.5</ele>
            </trkpt>
            <trkpt lat="-37.2537203" lon="175.2456719">
                <ele>54.2</ele>
            </trkpt>
            <trkpt lat="-37.2537181" lon="175.2458596">
                <ele>54</ele>
            </trkpt>
            <trkpt lat="-37.2537395" lon="175.2460662">
                <ele>53</ele>
            </trkpt>
            <trkpt lat="-37.2537694" lon="175.2462593">
                <ele>52.2</ele>
            </trkpt>
            <trkpt lat="-37.2538206" lon="175.2464819">
                <ele>51.5</ele>
            </trkpt>
            <trkpt lat="-37.2539167" lon="175.246793">
                <ele>49.8</ele>
            </trkpt>
            <trkpt lat="-37.2540298" lon="175.2470881">
                <ele>48.5</ele>
            </trkpt>
            <trkpt lat="-37.2543586" lon="175.248">
                <ele>49.2</ele>
            </trkpt>
            <trkpt lat="-37.2549094" lon="175.2493063">
                <ele>51</ele>
            </trkpt>
            <trkpt lat="-37.25552" lon="175.2509129">
                <ele>48</ele>
            </trkpt>
            <trkpt lat="-37.2558232" lon="175.2516586">
                <ele>47.2</ele>
            </trkpt>
            <trkpt lat="-37.2561114" lon="175.2522218">
                <ele>50.2</ele>
            </trkpt>
            <trkpt lat="-37.2580178" lon="175.2554727">
                <ele>51.2</ele>
            </trkpt>
            <trkpt lat="-37.2595442" lon="175.258061">
                <ele>52.2</ele>
            </trkpt>
            <trkpt lat="-37.2612242" lon="175.2608854">
                <ele>52.5</ele>
            </trkpt>
            <trkpt lat="-37.2629512" lon="175.2638331">
                <ele>50.8</ele>
            </trkpt>
            <trkpt lat="-37.2632137" lon="175.2643213">
                <ele>50.5</ele>
            </trkpt>
            <trkpt lat="-37.2633632" lon="175.2647477">
                <ele>51</ele>
            </trkpt>
            <trkpt lat="-37.2642384" lon="175.2688166">
                <ele>51.8</ele>
            </trkpt>
            <trkpt lat="-37.2643323" lon="175.2691653">
                <ele>52</ele>
            </trkpt>
            <trkpt lat="-37.2644476" lon="175.2695194">
                <ele>52.3</ele>
            </trkpt>
            <trkpt lat="-37.2645692" lon="175.2698144">
                <ele>52.5</ele>
            </trkpt>
            <trkpt lat="-37.2647101" lon="175.2701256">
                <ele>52.2</ele>
            </trkpt>
            <trkpt lat="-37.2648574" lon="175.2704152">
                <ele>52</ele>
            </trkpt>
            <trkpt lat="-37.2650175" lon="175.2706969">
                <ele>51.8</ele>
            </trkpt>
            <trkpt lat="-37.2654146" lon="175.2712843">
                <ele>51</ele>
            </trkpt>
            <trkpt lat="-37.2657347" lon="175.2716839">
                <ele>49.8</ele>
            </trkpt>
            <trkpt lat="-37.267007" lon="175.2735642">
                <ele>52</ele>
            </trkpt>
            <trkpt lat="-37.2674296" lon="175.2742481">
                <ele>53.5</ele>
            </trkpt>
            <trkpt lat="-37.2677604" lon="175.2749294">
                <ele>54</ele>
            </trkpt>
            <trkpt lat="-37.2678672" lon="175.2752674">
                <ele>53.5</ele>
            </trkpt>
            <trkpt lat="-37.2679782" lon="175.2756831">
                <ele>53.2</ele>
            </trkpt>
            <trkpt lat="-37.2681233" lon="175.2764127">
                <ele>53</ele>
            </trkpt>
            <trkpt lat="-37.2682813" lon="175.2774292">
                <ele>53.8</ele>
            </trkpt>
            <trkpt lat="-37.2683389" lon="175.2777699">
                <ele>53.4</ele>
            </trkpt>
            <trkpt lat="-37.2684243" lon="175.2781481">
                <ele>53</ele>
            </trkpt>
            <trkpt lat="-37.2685545" lon="175.2785879">
                <ele>52.9</ele>
            </trkpt>
            <trkpt lat="-37.2686698" lon="175.2789178">
                <ele>52.7</ele>
            </trkpt>
            <trkpt lat="-37.268817" lon="175.2792504">
                <ele>52.6</ele>
            </trkpt>
            <trkpt lat="-37.2689835" lon="175.279583">
                <ele>52.5</ele>
            </trkpt>
            <trkpt lat="-37.2691586" lon="175.2798513">
                <ele>52.2</ele>
            </trkpt>
            <trkpt lat="-37.2693421" lon="175.2801248">
                <ele>52.8</ele>
            </trkpt>
            <trkpt lat="-37.26953" lon="175.2803636">
                <ele>53.8</ele>
            </trkpt>
            <trkpt lat="-37.2697733" lon="175.2806264">
                <ele>54.8</ele>
            </trkpt>
            <trkpt lat="-37.269991" lon="175.2808329">
                <ele>55</ele>
            </trkpt>
            <trkpt lat="-37.270213" lon="175.281018">
                <ele>55.2</ele>
            </trkpt>
            <trkpt lat="-37.2704457" lon="175.2811843">
                <ele>54.5</ele>
            </trkpt>
            <trkpt lat="-37.2706527" lon="175.2813157">
                <ele>53.5</ele>
            </trkpt>
            <trkpt lat="-37.2708768" lon="175.2814338">
                <ele>52.8</ele>
            </trkpt>
            <trkpt lat="-37.2710796" lon="175.281533">
                <ele>52.2</ele>
            </trkpt>
            <trkpt lat="-37.271293" lon="175.2816135">
                <ele>52</ele>
            </trkpt>
            <trkpt lat="-37.2715193" lon="175.2816832">
                <ele>51.8</ele>
            </trkpt>
            <trkpt lat="-37.2720358" lon="175.281812">
                <ele>51.2</ele>
            </trkpt>
            <trkpt lat="-37.2723944" lon="175.2819058">
                <ele>51</ele>
            </trkpt>
            <trkpt lat="-37.2727146" lon="175.2820185">
                <ele>50.5</ele>
            </trkpt>
            <trkpt lat="-37.2729664" lon="175.282115">
                <ele>49.8</ele>
            </trkpt>
            <trkpt lat="-37.2732076" lon="175.2822357">
                <ele>49.5</ele>
            </trkpt>
            <trkpt lat="-37.2734531" lon="175.2823833">
                <ele>49.6</ele>
            </trkpt>
            <trkpt lat="-37.2736836" lon="175.2825496">
                <ele>49.8</ele>
            </trkpt>
            <trkpt lat="-37.2738991" lon="175.2827185">
                <ele>49.7</ele>
            </trkpt>
            <trkpt lat="-37.274104" lon="175.2829063">
                <ele>49.6</ele>
            </trkpt>
            <trkpt lat="-37.2742919" lon="175.2830994">
                <ele>49.6</ele>
            </trkpt>
            <trkpt lat="-37.2744861" lon="175.2833354">
                <ele>49.5</ele>
            </trkpt>
            <trkpt lat="-37.2746718" lon="175.2835929">
                <ele>49</ele>
            </trkpt>
            <trkpt lat="-37.2748297" lon="175.283837">
                <ele>48.5</ele>
            </trkpt>
            <trkpt lat="-37.2749941" lon="175.284116">
                <ele>48.2</ele>
            </trkpt>
            <trkpt lat="-37.275184" lon="175.284521">
                <ele>49.5</ele>
            </trkpt>
            <trkpt lat="-37.2756386" lon="175.2856046">
                <ele>50.2</ele>
            </trkpt>
            <trkpt lat="-37.2760612" lon="175.2866641">
                <ele>54</ele>
            </trkpt>
            <trkpt lat="-37.2765991" lon="175.2880025">
                <ele>56</ele>
            </trkpt>
            <trkpt lat="-37.2767506" lon="175.2884424">
                <ele>56.2</ele>
            </trkpt>
            <trkpt lat="-37.2768637" lon="175.2888018">
                <ele>57</ele>
            </trkpt>
            <trkpt lat="-37.2769726" lon="175.2892041">
                <ele>58.2</ele>
            </trkpt>
            <trkpt lat="-37.277615" lon="175.2920714">
                <ele>55.8</ele>
            </trkpt>
            <trkpt lat="-37.2776769" lon="175.292345">
                <ele>56</ele>
            </trkpt>
            <trkpt lat="-37.277758" lon="175.2926883">
                <ele>55.5</ele>
            </trkpt>
            <trkpt lat="-37.277854" lon="175.2930638">
                <ele>54</ele>
            </trkpt>
            <trkpt lat="-37.2779821" lon="175.2934849">
                <ele>53</ele>
            </trkpt>
            <trkpt lat="-37.2780845" lon="175.2938095">
                <ele>52.9</ele>
            </trkpt>
            <trkpt lat="-37.2782019" lon="175.2941367">
                <ele>52.7</ele>
            </trkpt>
            <trkpt lat="-37.2783235" lon="175.2944452">
                <ele>52.6</ele>
            </trkpt>
            <trkpt lat="-37.2784495" lon="175.2947456">
                <ele>52.5</ele>
            </trkpt>
            <trkpt lat="-37.2786031" lon="175.2950996">
                <ele>53</ele>
            </trkpt>
            <trkpt lat="-37.2787419" lon="175.2954054">
                <ele>53.2</ele>
            </trkpt>
            <trkpt lat="-37.2789147" lon="175.295746">
                <ele>54</ele>
            </trkpt>
            <trkpt lat="-37.2790705" lon="175.2960411">
                <ele>54.2</ele>
            </trkpt>
            <trkpt lat="-37.2793352" lon="175.2965078">
                <ele>54.8</ele>
            </trkpt>
            <trkpt lat="-37.2796574" lon="175.2970201">
                <ele>54.2</ele>
            </trkpt>
            <trkpt lat="-37.2803575" lon="175.2980903">
                <ele>55.8</ele>
            </trkpt>
            <trkpt lat="-37.281273" lon="175.2994394">
                <ele>57.2</ele>
            </trkpt>
            <trkpt lat="-37.282148" lon="175.3008047">
                <ele>57</ele>
            </trkpt>
            <trkpt lat="-37.2837166" lon="175.3031865">
                <ele>59</ele>
            </trkpt>
            <trkpt lat="-37.2838617" lon="175.3033903">
                <ele>58.9</ele>
            </trkpt>
            <trkpt lat="-37.2842437" lon="175.3039938">
                <ele>58.8</ele>
            </trkpt>
            <trkpt lat="-37.2844059" lon="175.304254">
                <ele>59.2</ele>
            </trkpt>
            <trkpt lat="-37.2845297" lon="175.3044659">
                <ele>59.5</ele>
            </trkpt>
            <trkpt lat="-37.2846961" lon="175.3047851">
                <ele>59</ele>
            </trkpt>
            <trkpt lat="-37.2849266" lon="175.3052625">
                <ele>58</ele>
            </trkpt>
            <trkpt lat="-37.2850952" lon="175.3057265">
                <ele>57.2</ele>
            </trkpt>
            <trkpt lat="-37.2852232" lon="175.3060645">
                <ele>56.2</ele>
            </trkpt>
            <trkpt lat="-37.2853065" lon="175.3063515">
                <ele>55.5</ele>
            </trkpt>
            <trkpt lat="-37.2853854" lon="175.3066251">
                <ele>55.2</ele>
            </trkpt>
            <trkpt lat="-37.2854622" lon="175.3069282">
                <ele>55</ele>
            </trkpt>
            <trkpt lat="-37.2855369" lon="175.3072527">
                <ele>53.8</ele>
            </trkpt>
            <trkpt lat="-37.2855967" lon="175.3075692">
                <ele>53.5</ele>
            </trkpt>
            <trkpt lat="-37.285936" lon="175.3094414">
                <ele>50</ele>
            </trkpt>
            <trkpt lat="-37.2861259" lon="175.3105384">
                <ele>48.2</ele>
            </trkpt>
            <trkpt lat="-37.2861964" lon="175.3109139">
                <ele>48.6</ele>
            </trkpt>
            <trkpt lat="-37.2862924" lon="175.3115362">
                <ele>49.2</ele>
            </trkpt>
            <trkpt lat="-37.2863735" lon="175.3120136">
                <ele>50</ele>
            </trkpt>
            <trkpt lat="-37.2864567" lon="175.3124937">
                <ele>51</ele>
            </trkpt>
            <trkpt lat="-37.2865506" lon="175.3130275">
                <ele>52</ele>
            </trkpt>
            <trkpt lat="-37.2867811" lon="175.3143632">
                <ele>54</ele>
            </trkpt>
            <trkpt lat="-37.2868728" lon="175.314905">
                <ele>52.8</ele>
            </trkpt>
            <trkpt lat="-37.2869433" lon="175.3153744">
                <ele>50.2</ele>
            </trkpt>
            <trkpt lat="-37.2869859" lon="175.3157499">
                <ele>48.8</ele>
            </trkpt>
            <trkpt lat="-37.2870073" lon="175.3160611">
                <ele>48.2</ele>
            </trkpt>
            <trkpt lat="-37.2870094" lon="175.3163293">
                <ele>48.6</ele>
            </trkpt>
            <trkpt lat="-37.2869945" lon="175.3166512">
                <ele>48.9</ele>
            </trkpt>
            <trkpt lat="-37.2869603" lon="175.3169408">
                <ele>49.2</ele>
            </trkpt>
            <trkpt lat="-37.2868984" lon="175.3172654">
                <ele>49.5</ele>
            </trkpt>
            <trkpt lat="-37.2868131" lon="175.3175873">
                <ele>50.8</ele>
            </trkpt>
            <trkpt lat="-37.2867363" lon="175.3178072">
                <ele>51.5</ele>
            </trkpt>
            <trkpt lat="-37.2866808" lon="175.3179547">
                <ele>52</ele>
            </trkpt>
            <trkpt lat="-37.2866466" lon="175.3180996">
                <ele>53</ele>
            </trkpt>
            <trkpt lat="-37.2865506" lon="175.3183115">
                <ele>54</ele>
            </trkpt>
            <trkpt lat="-37.2864588" lon="175.3185019">
                <ele>55</ele>
            </trkpt>
            <trkpt lat="-37.2857674" lon="175.3197303">
                <ele>61</ele>
            </trkpt>
            <trkpt lat="-37.2846577" lon="175.3216588">
                <ele>47.5</ele>
            </trkpt>
            <trkpt lat="-37.2844166" lon="175.3220344">
                <ele>44.5</ele>
            </trkpt>
            <trkpt lat="-37.2842352" lon="175.3222704">
                <ele>42.2</ele>
            </trkpt>
            <trkpt lat="-37.2840474" lon="175.322485">
                <ele>40.5</ele>
            </trkpt>
            <trkpt lat="-37.2838254" lon="175.3226861">
                <ele>39</ele>
            </trkpt>
            <trkpt lat="-37.2835992" lon="175.3228712">
                <ele>38.8</ele>
            </trkpt>
            <trkpt lat="-37.2832812" lon="175.3230885">
                <ele>38.9</ele>
            </trkpt>
            <trkpt lat="-37.2828907" lon="175.3233218">
                <ele>39</ele>
            </trkpt>
            <trkpt lat="-37.2824895" lon="175.3235525">
                <ele>39.5</ele>
            </trkpt>
            <trkpt lat="-37.282148" lon="175.3237268">
                <ele>40</ele>
            </trkpt>
            <trkpt lat="-37.281766" lon="175.3239575">
                <ele>40</ele>
            </trkpt>
            <trkpt lat="-37.2805837" lon="175.3245825">
                <ele>35.5</ele>
            </trkpt>
            <trkpt lat="-37.2803916" lon="175.3247085">
                <ele>34.5</ele>
            </trkpt>
            <trkpt lat="-37.2802465" lon="175.3248131">
                <ele>34.4</ele>
            </trkpt>
            <trkpt lat="-37.2800864" lon="175.3249499">
                <ele>34.3</ele>
            </trkpt>
            <trkpt lat="-37.2799669" lon="175.3250706">
                <ele>34.2</ele>
            </trkpt>
            <trkpt lat="-37.2798581" lon="175.3251967">
                <ele>33.5</ele>
            </trkpt>
            <trkpt lat="-37.2797172" lon="175.3253764">
                <ele>32.5</ele>
            </trkpt>
            <trkpt lat="-37.279587" lon="175.3255641">
                <ele>32.6</ele>
            </trkpt>
            <trkpt lat="-37.279476" lon="175.3257519">
                <ele>32.7</ele>
            </trkpt>
            <trkpt lat="-37.2793693" lon="175.3259745">
                <ele>32.8</ele>
            </trkpt>
            <trkpt lat="-37.2792882" lon="175.326173">
                <ele>33.5</ele>
            </trkpt>
            <trkpt lat="-37.2792114" lon="175.3264117">
                <ele>33.4</ele>
            </trkpt>
            <trkpt lat="-37.2791196" lon="175.3267524">
                <ele>33.2</ele>
            </trkpt>
            <trkpt lat="-37.2788464" lon="175.3277904">
                <ele>32.2</ele>
            </trkpt>
            <trkpt lat="-37.2785711" lon="175.3289974">
                <ele>32</ele>
            </trkpt>
            <trkpt lat="-37.2779223" lon="175.3324279">
                <ele>27.8</ele>
            </trkpt>
            <trkpt lat="-37.2778049" lon="175.3329939">
                <ele>25.5</ele>
            </trkpt>
            <trkpt lat="-37.2777174" lon="175.3333935">
                <ele>24.8</ele>
            </trkpt>
            <trkpt lat="-37.2776086" lon="175.3338334">
                <ele>24.2</ele>
            </trkpt>
            <trkpt lat="-37.2774506" lon="175.334394">
                <ele>25.1</ele>
            </trkpt>
            <trkpt lat="-37.2772223" lon="175.3351477">
                <ele>26.2</ele>
            </trkpt>
            <trkpt lat="-37.2762939" lon="175.338141">
                <ele>26.5</ele>
            </trkpt>
            <trkpt lat="-37.2762384" lon="175.3383261">
                <ele>26.5</ele>
            </trkpt>
            <trkpt lat="-37.276185" lon="175.3385407">
                <ele>26.2</ele>
            </trkpt>
            <trkpt lat="-37.2761231" lon="175.338833">
                <ele>25.8</ele>
            </trkpt>
            <trkpt lat="-37.276074" lon="175.3390852">
                <ele>26</ele>
            </trkpt>
            <trkpt lat="-37.2760143" lon="175.3394794">
                <ele>27</ele>
            </trkpt>
            <trkpt lat="-37.2760057" lon="175.3395492">
                <ele>28</ele>
            </trkpt>
            <trkpt lat="-37.2759566" lon="175.3397182">
                <ele>28.3</ele>
            </trkpt>
            <trkpt lat="-37.2759075" lon="175.3402278">
                <ele>29</ele>
            </trkpt>
            <trkpt lat="-37.2759011" lon="175.3404531">
                <ele>29</ele>
            </trkpt>
            <trkpt lat="-37.275899" lon="175.3407535">
                <ele>29</ele>
            </trkpt>
            <trkpt lat="-37.275899" lon="175.3410888">
                <ele>29</ele>
            </trkpt>
            <trkpt lat="-37.275914" lon="175.3414857">
                <ele>29</ele>
            </trkpt>
            <trkpt lat="-37.2759374" lon="175.34188">
                <ele>28.2</ele>
            </trkpt>
            <trkpt lat="-37.2759716" lon="175.3422529">
                <ele>27.5</ele>
            </trkpt>
            <trkpt lat="-37.2759694" lon="175.342387">
                <ele>27.3</ele>
            </trkpt>
            <trkpt lat="-37.275963" lon="175.342454">
                <ele>27.1</ele>
            </trkpt>
            <trkpt lat="-37.2759524" lon="175.3425238">
                <ele>27</ele>
            </trkpt>
            <trkpt lat="-37.2759182" lon="175.3425533">
                <ele>26.8</ele>
            </trkpt>
            <trkpt lat="-37.2758883" lon="175.3425908">
                <ele>26.7</ele>
            </trkpt>
            <trkpt lat="-37.2758649" lon="175.3426337">
                <ele>26.7</ele>
            </trkpt>
            <trkpt lat="-37.2758478" lon="175.3426847">
                <ele>26.6</ele>
            </trkpt>
            <trkpt lat="-37.2758414" lon="175.3427356">
                <ele>26.6</ele>
            </trkpt>
            <trkpt lat="-37.2758414" lon="175.3427893">
                <ele>27</ele>
            </trkpt>
            <trkpt lat="-37.2758008" lon="175.3429583">
                <ele>26.5</ele>
            </trkpt>
            <trkpt lat="-37.275756" lon="175.3430897">
                <ele>26</ele>
            </trkpt>
            <trkpt lat="-37.2756856" lon="175.3432319">
                <ele>25.8</ele>
            </trkpt>
            <trkpt lat="-37.2756215" lon="175.3433901">
                <ele>25.2</ele>
            </trkpt>
            <trkpt lat="-37.2755618" lon="175.3435484">
                <ele>25</ele>
            </trkpt>
            <trkpt lat="-37.2753356" lon="175.3442752">
                <ele>24.5</ele>
            </trkpt>
            <trkpt lat="-37.2752758" lon="175.3445327">
                <ele>25</ele>
            </trkpt>
            <trkpt lat="-37.2749215" lon="175.3456056">
                <ele>24</ele>
            </trkpt>
            <trkpt lat="-37.2749087" lon="175.3456405">
                <ele>24</ele>
            </trkpt>
            <trkpt lat="-37.274819" lon="175.3458631">
                <ele>24</ele>
            </trkpt>
            <trkpt lat="-37.2747038" lon="175.346083">
                <ele>23.9</ele>
            </trkpt>
            <trkpt lat="-37.2735619" lon="175.3478372">
                <ele>23.5</ele>
            </trkpt>
            <trkpt lat="-37.2727572" lon="175.3490013">
                <ele>23.3</ele>
            </trkpt>
            <trkpt lat="-37.2725929" lon="175.3492668">
                <ele>23.2</ele>
            </trkpt>
            <trkpt lat="-37.2724435" lon="175.349527">
                <ele>23</ele>
            </trkpt>
            <trkpt lat="-37.2722813" lon="175.3498355">
                <ele>22.9</ele>
            </trkpt>
            <trkpt lat="-37.272134" lon="175.3501493">
                <ele>22.8</ele>
            </trkpt>
            <trkpt lat="-37.2719718" lon="175.3505301">
                <ele>22.2</ele>
            </trkpt>
            <trkpt lat="-37.2713613" lon="175.3521851">
                <ele>16</ele>
            </trkpt>
            <trkpt lat="-37.2712439" lon="175.3525043">
                <ele>13.5</ele>
            </trkpt>
            <trkpt lat="-37.2711351" lon="175.3527644">
                <ele>13.2</ele>
            </trkpt>
            <trkpt lat="-37.271039" lon="175.352971">
                <ele>13</ele>
            </trkpt>
            <trkpt lat="-37.2709366" lon="175.353156">
                <ele>13</ele>
            </trkpt>
            <trkpt lat="-37.2708448" lon="175.3533036">
                <ele>13</ele>
            </trkpt>
            <trkpt lat="-37.2706804" lon="175.353545">
                <ele>13</ele>
            </trkpt>
            <trkpt lat="-37.2704563" lon="175.3537971">
                <ele>13.6</ele>
            </trkpt>
            <trkpt lat="-37.2702749" lon="175.3539714">
                <ele>14</ele>
            </trkpt>
            <trkpt lat="-37.2700935" lon="175.3541243">
                <ele>14.7</ele>
            </trkpt>
            <trkpt lat="-37.2694147" lon="175.3546044">
                <ele>17.2</ele>
            </trkpt>
            <trkpt lat="-37.2692269" lon="175.3547493">
                <ele>18</ele>
            </trkpt>
            <trkpt lat="-37.269054" lon="175.3548941">
                <ele>19</ele>
            </trkpt>
            <trkpt lat="-37.2688917" lon="175.3550524">
                <ele>20</ele>
            </trkpt>
            <trkpt lat="-37.2687189" lon="175.3552267">
                <ele>19.8</ele>
            </trkpt>
            <trkpt lat="-37.2603148" lon="175.3644106">
                <ele>8</ele>
            </trkpt>
            <trkpt lat="-37.2591108" lon="175.3657115">
                <ele>7</ele>
            </trkpt>
            <trkpt lat="-37.2586241" lon="175.3662345">
                <ele>6.9</ele>
            </trkpt>
            <trkpt lat="-37.2581928" lon="175.3666663">
                <ele>6.9</ele>
            </trkpt>
            <trkpt lat="-37.239291" lon="175.385415">
                <ele>5</ele>
            </trkpt>
            <trkpt lat="-37.2389386" lon="175.3857663">
                <ele>6</ele>
            </trkpt>
            <trkpt lat="-37.2388959" lon="175.3857851">
                <ele>6</ele>
            </trkpt>
            <trkpt lat="-37.2388554" lon="175.3858092">
                <ele>6</ele>
            </trkpt>
            <trkpt lat="-37.2387849" lon="175.3858736">
                <ele>6</ele>
            </trkpt>
            <trkpt lat="-37.2387507" lon="175.3859165">
                <ele>6</ele>
            </trkpt>
            <trkpt lat="-37.2387251" lon="175.3859594">
                <ele>6</ele>
            </trkpt>
            <trkpt lat="-37.2386952" lon="175.3860238">
                <ele>6</ele>
            </trkpt>
            <trkpt lat="-37.2386803" lon="175.3860694">
                <ele>6</ele>
            </trkpt>
            <trkpt lat="-37.2386589" lon="175.3861284">
                <ele>6</ele>
            </trkpt>
            <trkpt lat="-37.2386525" lon="175.3861848">
                <ele>6</ele>
            </trkpt>
            <trkpt lat="-37.2386162" lon="175.3865951">
                <ele>5</ele>
            </trkpt>
            <trkpt lat="-37.2386055" lon="175.3866863">
                <ele>5</ele>
            </trkpt>
            <trkpt lat="-37.2385884" lon="175.3867695">
                <ele>5</ele>
            </trkpt>
            <trkpt lat="-37.2385628" lon="175.3868714">
                <ele>5</ele>
            </trkpt>
            <trkpt lat="-37.2385308" lon="175.3869545">
                <ele>5</ele>
            </trkpt>
            <trkpt lat="-37.2384881" lon="175.3871047">
                <ele>5</ele>
            </trkpt>
            <trkpt lat="-37.2383834" lon="175.3873301">
                <ele>5</ele>
            </trkpt>
            <trkpt lat="-37.2358743" lon="175.3926355">
                <ele>6</ele>
            </trkpt>
            <trkpt lat="-37.2357419" lon="175.392952">
                <ele>6</ele>
            </trkpt>
            <trkpt lat="-37.2356437" lon="175.3932175">
                <ele>6</ele>
            </trkpt>
            <trkpt lat="-37.2356074" lon="175.3933221">
                <ele>6</ele>
            </trkpt>
            <trkpt lat="-37.2355732" lon="175.3934348">
                <ele>6</ele>
            </trkpt>
            <trkpt lat="-37.2354921" lon="175.3937298">
                <ele>6</ele>
            </trkpt>
            <trkpt lat="-37.235443" lon="175.393931">
                <ele>6</ele>
            </trkpt>
            <trkpt lat="-37.2354088" lon="175.3940785">
                <ele>5.8</ele>
            </trkpt>
            <trkpt lat="-37.2346828" lon="175.3974473">
                <ele>6.2</ele>
            </trkpt>
            <trkpt lat="-37.2342727" lon="175.3994241">
                <ele>5.4</ele>
            </trkpt>
            <trkpt lat="-37.234087" lon="175.4002905">
                <ele>5</ele>
            </trkpt>
            <trkpt lat="-37.2329573" lon="175.405679">
                <ele>4.8</ele>
            </trkpt>
            <trkpt lat="-37.2303134" lon="175.4181862">
                <ele>5</ele>
            </trkpt>
            <trkpt lat="-37.2293182" lon="175.4229176">
                <ele>4.2</ele>
            </trkpt>
            <trkpt lat="-37.2287886" lon="175.4253182">
                <ele>4</ele>
            </trkpt>
            <trkpt lat="-37.2272851" lon="175.432469">
                <ele>5</ele>
            </trkpt>
            <trkpt lat="-37.2253245" lon="175.4417253">
                <ele>4.2</ele>
            </trkpt>
            <trkpt lat="-37.2252434" lon="175.4420605">
                <ele>5</ele>
            </trkpt>
            <trkpt lat="-37.2251686" lon="175.4423636">
                <ele>5</ele>
            </trkpt>
            <trkpt lat="-37.225081" lon="175.4426908">
                <ele>4.9</ele>
            </trkpt>
            <trkpt lat="-37.221762" lon="175.4541922">
                <ele>4</ele>
            </trkpt>
            <trkpt lat="-37.2213519" lon="175.4556862">
                <ele>5</ele>
            </trkpt>
            <trkpt lat="-37.2212515" lon="175.4560375">
                <ele>5</ele>
            </trkpt>
            <trkpt lat="-37.2211512" lon="175.4563674">
                <ele>5</ele>
            </trkpt>
            <trkpt lat="-37.220756" lon="175.4576683">
                <ele>4.9</ele>
            </trkpt>
            <trkpt lat="-37.2188807" lon="175.4641405">
                <ele>4.4</ele>
            </trkpt>
            <trkpt lat="-37.2188337" lon="175.4643095">
                <ele>4.4</ele>
            </trkpt>
            <trkpt lat="-37.2187782" lon="175.4645401">
                <ele>4.3</ele>
            </trkpt>
            <trkpt lat="-37.2187312" lon="175.4647493">
                <ele>4.3</ele>
            </trkpt>
            <trkpt lat="-37.2186927" lon="175.46498">
                <ele>4.3</ele>
            </trkpt>
            <trkpt lat="-37.2186436" lon="175.4652965">
                <ele>4.3</ele>
            </trkpt>
            <trkpt lat="-37.218163" lon="175.4688746">
                <ele>4</ele>
            </trkpt>
            <trkpt lat="-37.2172317" lon="175.4759207">
                <ele>5</ele>
            </trkpt>
            <trkpt lat="-37.2169113" lon="175.4784366">
                <ele>4.6</ele>
            </trkpt>
            <trkpt lat="-37.2164115" lon="175.4822508">
                <ele>4</ele>
            </trkpt>
            <trkpt lat="-37.2161403" lon="175.4843053">
                <ele>4.2</ele>
            </trkpt>
            <trkpt lat="-37.2161018" lon="175.4846191">
                <ele>4.2</ele>
            </trkpt>
            <trkpt lat="-37.2160719" lon="175.4849437">
                <ele>4.2</ele>
            </trkpt>
            <trkpt lat="-37.216057" lon="175.485169">
                <ele>4.2</ele>
            </trkpt>
            <trkpt lat="-37.2160548" lon="175.485397">
                <ele>5</ele>
            </trkpt>
            <trkpt lat="-37.2160634" lon="175.4855606">
                <ele>5</ele>
            </trkpt>
            <trkpt lat="-37.2160655" lon="175.4856062">
                <ele>5</ele>
            </trkpt>
            <trkpt lat="-37.2160975" lon="175.485861">
                <ele>5</ele>
            </trkpt>
            <trkpt lat="-37.2161381" lon="175.486097">
                <ele>5</ele>
            </trkpt>
            <trkpt lat="-37.2162129" lon="175.4864028">
                <ele>5</ele>
            </trkpt>
            <trkpt lat="-37.2163987" lon="175.4870868">
                <ele>5</ele>
            </trkpt>
            <trkpt lat="-37.2171292" lon="175.4896188">
                <ele>5</ele>
            </trkpt>
            <trkpt lat="-37.2176824" lon="175.4915178">
                <ele>4</ele>
            </trkpt>
            <trkpt lat="-37.2179473" lon="175.4924646">
                <ele>4.1</ele>
            </trkpt>
            <trkpt lat="-37.2179921" lon="175.4926792">
                <ele>4.1</ele>
            </trkpt>
            <trkpt lat="-37.2180498" lon="175.4929394">
                <ele>4.1</ele>
            </trkpt>
            <trkpt lat="-37.2181417" lon="175.493449">
                <ele>4.1</ele>
            </trkpt>
            <trkpt lat="-37.219043" lon="175.4987276">
                <ele>4.5</ele>
            </trkpt>
            <trkpt lat="-37.2196112" lon="175.5019274">
                <ele>4.8</ele>
            </trkpt>
            <trkpt lat="-37.2196667" lon="175.5022627">
                <ele>4.2</ele>
            </trkpt>
            <trkpt lat="-37.2197052" lon="175.5025899">
                <ele>4</ele>
            </trkpt>
            <trkpt lat="-37.2197222" lon="175.5027884">
                <ele>4</ele>
            </trkpt>
            <trkpt lat="-37.2197308" lon="175.503003">
                <ele>4</ele>
            </trkpt>
            <trkpt lat="-37.2197329" lon="175.5032122">
                <ele>4</ele>
            </trkpt>
            <trkpt lat="-37.2197244" lon="175.5034429">
                <ele>4</ele>
            </trkpt>
            <trkpt lat="-37.2197137" lon="175.5036601">
                <ele>4</ele>
            </trkpt>
            <trkpt lat="-37.2196966" lon="175.5038318">
                <ele>4</ele>
            </trkpt>
            <trkpt lat="-37.2196774" lon="175.5040303">
                <ele>4</ele>
            </trkpt>
            <trkpt lat="-37.2196496" lon="175.50421">
                <ele>4</ele>
            </trkpt>
            <trkpt lat="-37.2196005" lon="175.5045077">
                <ele>4</ele>
            </trkpt>
            <trkpt lat="-37.2195471" lon="175.5047759">
                <ele>4</ele>
            </trkpt>
            <trkpt lat="-37.2195215" lon="175.5048779">
                <ele>4</ele>
            </trkpt>
            <trkpt lat="-37.2194766" lon="175.5050603">
                <ele>4</ele>
            </trkpt>
            <trkpt lat="-37.2193976" lon="175.5053097">
                <ele>4</ele>
            </trkpt>
            <trkpt lat="-37.2193015" lon="175.5055779">
                <ele>4</ele>
            </trkpt>
            <trkpt lat="-37.2192032" lon="175.5058086">
                <ele>4.1</ele>
            </trkpt>
            <trkpt lat="-37.2190964" lon="175.5060527">
                <ele>4.1</ele>
            </trkpt>
            <trkpt lat="-37.2189533" lon="175.506337">
                <ele>4.1</ele>
            </trkpt>
            <trkpt lat="-37.2187889" lon="175.5066106">
                <ele>4.1</ele>
            </trkpt>
            <trkpt lat="-37.2161979" lon="175.5108163">
                <ele>4.4</ele>
            </trkpt>
            <trkpt lat="-37.2152965" lon="175.5122861">
                <ele>4.5</ele>
            </trkpt>
            <trkpt lat="-37.2131861" lon="175.5157408">
                <ele>4.8</ele>
            </trkpt>
            <trkpt lat="-37.2113213" lon="175.5187878">
                <ele>5</ele>
            </trkpt>
            <trkpt lat="-37.209905" lon="175.5211106">
                <ele>4.8</ele>
            </trkpt>
            <trkpt lat="-37.2078713" lon="175.5244312">
                <ele>5</ele>
            </trkpt>
            <trkpt lat="-37.2068823" lon="175.5260459">
                <ele>4.9</ele>
            </trkpt>
            <trkpt lat="-37.2054509" lon="175.5284035">
                <ele>4.8</ele>
            </trkpt>
            <trkpt lat="-37.2041093" lon="175.5305815">
                <ele>4</ele>
            </trkpt>
            <trkpt lat="-37.2039277" lon="175.5309033">
                <ele>4.1</ele>
            </trkpt>
            <trkpt lat="-37.2037846" lon="175.5311742">
                <ele>4.2</ele>
            </trkpt>
            <trkpt lat="-37.2013085" lon="175.5360317">
                <ele>5.2</ele>
            </trkpt>
            <trkpt lat="-37.2007018" lon="175.5372119">
                <ele>4.8</ele>
            </trkpt>
            <trkpt lat="-37.2006014" lon="175.5374184">
                <ele>4</ele>
            </trkpt>
            <trkpt lat="-37.200518" lon="175.5376035">
                <ele>4.1</ele>
            </trkpt>
            <trkpt lat="-37.2004411" lon="175.5378047">
                <ele>4.3</ele>
            </trkpt>
            <trkpt lat="-37.2003749" lon="175.5380005">
                <ele>4.4</ele>
            </trkpt>
            <trkpt lat="-37.2003172" lon="175.5382231">
                <ele>4.6</ele>
            </trkpt>
            <trkpt lat="-37.2002788" lon="175.5384323">
                <ele>4.8</ele>
            </trkpt>
            <trkpt lat="-37.2002424" lon="175.5386657">
                <ele>5</ele>
            </trkpt>
            <trkpt lat="-37.1990012" lon="175.5494428">
                <ele>6</ele>
            </trkpt>
            <trkpt lat="-37.1989627" lon="175.5497405">
                <ele>6</ele>
            </trkpt>
            <trkpt lat="-37.1989178" lon="175.5500087">
                <ele>6</ele>
            </trkpt>
            <trkpt lat="-37.1988751" lon="175.5502206">
                <ele>6</ele>
            </trkpt>
            <trkpt lat="-37.1988153" lon="175.5504405">
                <ele>6</ele>
            </trkpt>
            <trkpt lat="-37.1987469" lon="175.5506471">
                <ele>5.8</ele>
            </trkpt>
            <trkpt lat="-37.1986615" lon="175.5508509">
                <ele>5.2</ele>
            </trkpt>
            <trkpt lat="-37.1985803" lon="175.5510333">
                <ele>5</ele>
            </trkpt>
            <trkpt lat="-37.1984777" lon="175.5512211">
                <ele>5</ele>
            </trkpt>
            <trkpt lat="-37.1983623" lon="175.5513954">
                <ele>5</ele>
            </trkpt>
            <trkpt lat="-37.1982577" lon="175.5515349">
                <ele>5</ele>
            </trkpt>
            <trkpt lat="-37.1980782" lon="175.5517548">
                <ele>5</ele>
            </trkpt>
            <trkpt lat="-37.1980034" lon="175.5518407">
                <ele>5</ele>
            </trkpt>
            <trkpt lat="-37.1978368" lon="175.5520123">
                <ele>5</ele>
            </trkpt>
            <trkpt lat="-37.1976402" lon="175.5521786">
                <ele>5</ele>
            </trkpt>
            <trkpt lat="-37.1974201" lon="175.5523342">
                <ele>5</ele>
            </trkpt>
            <trkpt lat="-37.1971915" lon="175.5524522">
                <ele>5</ele>
            </trkpt>
            <trkpt lat="-37.1969907" lon="175.5525327">
                <ele>5</ele>
            </trkpt>
            <trkpt lat="-37.1968518" lon="175.552581">
                <ele>5</ele>
            </trkpt>
            <trkpt lat="-37.1962408" lon="175.5527955">
                <ele>5.5</ele>
            </trkpt>
            <trkpt lat="-37.1958968" lon="175.5529162">
                <ele>6.2</ele>
            </trkpt>
            <trkpt lat="-37.1956724" lon="175.5530128">
                <ele>6.1</ele>
            </trkpt>
            <trkpt lat="-37.1955229" lon="175.5530745">
                <ele>6</ele>
            </trkpt>
            <trkpt lat="-37.195196" lon="175.5532408">
                <ele>5.8</ele>
            </trkpt>
            <trkpt lat="-37.1949759" lon="175.5533642">
                <ele>5</ele>
            </trkpt>
            <trkpt lat="-37.1948135" lon="175.5534634">
                <ele>5</ele>
            </trkpt>
            <trkpt lat="-37.1945422" lon="175.5536431">
                <ele>5</ele>
            </trkpt>
            <trkpt lat="-37.1943371" lon="175.5537987">
                <ele>5</ele>
            </trkpt>
            <trkpt lat="-37.1941234" lon="175.5539677">
                <ele>5</ele>
            </trkpt>
            <trkpt lat="-37.1939802" lon="175.5540937">
                <ele>4.9</ele>
            </trkpt>
            <trkpt lat="-37.1938392" lon="175.5542225">
                <ele>4.8</ele>
            </trkpt>
            <trkpt lat="-37.1936747" lon="175.5543834">
                <ele>4.8</ele>
            </trkpt>
            <trkpt lat="-37.1935251" lon="175.554539">
                <ele>4.2</ele>
            </trkpt>
            <trkpt lat="-37.1933628" lon="175.5547187">
                <ele>4</ele>
            </trkpt>
            <trkpt lat="-37.1932089" lon="175.5549011">
                <ele>4.2</ele>
            </trkpt>
            <trkpt lat="-37.1930615" lon="175.5550915">
                <ele>4.3</ele>
            </trkpt>
            <trkpt lat="-37.1929162" lon="175.55529">
                <ele>4.5</ele>
            </trkpt>
            <trkpt lat="-37.1927923" lon="175.555467">
                <ele>5</ele>
            </trkpt>
            <trkpt lat="-37.1926705" lon="175.5556494">
                <ele>5.2</ele>
            </trkpt>
            <trkpt lat="-37.1925487" lon="175.5558479">
                <ele>5.2</ele>
            </trkpt>
            <trkpt lat="-37.1924226" lon="175.5560598">
                <ele>5.1</ele>
            </trkpt>
            <trkpt lat="-37.1923243" lon="175.5562475">
                <ele>5</ele>
            </trkpt>
            <trkpt lat="-37.1922261" lon="175.556438">
                <ele>4.9</ele>
            </trkpt>
            <trkpt lat="-37.1921278" lon="175.5566391">
                <ele>4.8</ele>
            </trkpt>
            <trkpt lat="-37.192038" lon="175.5568457">
                <ele>4.8</ele>
            </trkpt>
            <trkpt lat="-37.1919483" lon="175.5570576">
                <ele>4.5</ele>
            </trkpt>
            <trkpt lat="-37.1918714" lon="175.5572587">
                <ele>4.2</ele>
            </trkpt>
            <trkpt lat="-37.1917966" lon="175.5574599">
                <ele>4.3</ele>
            </trkpt>
            <trkpt lat="-37.1917261" lon="175.5576771">
                <ele>4.3</ele>
            </trkpt>
            <trkpt lat="-37.1916598" lon="175.5578837">
                <ele>4.3</ele>
            </trkpt>
            <trkpt lat="-37.1916021" lon="175.5580956">
                <ele>4.4</ele>
            </trkpt>
            <trkpt lat="-37.1915252" lon="175.5583799">
                <ele>4.4</ele>
            </trkpt>
            <trkpt lat="-37.1914739" lon="175.5586159">
                <ele>4.5</ele>
            </trkpt>
            <trkpt lat="-37.1914248" lon="175.55886">
                <ele>4.5</ele>
            </trkpt>
            <trkpt lat="-37.1912966" lon="175.5596083">
                <ele>4.5</ele>
            </trkpt>
            <trkpt lat="-37.190241" lon="175.5659866">
                <ele>5</ele>
            </trkpt>
            <trkpt lat="-37.190147" lon="175.5665392">
                <ele>5</ele>
            </trkpt>
            <trkpt lat="-37.1897325" lon="175.569157">
                <ele>5</ele>
            </trkpt>
            <trkpt lat="-37.1896193" lon="175.569731">
                <ele>4.8</ele>
            </trkpt>
            <trkpt lat="-37.1895316" lon="175.5700663">
                <ele>4.8</ele>
            </trkpt>
            <trkpt lat="-37.1894013" lon="175.5704954">
                <ele>5</ele>
            </trkpt>
            <trkpt lat="-37.1892945" lon="175.5708173">
                <ele>6</ele>
            </trkpt>
            <trkpt lat="-37.1891534" lon="175.5711123">
                <ele>5.8</ele>
            </trkpt>
            <trkpt lat="-37.1889718" lon="175.5715656">
                <ele>6</ele>
            </trkpt>
            <trkpt lat="-37.1889099" lon="175.5717131">
                <ele>6.5</ele>
            </trkpt>
            <trkpt lat="-37.1888522" lon="175.5718204">
                <ele>7</ele>
            </trkpt>
            <trkpt lat="-37.1888009" lon="175.5718902">
                <ele>7</ele>
            </trkpt>
            <trkpt lat="-37.1887389" lon="175.5719358">
                <ele>7</ele>
            </trkpt>
            <trkpt lat="-37.1886812" lon="175.5719599">
                <ele>7</ele>
            </trkpt>
            <trkpt lat="-37.1886235" lon="175.5719653">
                <ele>7</ele>
            </trkpt>
            <trkpt lat="-37.1885295" lon="175.5719599">
                <ele>7</ele>
            </trkpt>
            <trkpt lat="-37.1884761" lon="175.5719358">
                <ele>7</ele>
            </trkpt>
            <trkpt lat="-37.1884184" lon="175.5719304">
                <ele>7.1</ele>
            </trkpt>
            <trkpt lat="-37.1883628" lon="175.5719465">
                <ele>7.2</ele>
            </trkpt>
            <trkpt lat="-37.1883137" lon="175.5719814">
                <ele>7.2</ele>
            </trkpt>
            <trkpt lat="-37.1882752" lon="175.5720323">
                <ele>8</ele>
            </trkpt>
            <trkpt lat="-37.1882731" lon="175.5720377">
                <ele>8</ele>
            </trkpt>
            <trkpt lat="-37.1881791" lon="175.5721155">
                <ele>8.2</ele>
            </trkpt>
            <trkpt lat="-37.1880765" lon="175.5721879">
                <ele>8.5</ele>
            </trkpt>
            <trkpt lat="-37.1879675" lon="175.5722335">
                <ele>8.8</ele>
            </trkpt>
            <trkpt lat="-37.1878436" lon="175.5722657">
                <ele>9</ele>
            </trkpt>
            <trkpt lat="-37.1877496" lon="175.5722898">
                <ele>9.5</ele>
            </trkpt>
            <trkpt lat="-37.1875316" lon="175.5723354">
                <ele>10.2</ele>
            </trkpt>
            <trkpt lat="-37.187397" lon="175.572381">
                <ele>11</ele>
            </trkpt>
            <trkpt lat="-37.1871833" lon="175.572373">
                <ele>11</ele>
            </trkpt>
            <trkpt lat="-37.1870615" lon="175.5723488">
                <ele>11</ele>
            </trkpt>
            <trkpt lat="-37.1870572" lon="175.5723488">
                <ele>11</ele>
            </trkpt>
            <trkpt lat="-37.1869632" lon="175.5723247">
                <ele>10.8</ele>
            </trkpt>
            <trkpt lat="-37.1869184" lon="175.572314">
                <ele>10.5</ele>
            </trkpt>
            <trkpt lat="-37.1867816" lon="175.5722737">
                <ele>10</ele>
            </trkpt>
            <trkpt lat="-37.1866512" lon="175.5722228">
                <ele>9.5</ele>
            </trkpt>
            <trkpt lat="-37.186523" lon="175.5721638">
                <ele>9</ele>
            </trkpt>
            <trkpt lat="-37.1863906" lon="175.5720913">
                <ele>8.2</ele>
            </trkpt>
            <trkpt lat="-37.1863136" lon="175.5720377">
                <ele>7.8</ele>
            </trkpt>
            <trkpt lat="-37.1862965" lon="175.5720243">
                <ele>7.8</ele>
            </trkpt>
            <trkpt lat="-37.1861427" lon="175.571917">
                <ele>7.5</ele>
            </trkpt>
            <trkpt lat="-37.1851811" lon="175.5711848">
                <ele>8</ele>
            </trkpt>
            <trkpt lat="-37.1846319" lon="175.5707636">
                <ele>7.8</ele>
            </trkpt>
            <trkpt lat="-37.1843648" lon="175.5705625">
                <ele>8</ele>
            </trkpt>
            <trkpt lat="-37.1839802" lon="175.5702379">
                <ele>8.8</ele>
            </trkpt>
            <trkpt lat="-37.1837408" lon="175.5700475">
                <ele>9</ele>
            </trkpt>
            <trkpt lat="-37.1836724" lon="175.5699992">
                <ele>9</ele>
            </trkpt>
            <trkpt lat="-37.1834416" lon="175.5698141">
                <ele>9</ele>
            </trkpt>
            <trkpt lat="-37.1828775" lon="175.5693689">
                <ele>9</ele>
            </trkpt>
            <trkpt lat="-37.1826702" lon="175.5692106">
                <ele>9.2</ele>
            </trkpt>
            <trkpt lat="-37.1825164" lon="175.5691114">
                <ele>9.5</ele>
            </trkpt>
            <trkpt lat="-37.1823753" lon="175.5690256">
                <ele>9.8</ele>
            </trkpt>
            <trkpt lat="-37.1822578" lon="175.5689612">
                <ele>10.2</ele>
            </trkpt>
            <trkpt lat="-37.1820954" lon="175.5688807">
                <ele>10.4</ele>
            </trkpt>
            <trkpt lat="-37.1819137" lon="175.5687949">
                <ele>10.5</ele>
            </trkpt>
            <trkpt lat="-37.1813816" lon="175.5685911">
                <ele>10</ele>
            </trkpt>
            <trkpt lat="-37.1811722" lon="175.5685079">
                <ele>9</ele>
            </trkpt>
            <trkpt lat="-37.180888" lon="175.5683926">
                <ele>8</ele>
            </trkpt>
            <trkpt lat="-37.1804499" lon="175.5682075">
                <ele>7.5</ele>
            </trkpt>
            <trkpt lat="-37.1801293" lon="175.5680653">
                <ele>7.8</ele>
            </trkpt>
            <trkpt lat="-37.1800503" lon="175.5680332">
                <ele>7.5</ele>
            </trkpt>
            <trkpt lat="-37.1797981" lon="175.5679125">
                <ele>7.1</ele>
            </trkpt>
            <trkpt lat="-37.1797468" lon="175.5678883">
                <ele>7</ele>
            </trkpt>
            <trkpt lat="-37.1769708" lon="175.5663675">
                <ele>6</ele>
            </trkpt>
            <trkpt lat="-37.1761928" lon="175.5659437">
                <ele>6.1</ele>
            </trkpt>
            <trkpt lat="-37.175556" lon="175.5656111">
                <ele>6.2</ele>
            </trkpt>
            <trkpt lat="-37.1753935" lon="175.5655065">
                <ele>6.2</ele>
            </trkpt>
            <trkpt lat="-37.1752333" lon="175.5653858">
                <ele>6.2</ele>
            </trkpt>
            <trkpt lat="-37.1750537" lon="175.5652168">
                <ele>6.8</ele>
            </trkpt>
            <trkpt lat="-37.1749597" lon="175.5651015">
                <ele>7.2</ele>
            </trkpt>
            <trkpt lat="-37.1748379" lon="175.5649298">
                <ele>7.8</ele>
            </trkpt>
            <trkpt lat="-37.1747332" lon="175.5647421">
                <ele>8.2</ele>
            </trkpt>
            <trkpt lat="-37.1742138" lon="175.5637121">
                <ele>11.2</ele>
            </trkpt>
            <trkpt lat="-37.1736111" lon="175.5624595">
                <ele>12.2</ele>
            </trkpt>
            <trkpt lat="-37.1734658" lon="175.5621752">
                <ele>11.8</ele>
            </trkpt>
            <trkpt lat="-37.1733012" lon="175.5619124">
                <ele>12.1</ele>
            </trkpt>
            <trkpt lat="-37.1731281" lon="175.5616602">
                <ele>12.5</ele>
            </trkpt>
            <trkpt lat="-37.1729208" lon="175.5614188">
                <ele>11.5</ele>
            </trkpt>
            <trkpt lat="-37.1727135" lon="175.5612284">
                <ele>11</ele>
            </trkpt>
            <trkpt lat="-37.1724955" lon="175.5610487">
                <ele>10.8</ele>
            </trkpt>
            <trkpt lat="-37.172301" lon="175.5609038">
                <ele>10.5</ele>
            </trkpt>
            <trkpt lat="-37.1722561" lon="175.5608717">
                <ele>10.5</ele>
            </trkpt>
            <trkpt lat="-37.171553" lon="175.5603889">
                <ele>10</ele>
            </trkpt>
            <trkpt lat="-37.1714034" lon="175.5602869">
                <ele>9.2</ele>
            </trkpt>
            <trkpt lat="-37.1712794" lon="175.5602065">
                <ele>8.8</ele>
            </trkpt>
            <trkpt lat="-37.1708306" lon="175.5598792">
                <ele>7.2</ele>
            </trkpt>
            <trkpt lat="-37.1699842" lon="175.5592677">
                <ele>10.8</ele>
            </trkpt>
            <trkpt lat="-37.1698389" lon="175.5591604">
                <ele>11.8</ele>
            </trkpt>
            <trkpt lat="-37.1689647" lon="175.5585408">
                <ele>13.2</ele>
            </trkpt>
            <trkpt lat="-37.1675305" lon="175.5576798">
                <ele>13</ele>
            </trkpt>
            <trkpt lat="-37.1674536" lon="175.5576369">
                <ele>12.5</ele>
            </trkpt>
            <trkpt lat="-37.1671757" lon="175.5574813">
                <ele>12</ele>
            </trkpt>
            <trkpt lat="-37.1658762" lon="175.5567384">
                <ele>9</ele>
            </trkpt>
            <trkpt lat="-37.1654017" lon="175.5564728">
                <ele>8.5</ele>
            </trkpt>
            <trkpt lat="-37.1647113" lon="175.5560705">
                <ele>7.2</ele>
            </trkpt>
            <trkpt lat="-37.1642624" lon="175.5557996">
                <ele>6.2</ele>
            </trkpt>
            <trkpt lat="-37.1641" lon="175.5557057">
                <ele>6</ele>
            </trkpt>
            <trkpt lat="-37.1637729" lon="175.5555448">
                <ele>5</ele>
            </trkpt>
            <trkpt lat="-37.1635592" lon="175.5554643">
                <ele>4.8</ele>
            </trkpt>
            <trkpt lat="-37.163121" lon="175.5553249">
                <ele>5</ele>
            </trkpt>
            <trkpt lat="-37.1618727" lon="175.5549172">
                <ele>6</ele>
            </trkpt>
            <trkpt lat="-37.1611652" lon="175.5546972">
                <ele>6</ele>
            </trkpt>
            <trkpt lat="-37.1609642" lon="175.5546328">
                <ele>6.2</ele>
            </trkpt>
            <trkpt lat="-37.1607462" lon="175.5545497">
                <ele>6</ele>
            </trkpt>
            <trkpt lat="-37.1603892" lon="175.5543995">
                <ele>5.8</ele>
            </trkpt>
            <trkpt lat="-37.1589998" lon="175.5537906">
                <ele>6.5</ele>
            </trkpt>
            <trkpt lat="-37.1568579" lon="175.5528787">
                <ele>7</ele>
            </trkpt>
            <trkpt lat="-37.1564838" lon="175.552707">
                <ele>7</ele>
            </trkpt>
            <trkpt lat="-37.1561909" lon="175.5525944">
                <ele>7</ele>
            </trkpt>
            <trkpt lat="-37.1548356" lon="175.5520794">
                <ele>7</ele>
            </trkpt>
            <trkpt lat="-37.1526166" lon="175.5512452">
                <ele>6</ele>
            </trkpt>
            <trkpt lat="-37.1520479" lon="175.5510575">
                <ele>6</ele>
            </trkpt>
            <trkpt lat="-37.1516588" lon="175.5509529">
                <ele>7</ele>
            </trkpt>
            <trkpt lat="-37.1508529" lon="175.5507544">
                <ele>7</ele>
            </trkpt>
            <trkpt lat="-37.1505365" lon="175.5506819">
                <ele>7</ele>
            </trkpt>
            <trkpt lat="-37.1503334" lon="175.5506256">
                <ele>7</ele>
            </trkpt>
            <trkpt lat="-37.1501068" lon="175.5505452">
                <ele>7</ele>
            </trkpt>
            <trkpt lat="-37.1499101" lon="175.5504647">
                <ele>7</ele>
            </trkpt>
            <trkpt lat="-37.1497241" lon="175.5503789">
                <ele>7</ele>
            </trkpt>
            <trkpt lat="-37.1495445" lon="175.5502903">
                <ele>7</ele>
            </trkpt>
            <trkpt lat="-37.1493713" lon="175.5501965">
                <ele>6</ele>
            </trkpt>
            <trkpt lat="-37.1490934" lon="175.5500275">
                <ele>7</ele>
            </trkpt>
            <trkpt lat="-37.1488069" lon="175.5498156">
                <ele>7.4</ele>
            </trkpt>
            <trkpt lat="-37.1483986" lon="175.5494723">
                <ele>8</ele>
            </trkpt>
            <trkpt lat="-37.1481698" lon="175.5492711">
                <ele>8</ele>
            </trkpt>
            <trkpt lat="-37.1481228" lon="175.5492362">
                <ele>8</ele>
            </trkpt>
            <trkpt lat="-37.1479539" lon="175.549086">
                <ele>8</ele>
            </trkpt>
            <trkpt lat="-37.1479218" lon="175.5491209">
                <ele>7.9</ele>
            </trkpt>
            <trkpt lat="-37.1478812" lon="175.5491719">
                <ele>7.8</ele>
            </trkpt>
            <trkpt lat="-37.1478534" lon="175.5492228">
                <ele>7.8</ele>
            </trkpt>
            <trkpt lat="-37.1478278" lon="175.5492872">
                <ele>7.5</ele>
            </trkpt>
            <trkpt lat="-37.1474707" lon="175.5504513">
                <ele>8</ele>
            </trkpt>
            <trkpt lat="-37.1474472" lon="175.5505532">
                <ele>8</ele>
            </trkpt>
            <trkpt lat="-37.1474002" lon="175.5507141">
                <ele>8</ele>
            </trkpt>
            <trkpt lat="-37.1473767" lon="175.5507544">
                <ele>8</ele>
            </trkpt>
            <trkpt lat="-37.1473403" lon="175.5508268">
                <ele>8</ele>
            </trkpt>
            <trkpt lat="-37.1472997" lon="175.5509555">
                <ele>8</ele>
            </trkpt>
            <trkpt lat="-37.1472826" lon="175.551044">
                <ele>8.2</ele>
            </trkpt>
            <trkpt lat="-37.1470581" lon="175.5517682">
                <ele>9.5</ele>
            </trkpt>
            <trkpt lat="-37.147041" lon="175.5518407">
                <ele>9.8</ele>
            </trkpt>
            <trkpt lat="-37.1470025" lon="175.5519721">
                <ele>10</ele>
            </trkpt>
            <trkpt lat="-37.1469769" lon="175.5520284">
                <ele>10</ele>
            </trkpt>
            <trkpt lat="-37.1469405" lon="175.5520955">
                <ele>10.1</ele>
            </trkpt>
            <trkpt lat="-37.1468999" lon="175.5522296">
                <ele>10.2</ele>
            </trkpt>
            <trkpt lat="-37.1468849" lon="175.5523181">
                <ele>10.2</ele>
            </trkpt>
            <trkpt lat="-37.1465706" lon="175.5533025">
                <ele>11</ele>
            </trkpt>
            <trkpt lat="-37.14656" lon="175.5533561">
                <ele>11</ele>
            </trkpt>
            <trkpt lat="-37.1465578" lon="175.5533937">
                <ele>11</ele>
            </trkpt>
            <trkpt lat="-37.1465621" lon="175.5534366">
                <ele>11</ele>
            </trkpt>
            <trkpt lat="-37.1465706" lon="175.5534795">
                <ele>11</ele>
            </trkpt>
            <trkpt lat="-37.1465899" lon="175.5535251">
                <ele>10.9</ele>
            </trkpt>
            <trkpt lat="-37.1466113" lon="175.5535546">
                <ele>10.9</ele>
            </trkpt>
            <trkpt lat="-37.1466348" lon="175.5535761">
                <ele>10.8</ele>
            </trkpt>
            <trkpt lat="-37.1466711" lon="175.5536056">
                <ele>10.8</ele>
            </trkpt>
            <trkpt lat="-37.1473232" lon="175.553906">
                <ele>10</ele>
            </trkpt>
            <trkpt lat="-37.147475" lon="175.5539918">
                <ele>10</ele>
            </trkpt>
            <trkpt lat="-37.1476118" lon="175.5540749">
                <ele>9.2</ele>
            </trkpt>
            <trkpt lat="-37.1476802" lon="175.5541232">
                <ele>9</ele>
            </trkpt>
            <trkpt lat="-37.1477401" lon="175.5541876">
                <ele>9.1</ele>
            </trkpt>
            <trkpt lat="-37.1479111" lon="175.5544263">
                <ele>9.2</ele>
            </trkpt>
            <trkpt lat="-37.1479881" lon="175.5545202">
                <ele>9.3</ele>
            </trkpt>
            <trkpt lat="-37.1480715" lon="175.554598">
                <ele>9.3</ele>
            </trkpt>
            <trkpt lat="-37.1485098" lon="175.5548742">
                <ele>9.5</ele>
            </trkpt>
            <trkpt lat="-37.1491789" lon="175.5552739">
                <ele>9</ele>
            </trkpt>
            <trkpt lat="-37.1499122" lon="175.5557084">
                <ele>9.5</ele>
            </trkpt>
            <trkpt lat="-37.1501388" lon="175.5558506">
                <ele>10.2</ele>
            </trkpt>
            <trkpt lat="-37.1503163" lon="175.5559713">
                <ele>11.2</ele>
            </trkpt>
            <trkpt lat="-37.1504424" lon="175.5560759">
                <ele>11.8</ele>
            </trkpt>
            <trkpt lat="-37.1506263" lon="175.5562663">
                <ele>12.5</ele>
            </trkpt>
            <trkpt lat="-37.1510453" lon="175.556733">
                <ele>14.2</ele>
            </trkpt>
            <trkpt lat="-37.1511329" lon="175.5568108">
                <ele>14</ele>
            </trkpt>
            <trkpt lat="-37.1512313" lon="175.5568859">
                <ele>14.2</ele>
            </trkpt>
            <trkpt lat="-37.1519923" lon="175.5573606">
                <ele>14.5</ele>
            </trkpt>
            <trkpt lat="-37.1520928" lon="175.5574331">
                <ele>14</ele>
            </trkpt>
            <trkpt lat="-37.1522018" lon="175.557535">
                <ele>13.5</ele>
            </trkpt>
            <trkpt lat="-37.1522767" lon="175.5576369">
                <ele>13.2</ele>
            </trkpt>
            <trkpt lat="-37.1523494" lon="175.557771">
                <ele>13.5</ele>
            </trkpt>
            <trkpt lat="-37.1523943" lon="175.5578917">
                <ele>13.8</ele>
            </trkpt>
            <trkpt lat="-37.1524285" lon="175.5580258">
                <ele>13.5</ele>
            </trkpt>
            <trkpt lat="-37.1524541" lon="175.5581519">
                <ele>13.2</ele>
            </trkpt>
            <trkpt lat="-37.1524926" lon="175.558404">
                <ele>13</ele>
            </trkpt>
            <trkpt lat="-37.1525289" lon="175.5585837">
                <ele>12.9</ele>
            </trkpt>
            <trkpt lat="-37.152561" lon="175.5587178">
                <ele>12.8</ele>
            </trkpt>
            <trkpt lat="-37.1525995" lon="175.5588412">
                <ele>12.9</ele>
            </trkpt>
            <trkpt lat="-37.1526572" lon="175.5589753">
                <ele>13</ele>
            </trkpt>
            <trkpt lat="-37.1527149" lon="175.5590907">
                <ele>12.8</ele>
            </trkpt>
            <trkpt lat="-37.152794" lon="175.5592328">
                <ele>12.2</ele>
            </trkpt>
            <trkpt lat="-37.1529266" lon="175.5594608">
                <ele>12.4</ele>
            </trkpt>
            <trkpt lat="-37.1530313" lon="175.5596271">
                <ele>12.5</ele>
            </trkpt>
            <trkpt lat="-37.1531061" lon="175.5597129">
                <ele>12.4</ele>
            </trkpt>
            <trkpt lat="-37.1533285" lon="175.5599222">
                <ele>12.2</ele>
            </trkpt>
            <trkpt lat="-37.1546475" lon="175.5611452">
                <ele>10</ele>
            </trkpt>
            <trkpt lat="-37.1548313" lon="175.5613035">
                <ele>10.5</ele>
            </trkpt>
            <trkpt lat="-37.1549147" lon="175.5613625">
                <ele>10.8</ele>
            </trkpt>
            <trkpt lat="-37.1553294" lon="175.5615905">
                <ele>11.5</ele>
            </trkpt>
            <trkpt lat="-37.1557142" lon="175.5618158">
                <ele>11.3</ele>
            </trkpt>
            <trkpt lat="-37.1561845" lon="175.5621082">
                <ele>11</ele>
            </trkpt>
            <trkpt lat="-37.1562123" lon="175.5621269">
                <ele>11.1</ele>
            </trkpt>
            <trkpt lat="-37.156394" lon="175.5622798">
                <ele>11.6</ele>
            </trkpt>
            <trkpt lat="-37.1565222" lon="175.5624059">
                <ele>12</ele>
            </trkpt>
            <trkpt lat="-37.1565885" lon="175.5624837">
                <ele>12.2</ele>
            </trkpt>
            <trkpt lat="-37.1568151" lon="175.5628431">
                <ele>13</ele>
            </trkpt>
            <trkpt lat="-37.1574051" lon="175.5637953">
                <ele>21.2</ele>
            </trkpt>
            <trkpt lat="-37.1577706" lon="175.5644175">
                <ele>21.5</ele>
            </trkpt>
            <trkpt lat="-37.1578647" lon="175.5646053">
                <ele>20.2</ele>
            </trkpt>
            <trkpt lat="-37.1579267" lon="175.564785">
                <ele>19.8</ele>
            </trkpt>
            <trkpt lat="-37.1579566" lon="175.5649325">
                <ele>19.2</ele>
            </trkpt>
            <trkpt lat="-37.1579588" lon="175.5650049">
                <ele>19</ele>
            </trkpt>
            <trkpt lat="-37.1579523" lon="175.5651042">
                <ele>18.8</ele>
            </trkpt>
            <trkpt lat="-37.1579352" lon="175.5651873">
                <ele>18.5</ele>
            </trkpt>
            <trkpt lat="-37.1579032" lon="175.5652732">
                <ele>18.2</ele>
            </trkpt>
            <trkpt lat="-37.1578348" lon="175.5654368">
                <ele>18.3</ele>
            </trkpt>
            <trkpt lat="-37.1576274" lon="175.5658364">
                <ele>18.5</ele>
            </trkpt>
            <trkpt lat="-37.1571016" lon="175.5667377">
                <ele>15</ele>
            </trkpt>
            <trkpt lat="-37.1569818" lon="175.566963">
                <ele>14.5</ele>
            </trkpt>
            <trkpt lat="-37.1568664" lon="175.5672285">
                <ele>14.8</ele>
            </trkpt>
            <trkpt lat="-37.1564923" lon="175.5681592">
                <ele>14.2</ele>
            </trkpt>
            <trkpt lat="-37.1564218" lon="175.5683845">
                <ele>14</ele>
            </trkpt>
            <trkpt lat="-37.1563534" lon="175.5686823">
                <ele>14.5</ele>
            </trkpt>
            <trkpt lat="-37.1563192" lon="175.5688995">
                <ele>15</ele>
            </trkpt>
            <trkpt lat="-37.1562999" lon="175.5691329">
                <ele>15.2</ele>
            </trkpt>
            <trkpt lat="-37.1563021" lon="175.569275">
                <ele>15.1</ele>
            </trkpt>
            <trkpt lat="-37.1563127" lon="175.5693501">
                <ele>15</ele>
            </trkpt>
            <trkpt lat="-37.156332" lon="175.5694842">
                <ele>14.8</ele>
            </trkpt>
            <trkpt lat="-37.1563705" lon="175.5696425">
                <ele>14.2</ele>
            </trkpt>
            <trkpt lat="-37.15658" lon="175.5702889">
                <ele>12</ele>
            </trkpt>
            <trkpt lat="-37.1566334" lon="175.5704847">
                <ele>11.2</ele>
            </trkpt>
            <trkpt lat="-37.1566548" lon="175.5706349">
                <ele>11</ele>
            </trkpt>
            <trkpt lat="-37.1566633" lon="175.5707717">
                <ele>11.2</ele>
            </trkpt>
            <trkpt lat="-37.1566612" lon="175.5709729">
                <ele>12</ele>
            </trkpt>
            <trkpt lat="-37.1565864" lon="175.5717239">
                <ele>14.5</ele>
            </trkpt>
            <trkpt lat="-37.15658" lon="175.5718607">
                <ele>15</ele>
            </trkpt>
            <trkpt lat="-37.15658" lon="175.5719921">
                <ele>15.5</ele>
            </trkpt>
            <trkpt lat="-37.1566056" lon="175.5724534">
                <ele>14.5</ele>
            </trkpt>
            <trkpt lat="-37.1566697" lon="175.5731454">
                <ele>13</ele>
            </trkpt>
            <trkpt lat="-37.1567018" lon="175.5734512">
                <ele>11.8</ele>
            </trkpt>
            <trkpt lat="-37.1567146" lon="175.5736068">
                <ele>11</ele>
            </trkpt>
            <trkpt lat="-37.1567104" lon="175.5737168">
                <ele>10.8</ele>
            </trkpt>
            <trkpt lat="-37.156689" lon="175.5738401">
                <ele>10.5</ele>
            </trkpt>
            <trkpt lat="-37.1566633" lon="175.5739474">
                <ele>10.4</ele>
            </trkpt>
            <trkpt lat="-37.1566013" lon="175.5741298">
                <ele>10.2</ele>
            </trkpt>
            <trkpt lat="-37.1565629" lon="175.574272">
                <ele>10</ele>
            </trkpt>
            <trkpt lat="-37.15655" lon="175.5743846">
                <ele>9.9</ele>
            </trkpt>
            <trkpt lat="-37.1565479" lon="175.5744892">
                <ele>9.8</ele>
            </trkpt>
            <trkpt lat="-37.1565671" lon="175.5745992">
                <ele>9.8</ele>
            </trkpt>
            <trkpt lat="-37.156612" lon="175.5747306">
                <ele>10</ele>
            </trkpt>
            <trkpt lat="-37.1568792" lon="175.5753422">
                <ele>10.2</ele>
            </trkpt>
            <trkpt lat="-37.156922" lon="175.5754495">
                <ele>10.5</ele>
            </trkpt>
            <trkpt lat="-37.1569541" lon="175.5755541">
                <ele>10.8</ele>
            </trkpt>
            <trkpt lat="-37.1569776" lon="175.5756748">
                <ele>11</ele>
            </trkpt>
            <trkpt lat="-37.1569904" lon="175.5757874">
                <ele>11.2</ele>
            </trkpt>
            <trkpt lat="-37.1570032" lon="175.5759805">
                <ele>11.3</ele>
            </trkpt>
            <trkpt lat="-37.1570096" lon="175.5767906">
                <ele>11.5</ele>
            </trkpt>
            <trkpt lat="-37.1569925" lon="175.5770829">
                <ele>12</ele>
            </trkpt>
            <trkpt lat="-37.1567916" lon="175.5785823">
                <ele>17.2</ele>
            </trkpt>
            <trkpt lat="-37.1567638" lon="175.5790168">
                <ele>17.6</ele>
            </trkpt>
            <trkpt lat="-37.1567745" lon="175.5794674">
                <ele>18</ele>
            </trkpt>
            <trkpt lat="-37.1568237" lon="175.579918">
                <ele>19.5</ele>
            </trkpt>
            <trkpt lat="-37.156907" lon="175.580366">
                <ele>18.5</ele>
            </trkpt>
            <trkpt lat="-37.1569968" lon="175.5806637">
                <ele>17.2</ele>
            </trkpt>
            <trkpt lat="-37.1570203" lon="175.580838">
                <ele>17</ele>
            </trkpt>
            <trkpt lat="-37.157016" lon="175.5809882">
                <ele>17.2</ele>
            </trkpt>
            <trkpt lat="-37.1569263" lon="175.581176">
                <ele>18.5</ele>
            </trkpt>
            <trkpt lat="-37.1568472" lon="175.581353">
                <ele>20.5</ele>
            </trkpt>
            <trkpt lat="-37.1567937" lon="175.5814978">
                <ele>22</ele>
            </trkpt>
            <trkpt lat="-37.1567467" lon="175.5817285">
                <ele>23.2</ele>
            </trkpt>
            <trkpt lat="-37.1567424" lon="175.5819377">
                <ele>23.5</ele>
            </trkpt>
            <trkpt lat="-37.1567617" lon="175.5821308">
                <ele>23</ele>
            </trkpt>
            <trkpt lat="-37.1568279" lon="175.5822757">
                <ele>22.5</ele>
            </trkpt>
            <trkpt lat="-37.1570652" lon="175.5826485">
                <ele>20</ele>
            </trkpt>
            <trkpt lat="-37.1573709" lon="175.5830374">
                <ele>18</ele>
            </trkpt>
            <trkpt lat="-37.1575334" lon="175.5832922">
                <ele>17.8</ele>
            </trkpt>
            <trkpt lat="-37.1575954" lon="175.5834478">
                <ele>17.2</ele>
            </trkpt>
            <trkpt lat="-37.1576573" lon="175.5836973">
                <ele>17.4</ele>
            </trkpt>
            <trkpt lat="-37.15773" lon="175.5844805">
                <ele>18</ele>
            </trkpt>
            <trkpt lat="-37.1577557" lon="175.5846977">
                <ele>18.5</ele>
            </trkpt>
            <trkpt lat="-37.1578241" lon="175.5848855">
                <ele>18.4</ele>
            </trkpt>
            <trkpt lat="-37.1579459" lon="175.5850437">
                <ele>18.2</ele>
            </trkpt>
            <trkpt lat="-37.1581234" lon="175.5851859">
                <ele>18</ele>
            </trkpt>
            <trkpt lat="-37.1586385" lon="175.5855614">
                <ele>15.8</ele>
            </trkpt>
            <trkpt lat="-37.1588331" lon="175.5857518">
                <ele>15</ele>
            </trkpt>
            <trkpt lat="-37.1588865" lon="175.585894">
                <ele>15.2</ele>
            </trkpt>
            <trkpt lat="-37.1589314" lon="175.5860898">
                <ele>15.5</ele>
            </trkpt>
            <trkpt lat="-37.1589485" lon="175.5862346">
                <ele>15.8</ele>
            </trkpt>
            <trkpt lat="-37.1588801" lon="175.5864143">
                <ele>16.5</ele>
            </trkpt>
            <trkpt lat="-37.1586834" lon="175.5868301">
                <ele>16.8</ele>
            </trkpt>
            <trkpt lat="-37.1586193" lon="175.5870098">
                <ele>16.3</ele>
            </trkpt>
            <trkpt lat="-37.1586065" lon="175.5872431">
                <ele>15.8</ele>
            </trkpt>
            <trkpt lat="-37.1588095" lon="175.5888391">
                <ele>13.8</ele>
            </trkpt>
            <trkpt lat="-37.1587775" lon="175.5890563">
                <ele>13</ele>
            </trkpt>
            <trkpt lat="-37.1586813" lon="175.5892199">
                <ele>13.3</ele>
            </trkpt>
            <trkpt lat="-37.1585231" lon="175.5893219">
                <ele>13.6</ele>
            </trkpt>
            <trkpt lat="-37.1577172" lon="175.5895579">
                <ele>15</ele>
            </trkpt>
            <trkpt lat="-37.1573217" lon="175.5896786">
                <ele>16.2</ele>
            </trkpt>
            <trkpt lat="-37.1570588" lon="175.5897135">
                <ele>17.5</ele>
            </trkpt>
            <trkpt lat="-37.1567104" lon="175.5896786">
                <ele>19.5</ele>
            </trkpt>
            <trkpt lat="-37.1564667" lon="175.5896544">
                <ele>20.2</ele>
            </trkpt>
            <trkpt lat="-37.156208" lon="175.5896839">
                <ele>21.5</ele>
            </trkpt>
            <trkpt lat="-37.1556501" lon="175.5897859">
                <ele>23</ele>
            </trkpt>
            <trkpt lat="-37.1553551" lon="175.5898556">
                <ele>24</ele>
            </trkpt>
            <trkpt lat="-37.1551798" lon="175.5899468">
                <ele>24.8</ele>
            </trkpt>
            <trkpt lat="-37.1550408" lon="175.5900756">
                <ele>24.6</ele>
            </trkpt>
            <trkpt lat="-37.1549147" lon="175.5902714">
                <ele>24.5</ele>
            </trkpt>
            <trkpt lat="-37.1545769" lon="175.590848">
                <ele>25.2</ele>
            </trkpt>
            <trkpt lat="-37.1537154" lon="175.5922642">
                <ele>25</ele>
            </trkpt>
            <trkpt lat="-37.1527791" lon="175.5931735">
                <ele>24.6</ele>
            </trkpt>
            <trkpt lat="-37.1525503" lon="175.5934873">
                <ele>24.5</ele>
            </trkpt>
            <trkpt lat="-37.1522681" lon="175.5939326">
                <ele>23</ele>
            </trkpt>
            <trkpt lat="-37.1518384" lon="175.5943295">
                <ele>23.5</ele>
            </trkpt>
            <trkpt lat="-37.1508123" lon="175.5952361">
                <ele>23.2</ele>
            </trkpt>
            <trkpt lat="-37.150064" lon="175.5960622">
                <ele>24.2</ele>
            </trkpt>
            <trkpt lat="-37.1497733" lon="175.5961695">
                <ele>26.2</ele>
            </trkpt>
            <trkpt lat="-37.1490656" lon="175.5962929">
                <ele>30.2</ele>
            </trkpt>
            <trkpt lat="-37.1489309" lon="175.5963627">
                <ele>29.9</ele>
            </trkpt>
            <trkpt lat="-37.1487428" lon="175.5966014">
                <ele>29.2</ele>
            </trkpt>
            <trkpt lat="-37.1486658" lon="175.5970547">
                <ele>28</ele>
            </trkpt>
            <trkpt lat="-37.1487556" lon="175.5975965">
                <ele>26</ele>
            </trkpt>
            <trkpt lat="-37.1488582" lon="175.5980819">
                <ele>24.8</ele>
            </trkpt>
            <trkpt lat="-37.1487898" lon="175.5983984">
                <ele>26</ele>
            </trkpt>
            <trkpt lat="-37.1486744" lon="175.5985191">
                <ele>26.8</ele>
            </trkpt>
            <trkpt lat="-37.1484841" lon="175.5985567">
                <ele>28</ele>
            </trkpt>
            <trkpt lat="-37.1481741" lon="175.5985031">
                <ele>30.2</ele>
            </trkpt>
            <trkpt lat="-37.1476033" lon="175.5982">
                <ele>37</ele>
            </trkpt>
            <trkpt lat="-37.1473809" lon="175.5982053">
                <ele>38.2</ele>
            </trkpt>
            <trkpt lat="-37.1471992" lon="175.5982161">
                <ele>38.2</ele>
            </trkpt>
            <trkpt lat="-37.1470966" lon="175.598259">
                <ele>39</ele>
            </trkpt>
            <trkpt lat="-37.1465065" lon="175.5984521">
                <ele>36.2</ele>
            </trkpt>
            <trkpt lat="-37.1460404" lon="175.5986962">
                <ele>36.6</ele>
            </trkpt>
            <trkpt lat="-37.1458437" lon="175.5988303">
                <ele>36.8</ele>
            </trkpt>
            <trkpt lat="-37.1455893" lon="175.5990073">
                <ele>37.5</ele>
            </trkpt>
            <trkpt lat="-37.1454183" lon="175.5990905">
                <ele>38</ele>
            </trkpt>
            <trkpt lat="-37.145213" lon="175.5991226">
                <ele>39</ele>
            </trkpt>
            <trkpt lat="-37.1441312" lon="175.5990851">
                <ele>48.5</ele>
            </trkpt>
            <trkpt lat="-37.1435005" lon="175.5991548">
                <ele>55.2</ele>
            </trkpt>
            <trkpt lat="-37.1432674" lon="175.5991951">
                <ele>57</ele>
            </trkpt>
            <trkpt lat="-37.1431541" lon="175.599246">
                <ele>57.5</ele>
            </trkpt>
            <trkpt lat="-37.1429232" lon="175.5996537">
                <ele>61</ele>
            </trkpt>
            <trkpt lat="-37.1428013" lon="175.599753">
                <ele>62</ele>
            </trkpt>
            <trkpt lat="-37.1426388" lon="175.59982">
                <ele>62.8</ele>
            </trkpt>
            <trkpt lat="-37.1424635" lon="175.5998281">
                <ele>63.8</ele>
            </trkpt>
            <trkpt lat="-37.1422604" lon="175.5998334">
                <ele>64.5</ele>
            </trkpt>
            <trkpt lat="-37.1417087" lon="175.5998147">
                <ele>69.2</ele>
            </trkpt>
            <trkpt lat="-37.1412747" lon="175.6001016">
                <ele>68.9</ele>
            </trkpt>
            <trkpt lat="-37.1409839" lon="175.6002223">
                <ele>68.8</ele>
            </trkpt>
            <trkpt lat="-37.1389591" lon="175.6002036">
                <ele>77.8</ele>
            </trkpt>
            <trkpt lat="-37.1387987" lon="175.6002465">
                <ele>78</ele>
            </trkpt>
            <trkpt lat="-37.1386106" lon="175.6004503">
                <ele>78.5</ele>
            </trkpt>
            <trkpt lat="-37.1385785" lon="175.6007534">
                <ele>77</ele>
            </trkpt>
            <trkpt lat="-37.1388244" lon="175.6016198">
                <ele>72.5</ele>
            </trkpt>
            <trkpt lat="-37.1388372" lon="175.6017888">
                <ele>70.5</ele>
            </trkpt>
            <trkpt lat="-37.1385913" lon="175.6023574">
                <ele>71</ele>
            </trkpt>
            <trkpt lat="-37.1384374" lon="175.6033123">
                <ele>69</ele>
            </trkpt>
            <trkpt lat="-37.1383518" lon="175.6035885">
                <ele>69.5</ele>
            </trkpt>
            <trkpt lat="-37.1382064" lon="175.6037655">
                <ele>70.8</ele>
            </trkpt>
            <trkpt lat="-37.1380525" lon="175.6039131">
                <ele>71</ele>
            </trkpt>
            <trkpt lat="-37.1378216" lon="175.6039801">
                <ele>71.2</ele>
            </trkpt>
            <trkpt lat="-37.1373533" lon="175.6039613">
                <ele>72.2</ele>
            </trkpt>
            <trkpt lat="-37.1367546" lon="175.6041867">
                <ele>69.2</ele>
            </trkpt>
            <trkpt lat="-37.1364702" lon="175.6041169">
                <ele>70.2</ele>
            </trkpt>
            <trkpt lat="-37.1362072" lon="175.6039613">
                <ele>72.5</ele>
            </trkpt>
            <trkpt lat="-37.1355379" lon="175.6035697">
                <ele>73</ele>
            </trkpt>
            <trkpt lat="-37.1349755" lon="175.6032801">
                <ele>71.9</ele>
            </trkpt>
            <trkpt lat="-37.1346377" lon="175.6032023">
                <ele>71.2</ele>
            </trkpt>
            <trkpt lat="-37.1344495" lon="175.603213">
                <ele>69.5</ele>
            </trkpt>
            <trkpt lat="-37.1341202" lon="175.6032881">
                <ele>65.5</ele>
            </trkpt>
            <trkpt lat="-37.1340133" lon="175.6033283">
                <ele>64</ele>
            </trkpt>
            <trkpt lat="-37.1338486" lon="175.603441">
                <ele>62</ele>
            </trkpt>
            <trkpt lat="-37.1337268" lon="175.6035456">
                <ele>60.2</ele>
            </trkpt>
            <trkpt lat="-37.1336198" lon="175.6036609">
                <ele>58.5</ele>
            </trkpt>
            <trkpt lat="-37.1335086" lon="175.6038219">
                <ele>56.8</ele>
            </trkpt>
            <trkpt lat="-37.1334637" lon="175.6039292">
                <ele>56.2</ele>
            </trkpt>
            <trkpt lat="-37.1334402" lon="175.6040177">
                <ele>56.5</ele>
            </trkpt>
            <trkpt lat="-37.1334317" lon="175.6041196">
                <ele>56.7</ele>
            </trkpt>
            <trkpt lat="-37.1334338" lon="175.6042483">
                <ele>56.7</ele>
            </trkpt>
            <trkpt lat="-37.1334466" lon="175.6043395">
                <ele>57</ele>
            </trkpt>
            <trkpt lat="-37.1334659" lon="175.6044415">
                <ele>57.8</ele>
            </trkpt>
            <trkpt lat="-37.1334937" lon="175.6044817">
                <ele>58.2</ele>
            </trkpt>
            <trkpt lat="-37.1335364" lon="175.6045032">
                <ele>58.5</ele>
            </trkpt>
            <trkpt lat="-37.1335814" lon="175.6045032">
                <ele>58.4</ele>
            </trkpt>
            <trkpt lat="-37.1336284" lon="175.6044924">
                <ele>58.2</ele>
            </trkpt>
            <trkpt lat="-37.1337845" lon="175.6044468">
                <ele>57.2</ele>
            </trkpt>
            <trkpt lat="-37.1338658" lon="175.6044281">
                <ele>56.8</ele>
            </trkpt>
            <trkpt lat="-37.1339491" lon="175.6044281">
                <ele>56</ele>
            </trkpt>
            <trkpt lat="-37.1340753" lon="175.6044307">
                <ele>55.5</ele>
            </trkpt>
            <trkpt lat="-37.13421" lon="175.604479">
                <ele>55.2</ele>
            </trkpt>
            <trkpt lat="-37.1343533" lon="175.6045488">
                <ele>55.4</ele>
            </trkpt>
            <trkpt lat="-37.1345008" lon="175.6046695">
                <ele>55.6</ele>
            </trkpt>
            <trkpt lat="-37.1345693" lon="175.6048143">
                <ele>55.8</ele>
            </trkpt>
            <trkpt lat="-37.134612" lon="175.6050181">
                <ele>57.8</ele>
            </trkpt>
            <trkpt lat="-37.1347489" lon="175.6052756">
                <ele>59.5</ele>
            </trkpt>
            <trkpt lat="-37.1348515" lon="175.6055358">
                <ele>61</ele>
            </trkpt>
            <trkpt lat="-37.1349542" lon="175.6056833">
                <ele>60.8</ele>
            </trkpt>
            <trkpt lat="-37.1350653" lon="175.6058121">
                <ele>60</ele>
            </trkpt>
            <trkpt lat="-37.1352236" lon="175.6059515">
                <ele>58.2</ele>
            </trkpt>
            <trkpt lat="-37.1352578" lon="175.6061071">
                <ele>58.8</ele>
            </trkpt>
            <trkpt lat="-37.135245" lon="175.6062546">
                <ele>60</ele>
            </trkpt>
            <trkpt lat="-37.1352001" lon="175.6064129">
                <ele>61.5</ele>
            </trkpt>
            <trkpt lat="-37.1349691" lon="175.6068259">
                <ele>65.2</ele>
            </trkpt>
            <trkpt lat="-37.1348344" lon="175.6071022">
                <ele>67.2</ele>
            </trkpt>
            <trkpt lat="-37.1347638" lon="175.6072873">
                <ele>67.8</ele>
            </trkpt>
            <trkpt lat="-37.1347018" lon="175.6075421">
                <ele>68.2</ele>
            </trkpt>
            <trkpt lat="-37.1346142" lon="175.6082046">
                <ele>69.2</ele>
            </trkpt>
            <trkpt lat="-37.1346355" lon="175.6084594">
                <ele>70.5</ele>
            </trkpt>
            <trkpt lat="-37.134704" lon="175.6086123">
                <ele>71</ele>
            </trkpt>
            <trkpt lat="-37.1347938" lon="175.6086954">
                <ele>71.2</ele>
            </trkpt>
            <trkpt lat="-37.1349606" lon="175.6087893">
                <ele>71.2</ele>
            </trkpt>
            <trkpt lat="-37.1352578" lon="175.60891">
                <ele>71</ele>
            </trkpt>
            <trkpt lat="-37.1356063" lon="175.6090495">
                <ele>70</ele>
            </trkpt>
            <trkpt lat="-37.1357047" lon="175.6090924">
                <ele>69.5</ele>
            </trkpt>
            <trkpt lat="-37.1357966" lon="175.6091568">
                <ele>69.2</ele>
            </trkpt>
            <trkpt lat="-37.1358672" lon="175.6093392">
                <ele>70.5</ele>
            </trkpt>
            <trkpt lat="-37.1358843" lon="175.6094947">
                <ele>71.8</ele>
            </trkpt>
            <trkpt lat="-37.1358522" lon="175.6096181">
                <ele>72.8</ele>
            </trkpt>
            <trkpt lat="-37.1357688" lon="175.6097496">
                <ele>73.5</ele>
            </trkpt>
            <trkpt lat="-37.1356555" lon="175.6098247">
                <ele>74</ele>
            </trkpt>
            <trkpt lat="-37.135508" lon="175.6098703">
                <ele>74.8</ele>
            </trkpt>
            <trkpt lat="-37.1353946" lon="175.6098998">
                <ele>75.8</ele>
            </trkpt>
            <trkpt lat="-37.1353155" lon="175.6099641">
                <ele>76</ele>
            </trkpt>
            <trkpt lat="-37.1352471" lon="175.6100741">
                <ele>75.8</ele>
            </trkpt>
            <trkpt lat="-37.1351787" lon="175.6102324">
                <ele>74.5</ele>
            </trkpt>
            <trkpt lat="-37.1349798" lon="175.6106937">
                <ele>67.2</ele>
            </trkpt>
            <trkpt lat="-37.1348472" lon="175.6109083">
                <ele>64.2</ele>
            </trkpt>
            <trkpt lat="-37.134612" lon="175.6112409">
                <ele>61.2</ele>
            </trkpt>
            <trkpt lat="-37.1343982" lon="175.6115171">
                <ele>61.1</ele>
            </trkpt>
            <trkpt lat="-37.134272" lon="175.6117237">
                <ele>61</ele>
            </trkpt>
            <trkpt lat="-37.1341309" lon="175.6119972">
                <ele>60.9</ele>
            </trkpt>
            <trkpt lat="-37.1340112" lon="175.6122601">
                <ele>60.8</ele>
            </trkpt>
            <trkpt lat="-37.1339363" lon="175.612413">
                <ele>60.2</ele>
            </trkpt>
            <trkpt lat="-37.1338444" lon="175.6125578">
                <ele>60.1</ele>
            </trkpt>
            <trkpt lat="-37.1337032" lon="175.6126866">
                <ele>60</ele>
            </trkpt>
            <trkpt lat="-37.1335878" lon="175.6127295">
                <ele>59.8</ele>
            </trkpt>
            <trkpt lat="-37.1334702" lon="175.6127483">
                <ele>59.5</ele>
            </trkpt>
            <trkpt lat="-37.1333568" lon="175.6127429">
                <ele>59.8</ele>
            </trkpt>
            <trkpt lat="-37.1332478" lon="175.6127107">
                <ele>60</ele>
            </trkpt>
            <trkpt lat="-37.133128" lon="175.6126329">
                <ele>62</ele>
            </trkpt>
            <trkpt lat="-37.1329976" lon="175.6124988">
                <ele>65.8</ele>
            </trkpt>
            <trkpt lat="-37.1328222" lon="175.6123513">
                <ele>69.5</ele>
            </trkpt>
            <trkpt lat="-37.1326897" lon="175.612303">
                <ele>70.2</ele>
            </trkpt>
            <trkpt lat="-37.1325336" lon="175.6122977">
                <ele>69.5</ele>
            </trkpt>
            <trkpt lat="-37.1320396" lon="175.6123701">
                <ele>64</ele>
            </trkpt>
            <trkpt lat="-37.1319327" lon="175.6123835">
                <ele>63.5</ele>
            </trkpt>
            <trkpt lat="-37.1317702" lon="175.6123808">
                <ele>63.2</ele>
            </trkpt>
            <trkpt lat="-37.1304422" lon="175.6121501">
                <ele>60.5</ele>
            </trkpt>
            <trkpt lat="-37.1302925" lon="175.6121314">
                <ele>60</ele>
            </trkpt>
            <trkpt lat="-37.1301557" lon="175.6121287">
                <ele>59.2</ele>
            </trkpt>
            <trkpt lat="-37.1299996" lon="175.6121689">
                <ele>57.8</ele>
            </trkpt>
            <trkpt lat="-37.1297002" lon="175.6122977">
                <ele>56</ele>
            </trkpt>
            <trkpt lat="-37.1295034" lon="175.6124157">
                <ele>54.5</ele>
            </trkpt>
            <trkpt lat="-37.129373" lon="175.612582">
                <ele>53</ele>
            </trkpt>
            <trkpt lat="-37.1291527" lon="175.612987">
                <ele>49.5</ele>
            </trkpt>
            <trkpt lat="-37.1288982" lon="175.6134269">
                <ele>48.5</ele>
            </trkpt>
            <trkpt lat="-37.1287571" lon="175.6135932">
                <ele>48.8</ele>
            </trkpt>
            <trkpt lat="-37.1286096" lon="175.613738">
                <ele>49</ele>
            </trkpt>
            <trkpt lat="-37.1283893" lon="175.6139526">
                <ele>49.2</ele>
            </trkpt>
            <trkpt lat="-37.1282375" lon="175.6140786">
                <ele>50.2</ele>
            </trkpt>
            <trkpt lat="-37.1280514" lon="175.6143817">
                <ele>50.8</ele>
            </trkpt>
            <trkpt lat="-37.127891" lon="175.6147251">
                <ele>49.5</ele>
            </trkpt>
            <trkpt lat="-37.1277199" lon="175.6151113">
                <ele>48.5</ele>
            </trkpt>
            <trkpt lat="-37.1275745" lon="175.6155217">
                <ele>46.5</ele>
            </trkpt>
            <trkpt lat="-37.1274377" lon="175.6159106">
                <ele>45.2</ele>
            </trkpt>
            <trkpt lat="-37.1273136" lon="175.6163317">
                <ele>45.4</ele>
            </trkpt>
            <trkpt lat="-37.1272281" lon="175.6165221">
                <ele>45.5</ele>
            </trkpt>
            <trkpt lat="-37.1271126" lon="175.6166643">
                <ele>46.5</ele>
            </trkpt>
            <trkpt lat="-37.12698" lon="175.6167635">
                <ele>48</ele>
            </trkpt>
            <trkpt lat="-37.1267041" lon="175.6169003">
                <ele>50</ele>
            </trkpt>
            <trkpt lat="-37.1264133" lon="175.6170103">
                <ele>51.2</ele>
            </trkpt>
            <trkpt lat="-37.1262871" lon="175.617072">
                <ele>51.5</ele>
            </trkpt>
            <trkpt lat="-37.1261139" lon="175.6170881">
                <ele>52.8</ele>
            </trkpt>
            <trkpt lat="-37.1259107" lon="175.6170291">
                <ele>54.5</ele>
            </trkpt>
            <trkpt lat="-37.1257439" lon="175.6169352">
                <ele>56.2</ele>
            </trkpt>
            <trkpt lat="-37.1255579" lon="175.6167904">
                <ele>58.8</ele>
            </trkpt>
            <trkpt lat="-37.1254296" lon="175.616734">
                <ele>60.2</ele>
            </trkpt>
            <trkpt lat="-37.1253013" lon="175.6167179">
                <ele>61.5</ele>
            </trkpt>
            <trkpt lat="-37.12519" lon="175.6167313">
                <ele>62</ele>
            </trkpt>
            <trkpt lat="-37.1250938" lon="175.6167582">
                <ele>62.2</ele>
            </trkpt>
            <trkpt lat="-37.1248971" lon="175.6168655">
                <ele>61.9</ele>
            </trkpt>
            <trkpt lat="-37.1245934" lon="175.6170934">
                <ele>61.2</ele>
            </trkpt>
            <trkpt lat="-37.1244394" lon="175.6171981">
                <ele>60.5</ele>
            </trkpt>
            <trkpt lat="-37.124294" lon="175.6172624">
                <ele>60.7</ele>
            </trkpt>
            <trkpt lat="-37.1240844" lon="175.6172919">
                <ele>61</ele>
            </trkpt>
            <trkpt lat="-37.1238256" lon="175.6172732">
                <ele>62.2</ele>
            </trkpt>
            <trkpt lat="-37.1235412" lon="175.6172249">
                <ele>63.2</ele>
            </trkpt>
            <trkpt lat="-37.1231327" lon="175.6171846">
                <ele>63</ele>
            </trkpt>
            <trkpt lat="-37.1230301" lon="175.6172115">
                <ele>62.5</ele>
            </trkpt>
            <trkpt lat="-37.1229552" lon="175.6172544">
                <ele>62</ele>
            </trkpt>
            <trkpt lat="-37.1229295" lon="175.6172732">
                <ele>62</ele>
            </trkpt>
            <trkpt lat="-37.1228504" lon="175.6173402">
                <ele>62</ele>
            </trkpt>
            <trkpt lat="-37.1227392" lon="175.6174743">
                <ele>60</ele>
            </trkpt>
            <trkpt lat="-37.1226922" lon="175.6175306">
                <ele>59.8</ele>
            </trkpt>
            <trkpt lat="-37.1225553" lon="175.6177479">
                <ele>59.2</ele>
            </trkpt>
            <trkpt lat="-37.1224612" lon="175.6179678">
                <ele>60</ele>
            </trkpt>
            <trkpt lat="-37.1224312" lon="175.61811">
                <ele>60.5</ele>
            </trkpt>
            <trkpt lat="-37.1224205" lon="175.6182334">
                <ele>60.8</ele>
            </trkpt>
            <trkpt lat="-37.1224441" lon="175.6184238">
                <ele>60.5</ele>
            </trkpt>
            <trkpt lat="-37.122536" lon="175.618735">
                <ele>59.2</ele>
            </trkpt>
            <trkpt lat="-37.1226922" lon="175.6191453">
                <ele>58</ele>
            </trkpt>
            <trkpt lat="-37.1229295" lon="175.619722">
                <ele>57.5</ele>
            </trkpt>
            <trkpt lat="-37.123107" lon="175.6201243">
                <ele>57</ele>
            </trkpt>
            <trkpt lat="-37.1231883" lon="175.6204033">
                <ele>57.3</ele>
            </trkpt>
            <trkpt lat="-37.1232568" lon="175.6207412">
                <ele>57.8</ele>
            </trkpt>
            <trkpt lat="-37.1233081" lon="175.620929">
                <ele>58.2</ele>
            </trkpt>
            <trkpt lat="-37.1233872" lon="175.6211114">
                <ele>58</ele>
            </trkpt>
            <trkpt lat="-37.1236096" lon="175.6215835">
                <ele>55.5</ele>
            </trkpt>
            <trkpt lat="-37.1236631" lon="175.6217337">
                <ele>54.2</ele>
            </trkpt>
            <trkpt lat="-37.1236781" lon="175.6219214">
                <ele>53.2</ele>
            </trkpt>
            <trkpt lat="-37.1236567" lon="175.6220931">
                <ele>53</ele>
            </trkpt>
            <trkpt lat="-37.1234963" lon="175.6226215">
                <ele>53.2</ele>
            </trkpt>
            <trkpt lat="-37.1233936" lon="175.6230104">
                <ele>52.4</ele>
            </trkpt>
            <trkpt lat="-37.1233744" lon="175.6232035">
                <ele>52</ele>
            </trkpt>
            <trkpt lat="-37.123368" lon="175.6233779">
                <ele>51.5</ele>
            </trkpt>
            <trkpt lat="-37.1235989" lon="175.6247807">
                <ele>49.2</ele>
            </trkpt>
            <trkpt lat="-37.1236267" lon="175.6249765">
                <ele>49</ele>
            </trkpt>
            <trkpt lat="-37.1236396" lon="175.6251159">
                <ele>49.1</ele>
            </trkpt>
            <trkpt lat="-37.123646" lon="175.6252474">
                <ele>49.2</ele>
            </trkpt>
            <trkpt lat="-37.123631" lon="175.625419">
                <ele>49.4</ele>
            </trkpt>
            <trkpt lat="-37.1236032" lon="175.625639">
                <ele>49.6</ele>
            </trkpt>
            <trkpt lat="-37.1235947" lon="175.6257731">
                <ele>49.7</ele>
            </trkpt>
            <trkpt lat="-37.1235925" lon="175.6259099">
                <ele>49.8</ele>
            </trkpt>
            <trkpt lat="-37.1236011" lon="175.6261137">
                <ele>50</ele>
            </trkpt>
            <trkpt lat="-37.1236289" lon="175.6265321">
                <ele>50.8</ele>
            </trkpt>
            <trkpt lat="-37.1236994" lon="175.6273153">
                <ele>51.2</ele>
            </trkpt>
            <trkpt lat="-37.1237059" lon="175.6275085">
                <ele>51.5</ele>
            </trkpt>
            <trkpt lat="-37.1236888" lon="175.6277016">
                <ele>51.8</ele>
            </trkpt>
            <trkpt lat="-37.1236118" lon="175.6281093">
                <ele>52.2</ele>
            </trkpt>
            <trkpt lat="-37.123569" lon="175.6282836">
                <ele>52.5</ele>
            </trkpt>
            <trkpt lat="-37.1235241" lon="175.6284392">
                <ele>52.8</ele>
            </trkpt>
            <trkpt lat="-37.1234663" lon="175.6285974">
                <ele>53.2</ele>
            </trkpt>
            <trkpt lat="-37.1233701" lon="175.628804">
                <ele>54</ele>
            </trkpt>
            <trkpt lat="-37.1231798" lon="175.6291527">
                <ele>55.2</ele>
            </trkpt>
            <trkpt lat="-37.1230023" lon="175.6294611">
                <ele>55</ele>
            </trkpt>
            <trkpt lat="-37.1228654" lon="175.6296757">
                <ele>54.8</ele>
            </trkpt>
            <trkpt lat="-37.1226793" lon="175.6299573">
                <ele>54.2</ele>
            </trkpt>
            <trkpt lat="-37.1225724" lon="175.6300995">
                <ele>54</ele>
            </trkpt>
            <trkpt lat="-37.1224377" lon="175.6302658">
                <ele>54</ele>
            </trkpt>
            <trkpt lat="-37.1223992" lon="175.6302658">
                <ele>54</ele>
            </trkpt>
            <trkpt lat="-37.1223607" lon="175.6302685">
                <ele>54</ele>
            </trkpt>
            <trkpt lat="-37.12232" lon="175.6302658">
                <ele>54</ele>
            </trkpt>
            <trkpt lat="-37.1222623" lon="175.630247">
                <ele>54</ele>
            </trkpt>
            <trkpt lat="-37.1222067" lon="175.6302229">
                <ele>54</ele>
            </trkpt>
            <trkpt lat="-37.122166" lon="175.6302041">
                <ele>54</ele>
            </trkpt>
            <trkpt lat="-37.1220805" lon="175.6301612">
                <ele>54.5</ele>
            </trkpt>
            <trkpt lat="-37.121995" lon="175.630137">
                <ele>55</ele>
            </trkpt>
            <trkpt lat="-37.1219329" lon="175.6301209">
                <ele>55.5</ele>
            </trkpt>
            <trkpt lat="-37.1218538" lon="175.6301129">
                <ele>56</ele>
            </trkpt>
            <trkpt lat="-37.1217661" lon="175.6301129">
                <ele>56.5</ele>
            </trkpt>
            <trkpt lat="-37.1217126" lon="175.6301209">
                <ele>56.8</ele>
            </trkpt>
            <trkpt lat="-37.1216528" lon="175.6301263">
                <ele>57</ele>
            </trkpt>
            <trkpt lat="-37.1216057" lon="175.6301504">
                <ele>57.2</ele>
            </trkpt>
            <trkpt lat="-37.1215694" lon="175.6301746">
                <ele>57.1</ele>
            </trkpt>
            <trkpt lat="-37.1215351" lon="175.6302121">
                <ele>57</ele>
            </trkpt>
            <trkpt lat="-37.1215095" lon="175.6302443">
                <ele>57</ele>
            </trkpt>
            <trkpt lat="-37.1214817" lon="175.6302872">
                <ele>56.9</ele>
            </trkpt>
            <trkpt lat="-37.121456" lon="175.6303409">
                <ele>56.9</ele>
            </trkpt>
            <trkpt lat="-37.1214389" lon="175.6303811">
                <ele>56.9</ele>
            </trkpt>
            <trkpt lat="-37.1214239" lon="175.6304294">
                <ele>56.8</ele>
            </trkpt>
            <trkpt lat="-37.1214196" lon="175.6304777">
                <ele>56.8</ele>
            </trkpt>
            <trkpt lat="-37.1214196" lon="175.6305125">
                <ele>56.8</ele>
            </trkpt>
            <trkpt lat="-37.1214261" lon="175.6305555">
                <ele>56.8</ele>
            </trkpt>
            <trkpt lat="-37.1214368" lon="175.6306064">
                <ele>56.5</ele>
            </trkpt>
            <trkpt lat="-37.1214603" lon="175.6306788">
                <ele>56.2</ele>
            </trkpt>
            <trkpt lat="-37.1214667" lon="175.6306949">
                <ele>56.2</ele>
            </trkpt>
            <trkpt lat="-37.1215266" lon="175.6308344">
                <ele>56</ele>
            </trkpt>
            <trkpt lat="-37.1215886" lon="175.6309524">
                <ele>56</ele>
            </trkpt>
            <trkpt lat="-37.1216528" lon="175.6310597">
                <ele>56</ele>
            </trkpt>
            <trkpt lat="-37.1214624" lon="175.6311616">
                <ele>56.5</ele>
            </trkpt>
            <trkpt lat="-37.121317" lon="175.6312314">
                <ele>56.4</ele>
            </trkpt>
            <trkpt lat="-37.1211288" lon="175.6312904">
                <ele>56.2</ele>
            </trkpt>
            <trkpt lat="-37.1209834" lon="175.6313413">
                <ele>56.3</ele>
            </trkpt>
            <trkpt lat="-37.1208914" lon="175.6313628">
                <ele>56.3</ele>
            </trkpt>
            <trkpt lat="-37.1208016" lon="175.6313816">
                <ele>56.4</ele>
            </trkpt>
            <trkpt lat="-37.1206839" lon="175.6313869">
                <ele>56.4</ele>
            </trkpt>
            <trkpt lat="-37.1205856" lon="175.6313789">
                <ele>56.4</ele>
            </trkpt>
            <trkpt lat="-37.1204808" lon="175.6313521">
                <ele>56.5</ele>
            </trkpt>
            <trkpt lat="-37.1203867" lon="175.6313092">
                <ele>56.5</ele>
            </trkpt>
            <trkpt lat="-37.1203246" lon="175.6312743">
                <ele>56.8</ele>
            </trkpt>
            <trkpt lat="-37.1202498" lon="175.6312206">
                <ele>57.2</ele>
            </trkpt>
            <trkpt lat="-37.1200937" lon="175.6311026">
                <ele>58.2</ele>
            </trkpt>
            <trkpt lat="-37.1199568" lon="175.6310195">
                <ele>58.5</ele>
            </trkpt>
            <trkpt lat="-37.119822" lon="175.6309631">
                <ele>59</ele>
            </trkpt>
            <trkpt lat="-37.1196894" lon="175.6309256">
                <ele>59.5</ele>
            </trkpt>
            <trkpt lat="-37.1195868" lon="175.6309149">
                <ele>59.8</ele>
            </trkpt>
            <trkpt lat="-37.1194606" lon="175.6309256">
                <ele>59.3</ele>
            </trkpt>
            <trkpt lat="-37.1192531" lon="175.630998">
                <ele>58.5</ele>
            </trkpt>
            <trkpt lat="-37.118481" lon="175.6312206">
                <ele>57.8</ele>
            </trkpt>
            <trkpt lat="-37.1173304" lon="175.6311724">
                <ele>62.2</ele>
            </trkpt>
            <trkpt lat="-37.1168556" lon="175.6313199">
                <ele>65.5</ele>
            </trkpt>
            <trkpt lat="-37.1163615" lon="175.6316766">
                <ele>66</ele>
            </trkpt>
            <trkpt lat="-37.1159615" lon="175.6320307">
                <ele>66.5</ele>
            </trkpt>
            <trkpt lat="-37.115352" lon="175.6322291">
                <ele>70.2</ele>
            </trkpt>
            <trkpt lat="-37.1150568" lon="175.6322104">
                <ele>74.8</ele>
            </trkpt>
            <trkpt lat="-37.1148386" lon="175.6323338">
                <ele>73.2</ele>
            </trkpt>
            <trkpt lat="-37.1142504" lon="175.6325725">
                <ele>74</ele>
            </trkpt>
            <trkpt lat="-37.1131361" lon="175.632787">
                <ele>75.2</ele>
            </trkpt>
            <trkpt lat="-37.1125607" lon="175.6331679">
                <ele>70.8</ele>
            </trkpt>
            <trkpt lat="-37.1119532" lon="175.6339002">
                <ele>65.8</ele>
            </trkpt>
            <trkpt lat="-37.1118912" lon="175.6339779">
                <ele>65.9</ele>
            </trkpt>
            <trkpt lat="-37.1112645" lon="175.6345117">
                <ele>66.8</ele>
            </trkpt>
            <trkpt lat="-37.1099234" lon="175.6349114">
                <ele>73.5</ele>
            </trkpt>
            <trkpt lat="-37.1096196" lon="175.6349194">
                <ele>73.2</ele>
            </trkpt>
            <trkpt lat="-37.1092966" lon="175.6347209">
                <ele>74.2</ele>
            </trkpt>
            <trkpt lat="-37.1092196" lon="175.6344151">
                <ele>78</ele>
            </trkpt>
            <trkpt lat="-37.1089822" lon="175.6343025">
                <ele>79.2</ele>
            </trkpt>
            <trkpt lat="-37.1084603" lon="175.6342837">
                <ele>82.8</ele>
            </trkpt>
            <trkpt lat="-37.1076517" lon="175.6345198">
                <ele>81.5</ele>
            </trkpt>
            <trkpt lat="-37.1068453" lon="175.6348389">
                <ele>81</ele>
            </trkpt>
            <trkpt lat="-37.1064431" lon="175.6349972">
                <ele>80.8</ele>
            </trkpt>
            <trkpt lat="-37.1056645" lon="175.6349489">
                <ele>81.5</ele>
            </trkpt>
            <trkpt lat="-37.1053415" lon="175.6348148">
                <ele>81.8</ele>
            </trkpt>
            <trkpt lat="-37.1045029" lon="175.634045">
                <ele>88.5</ele>
            </trkpt>
            <trkpt lat="-37.1032301" lon="175.633589">
                <ele>88.8</ele>
            </trkpt>
            <trkpt lat="-37.1029156" lon="175.6333235">
                <ele>92.5</ele>
            </trkpt>
            <trkpt lat="-37.1025841" lon="175.6332269">
                <ele>90.2</ele>
            </trkpt>
            <trkpt lat="-37.1022974" lon="175.6332001">
                <ele>86.8</ele>
            </trkpt>
            <trkpt lat="-37.10206" lon="175.6330284">
                <ele>87.8</ele>
            </trkpt>
            <trkpt lat="-37.1018311" lon="175.6328568">
                <ele>89</ele>
            </trkpt>
            <trkpt lat="-37.1014139" lon="175.6328756">
                <ele>85</ele>
            </trkpt>
            <trkpt lat="-37.1012406" lon="175.6329909">
                <ele>81.8</ele>
            </trkpt>
            <trkpt lat="-37.1010524" lon="175.6331143">
                <ele>80</ele>
            </trkpt>
            <trkpt lat="-37.1007764" lon="175.6335676">
                <ele>74.5</ele>
            </trkpt>
            <trkpt lat="-37.100509" lon="175.634611">
                <ele>76.1</ele>
            </trkpt>
            <trkpt lat="-37.100263" lon="175.6355846">
                <ele>77.5</ele>
            </trkpt>
            <trkpt lat="-37.1001111" lon="175.6358045">
                <ele>78.2</ele>
            </trkpt>
            <trkpt lat="-37.099341" lon="175.6361666">
                <ele>84.8</ele>
            </trkpt>
            <trkpt lat="-37.0982093" lon="175.6371349">
                <ele>88.8</ele>
            </trkpt>
            <trkpt lat="-37.0971824" lon="175.6374782">
                <ele>94.5</ele>
            </trkpt>
            <trkpt lat="-37.0966775" lon="175.6378296">
                <ele>92</ele>
            </trkpt>
            <trkpt lat="-37.0958025" lon="175.6382293">
                <ele>96.5</ele>
            </trkpt>
            <trkpt lat="-37.0955372" lon="175.6387711">
                <ele>95</ele>
            </trkpt>
            <trkpt lat="-37.0952419" lon="175.6397608">
                <ele>92.5</ele>
            </trkpt>
            <trkpt lat="-37.0941679" lon="175.6410912">
                <ele>97</ele>
            </trkpt>
            <trkpt lat="-37.0938834" lon="175.6416517">
                <ele>97.7</ele>
            </trkpt>
            <trkpt lat="-37.0935796" lon="175.6420407">
                <ele>98.2</ele>
            </trkpt>
            <trkpt lat="-37.0936545" lon="175.6424323">
                <ele>93</ele>
            </trkpt>
            <trkpt lat="-37.0935796" lon="175.6428319">
                <ele>91</ele>
            </trkpt>
            <trkpt lat="-37.0931025" lon="175.6431913">
                <ele>92.5</ele>
            </trkpt>
            <trkpt lat="-37.0927045" lon="175.6432503">
                <ele>94</ele>
            </trkpt>
            <trkpt lat="-37.0915342" lon="175.6431162">
                <ele>101</ele>
            </trkpt>
            <trkpt lat="-37.0910871" lon="175.6432396">
                <ele>103.6</ele>
            </trkpt>
            <trkpt lat="-37.0906313" lon="175.643127">
                <ele>106.2</ele>
            </trkpt>
            <trkpt lat="-37.0903468" lon="175.6432959">
                <ele>108</ele>
            </trkpt>
            <trkpt lat="-37.0902034" lon="175.6439343">
                <ele>104.8</ele>
            </trkpt>
            <trkpt lat="-37.089936" lon="175.6460157">
                <ele>100.8</ele>
            </trkpt>
            <trkpt lat="-37.0897177" lon="175.6466165">
                <ele>99.5</ele>
            </trkpt>
            <trkpt lat="-37.0892042" lon="175.6470054">
                <ele>101.2</ele>
            </trkpt>
            <trkpt lat="-37.0888427" lon="175.6470135">
                <ele>103.5</ele>
            </trkpt>
            <trkpt lat="-37.0885388" lon="175.6468526">
                <ele>108.2</ele>
            </trkpt>
            <trkpt lat="-37.0874647" lon="175.6461686">
                <ele>118.5</ele>
            </trkpt>
            <trkpt lat="-37.0870646" lon="175.6457984">
                <ele>120.8</ele>
            </trkpt>
            <trkpt lat="-37.0865918" lon="175.6454149">
                <ele>123</ele>
            </trkpt>
            <trkpt lat="-37.0865147" lon="175.6453505">
                <ele>124</ele>
            </trkpt>
            <trkpt lat="-37.0863307" lon="175.6452593">
                <ele>124.8</ele>
            </trkpt>
            <trkpt lat="-37.0860825" lon="175.6452432">
                <ele>123.2</ele>
            </trkpt>
            <trkpt lat="-37.0856952" lon="175.6453612">
                <ele>119.5</ele>
            </trkpt>
            <trkpt lat="-37.0851025" lon="175.6455597">
                <ele>117.2</ele>
            </trkpt>
            <trkpt lat="-37.084865" lon="175.6456134">
                <ele>116.5</ele>
            </trkpt>
            <trkpt lat="-37.0844799" lon="175.6455114">
                <ele>117.5</ele>
            </trkpt>
            <trkpt lat="-37.0842702" lon="175.6453612">
                <ele>118.2</ele>
            </trkpt>
            <trkpt lat="-37.0840477" lon="175.6452861">
                <ele>117.2</ele>
            </trkpt>
            <trkpt lat="-37.083808" lon="175.6454685">
                <ele>113</ele>
            </trkpt>
            <trkpt lat="-37.0836903" lon="175.6456348">
                <ele>111.5</ele>
            </trkpt>
            <trkpt lat="-37.0836325" lon="175.6459272">
                <ele>110.5</ele>
            </trkpt>
            <trkpt lat="-37.0835641" lon="175.6459916">
                <ele>110.6</ele>
            </trkpt>
            <trkpt lat="-37.0834656" lon="175.6461042">
                <ele>110.8</ele>
            </trkpt>
            <trkpt lat="-37.0831468" lon="175.6463778">
                <ele>113.2</ele>
            </trkpt>
            <trkpt lat="-37.0829393" lon="175.6467667">
                <ele>113</ele>
            </trkpt>
            <trkpt lat="-37.0819314" lon="175.6472522">
                <ele>114.2</ele>
            </trkpt>
            <trkpt lat="-37.0813601" lon="175.6479952">
                <ele>108.2</ele>
            </trkpt>
            <trkpt lat="-37.0801918" lon="175.649229">
                <ele>111.5</ele>
            </trkpt>
            <trkpt lat="-37.0798494" lon="175.649685">
                <ele>112.8</ele>
            </trkpt>
            <trkpt lat="-37.0795541" lon="175.6501248">
                <ele>113.2</ele>
            </trkpt>
            <trkpt lat="-37.0792502" lon="175.6505889">
                <ele>113.8</ele>
            </trkpt>
            <trkpt lat="-37.078788" lon="175.6513721">
                <ele>113.5</ele>
            </trkpt>
            <trkpt lat="-37.0783493" lon="175.6521982">
                <ele>113.8</ele>
            </trkpt>
            <trkpt lat="-37.0778678" lon="175.6530887">
                <ele>117</ele>
            </trkpt>
            <trkpt lat="-37.0776496" lon="175.6537029">
                <ele>117.8</ele>
            </trkpt>
            <trkpt lat="-37.0776367" lon="175.6537431">
                <ele>117.8</ele>
            </trkpt>
            <trkpt lat="-37.0774955" lon="175.6542233">
                <ele>118.2</ele>
            </trkpt>
            <trkpt lat="-37.0772515" lon="175.6549314">
                <ele>118.5</ele>
            </trkpt>
            <trkpt lat="-37.0768578" lon="175.6554866">
                <ele>119.5</ele>
            </trkpt>
            <trkpt lat="-37.0763763" lon="175.6560043">
                <ele>120.5</ele>
            </trkpt>
            <trkpt lat="-37.0763464" lon="175.6560338">
                <ele>120.5</ele>
            </trkpt>
            <trkpt lat="-37.0757279" lon="175.6565648">
                <ele>121.5</ele>
            </trkpt>
            <trkpt lat="-37.0749511" lon="175.6570557">
                <ele>123.5</ele>
            </trkpt>
            <trkpt lat="-37.074568" lon="175.6572756">
                <ele>125.2</ele>
            </trkpt>
            <trkpt lat="-37.0741828" lon="175.6574875">
                <ele>126.8</ele>
            </trkpt>
            <trkpt lat="-37.0739217" lon="175.657568">
                <ele>127.2</ele>
            </trkpt>
            <trkpt lat="-37.0736885" lon="175.6574365">
                <ele>128.5</ele>
            </trkpt>
            <trkpt lat="-37.073406" lon="175.6572703">
                <ele>130.2</ele>
            </trkpt>
            <trkpt lat="-37.0731171" lon="175.6572086">
                <ele>131.5</ele>
            </trkpt>
            <trkpt lat="-37.0728325" lon="175.6570932">
                <ele>132.8</ele>
            </trkpt>
            <trkpt lat="-37.0726741" lon="175.6570342">
                <ele>133.2</ele>
            </trkpt>
            <trkpt lat="-37.0725393" lon="175.657053">
                <ele>133.6</ele>
            </trkpt>
            <trkpt lat="-37.0724901" lon="175.6571978">
                <ele>134</ele>
            </trkpt>
            <trkpt lat="-37.0725115" lon="175.6573963">
                <ele>133.8</ele>
            </trkpt>
            <trkpt lat="-37.07252" lon="175.6574473">
                <ele>134</ele>
            </trkpt>
            <trkpt lat="-37.0726206" lon="175.6576458">
                <ele>133.8</ele>
            </trkpt>
            <trkpt lat="-37.0727704" lon="175.6577289">
                <ele>132.8</ele>
            </trkpt>
            <trkpt lat="-37.072826" lon="175.6578952">
                <ele>131.8</ele>
            </trkpt>
            <trkpt lat="-37.0728282" lon="175.6580132">
                <ele>131.2</ele>
            </trkpt>
            <trkpt lat="-37.0727661" lon="175.6582868">
                <ele>130.8</ele>
            </trkpt>
            <trkpt lat="-37.0724494" lon="175.6585014">
                <ele>132.5</ele>
            </trkpt>
            <trkpt lat="-37.0721391" lon="175.6587026">
                <ele>134.5</ele>
            </trkpt>
            <trkpt lat="-37.072015" lon="175.6589869">
                <ele>135</ele>
            </trkpt>
            <trkpt lat="-37.0719743" lon="175.6593516">
                <ele>134</ele>
            </trkpt>
            <trkpt lat="-37.0718866" lon="175.6595662">
                <ele>134.2</ele>
            </trkpt>
            <trkpt lat="-37.0716041" lon="175.6599176">
                <ele>134.8</ele>
            </trkpt>
            <trkpt lat="-37.0713408" lon="175.6602314">
                <ele>135.8</ele>
            </trkpt>
            <trkpt lat="-37.0709813" lon="175.660674">
                <ele>136</ele>
            </trkpt>
            <trkpt lat="-37.0708443" lon="175.6610548">
                <ele>136.5</ele>
            </trkpt>
            <trkpt lat="-37.0708529" lon="175.661425">
                <ele>136.4</ele>
            </trkpt>
            <trkpt lat="-37.0708743" lon="175.6617227">
                <ele>136.2</ele>
            </trkpt>
            <trkpt lat="-37.0708923" lon="175.6620825">
                <ele>137.1</ele>
            </trkpt>
            <trkpt lat="-37.0710447" lon="175.6620706">
                <ele>137.1</ele>
            </trkpt>
            <extensions>
                <osmand:route>
                    <segment id="740210604" length="3" startTrkptIdx="0" segmentTime="1.18" speed="8.33" turnType="C" turnAngle="" types="0,1,2,3,4" pointTypes=";;" names=""/>
                    <segment id="345678176" length="6" startTrkptIdx="2" segmentTime="3.52" speed="8.33" turnType="TL" turnAngle="-53.97" types="0,5,2,3,4" pointTypes="" names=""/>
                    <segment id="1042804697" length="2" startTrkptIdx="7" segmentTime="0.22" speed="9.72" turnType="RNLB1" turnAngle="170.82" types="6,7,8,9,10,2,3,4" pointTypes="" names=""/>
                    <segment id="1042804695" length="2" startTrkptIdx="8" segmentTime="2.19" speed="9.72" turnType="" turnAngle="" types="7,9,10,5,2,3,4" pointTypes="" names="236"/>
                    <segment id="31362440" length="95" startTrkptIdx="9" segmentTime="158.03" speed="8.53" turnType="" turnAngle="" types="7,11,10,12,2,3,4" pointTypes=";15,16;20,21,22,13;14;17;17;;18;18;18;18;;;;19;19;;;18;17;14;14;13;15,16;;;15,16;;15,16;;14;15,16,17;17;17;14;13;13;13;14;14;;;;;;15,16;;;;;;;;13;13;;;;;;;;;;;;;;14;14;14;13;13;13;;;;;;;;;;;;;;;;;;;;;" names="236"/>
                    <segment id="663425343" length="4" startTrkptIdx="103" segmentTime="2.86" speed="9.04" turnType="" turnAngle="" types="6,7,9,12,5,3,4" pointTypes=";20,21,22,23;24,25" names="236"/>
                    <segment id="909925783" length="2" startTrkptIdx="106" segmentTime="0.37" speed="13.89" turnType="RNLB1" turnAngle="-118.94" types="6,26,8,9,10,12,3,4" pointTypes=";" names=""/>
                    <segment id="663425342" length="4" startTrkptIdx="107" segmentTime="3.84" speed="10.28" turnType="" turnAngle="" types="6,26,9,10,12,5,3,4" pointTypes=";20,27,21,22,23" names="238"/>
                    <segment id="29281313" length="47" startTrkptIdx="110" segmentTime="86.22" speed="12.60" turnType="" turnAngle="" types="28,26,11,10,12,3,4" pointTypes=";27,29,22,23,30;;;;;;;13;13;;;;;;;;;;20,21,22;;;;;;;;;;20,21,22;;;;;;;20,21,22;;;;;;;;;;" names="238"/>
                    <segment id="600998161" length="7" startTrkptIdx="156" segmentTime="8.07" speed="12.17" turnType="" turnAngle="" types="6,26,9,10,12,5,3,4" pointTypes=";;20,21,22,13;;;24,25" names="238"/>
                    <segment id="600998159" length="8" startTrkptIdx="162" segmentTime="0.89" speed="17.65" turnType="RNLB2" turnAngle="-64.53" types="6,31,8,9,10,3,4" pointTypes="" names="239,240,241"/>
                    <segment id="663429955" length="5" startTrkptIdx="169" segmentTime="5.74" speed="11.47" turnType="" turnAngle="" types="6,31,9,10,12,5,3,4" pointTypes=";;20,21,22" names="242,239,240,243,244,241"/>
                    <segment id="207135742" length="34" startTrkptIdx="173" segmentTime="57.50" speed="13.89" turnType="" turnAngle="" types="28,31,11,10,12,3,4" pointTypes=";;;;;14;14;14;13;13;13;;;;;;;;;;;;;;;;;;;;;;;" names="242,239,240,243,244,241"/>
                    <segment id="618684675" length="5" startTrkptIdx="206" segmentTime="6.63" speed="13.89" turnType="" turnAngle="" types="28,31,11,10,12,3,4" pointTypes=";;;;" names="242,239,240,243,244,241"/>
                    <segment id="618684674" length="2" startTrkptIdx="210" segmentTime="1.55" speed="13.89" turnType="" turnAngle="" types="28,31,32,33,34,10,12,3,35,36,4" pointTypes=";" names="242,239,240,243,244,241"/>
                    <segment id="618684673" length="30" startTrkptIdx="211" segmentTime="63.40" speed="12.57" turnType="" turnAngle="" types="28,31,11,10,12,3,4" pointTypes=";;;;;;;;;;;;;;;;;;;;;13;30,27,37,38,22,13;20,21,22,13;14;18;18;17;17;" names="242,239,240,243,244,241"/>
                    <segment id="74884992" length="37" startTrkptIdx="240" segmentTime="71.75" speed="13.70" turnType="" turnAngle="" types="31,11,10,12,3,4" pointTypes="17;14;14;20,21,22;;;;;;;;;13;;;;;;;;;13;13;13;17;13;;;;40;;39;;;;;" names="242,239,240,243,244,241"/>
                    <segment id="663086830" length="3" startTrkptIdx="276" segmentTime="2.50" speed="13.89" turnType="" turnAngle="" types="6,31,11,10,12,5,3,41,4" pointTypes=";24,25" names="242,239,240,243,244,241"/>
                    <segment id="1107321561" length="3" startTrkptIdx="278" segmentTime="0.48" speed="13.89" turnType="RNLB1" turnAngle="-99.93" types="6,31,8,9,10,12,3,4" pointTypes="" names="239,240,241"/>
                    <segment id="663086826" length="4" startTrkptIdx="280" segmentTime="3.86" speed="10.29" turnType="" turnAngle="" types="6,31,9,10,12,5,3,4" pointTypes=";20,27,21,22;;13" names="242,239,240,243,244,241"/>
                    <segment id="620651480" length="11" startTrkptIdx="283" segmentTime="32.02" speed="13.46" turnType="" turnAngle="" types="28,31,11,10,12,3,4" pointTypes=";;;;;;20,27,21,22;;;;" names="242,239,240,243,244,241"/>
                    <segment id="149822616" length="6" startTrkptIdx="293" segmentTime="20.95" speed="13.23" turnType="" turnAngle="" types="31,11,10,12,3,4" pointTypes=";;20,27,21,22,23;;;13" names="242,239,240,243,244,241"/>
                    <segment id="149822616" length="13" startTrkptIdx="298" segmentTime="38.99" speed="13.18" turnType="" turnAngle="" types="31,11,10,12,3,4" pointTypes="13;13;20,27,21,22,14;17;14;14;17;18;17;17;20,27,21,22,17;;" names="242,239,240,243,244,241"/>
                    <segment id="1190080897" length="11" startTrkptIdx="310" segmentTime="9.28" speed="9.72" turnType="" turnAngle="" types="31,11,10,12,42,3,4" pointTypes=";;;;;;;;14;14;" names="242,239,240,243,244,241"/>
                    <segment id="1190080896" length="4" startTrkptIdx="320" segmentTime="23.20" speed="13.29" turnType="" turnAngle="" types="31,11,10,12,3,4" pointTypes=";20,27,21,22;13;" names="242,239,240,243,244,241"/>
                    <segment id="620653960" length="2" startTrkptIdx="323" segmentTime="1.52" speed="13.89" turnType="" turnAngle="" types="28,31,32,43,44,10,12,3,45,46,4" pointTypes="17;" names="242,239,240,243,244,241"/>
                    <segment id="625391963" length="5" startTrkptIdx="324" segmentTime="4.46" speed="10.78" turnType="C" turnAngle="0.36" types="28,31,11,10,12,3,4" pointTypes="19;;18;20,21,22;" names="242,239,240,243,244,241"/>
                    <segment id="620653957" length="2" startTrkptIdx="328" segmentTime="5.79" speed="13.89" turnType="" turnAngle="" types="28,31,11,10,12,3,4" pointTypes="14;" names="242,239,240,243,244,241"/>
                    <segment id="620668210" length="5" startTrkptIdx="329" segmentTime="20.89" speed="13.89" turnType="" turnAngle="" types="28,31,11,10,12,3,4" pointTypes="13;13;17;17;" names="242,239,240,243,244,241"/>
                    <segment id="668608210" length="2" startTrkptIdx="333" segmentTime="2.78" speed="13.89" turnType="" turnAngle="" types="28,31,32,43,44,10,12,3,47,4" pointTypes="17;" names="242,239,240,243,244,241"/>
                    <segment id="663097982" length="3" startTrkptIdx="334" segmentTime="1.78" speed="13.89" turnType="" turnAngle="" types="6,31,11,10,12,5,3,48,4" pointTypes=";;" names="242,239,240,243,244,241"/>
                    <segment id="909492815" length="3" startTrkptIdx="336" segmentTime="22.64" speed="1.62" turnType="" turnAngle="" types="6,31,11,10,12,5,3,48,4" pointTypes=";49" names="242,239,240,243,244,241"/>
                    <segment id="663097981" length="2" startTrkptIdx="338" segmentTime="0.76" speed="13.89" turnType="TSLL" turnAngle="13.18" types="6,31,9,10,12,5,3,4" pointTypes=";50,51,22" names="242,239,240,243,244,241"/>
                    <segment id="663097980" length="2" startTrkptIdx="339" segmentTime="17.36" speed="1.89" turnType="" turnAngle="" types="31,9,10,12,5,3,4" pointTypes="50,51,22;" names="242,239,240,243,244,241"/>
                    <segment id="663097979" length="5" startTrkptIdx="340" segmentTime="23.39" speed="2.02" turnType="" turnAngle="" types="31,32,10,12,5,3,52,4" pointTypes=";;49,13;53;13" names="242,239,240,243,244,241"/>
                    <segment id="663097977" length="3" startTrkptIdx="344" segmentTime="16.55" speed="1.30" turnType="C" turnAngle="-1.42" types="31,9,10,12,5,3,4" pointTypes=";50,51,54,22,13;13" names="242,239,240,243,244,241"/>
                    <segment id="663097976" length="5" startTrkptIdx="346" segmentTime="2.94" speed="13.89" turnType="" turnAngle="" types="31,11,10,12,5,3,55,4" pointTypes=";13" names="242,239,240,243,244,241"/>
                    <segment id="663097975" length="3" startTrkptIdx="350" segmentTime="2.69" speed="13.89" turnType="C" turnAngle="-5.97" types="31,9,10,12,5,3,4" pointTypes=";13;14" names="242,239,240,243,244,241"/>
                    <segment id="663097974" length="5" startTrkptIdx="352" segmentTime="4.25" speed="13.89" turnType="" turnAngle="" types="31,11,10,12,5,3,4" pointTypes=";14;14;14;49,18" names="242,239,240,243,244,241"/>
                    <segment id="663097973" length="3" startTrkptIdx="356" segmentTime="21.56" speed="1.00" turnType="" turnAngle="" types="31,11,10,12,5,3,4" pointTypes="49;;19" names="242,239,240,243,244,241"/>
                    <segment id="663097972" length="4" startTrkptIdx="358" segmentTime="17.48" speed="1.97" turnType="" turnAngle="" types="31,9,10,12,5,3,4" pointTypes=";50,51,54,22,56,19;;18" names="242,239,240,243,244,241"/>
                    <segment id="620668237" length="2" startTrkptIdx="361" segmentTime="0.92" speed="13.89" turnType="" turnAngle="" types="31,11,10,12,3,35,36,4" pointTypes=";" names="242,239,240,243,244,241"/>
                    <segment id="909492814" length="2" startTrkptIdx="362" segmentTime="1.04" speed="13.89" turnType="" turnAngle="" types="31,11,10,12,3,4" pointTypes=";" names="242,239,240,243,244,241"/>
                    <segment id="377365178" length="3" startTrkptIdx="363" segmentTime="2.88" speed="13.89" turnType="" turnAngle="" types="31,32,33,34,10,12,3,35,36,4" pointTypes=";;" names="242,239,240,243,244,241"/>
                    <segment id="620668245" length="2" startTrkptIdx="365" segmentTime="1.28" speed="13.89" turnType="" turnAngle="" types="31,11,10,12,3,4" pointTypes=";" names="242,239,240,243,244,241"/>
                    <segment id="620668247" length="2" startTrkptIdx="366" segmentTime="1.50" speed="13.89" turnType="" turnAngle="" types="31,32,33,34,10,12,3,35,36,4" pointTypes=";" names="242,239,240,243,244,241"/>
                    <segment id="620668248" length="2" startTrkptIdx="367" segmentTime="1.09" speed="13.89" turnType="" turnAngle="" types="31,32,43,44,10,12,3,45,46,4" pointTypes=";" names="242,239,240,243,244,241"/>
                    <segment id="620668250" length="10" startTrkptIdx="368" segmentTime="15.57" speed="13.89" turnType="C" turnAngle="-0.39" types="31,11,10,12,3,57,4" pointTypes=";;;;;;;;;" names="242,239,240,243,244,241"/>
                    <segment id="620668249" length="2" startTrkptIdx="377" segmentTime="1.67" speed="13.89" turnType="" turnAngle="" types="31,32,43,44,10,12,3,45,46,4" pointTypes="" names="242,239,240,243,244,241"/>
                    <segment id="461513056" length="3" startTrkptIdx="378" segmentTime="2.14" speed="13.89" turnType="C" turnAngle="1.45" types="31,11,10,12,3,4" pointTypes="13;14" names="242,239,240,243,244,241"/>
                    <segment id="461513056" length="7" startTrkptIdx="380" segmentTime="8.13" speed="12.18" turnType="" turnAngle="" types="31,11,10,12,3,4" pointTypes="14;13;;14;20,27,21,22,14;14;" names="242,239,240,243,244,241"/>
                    <segment id="681564019" length="2" startTrkptIdx="386" segmentTime="2.55" speed="13.89" turnType="TSLR" turnAngle="6.84" types="31,11,10,12,3,4" pointTypes="13;" names="242,239,240,243,244,241"/>
                    <segment id="461513062" length="2" startTrkptIdx="387" segmentTime="0.30" speed="13.89" turnType="" turnAngle="" types="31,11,10,12,3,4" pointTypes="" names="242,239,240,243,244,241"/>
                    <segment id="461513065" length="2" startTrkptIdx="388" segmentTime="1.83" speed="13.89" turnType="" turnAngle="" types="31,32,33,34,10,12,3,35,36,4" pointTypes="" names="242,239,240,243,244,241"/>
                    <segment id="909920525" length="2" startTrkptIdx="389" segmentTime="0.58" speed="13.89" turnType="" turnAngle="" types="31,11,10,12,3,4" pointTypes="" names="242,239,240,243,244,241"/>
                    <segment id="340069100" length="7" startTrkptIdx="390" segmentTime="9.28" speed="13.89" turnType="" turnAngle="" types="31,11,10,12,3,4" pointTypes=";;14;13;17;" names="242,239,240,243,244,241"/>
                    <segment id="620959581" length="2" startTrkptIdx="396" segmentTime="1.15" speed="13.89" turnType="" turnAngle="" types="31,32,43,44,10,12,3,45,46,4" pointTypes="17;" names="242,239,240,243,244,241"/>
                    <segment id="149315226" length="11" startTrkptIdx="397" segmentTime="23.20" speed="10.90" turnType="C" turnAngle="-1.57" types="31,11,10,12,3,4" pointTypes="14;14;17;30,27,21,22,58,56,14;17;17;14;14;14;13;" names="242,239,240,243,244,241"/>
                    <segment id="620961042" length="2" startTrkptIdx="407" segmentTime="1.77" speed="13.89" turnType="" turnAngle="" types="31,32,43,44,10,12,3,45,46,4" pointTypes="14;" names="242,239,240,243,244,241"/>
                    <segment id="620961043" length="7" startTrkptIdx="408" segmentTime="10.92" speed="13.89" turnType="C" turnAngle="-0.33" types="31,11,10,12,3,4" pointTypes="17;17;14;13;;;" names="242,239,240,243,244,241"/>
                    <segment id="620961041" length="2" startTrkptIdx="414" segmentTime="1.01" speed="13.89" turnType="" turnAngle="" types="31,32,43,44,10,12,3,45,4" pointTypes="13;" names="242,239,240,243,244,241"/>
                    <segment id="1190079215" length="2" startTrkptIdx="415" segmentTime="1.17" speed="13.89" turnType="" turnAngle="" types="31,32,43,44,10,12,3,45,4" pointTypes=";" names="242,239,240,243,244,241"/>
                    <segment id="620961028" length="2" startTrkptIdx="416" segmentTime="2.31" speed="13.89" turnType="C" turnAngle="3.58" types="31,11,10,12,3,4" pointTypes="" names="242,239,240,243,244,241"/>
                    <segment id="620961029" length="3" startTrkptIdx="417" segmentTime="1.52" speed="13.89" turnType="" turnAngle="" types="31,32,33,34,10,12,3,35,36,4" pointTypes=";;" names="242,239,240,243,244,241"/>
                    <segment id="620961039" length="5" startTrkptIdx="419" segmentTime="7.28" speed="13.89" turnType="" turnAngle="" types="31,11,10,12,3,4" pointTypes=";;;" names="242,239,240,243,244,241"/>
                    <segment id="1190079216" length="2" startTrkptIdx="423" segmentTime="1.32" speed="13.89" turnType="" turnAngle="" types="31,32,33,34,10,12,3,36,4" pointTypes=";" names="242,239,240,243,244,241"/>
                    <segment id="1190079217" length="2" startTrkptIdx="424" segmentTime="1.32" speed="13.89" turnType="" turnAngle="" types="31,11,10,12,3,4" pointTypes=";" names="242,239,240,243,244,241"/>
                    <segment id="620961033" length="2" startTrkptIdx="425" segmentTime="1.79" speed="13.89" turnType="" turnAngle="" types="31,32,43,44,10,12,3,45,4" pointTypes=";" names="242,239,240,243,244,241"/>
                    <segment id="620961032" length="6" startTrkptIdx="426" segmentTime="9.20" speed="13.89" turnType="C" turnAngle="-0.80" types="31,11,10,12,3,4" pointTypes=";;;;;" names="242,239,240,243,244,241"/>
                    <segment id="620961031" length="2" startTrkptIdx="431" segmentTime="1.11" speed="13.89" turnType="" turnAngle="" types="31,32,33,34,10,12,3,35,36,4" pointTypes=";" names="242,239,240,243,244,241"/>
                    <segment id="909491560" length="2" startTrkptIdx="432" segmentTime="2.74" speed="13.89" turnType="" turnAngle="" types="31,11,10,12,3,4" pointTypes=";" names="242,239,240,243,244,241"/>
                    <segment id="375880816" length="3" startTrkptIdx="433" segmentTime="2.51" speed="13.89" turnType="" turnAngle="" types="31,11,10,12,3,4" pointTypes=";13;" names="242,239,240,243,244,241"/>
                    <segment id="620961030" length="2" startTrkptIdx="435" segmentTime="1.64" speed="13.89" turnType="" turnAngle="" types="28,31,32,43,44,10,12,3,45,46,4" pointTypes="17;" names="242,239,240,243,244,241"/>
                    <segment id="621308862" length="6" startTrkptIdx="436" segmentTime="6.14" speed="13.89" turnType="C" turnAngle="-1.74" types="31,11,10,12,3,4" pointTypes="17;17;13;14;17;" names="242,239,240,243,244,241"/>
                    <segment id="621308861" length="2" startTrkptIdx="441" segmentTime="1.34" speed="13.89" turnType="" turnAngle="" types="31,32,43,44,10,12,3,45,46,4" pointTypes="17;" names="242,239,240,243,244,241"/>
                    <segment id="637225189" length="3" startTrkptIdx="442" segmentTime="4.74" speed="13.89" turnType="C" turnAngle="-5.61" types="31,11,10,12,3,4" pointTypes="14;18;" names="242,239,240,243,244,241"/>
                    <segment id="149315240" length="9" startTrkptIdx="444" segmentTime="15.49" speed="13.89" turnType="" turnAngle="" types="31,32,43,44,10,12,3,4" pointTypes="18;19;;18;18;;;;" names="242,239,240,243,244,241"/>
                    <segment id="621308863" length="13" startTrkptIdx="452" segmentTime="13.83" speed="13.89" turnType="" turnAngle="" types="31,11,10,12,3,4" pointTypes="18;18;17;14;14;13;;;14;18;18;;" names="242,239,240,243,244,241"/>
                    <segment id="621308864" length="2" startTrkptIdx="464" segmentTime="1.05" speed="13.89" turnType="" turnAngle="" types="28,31,32,43,44,10,12,3,45,4" pointTypes=";" names="242,239,240,243,244,241"/>
                    <segment id="681565913" length="2" startTrkptIdx="465" segmentTime="1.04" speed="13.89" turnType="" turnAngle="" types="28,31,32,43,44,10,12,3,45,4" pointTypes="18;" names="242,239,240,243,244,241"/>
                    <segment id="681565914" length="2" startTrkptIdx="466" segmentTime="7.51" speed="13.89" turnType="C" turnAngle="-0.92" types="31,11,10,12,3,4" pointTypes="17;" names="242,239,240,243,244,241"/>
                    <segment id="207134769" length="22" startTrkptIdx="467" segmentTime="21.51" speed="13.89" turnType="" turnAngle="" types="31,11,10,12,3,4" pointTypes="18;18;14;13;13;17;17;13;17;17;17;17;;;;;;;;;;" names="242,239,240,243,244,241"/>
                    <segment id="207134769" length="2" startTrkptIdx="488" segmentTime="0.74" speed="13.89" turnType="" turnAngle="" types="31,11,10,12,3,4" pointTypes=";" names="242,239,240,243,244,241"/>
                    <segment id="621308865" length="2" startTrkptIdx="489" segmentTime="1.42" speed="13.89" turnType="" turnAngle="" types="31,32,43,44,10,12,3,59,4" pointTypes=";" names="242,239,240,243,244,241"/>
                    <segment id="621308866" length="25" startTrkptIdx="490" segmentTime="29.67" speed="13.89" turnType="C" turnAngle="0.76" types="31,11,10,12,3,4" pointTypes=";;;;;;;;;;;;;;;;;;;;;;;;" names="242,239,240,243,244,241"/>
                    <segment id="621308866" length="3" startTrkptIdx="514" segmentTime="6.93" speed="13.89" turnType="" turnAngle="" types="31,11,10,12,3,4" pointTypes=";;" names="242,239,240,243,244,241"/>
                    <segment id="621318179" length="3" startTrkptIdx="516" segmentTime="1.54" speed="13.89" turnType="" turnAngle="" types="31,32,33,34,10,12,3,35,36,4" pointTypes=";;" names="242,239,240,243,244,241"/>
                    <segment id="621318178" length="5" startTrkptIdx="518" segmentTime="3.68" speed="13.89" turnType="" turnAngle="" types="31,11,10,12,3,4" pointTypes=";;;;" names="242,239,240,243,244,241"/>
                    <segment id="621318177" length="3" startTrkptIdx="522" segmentTime="1.67" speed="13.89" turnType="" turnAngle="" types="31,32,33,34,10,12,3,35,36,4" pointTypes=";;" names="242,239,240,243,244,241"/>
                    <segment id="149822617" length="16" startTrkptIdx="524" segmentTime="30.59" speed="13.89" turnType="" turnAngle="" types="31,11,10,12,3,4" pointTypes="13;;;13;;13;;;;;;;13;;;" names="242,239,240,243,244,241"/>
                    <segment id="621318182" length="3" startTrkptIdx="539" segmentTime="1.47" speed="13.89" turnType="" turnAngle="" types="28,31,32,43,44,10,12,3,45,46,4" pointTypes="13;" names="242,239,240,243,244,241"/>
                    <segment id="621318181" length="2" startTrkptIdx="541" segmentTime="1.63" speed="13.89" turnType="" turnAngle="" types="28,31,32,33,34,10,12,3,35,36,4" pointTypes="13;" names="242,239,240,243,244,241"/>
                    <segment id="621318183" length="6" startTrkptIdx="542" segmentTime="15.81" speed="13.89" turnType="" turnAngle="" types="28,31,11,10,12,3,4" pointTypes="13;;;14;13;" names="242,239,240,243,244,241"/>
                    <segment id="621318184" length="8" startTrkptIdx="547" segmentTime="10.85" speed="13.89" turnType="" turnAngle="" types="31,60,43,34,10,12,3,4" pointTypes="18;14;17;17;17;17;13;" names="242,239,240,243,244,241"/>
                    <segment id="621318185" length="4" startTrkptIdx="554" segmentTime="18.19" speed="2.44" turnType="" turnAngle="" types="28,31,61,62,34,10,12,3,63,64,4" pointTypes="13;49,40;50,51,54,22,13;" names="242,239,240,243,244,241"/>
                    <segment id="621319669" length="4" startTrkptIdx="557" segmentTime="22.79" speed="1.70" turnType="" turnAngle="" types="31,60,43,34,10,12,3,65,66,4,67" pointTypes="13;49,39,13;14;" names="242,239,240,243,244,241"/>
                    <segment id="621318186" length="3" startTrkptIdx="560" segmentTime="1.88" speed="13.89" turnType="" turnAngle="" types="31,60,43,34,10,12,3,65,68,4,67" pointTypes="14;13;" names="242,239,240,243,244,241"/>
                    <segment id="621318187" length="4" startTrkptIdx="562" segmentTime="2.52" speed="13.89" turnType="" turnAngle="" types="31,60,43,34,10,12,3,4,67" pointTypes="14;14;14;" names="242,239,240,243,244,241"/>
                    <segment id="621319670" length="3" startTrkptIdx="565" segmentTime="1.32" speed="13.89" turnType="" turnAngle="" types="31,61,62,34,10,12,3,69,64,4,67" pointTypes="13;13;" names="242,239,240,243,244,241"/>
                    <segment id="149315229" length="16" startTrkptIdx="567" segmentTime="33.35" speed="13.47" turnType="" turnAngle="" types="31,60,43,34,10,12,3,4,2" pointTypes="13;13;14;20,27,21,22,14;14;14;13;;;;;;;;;" names="242,239,240,243,244,241"/>
                    <segment id="621340178" length="3" startTrkptIdx="582" segmentTime="1.86" speed="13.89" turnType="" turnAngle="" types="31,61,62,34,10,12,3,70,4" pointTypes=";;" names="242,239,240,243,244,241"/>
                    <segment id="621340179" length="3" startTrkptIdx="584" segmentTime="7.16" speed="13.89" turnType="" turnAngle="" types="31,60,43,34,10,12,3,4" pointTypes=";;" names="242,239,240,243,244,241"/>
                    <segment id="621340180" length="3" startTrkptIdx="586" segmentTime="1.41" speed="13.89" turnType="" turnAngle="" types="31,61,43,71,10,12,3,65,72,4" pointTypes=";;" names="242,239,240,243,244,241"/>
                    <segment id="621340182" length="7" startTrkptIdx="588" segmentTime="8.40" speed="12.24" turnType="" turnAngle="" types="31,60,43,34,10,12,3,4" pointTypes=";;20,27,21,22;;;13;" names="242,239,240,243,244,241"/>
                    <segment id="621340181" length="2" startTrkptIdx="594" segmentTime="1.54" speed="13.89" turnType="" turnAngle="" types="31,61,62,34,10,12,3,69,64,4" pointTypes="14;" names="242,239,240,243,244,241"/>
                    <segment id="461506061" length="10" startTrkptIdx="595" segmentTime="15.82" speed="13.89" turnType="" turnAngle="" types="31,60,43,34,10,12,3,4" pointTypes="13;;;;;;;;;" names="242,239,240,243,244,241"/>
                    <segment id="621340183" length="6" startTrkptIdx="604" segmentTime="4.53" speed="13.89" turnType="" turnAngle="" types="31,61,62,34,10,12,3,73,64,4" pointTypes=";;;;;" names="242,239,240,243,244,241"/>
                    <segment id="621340184" length="2" startTrkptIdx="609" segmentTime="4.88" speed="13.89" turnType="" turnAngle="" types="31,74,75,34,10,12,3,76,64,4" pointTypes=";" names="242,239,240,243,244,241"/>
                    <segment id="821543799" length="2" startTrkptIdx="610" segmentTime="1.35" speed="13.89" turnType="" turnAngle="" types="28,31,74,75,34,10,12,3,76,64,4" pointTypes="" names="242,239,240,243,244,241"/>
                    <segment id="375879963" length="4" startTrkptIdx="611" segmentTime="17.15" speed="1.74" turnType="" turnAngle="" types="28,31,74,75,34,10,12,3,76,64,4" pointTypes="13;49,40;50,51,54,22,56,13;" names="242,239,240,243,245,244,241"/>
                    <segment id="668603387" length="2" startTrkptIdx="614" segmentTime="0.62" speed="13.89" turnType="C" turnAngle="-0.47" types="28,31,74,75,34,10,12,3,77,4" pointTypes="" names="242,239,240,243,244,241"/>
                    <segment id="621340186" length="4" startTrkptIdx="615" segmentTime="23.02" speed="1.82" turnType="C" turnAngle="0.79" types="28,31,61,43,71,10,12,3,65,78,4" pointTypes="13;49,39,13;;" names="242,239,240,243,244,241"/>
                    <segment id="621341389" length="4" startTrkptIdx="618" segmentTime="6.08" speed="13.89" turnType="" turnAngle="" types="28,31,60,43,34,10,12,3,4" pointTypes=";;;" names="242,239,240,243,244,241"/>
                    <segment id="621341388" length="2" startTrkptIdx="621" segmentTime="6.68" speed="13.89" turnType="" turnAngle="" types="28,31,32,33,44,79,10,12,3,4" pointTypes=";" names="242,239,240,243,244,241"/>
                    <segment id="621341386" length="2" startTrkptIdx="622" segmentTime="10.41" speed="13.89" turnType="" turnAngle="" types="28,31,32,33,44,79,10,12,3,4" pointTypes=";" names="242,239,240,243,244,241"/>
                    <segment id="621341384" length="2" startTrkptIdx="623" segmentTime="4.69" speed="13.89" turnType="" turnAngle="" types="28,31,32,33,44,79,10,12,3,4" pointTypes=";" names="242,239,240,243,244,241"/>
                    <segment id="621341382" length="16" startTrkptIdx="624" segmentTime="40.85" speed="13.89" turnType="" turnAngle="" types="28,31,32,33,44,79,10,12,3,4" pointTypes="13;17;13;;;;13;14;18;;19;18;17;17;17;" names="242,239,240,243,244,241"/>
                    <segment id="621341380" length="7" startTrkptIdx="639" segmentTime="7.09" speed="13.89" turnType="" turnAngle="" types="28,31,32,33,44,79,10,12,3,4" pointTypes="17;13;;13;;;" names="242,239,240,243,244,241"/>
                    <segment id="637582427" length="6" startTrkptIdx="645" segmentTime="6.93" speed="11.89" turnType="" turnAngle="" types="28,31,32,33,44,79,10,12,3,4" pointTypes="14;14;20,21,22,14;14;" names="242,239,240,243,244,241"/>
                    <segment id="461758633" length="10" startTrkptIdx="650" segmentTime="14.02" speed="13.89" turnType="" turnAngle="" types="28,31,32,33,44,79,10,12,3,4" pointTypes="17;18;14;14;17;17;14;14;14;" names="242,239,240,243,244,241"/>
                    <segment id="1190079219" length="3" startTrkptIdx="659" segmentTime="2.77" speed="13.89" turnType="" turnAngle="" types="28,31,32,33,44,79,10,12,3,4" pointTypes="13;;" names="242,239,240,243,244,241"/>
                    <segment id="191163826" length="3" startTrkptIdx="661" segmentTime="2.73" speed="13.89" turnType="" turnAngle="" types="28,31,11,10,12,5,3,4,67" pointTypes=";;13" names="242,239,240,243,244,241"/>
                    <segment id="75139407" length="9" startTrkptIdx="663" segmentTime="11.04" speed="16.44" turnType="TSLL" turnAngle="-9.58" types="28,80,81,9,10,82,5,3,4" pointTypes=";17;13;14;;;14;14;14" names="246"/>
                    <segment id="607837371" length="3" startTrkptIdx="671" segmentTime="2.78" speed="16.44" turnType="" turnAngle="" types="28,80,31,32,10,82,5,3,83,84,4,85,86,87,88" pointTypes=";14;17" names="247,248,249,250,251,252,253,254,255,256,257,258"/>
                    <segment id="813919132" length="2" startTrkptIdx="673" segmentTime="3.28" speed="16.44" turnType="" turnAngle="" types="28,31,32,10,82,5,3,83,84,4,85,86,87,88" pointTypes=";13" names="247,248,249,250,251,252,253,254,255,256,257,258"/>
                    <segment id="621534402" length="3" startTrkptIdx="674" segmentTime="2.02" speed="16.44" turnType="" turnAngle="" types="28,31,11,10,82,5,3,83,84,4,85,86,87,88" pointTypes=";" names="247,248,249,250,251,252,253,254,255,256,257,258"/>
                    <segment id="461759732" length="3" startTrkptIdx="676" segmentTime="11.20" speed="16.44" turnType="" turnAngle="" types="28,31,11,10,82,5,3,83,84,4,85,86,87,88" pointTypes=";;13" names="247,248,249,250,251,252,253,254,255,256,257,258"/>
                    <segment id="681593130" length="2" startTrkptIdx="678" segmentTime="0.53" speed="16.44" turnType="" turnAngle="" types="28,31,11,10,82,5,3,83,84,4,85,86,87,88" pointTypes=";13" names="247,248,249,250,251,252,253,254,255,256,257,258"/>
                    <segment id="600930746" length="2" startTrkptIdx="679" segmentTime="3.13" speed="16.44" turnType="" turnAngle="" types="6,31,11,10,82,5,3,83,84,4,85,86,87,88" pointTypes=";14" names="247,248,249,250,251,252,253,254,255,256,257,258"/>
                    <segment id="600916800" length="5" startTrkptIdx="680" segmentTime="6.09" speed="16.44" turnType="" turnAngle="" types="6,31,11,10,82,5,3,83,84,4,85,86,87,88" pointTypes=";18;;;18" names="247,248,249,250,251,252,253,254,255,256,257,258"/>
                    <segment id="600930745" length="2" startTrkptIdx="684" segmentTime="1.20" speed="16.44" turnType="" turnAngle="" types="6,31,11,10,82,5,3,83,84,4,85,86,87,88" pointTypes=";" names="247,248,249,250,251,252,253,254,255,256,257,258"/>
                    <segment id="600930744" length="5" startTrkptIdx="685" segmentTime="13.91" speed="16.44" turnType="" turnAngle="" types="6,31,11,10,82,5,3,83,84,4,85,86,87,88" pointTypes=";;;18;18" names="247,248,249,250,251,252,253,254,255,256,257,258"/>
                    <segment id="621534403" length="3" startTrkptIdx="689" segmentTime="4.95" speed="16.44" turnType="" turnAngle="" types="6,31,11,10,82,5,3,83,84,4,85,86,87,88" pointTypes=";14" names="247,248,249,250,251,252,253,254,255,256,257,258"/>
                    <segment id="623216072" length="2" startTrkptIdx="691" segmentTime="2.86" speed="16.44" turnType="" turnAngle="" types="6,31,60,82,5,3,89,83,84,4,85,86,87,88" pointTypes=";13" names="247,248,249,250,251,252,253,254,255,256,257,258"/>
                    <segment id="474239543" length="4" startTrkptIdx="692" segmentTime="4.61" speed="16.44" turnType="C" turnAngle="3.26" types="6,31,11,82,5,3,83,84,4,80,85,86,87,88" pointTypes=";13;;" names="247,248,249,250,251,252,253,254,255,256,257,258"/>
                    <segment id="474239542" length="2" startTrkptIdx="695" segmentTime="4.79" speed="16.44" turnType="" turnAngle="" types="90,6,31,11,82,91,5,3,83,84,4,80,85,86,87,88" pointTypes="" names="247,248,249,250,251,252,253,254,255,256,257,258"/>
                    <segment id="736935581" length="2" startTrkptIdx="696" segmentTime="0.89" speed="16.44" turnType="" turnAngle="" types="6,31,11,82,5,3,83,84,4,80,85,86,87,88" pointTypes=";" names="247,248,249,250,251,252,253,254,255,256,257,258"/>
                    <segment id="474239544" length="7" startTrkptIdx="697" segmentTime="13.71" speed="16.44" turnType="" turnAngle="" types="6,31,11,82,5,3,92,83,84,4,80,85,86,87,88" pointTypes=";;;;;;" names="247,248,249,250,251,252,253,254,255,256,257,258"/>
                    <segment id="627196820" length="2" startTrkptIdx="703" segmentTime="3.14" speed="16.44" turnType="" turnAngle="" types="6,31,60,82,5,3,89,83,84,4,80,85,86,87,88" pointTypes="" names="247,248,249,250,251,252,253,254,255,256,257,258"/>
                    <segment id="623542449" length="3" startTrkptIdx="704" segmentTime="6.22" speed="16.44" turnType="KR" turnAngle="2.42" types="6,31,32,82,5,3,93,83,84,4,80,85,86,87,88" pointTypes=";49,39,13;13" names="247,248,249,250,251,252,253,254,255,256,257,258"/>
                    <segment id="636098242" length="2" startTrkptIdx="706" segmentTime="0.52" speed="16.44" turnType="C" turnAngle="0.99" types="6,31,32,82,5,3,83,84,4,85,86,87,88" pointTypes="" names="247,248,249,250,251,252,253,254,255,256,257,258"/>
                    <segment id="463506257" length="3" startTrkptIdx="707" segmentTime="16.56" speed="1.55" turnType="" turnAngle="" types="6,31,11,82,5,3,83,84,4,85,86,87,88" pointTypes=";50,51,22;13" names="247,248,249,250,251,252,253,254,255,256,257,258"/>
                    <segment id="823499535" length="2" startTrkptIdx="709" segmentTime="3.00" speed="16.44" turnType="" turnAngle="" types="31,11,82,5,3,83,84,4,85,86,87,88" pointTypes=";13" names="247,248,249,250,251,252,253,254,255,256,257,258"/>
                    <segment id="676494631" length="2" startTrkptIdx="710" segmentTime="3.28" speed="16.44" turnType="" turnAngle="" types="6,31,11,82,5,3,83,84,4,85,86,87,88" pointTypes=";14" names="247,248,249,250,251,252,253,254,255,256,257,258"/>
                    <segment id="623542448" length="2" startTrkptIdx="711" segmentTime="2.19" speed="16.44" turnType="" turnAngle="" types="31,60,43,34,82,94,3,64,83,84,4,85,86,87,88" pointTypes=";" names="247,248,249,250,251,252,253,254,255,256,257,258"/>
                    <segment id="623542447" length="2" startTrkptIdx="712" segmentTime="0.35" speed="16.44" turnType="" turnAngle="" types="31,61,62,34,82,94,3,69,64,83,84,4,85,86,87,88" pointTypes=";" names="247,248,249,250,251,252,253,254,255,256,257,258"/>
                    <segment id="1066159000" length="2" startTrkptIdx="713" segmentTime="2.19" speed="16.44" turnType="" turnAngle="" types="31,61,62,34,82,94,3,69,64,83,84,4,85,86,87,88" pointTypes=";" names="247,248,249,250,251,252,253,254,255,256,257,258"/>
                    <segment id="461764141" length="3" startTrkptIdx="714" segmentTime="1.71" speed="16.44" turnType="" turnAngle="" types="31,60,43,34,82,94,3,83,84,4,85,86,87,88" pointTypes=";;13" names="247,248,249,250,251,252,253,254,255,256,257,258"/>
                    <segment id="914964953" length="4" startTrkptIdx="716" segmentTime="4.25" speed="16.44" turnType="" turnAngle="" types="31,60,43,34,82,94,3,83,84,4,85,86,87,88" pointTypes=";13;13;13" names="247,248,249,250,251,252,253,254,255,256,257,258"/>
                    <segment id="461765546" length="3" startTrkptIdx="719" segmentTime="3.26" speed="16.44" turnType="C" turnAngle="-2.34" types="31,61,43,71,82,94,3,95,83,84,4,85,86,87,88" pointTypes=";13;14" names="247,248,249,250,251,252,253,254,255,256,257,258"/>
                    <segment id="1039281825" length="2" startTrkptIdx="721" segmentTime="0.19" speed="18.85" turnType="" turnAngle="" types="31,61,43,71,96,94,3,95,83,84,4,85,86,87,88" pointTypes="" names="247,248,249,250,251,252,253,254,255,256,257,258"/>
                    <segment id="636060243" length="5" startTrkptIdx="722" segmentTime="5.60" speed="16.44" turnType="C" turnAngle="-2.48" types="31,61,43,71,82,94,3,65,97,83,84,4,85,86,87,88" pointTypes=";;;49,39" names="247,248,249,250,251,252,253,254,255,256,257,258"/>
                    <segment id="620693690" length="4" startTrkptIdx="726" segmentTime="38.28" speed="1.41" turnType="C" turnAngle="0.57" types="31,74,75,34,82,94,3,98,83,84,4,85,86,87,88" pointTypes=";50,51,22,56;49,40" names="247,248,249,250,251,252,253,254,255,256,257,258"/>
                    <segment id="620693688" length="2" startTrkptIdx="729" segmentTime="3.35" speed="16.44" turnType="" turnAngle="" types="28,31,60,43,34,82,94,3,99,64,83,84,4,85,86,87,88" pointTypes=";13" names="247,248,249,250,251,252,253,254,255,256,257,258"/>
                    <segment id="993618226" length="2" startTrkptIdx="730" segmentTime="0.36" speed="16.44" turnType="" turnAngle="" types="28,31,60,43,34,82,94,3,99,64,83,84,4,85,86,87,88" pointTypes=";14" names="247,248,249,250,251,252,253,254,255,256,257,258"/>
                    <segment id="620693689" length="3" startTrkptIdx="731" segmentTime="1.88" speed="16.44" turnType="" turnAngle="" types="28,31,61,43,71,82,94,3,65,72,83,84,4,85,86,87,88" pointTypes=";49,39,13;14" names="247,248,249,250,251,252,253,254,255,256,257,258"/>
                    <segment id="1066158999" length="2" startTrkptIdx="733" segmentTime="0.55" speed="16.44" turnType="" turnAngle="" types="28,31,61,43,71,82,94,3,65,72,83,84,4,85,86,87,88" pointTypes=";17" names="247,248,249,250,251,252,253,254,255,256,257,258"/>
                    <segment id="375878744" length="3" startTrkptIdx="734" segmentTime="21.99" speed="1.49" turnType="C" turnAngle="3.19" types="28,80,31,60,43,34,82,94,3,65,64,83,84,4,85,86,87,88" pointTypes=";49,40,18;17" names="247,248,249,250,251,252,253,254,255,256,257,258"/>
                    <segment id="993618227" length="2" startTrkptIdx="736" segmentTime="0.33" speed="18.85" turnType="" turnAngle="" types="28,80,31,60,43,34,96,94,3,65,64,83,84,4,85,86,87,88" pointTypes="" names="247,248,249,250,251,252,253,254,255,256,257,258"/>
                    <segment id="636060233" length="2" startTrkptIdx="737" segmentTime="2.84" speed="16.44" turnType="" turnAngle="" types="28,80,31,61,62,34,82,94,3,100,101,83,84,4,85,86,87,88" pointTypes=";" names="247,248,249,250,251,252,253,254,255,256,257,258"/>
                    <segment id="24811594" length="9" startTrkptIdx="738" segmentTime="9.16" speed="26.07" turnType="TL" turnAngle="-11.48" types="102,80,103,9,104,5,3,105,83,4" pointTypes=";;;;;;;;13" names="246,249,252,255,259"/>
                    <segment id="620693691" length="2" startTrkptIdx="746" segmentTime="10.55" speed="26.07" turnType="" turnAngle="" types="102,80,103,11,106,5,3,83,4" pointTypes=";" names="249,252,255"/>
                    <segment id="619215978" length="2" startTrkptIdx="747" segmentTime="19.85" speed="26.07" turnType="" turnAngle="" types="102,80,107,32,106,5,3,108,109,4,110,111,112,113,114,115,116,117,118,119,120,121" pointTypes=";" names="260,261,262,263,264,265,266,267,268,269,270,271,272,273,274,275,276"/>
                    <segment id="149315237" length="58" startTrkptIdx="748" segmentTime="262.92" speed="26.07" turnType="" turnAngle="" types="102,80,107,11,106,5,3,108,109,4,110,111,112,113,114,115,116,117,118,119,120,121" pointTypes=";122,123;122,123;122,123;122,123;122,123;122,124;;;;;;122,123;125,13;125,13;125,13;126,14;126,14;;122,123;;122,123;;;125,13;;;122,123;;;122,127;125,13;;;;122,123;122,123;;;126,14;128,18;129,17;129,17;126,14;126,14;126,14;125,13;125,13;125,13;;125,13;122,123;125,13;125,13;126,14;129,17;125,13;125,13" names="260,261,262,263,264,265,266,267,268,269,270,271,272,273,274,275,276"/>
                    <segment id="74865172" length="2" startTrkptIdx="805" segmentTime="3.22" speed="26.07" turnType="" turnAngle="" types="102,90,80,107,11,106,5,3,108,109,4,110,111,112,113,114,115,116,117,118,119,120,121" pointTypes="" names="260,261,262,263,264,265,266,267,268,269,270,271,272,273,274,275,276"/>
                    <segment id="1022107963" length="2" startTrkptIdx="806" segmentTime="1.61" speed="26.07" turnType="" turnAngle="" types="102,80,107,11,106,5,3,108,109,4,110,111,112,113,114,115,116,117,118,119,120,121" pointTypes="" names="260,261,262,263,264,265,266,267,268,269,270,271,272,273,274,275,276"/>
                    <segment id="1022107962" length="2" startTrkptIdx="807" segmentTime="0.75" speed="26.07" turnType="" turnAngle="" types="102,90,80,107,11,106,5,3,108,109,4,110,111,112,113,114,115,116,117,118,119,120,121" pointTypes="" names="260,261,262,263,264,265,266,267,268,269,270,271,272,273,274,275,276"/>
                    <segment id="74865163" length="25" startTrkptIdx="808" segmentTime="63.32" speed="26.07" turnType="" turnAngle="" types="102,80,107,11,130,106,5,3,108,109,4,110,111,112,113,114,115,116,117,118,119,120,121" pointTypes=";122,123;;122,123;122,127;122,127;122,127;;125,13;;122,123;122,123;122,123;;;125,13;125,13;125,13;;122,123;;131;122,123;122,123;122,123" names="260,261,262,263,264,265,266,267,268,269,270,271,272,273,274,275,276"/>
                    <segment id="119984568" length="13" startTrkptIdx="832" segmentTime="67.54" speed="26.07" turnType="" turnAngle="" types="102,80,107,32,130,106,5,3,108,109,4,110,111,112,113,114,115,116,117,118,119,120,121" pointTypes=";122,127;122,127;122,127;122,127;122,127;122,123;122,132;122,132;;128,18;129,17;125,13" names="260,261,262,263,264,265,266,267,268,269,270,271,272,273,274,275,276"/>
                    <segment id="582543451" length="3" startTrkptIdx="844" segmentTime="4.92" speed="26.07" turnType="" turnAngle="" types="102,80,107,32,10,106,5,3,108,109,4,110,111,112,113,114,115,116,117,118,119,120,121" pointTypes=";126,14;133,125,13" names="260,261,262,263,264,265,266,267,268,269,270,271,272,273,274,275,276"/>
                    <segment id="375878743" length="3" startTrkptIdx="846" segmentTime="12.97" speed="26.07" turnType="" turnAngle="" types="102,80,107,32,10,106,5,3,108,109,4,110,111,112,113,114,115,116,117,118,119,120,121" pointTypes="133;129,17;134,135" names="260,261,262,263,264,265,266,267,268,269,270,271,272,273,274,275,276"/>
                    <segment id="618656519" length="2" startTrkptIdx="848" segmentTime="2.96" speed="26.07" turnType="" turnAngle="" types="102,80,107,11,10,106,5,3,108,109,4,110,111,112,113,114,115,116,117,118,119,120,121" pointTypes=";134,135" names="260,261,262,263,264,265,266,267,268,269,270,271,272,273,274,275,276"/>
                    <segment id="954190297" length="2" startTrkptIdx="849" segmentTime="2.02" speed="26.07" turnType="" turnAngle="" types="102,90,80,107,11,10,106,5,3,108,109,4,110,111,112,113,114,115,116,117,118,119,120,121" pointTypes="" names="260,261,262,263,264,265,266,267,268,269,270,271,272,273,274,275,276"/>
                    <segment id="954190295" length="2" startTrkptIdx="850" segmentTime="3.12" speed="26.07" turnType="" turnAngle="" types="102,80,107,11,10,106,5,3,108,109,4,110,111,112,113,114,115,116,117,118,119,120,121" pointTypes=";125,13" names="260,261,262,263,264,265,266,267,268,269,270,271,272,273,274,275,276"/>
                    <segment id="79609314" length="2" startTrkptIdx="851" segmentTime="1.10" speed="26.07" turnType="" turnAngle="" types="102,90,80,107,11,10,106,5,3,108,109,4,110,111,112,113,114,115,116,117,118,119,120,121" pointTypes="" names="246,260,261,262,263,264,265,266,267,268,269,270,271,272,273,274,275,276"/>
                    <segment id="1168465162" length="3" startTrkptIdx="852" segmentTime="4.76" speed="26.07" turnType="" turnAngle="" types="102,80,107,11,10,106,5,3,108,109,4,110,111,112,113,114,115,116,117,118,119,120,121" pointTypes=";122,127;122,127" names="246,260,261,262,263,264,265,266,267,268,269,270,271,272,273,274,275,276"/>
                    <segment id="79609305" length="5" startTrkptIdx="854" segmentTime="13.47" speed="26.07" turnType="" turnAngle="" types="102,80,107,32,10,106,5,3,108,109,4,110,111,112,113,114,115,116,117,118,119,120,121" pointTypes=";122,124;122,124;122,123;122,127" names="246,260,261,262,263,264,265,266,267,268,269,270,271,272,273,274,275,276"/>
                    <segment id="119983821" length="5" startTrkptIdx="858" segmentTime="18.08" speed="26.07" turnType="" turnAngle="" types="102,80,107,60,10,106,5,3,108,109,4,110,111,112,113,114,115,116,117,118,119,120,121" pointTypes=";122,132;122,132;122,127;122,127" names="246,260,261,262,263,264,265,266,267,268,269,270,271,272,273,274,275,276"/>
                    <segment id="667824123" length="2" startTrkptIdx="862" segmentTime="3.38" speed="26.07" turnType="" turnAngle="" types="102,80,107,60,10,106,5,3,136,108,109,4,110,111,112,113,114,115,116,117,118,119,120,121" pointTypes=";122,124" names="246,260,261,262,263,264,265,266,267,268,269,270,271,272,273,274,275,276"/>
                    <segment id="669104727" length="4" startTrkptIdx="863" segmentTime="11.15" speed="26.07" turnType="" turnAngle="" types="102,80,107,60,10,106,5,3,108,109,4,110,111,112,113,114,115,116,117,118,119,120,121" pointTypes=";125,13;128,18;133,126,14" names="246,260,261,262,263,264,265,266,267,268,269,270,271,272,273,274,275,276"/>
                    <segment id="204765504" length="5" startTrkptIdx="866" segmentTime="11.67" speed="26.07" turnType="" turnAngle="" types="102,80,107,32,10,106,5,3,108,109,4,110,111,112,113,114,115,116,117,118,119,120,121" pointTypes="133;126,14;126,14;126,14;129,17" names="246,260,261,262,263,264,265,266,267,268,269,270,271,272,273,274,275,276"/>
                    <segment id="204765506" length="2" startTrkptIdx="870" segmentTime="2.43" speed="26.07" turnType="" turnAngle="" types="102,80,107,32,10,106,5,3,137,108,109,4,110,111,112,113,114,115,116,117,118,119,120,121" pointTypes=";129,17" names="246,260,261,262,263,264,265,266,267,268,269,270,271,272,273,274,275,276"/>
                    <segment id="816704173" length="3" startTrkptIdx="871" segmentTime="5.27" speed="26.07" turnType="" turnAngle="" types="102,80,107,32,10,106,5,3,108,109,4,110,111,112,113,114,115,116,117,118,119,120,121" pointTypes=";125,13;129,17" names="246,260,261,262,263,264,265,266,267,268,269,270,271,272,273,274,275,276"/>
                    <segment id="79608934" length="2" startTrkptIdx="873" segmentTime="2.01" speed="26.07" turnType="" turnAngle="" types="102,90,80,107,32,10,106,5,3,108,109,4,110,111,112,113,114,115,116,117,118,119,120,121" pointTypes="" names="246,260,261,262,263,264,265,266,267,268,269,270,271,272,273,274,275,276"/>
                    <segment id="79608925" length="8" startTrkptIdx="874" segmentTime="16.13" speed="26.07" turnType="" turnAngle="" types="102,80,107,32,10,106,5,3,108,109,4,110,111,112,113,114,115,116,117,118,119,120,121" pointTypes=";126,14;125,13;122,123;;126,14;125,13;" names="246,260,261,262,263,264,265,266,267,268,269,270,271,272,273,274,275,276"/>
                    <segment id="147838676" length="4" startTrkptIdx="881" segmentTime="6.29" speed="26.07" turnType="" turnAngle="" types="102,80,107,60,10,106,5,3,108,109,4,110,111,112,113,114,115,116,117,118,119,120,121" pointTypes=";;122,127;122,124" names="246,260,261,262,263,264,265,266,267,268,269,270,271,272,273,274,275,276"/>
                    <segment id="79609819" length="2" startTrkptIdx="884" segmentTime="1.06" speed="26.07" turnType="" turnAngle="" types="102,90,80,107,60,10,106,5,3,108,109,4,110,111,112,113,114,115,116,117,118,119,120,121" pointTypes="" names="246,260,261,262,263,264,265,266,267,268,269,270,271,272,273,274,275,276"/>
                    <segment id="79609825" length="9" startTrkptIdx="885" segmentTime="21.93" speed="26.07" turnType="" turnAngle="" types="102,80,107,60,10,106,5,3,108,109,4,110,111,112,113,114,115,116,117,118,119,120,121" pointTypes=";122,123;122,127;122,123;122,127;;125,13;126,14;133,129,17" names="246,260,261,262,263,264,265,266,267,268,269,270,271,272,273,274,275,276"/>
                    <segment id="965301773" length="3" startTrkptIdx="893" segmentTime="2.82" speed="26.07" turnType="KR" turnAngle="-4.10" types="102,80,107,32,10,106,5,3,108,4,110,111,112,113,114,115,116,117,118,119,120,121" pointTypes="133;126,14;126,14" names="246,260,261,262,263,265,267,268,269,270,271,273,274,259,275,276"/>
                    <segment id="965301772" length="3" startTrkptIdx="895" segmentTime="9.13" speed="26.07" turnType="" turnAngle="" types="102,80,107,32,10,106,5,3,108,4,110,111,112,113,114,115,116,117,118,119,120,121" pointTypes=";122,123;133,122,123" names="246,260,261,262,263,265,267,268,269,270,271,273,274,275,276"/>
                    <segment id="79608878" length="4" startTrkptIdx="897" segmentTime="11.93" speed="26.07" turnType="" turnAngle="" types="102,80,107,32,10,106,5,3,108,4,110,111,112,113,114,115,116,117,118,119,120,121" pointTypes="133;122,127;122,124;122,123" names="260,261,262,263,265,267,268,269,270,271,273,274,275,276"/>
                    <segment id="1155664051" length="2" startTrkptIdx="900" segmentTime="4.38" speed="26.07" turnType="" turnAngle="" types="102,80,107,32,10,106,5,3,108,4,110,111,112,113,114,115,116,117,118,119,120,121" pointTypes=";122,123" names="260,261,262,263,265,267,268,269,270,271,273,274,275,276"/>
                    <segment id="198707630" length="2" startTrkptIdx="901" segmentTime="1.11" speed="26.07" turnType="" turnAngle="" types="102,90,80,107,32,10,106,5,3,108,4,110,111,112,113,114,115,116,117,118,119,120,121" pointTypes="" names="246,260,261,262,263,265,267,268,269,270,271,273,274,275,276"/>
                    <segment id="80566754" length="19" startTrkptIdx="902" segmentTime="90.62" speed="26.07" turnType="" turnAngle="" types="102,80,107,32,10,106,5,3,108,4,110,111,112,113,114,115,116,117,118,119,120,121" pointTypes=";122,127;122,124;122,127;125,13;129,17;126,14;129,17;126,14;129,17;126,14;125,13;;125,13;125,13;;;;133" names="246,260,261,262,263,265,267,268,269,270,271,273,274,259,275,276"/>
                    <segment id="80566754" length="4" startTrkptIdx="920" segmentTime="16.07" speed="26.07" turnType="" turnAngle="" types="102,80,107,32,10,106,5,3,108,4,110,111,112,113,114,115,116,117,118,119,120,121" pointTypes="133;;125,13;125,13" names="246,260,261,262,263,265,267,268,269,270,271,273,274,259,275,276"/>
                    <segment id="79608686" length="2" startTrkptIdx="923" segmentTime="1.81" speed="26.07" turnType="" turnAngle="" types="102,90,80,107,11,10,106,5,3,108,4,110,111,112,113,114,115,116,117,118,119,120,121" pointTypes="" names="260,261,262,263,265,267,268,269,270,271,273,274,275,276"/>
                    <segment id="79608678" length="6" startTrkptIdx="924" segmentTime="22.45" speed="26.07" turnType="" turnAngle="" types="102,80,107,11,10,106,5,3,108,4,110,111,112,113,114,115,116,117,118,119,120,121" pointTypes=";;;125,13;122,123;122,123" names="260,261,262,263,265,267,268,269,270,271,273,274,275,276"/>
                    <segment id="119983824" length="3" startTrkptIdx="929" segmentTime="13.87" speed="26.07" turnType="" turnAngle="" types="102,80,107,32,10,106,5,3,108,4,110,111,112,113,114,115,116,117,118,119,120,121" pointTypes=";;125,13" names="260,261,262,263,265,267,268,269,270,271,273,274,275,276"/>
                    <segment id="79608429" length="2" startTrkptIdx="931" segmentTime="2.57" speed="26.07" turnType="" turnAngle="" types="102,90,80,107,32,10,106,5,3,108,4,110,111,112,113,114,115,116,117,118,119,120,121" pointTypes="" names="260,261,262,263,265,267,268,269,270,271,273,274,275,276"/>
                    <segment id="79608439" length="3" startTrkptIdx="932" segmentTime="22.69" speed="26.07" turnType="" turnAngle="" types="102,80,107,32,10,106,5,3,138,4,113,114,115,139,140,141,119,120,121,142,143,144" pointTypes=";;133,128,18" names="260,261,262,277,278,279,268,280,269,281,282,273,283,274,275,276,284"/>
                    <segment id="79608439" length="2" startTrkptIdx="934" segmentTime="14.51" speed="26.07" turnType="" turnAngle="" types="102,80,107,32,10,106,5,3,138,4,113,114,115,139,140,141,119,120,121,142,143,144" pointTypes="133,128,18;122,123" names="260,261,262,277,278,279,268,280,269,281,282,273,283,274,275,276,284"/>
                    <segment id="1055865569" length="2" startTrkptIdx="935" segmentTime="1.26" speed="26.07" turnType="" turnAngle="" types="102,80,107,32,10,145,106,5,3,138,4,113,114,115,139,140,141,119,120,121,142,143,144" pointTypes=";125,13" names="260,261,262,277,278,279,268,280,269,281,282,273,283,274,275,276,284"/>
                    <segment id="1055865568" length="3" startTrkptIdx="936" segmentTime="12.93" speed="26.07" turnType="" turnAngle="" types="102,80,107,32,10,106,5,3,138,4,113,114,115,139,140,141,119,120,121,142,143,144" pointTypes=";;126,14" names="260,261,262,277,278,279,268,280,269,281,282,273,283,274,275,276,284"/>
                    <segment id="669716329" length="2" startTrkptIdx="938" segmentTime="3.40" speed="26.07" turnType="" turnAngle="" types="102,80,107,60,10,106,5,3,146,138,4,113,114,115,139,140,141,119,120,121,142,143,144" pointTypes=";126,14" names="246,260,261,262,277,278,279,268,280,269,281,282,273,283,274,275,276,284"/>
                    <segment id="1138256666" length="3" startTrkptIdx="939" segmentTime="7.46" speed="26.07" turnType="" turnAngle="" types="102,80,107,32,10,106,5,3,138,4,113,114,115,139,140,141,119,120,121,142,143,144" pointTypes=";125,13;126,14" names="246,260,261,262,277,278,279,268,280,269,281,282,273,283,274,275,276,284"/>
                    <segment id="1138256670" length="4" startTrkptIdx="941" segmentTime="5.11" speed="26.07" turnType="" turnAngle="" types="102,80,107,32,10,106,5,3,138,4,147,113,114,115,139,140,141,119,120,121,142,143,144" pointTypes=";129,17;125,13" names="246,260,261,262,277,278,279,268,280,269,281,282,273,283,274,275,276,284"/>
                    <segment id="182626335" length="2" startTrkptIdx="944" segmentTime="8.66" speed="26.07" turnType="" turnAngle="" types="102,80,107,32,10,106,5,3,138,4,113,114,115,139,140,141,119,120,121,142,143,144" pointTypes=";133" names="246,260,261,262,277,278,279,268,280,269,281,282,273,283,274,275,276,284"/>
                    <segment id="182626335" length="23" startTrkptIdx="945" segmentTime="31.79" speed="26.07" turnType="" turnAngle="" types="102,80,107,32,10,106,5,3,138,4,113,114,115,139,140,141,119,120,121,142,143,144" pointTypes="133;;122,123;122,124;;;;125,13;125,13;125,13;122,123;125,13;;125,13;126,14;126,14;126,14;125,13;125,13;;122,123;122,123;" names="246,260,261,262,277,278,279,268,280,269,281,282,273,283,274,275,276,284"/>
                    <segment id="669716331" length="2" startTrkptIdx="967" segmentTime="3.93" speed="26.07" turnType="" turnAngle="" types="102,80,107,60,10,106,5,3,146,138,4,113,114,115,139,140,141,119,120,121,142,143,144" pointTypes=";" names="260,261,262,277,278,279,268,280,269,281,282,273,283,274,275,276,284"/>
                    <segment id="1022112754" length="3" startTrkptIdx="968" segmentTime="4.04" speed="26.07" turnType="" turnAngle="" types="102,80,107,32,10,106,5,3,138,4,113,114,115,139,140,141,119,120,121,142,143,144" pointTypes=";125,13;125,13" names="260,261,262,277,278,279,268,280,269,281,282,273,283,274,275,276,284"/>
                    <segment id="1022112755" length="2" startTrkptIdx="970" segmentTime="0.56" speed="26.07" turnType="" turnAngle="" types="102,90,80,107,32,10,106,5,3,138,4,113,114,115,139,140,141,119,120,121,142,143,144" pointTypes="" names="260,261,262,277,278,279,268,280,269,281,282,273,283,274,275,276,284"/>
                    <segment id="119983820" length="10" startTrkptIdx="971" segmentTime="30.90" speed="26.07" turnType="" turnAngle="" types="102,80,107,32,10,106,5,3,138,4,113,114,115,139,140,141,119,120,121,142,143,144" pointTypes=";;;;;;;;122,123;133" names="260,261,262,277,278,279,268,280,269,281,282,273,283,274,275,276,284"/>
                    <segment id="119983820" length="12" startTrkptIdx="980" segmentTime="22.62" speed="26.07" turnType="" turnAngle="" types="102,80,107,32,10,106,5,3,138,4,113,114,115,139,140,141,119,120,121,142,143,144" pointTypes="133;126,14;;125,13;126,14;125,13;125,13;;;;;122,123" names="260,261,262,277,278,279,268,280,269,281,282,273,283,274,275,276,284"/>
                    <segment id="523969315" length="2" startTrkptIdx="991" segmentTime="0.98" speed="26.07" turnType="" turnAngle="" types="102,90,80,107,32,10,106,5,3,138,4,113,114,115,139,140,141,119,120,121,142,143,144" pointTypes="" names="260,261,262,277,278,279,268,280,269,281,282,273,283,274,275,276,284"/>
                    <segment id="523969316" length="3" startTrkptIdx="992" segmentTime="1.65" speed="26.07" turnType="" turnAngle="" types="102,80,107,32,10,106,5,3,138,4,113,114,115,139,140,141,119,120,121,142,143,144" pointTypes="" names="260,261,262,277,278,279,268,280,269,281,282,273,283,274,275,276,284"/>
                    <segment id="613882672" length="2" startTrkptIdx="994" segmentTime="1.33" speed="21.26" turnType="" turnAngle="" types="102,148,80,107,61,149,10,104,5,3,138,4,113,114,115,139,140,141,119,120,121,142,143,144" pointTypes="" names="260,261,262,277,278,279,268,280,269,281,282,273,283,274,275,276,284"/>
                    <segment id="613882672" length="2" startTrkptIdx="995" segmentTime="1.50" speed="21.26" turnType="" turnAngle="" types="102,148,80,107,61,149,10,104,5,3,138,4,113,114,115,139,140,141,119,120,121,142,143,144" pointTypes="" names="260,261,262,277,278,279,268,280,269,281,282,273,283,274,275,276,284"/>
                    <segment id="1060170053" length="3" startTrkptIdx="996" segmentTime="6.72" speed="21.26" turnType="" turnAngle="" types="102,150,80,107,74,149,10,104,5,3,151,138,4,113,114,115,139,140,141,119,120,121,142,143,144" pointTypes=";;" names="260,261,262,277,278,279,268,280,269,281,282,273,283,274,285,286,275,276,284"/>
                    <segment id="119983826" length="4" startTrkptIdx="998" segmentTime="11.68" speed="21.26" turnType="" turnAngle="" types="102,150,80,107,74,149,10,104,5,3,151,138,4,113,114,115,139,140,141,119,120,121,142,143,144" pointTypes=";122,123;122,123;122,123" names="260,261,262,277,278,279,268,280,269,281,282,273,283,274,285,286,275,276,284"/>
                    <segment id="623894430" length="7" startTrkptIdx="1001" segmentTime="11.71" speed="21.26" turnType="KR" turnAngle="-4.62" types="102,80,107,32,10,104,5,3,108,4,110,111,112,113,114,115,116,117,118,119,120,121" pointTypes=";125,13;122,123;122,123;122,127;122,127;122,127" names="287,260,261,262,263,265,267,268,269,270,271,273,274,288,275,276"/>
                    <segment id="623894429" length="5" startTrkptIdx="1007" segmentTime="6.54" speed="21.26" turnType="" turnAngle="" types="102,80,107,60,33,44,152,10,104,94,3,138,153,4,113,114,115,139,140,141,154,155,156,119,120,121,142,143,144,157,158,159" pointTypes=";;125,13;;125,13" names="260,261,262,277,278,289,279,290,268,280,291,269,281,282,273,292,283,293,274,275,276,284"/>
                    <segment id="623894428" length="7" startTrkptIdx="1011" segmentTime="6.82" speed="21.26" turnType="" turnAngle="" types="102,90,80,107,160,60,33,44,152,10,104,94,3,138,153,4,113,114,115,139,140,141,154,155,156,119,120,121,142,143,144,157,158,159" pointTypes="" names="260,261,262,277,278,289,279,290,268,280,291,269,281,282,273,292,283,293,274,275,276,284"/>
                    <segment id="623894432" length="5" startTrkptIdx="1017" segmentTime="16.87" speed="21.26" turnType="" turnAngle="" types="102,90,80,107,161,60,33,44,152,10,104,94,3,138,153,4,113,114,115,139,140,141,154,155,156,119,120,121,142,143,144,157,158,159" pointTypes="" names="260,261,262,277,278,289,279,290,268,280,291,269,281,282,273,292,283,293,274,275,276,284"/>
                    <segment id="1278461706" length="3" startTrkptIdx="1021" segmentTime="7.86" speed="21.26" turnType="" turnAngle="" types="102,90,80,107,161,60,33,44,152,10,162,104,94,3,108,138,4,110,111,112,113,114,115,139,140,141,116,117,118,119,120,121,142,143,144" pointTypes="" names="260,261,262,263,278,265,279,267,268,280,269,270,271,282,273,283,274,275,276"/>
                    <segment id="1278461703" length="2" startTrkptIdx="1023" segmentTime="3.44" speed="21.26" turnType="" turnAngle="" types="102,90,80,107,160,60,33,44,152,10,162,104,94,3,108,138,4,110,111,112,113,114,115,139,140,141,116,117,118,119,120,121,142,143,144" pointTypes="" names="260,261,262,263,278,265,279,267,268,280,269,270,271,282,273,283,274,275,276"/>
                    <segment id="1278463578" length="2" startTrkptIdx="1024" segmentTime="2.26" speed="21.26" turnType="" turnAngle="" types="102,90,80,107,163,60,33,44,152,10,162,104,94,3,108,138,4,110,111,112,113,114,115,139,140,141,116,117,118,119,120,121,142,143,144" pointTypes="" names="260,261,262,263,278,265,279,267,268,280,269,270,271,282,273,283,274,275,276"/>
                    <segment id="1278463575" length="2" startTrkptIdx="1025" segmentTime="2.09" speed="21.26" turnType="" turnAngle="" types="102,90,80,107,164,60,33,44,152,10,162,104,94,3,108,138,4,110,111,112,113,114,115,139,140,141,116,117,118,119,120,121,142,143,144" pointTypes="" names="260,261,262,263,278,265,279,267,268,280,269,270,271,282,273,283,274,275,276"/>
                    <segment id="1278463571" length="2" startTrkptIdx="1026" segmentTime="3.61" speed="21.26" turnType="" turnAngle="" types="102,90,80,107,165,60,33,44,152,10,162,104,94,3,108,138,4,110,111,112,113,114,115,139,140,141,116,117,118,119,120,121,142,143,144" pointTypes="" names="260,261,262,263,278,265,279,267,268,280,269,270,271,282,273,283,274,275,276"/>
                    <segment id="623894433" length="3" startTrkptIdx="1027" segmentTime="32.57" speed="21.26" turnType="" turnAngle="" types="102,90,80,107,166,60,33,44,152,10,162,104,94,3,108,138,4,110,111,112,113,114,115,139,140,141,116,117,118,119,120,121,142,143,144" pointTypes="" names="260,261,262,263,278,265,279,267,268,280,269,270,271,282,273,283,274,275,276"/>
                    <segment id="623894434" length="2" startTrkptIdx="1029" segmentTime="2.23" speed="21.26" turnType="" turnAngle="" types="102,80,107,165,60,33,44,152,10,104,94,3,138,153,4,113,114,115,139,140,141,154,155,156,119,120,121,142,143,144,157,158,159" pointTypes="126,14;" names="260,261,262,277,278,289,279,290,268,280,291,269,281,282,273,292,283,293,274,275,276,284"/>
                    <segment id="77452181" length="4" startTrkptIdx="1030" segmentTime="6.14" speed="21.26" turnType="" turnAngle="" types="102,80,107,160,11,10,104,5,3,108,4,110,111,112,113,114,115,116,117,118,119,120,121" pointTypes=";;;122,123" names="260,261,262,263,265,267,268,269,270,271,273,274,275,276"/>
                    <segment id="1458606855" length="7" startTrkptIdx="1033" segmentTime="5.68" speed="21.26" turnType="" turnAngle="" types="102,80,107,61,10,104,5,167,3,108,168,110,111,112,113,114,115,116,117,118,119,120,121" pointTypes=";122,127;122,127;122,127;122,123;122,123;" names="260,261,262,263,265,267,268,269,270,271,273,274,275,276"/>
                    <segment id="1458606856" length="2" startTrkptIdx="1039" segmentTime="1.01" speed="21.26" turnType="" turnAngle="" types="102,80,107,61,10,104,5,167,3,108,168,110,111,112,113,114,115,116,117,118,119,120,121" pointTypes="" names="260,261,262,263,265,267,268,269,270,271,273,274,275,276"/>
                    <segment id="582079797" length="6" startTrkptIdx="1040" segmentTime="5.63" speed="21.26" turnType="" turnAngle="" types="102,80,107,61,10,104,5,167,3,108,168,110,111,112,113,114,115,116,117,118,119,120,121" pointTypes=";122,123;;125,13;;125,13" names="260,261,262,263,265,267,268,269,270,271,273,274,275,276"/>
                    <segment id="1017529100" length="3" startTrkptIdx="1045" segmentTime="8.04" speed="21.26" turnType="" turnAngle="" types="102,150,80,107,74,10,104,5,167,3,108,168,110,111,112,113,114,115,116,117,118,119,120,121" pointTypes=";122,123;125,13" names="260,261,262,263,265,267,268,269,270,271,273,274,275,276"/>
                    <segment id="24147074" length="21" startTrkptIdx="1047" segmentTime="21.18" speed="21.26" turnType="" turnAngle="" types="102,150,80,107,74,10,104,5,167,3,169,108,168,110,111,112,113,114,115,116,117,118,119,120,121" pointTypes=";;122,123;122,127;122,127;122,127;122,127;;;125,13;129,17;128,18;129,17;126,14;125,13;;;125,13;122,123;;122,123" names="260,261,262,263,265,267,268,269,270,271,273,274,294,295,296,297,275,276"/>
                    <segment id="1017529098" length="5" startTrkptIdx="1067" segmentTime="5.90" speed="21.26" turnType="" turnAngle="" types="102,150,80,107,74,10,104,5,167,3,169,108,168,110,111,112,113,114,115,116,117,118,119,120,121" pointTypes=";122,124;125,13;;133" names="260,261,262,263,265,267,268,269,270,271,273,274,294,295,296,297,275,276"/>
                    <segment id="1017529099" length="2" startTrkptIdx="1071" segmentTime="1.62" speed="21.26" turnType="KR" turnAngle="4.90" types="102,80,107,60,10,104,5,3,170,108,4,110,111,112,113,114,115,116,117,118,119,120,121" pointTypes="133;133,125,13" names="299,260,261,262,263,265,267,268,269,270,271,273,274,300,301,259,302,303,304,275,276"/>
                    <segment id="1017529101" length="5" startTrkptIdx="1072" segmentTime="6.13" speed="21.26" turnType="TSLR" turnAngle="7.79" types="102,80,107,11,10,104,5,3,108,4,110,111,112,113,114,115,116,117,118,119,120,121" pointTypes="133;122,123;;;125,13" names="299,260,261,262,263,265,267,268,269,270,271,273,274,259,305,275,276"/>
                    <segment id="1458606440" length="2" startTrkptIdx="1076" segmentTime="0.36" speed="21.26" turnType="" turnAngle="" types="102,80,107,11,10,104,5,3,108,4,110,111,112,113,114,115,116,117,118,119,120,121" pointTypes="" names="299,260,261,262,263,265,267,268,269,270,271,273,274,259,305,275,276"/>
                    <segment id="1458606439" length="3" startTrkptIdx="1077" segmentTime="3.39" speed="21.26" turnType="" turnAngle="" types="102,80,107,11,10,104,5,3,108,4,110,111,112,113,114,115,116,117,118,119,120,121" pointTypes=";125,13;" names="299,260,261,262,263,265,267,268,269,270,271,273,274,259,305,275,276"/>
                    <segment id="28787408" length="25" startTrkptIdx="1079" segmentTime="27.21" speed="21.26" turnType="" turnAngle="" types="102,171,80,107,11,10,104,5,3,108,4,110,111,112,113,114,115,116,117,118,119,120,121" pointTypes="" names="260,261,262,263,265,267,268,269,270,271,273,274,275,276"/>
                    <segment id="119546636" length="10" startTrkptIdx="1103" segmentTime="18.45" speed="21.26" turnType="" turnAngle="" types="102,80,107,11,10,104,5,3,108,4,110,111,112,113,114,115,116,117,118,119,120,121" pointTypes=";122,127;122,127;122,127;122,127;122,127;122,127;122,127;122,127;122,124" names="260,261,262,263,265,267,268,269,270,271,273,274,275,276"/>
                    <segment id="144870703" length="5" startTrkptIdx="1112" segmentTime="10.00" speed="21.26" turnType="" turnAngle="" types="102,80,107,11,10,104,5,3,108,4,110,111,112,113,114,115,116,117,118,119,120,121" pointTypes=";122,127;122,127;122,123;122,127" names="306,261,307,263,265,267,268,308,270,271,273"/>
                    <segment id="154101726" length="3" startTrkptIdx="1116" segmentTime="2.29" speed="21.26" turnType="" turnAngle="" types="102,80,107,11,104,5,3,172,108,4,10,110,111,112,113,114,115,116,117,118,119,120,121" pointTypes="" names="306,261,307,263,265,267,268,308,270,271,273"/>
                    <segment id="991365126" length="7" startTrkptIdx="1118" segmentTime="6.10" speed="21.26" turnType="" turnAngle="" types="102,80,107,11,10,104,5,3,108,4,110,111,112,113,114,115,116,117,118,119,120,121" pointTypes=";122,127;122,127;122,124;122,124;131,122,127" names="306,261,307,263,265,267,268,308,270,271,273"/>
                    <segment id="154101730" length="7" startTrkptIdx="1124" segmentTime="9.48" speed="21.26" turnType="" turnAngle="" types="102,80,107,11,10,104,5,3,108,4,110,111,112,113,114,115,116,117,118,119,120,121" pointTypes=";125,13;;122,123;122,124;122,132;122,132" names="306,261,307,263,265,267,268,308,270,271,273"/>
                    <segment id="119020523" length="27" startTrkptIdx="1130" segmentTime="29.03" speed="21.26" turnType="" turnAngle="" types="102,80,107,32,10,104,5,3,108,4,110,111,112,113,114,115,116,117,118,119,120,121" pointTypes=";122,173;122,173;122,173;122,173;122,132;122,123;;;;129,17;126,14;126,14;126,14;;126,14;125,13;122,123;;125,13;122,123;122,127;122,127;;;;122,124" names="306,261,307,263,265,267,268,308,270,271,273"/>
                    <segment id="101960126" length="8" startTrkptIdx="1156" segmentTime="8.31" speed="21.26" turnType="" turnAngle="" types="102,80,107,60,10,104,5,3,108,4,110,111,112,113,114,115,116,117,118,119,120,121" pointTypes=";122,127;122,127;;122,127;122,127;122,127;122,123" names="306,261,307,263,265,267,268,308,270,271,273"/>
                    <segment id="520944720" length="6" startTrkptIdx="1163" segmentTime="5.08" speed="21.26" turnType="" turnAngle="" types="102,90,80,107,60,10,104,5,3,108,4,110,111,112,113,114,115,116,117,118,119,120,121" pointTypes="" names="306,261,307,263,265,267,268,308,270,271,273"/>
                    <segment id="101960112" length="3" startTrkptIdx="1168" segmentTime="2.34" speed="21.26" turnType="" turnAngle="" types="102,80,107,61,10,104,5,3,174,108,4,110,111,112,113,114,115,116,117,118,119,120,121" pointTypes=";122,123;122,124" names="306,261,307,263,265,267,268,308,270,271,273"/>
                    <segment id="101960150" length="6" startTrkptIdx="1170" segmentTime="6.68" speed="21.26" turnType="" turnAngle="" types="102,90,80,107,61,10,104,5,3,174,108,4,110,111,112,113,114,115,116,117,118,119,120,121" pointTypes="" names="306,261,307,263,265,267,268,308,270,271,273"/>
                    <segment id="101960113" length="6" startTrkptIdx="1175" segmentTime="8.00" speed="21.26" turnType="" turnAngle="" types="102,80,107,60,10,104,5,3,108,4,110,111,112,113,114,115,116,117,118,119,120,121" pointTypes=";122,124;122,124;122,123;;125,13" names="306,261,307,263,265,267,268,308,270,271,273"/>
                    <segment id="8170350" length="2" startTrkptIdx="1180" segmentTime="1.21" speed="21.26" turnType="" turnAngle="" types="102,80,107,61,10,104,5,3,174,108,4,110,111,112,113,114,115,116,117,118,119,120,121" pointTypes=";126,14" names="306,261,307,263,265,267,268,308,270,271,273"/>
                    <segment id="8170350" length="8" startTrkptIdx="1181" segmentTime="6.22" speed="21.26" turnType="" turnAngle="" types="102,80,107,61,10,104,5,3,174,108,4,110,111,112,113,114,115,116,117,118,119,120,121" pointTypes="126,14;126,14;126,14;129,17;126,14;125,13;;125,13" names="306,261,307,263,265,267,268,308,270,271,273"/>
                    <segment id="52091425" length="9" startTrkptIdx="1188" segmentTime="9.63" speed="21.26" turnType="" turnAngle="" types="102,90,80,107,60,10,104,5,3,108,4,110,111,112,113,114,115,116,117,118,119,120,121" pointTypes="" names="306,261,307,263,265,267,268,308,270,271,273"/>
                    <segment id="1041380042" length="9" startTrkptIdx="1196" segmentTime="10.57" speed="21.26" turnType="" turnAngle="" types="102,80,107,60,10,104,5,3,108,4,110,111,112,113,114,115,116,117,118,119,120,121" pointTypes=";122,123;122,123;122,123;122,127;122,127;122,123;122,127;122,123" names="306,261,307,263,265,267,268,308,270,271,273"/>
                    <segment id="1285068665" length="2" startTrkptIdx="1204" segmentTime="2.07" speed="21.26" turnType="" turnAngle="" types="102,80,107,61,10,104,5,3,175,108,4,110,111,112,113,114,115,116,117,118,119,120,121" pointTypes=";122,127" names="306,261,307,263,265,267,268,308,270,271,273"/>
                    <segment id="1285068666" length="2" startTrkptIdx="1205" segmentTime="1.57" speed="21.26" turnType="" turnAngle="" types="102,80,107,61,10,176,104,5,3,175,108,4,110,111,112,113,114,115,116,117,118,119,120,121" pointTypes=";122,123" names="306,261,307,263,265,267,268,308,270,271,273"/>
                    <segment id="28356105" length="4" startTrkptIdx="1206" segmentTime="8.63" speed="21.26" turnType="" turnAngle="" types="102,80,107,61,10,104,5,3,175,108,4,110,111,112,113,114,115,116,117,118,119,120,121" pointTypes=";;126,14;126,14" names="306,261,307,263,265,267,268,308,270,271,273"/>
                    <segment id="118881477" length="2" startTrkptIdx="1209" segmentTime="1.06" speed="21.26" turnType="" turnAngle="" types="102,90,80,107,61,10,104,5,3,175,108,4,110,111,112,113,114,115,116,117,118,119,120,121" pointTypes="" names="299,306,261,307,263,265,267,268,308,270,271,273"/>
                    <segment id="80400524" length="2" startTrkptIdx="1210" segmentTime="0.40" speed="21.26" turnType="" turnAngle="" types="102,80,107,61,104,5,3,175,108,4,110,111,112,113,114,115,116,117,118,119,120,121" pointTypes=";133,125,13" names="299,306,261,307,263,265,267,268,308,270,271,273"/>
                    <segment id="119020525" length="2" startTrkptIdx="1211" segmentTime="1.22" speed="21.26" turnType="KR" turnAngle="1.82" types="102,80,107,60,10,104,5,3,108,4,110,111,112,113,114,115,116,117,118,119,120,121" pointTypes="133;" names="299,306,261,307,263,265,267,268,308,270,271,273"/>
                    <segment id="119020525" length="9" startTrkptIdx="1212" segmentTime="14.50" speed="21.26" turnType="" turnAngle="" types="102,80,107,60,10,104,5,3,108,4,110,111,112,113,114,115,116,117,118,119,120,121" pointTypes=";;122,123;122,127;122,123;;125,13;125,13;126,14" names="299,306,261,307,263,265,267,268,308,270,271,273"/>
                    <segment id="76562920" length="20" startTrkptIdx="1220" segmentTime="34.48" speed="21.26" turnType="" turnAngle="" types="102,90,80,107,60,10,104,5,3,108,4,110,111,112,113,114,115,116,117,118,119,120,121" pointTypes="" names="299,306,261,307,263,265,267,268,308,270,271,273"/>
                    <segment id="28356107" length="4" startTrkptIdx="1239" segmentTime="8.15" speed="26.07" turnType="" turnAngle="" types="102,80,107,60,10,106,5,3,108,4,110,111,112,113,114,115,116,117,118,119,120,121" pointTypes=";122,123;" names="299,306,261,307,263,265,267,268,308,270,271,273"/>
                    <segment id="205582411" length="2" startTrkptIdx="1242" segmentTime="6.46" speed="26.07" turnType="" turnAngle="" types="102,80,107,61,10,106,5,3,177,108,4,110,111,112,113,114,115,116,117,118,119,120,121" pointTypes=";133,122,123" names="299,306,261,307,263,265,267,268,308,270,271,273"/>
                    <segment id="1058021057" length="4" startTrkptIdx="1243" segmentTime="10.99" speed="26.07" turnType="" turnAngle="" types="102,80,107,60,10,106,5,3,108,4,110,111,112,113,114,115,116,117,118,119,120,121" pointTypes="133;122,127;122,123;" names="299,306,261,307,263,265,267,268,308,270,271,273"/>
                    <segment id="205582413" length="13" startTrkptIdx="1246" segmentTime="40.13" speed="26.07" turnType="" turnAngle="" types="102,80,107,60,10,178,106,5,3,179,108,4,110,111,112,113,114,115,116,117,118,119,120,121" pointTypes=";125,13;125,13;;125,13;125,13;125,13;126,14;126,14;126,14;126,14;;133" names="299,306,261,307,263,265,267,268,308,270,271,273"/>
                    <segment id="118881476" length="7" startTrkptIdx="1258" segmentTime="14.81" speed="26.07" turnType="" turnAngle="" types="102,80,107,32,10,178,106,5,3,108,4,110,111,112,113,114,115,116,117,118,119,120,121" pointTypes="133;125,13;125,13;125,13;125,13;125,13;125,13" names="299,306,261,307,263,265,267,268,308,270,271,273"/>
                    <segment id="717796149" length="3" startTrkptIdx="1264" segmentTime="1.31" speed="26.07" turnType="" turnAngle="" types="102,80,107,32,10,180,106,5,3,108,4,110,111,112,113,114,115,116,117,118,119,120,121" pointTypes=";" names="299,306,261,307,263,265,267,268,308,270,271,273"/>
                    <segment id="717796148" length="4" startTrkptIdx="1266" segmentTime="10.63" speed="26.07" turnType="" turnAngle="" types="102,80,107,32,10,106,5,3,108,4,110,111,112,113,114,115,116,117,118,119,120,121" pointTypes=";122,123;125,13;129,17" names="299,306,261,307,263,265,267,268,308,270,271,273"/>
                    <segment id="670453709" length="2" startTrkptIdx="1269" segmentTime="4.32" speed="26.07" turnType="" turnAngle="" types="102,80,107,60,10,106,5,3,146,108,4,110,111,112,113,114,115,116,117,118,119,120,121" pointTypes=";125,13" names="299,306,261,307,263,265,267,268,308,270,271,273"/>
                    <segment id="79877197" length="2" startTrkptIdx="1270" segmentTime="0.80" speed="26.07" turnType="" turnAngle="" types="102,90,80,107,32,10,106,5,3,108,4,110,111,112,113,114,115,116,117,118,119,120,121" pointTypes="" names="306,261,307,263,265,267,268,308,270,271,273,309"/>
                    <segment id="79877196" length="2" startTrkptIdx="1271" segmentTime="9.45" speed="26.07" turnType="" turnAngle="" types="102,80,107,32,10,106,5,3,108,4,110,111,112,113,114,115,116,117,118,119,120,121" pointTypes=";125,13" names="306,261,307,263,265,267,268,308,270,271,273"/>
                    <segment id="79607081" length="2" startTrkptIdx="1272" segmentTime="0.82" speed="26.07" turnType="" turnAngle="" types="102,90,80,107,32,10,106,5,3,108,4,110,111,112,113,114,115,116,117,118,119,120,121" pointTypes="" names="299,306,261,307,263,265,267,268,308,270,271,273"/>
                    <segment id="106733294" length="2" startTrkptIdx="1273" segmentTime="0.29" speed="26.07" turnType="" turnAngle="" types="102,80,107,32,10,106,5,3,108,4,110,111,112,113,114,115,116,117,118,119,120,121" pointTypes=";133,125,13" names="299,306,261,307,263,265,267,268,308,270,271,273"/>
                    <segment id="106733295" length="14" startTrkptIdx="1274" segmentTime="31.39" speed="26.07" turnType="" turnAngle="" types="102,80,107,32,10,162,106,5,3,108,4,110,111,112,113,114,115,116,117,118,119,120,121" pointTypes="133;;125,13;126,14;125,13;;;126,14;126,14;125,13;125,13;125,13;;125,13" names="299,306,261,307,263,265,267,268,308,270,271,273"/>
                    <segment id="1058021560" length="2" startTrkptIdx="1287" segmentTime="7.79" speed="26.07" turnType="" turnAngle="" types="102,80,107,60,10,106,5,3,181,108,4,110,111,112,113,114,115,116,117,118,119,120,121" pointTypes=";133,125,13" names="299,306,261,307,263,265,267,268,308,270,271,273"/>
                    <segment id="416808437" length="37" startTrkptIdx="1288" segmentTime="72.15" speed="26.07" turnType="" turnAngle="" types="102,80,107,32,10,182,106,5,3,108,4,110,111,112,113,114,115,116,117,118,119,120,121" pointTypes="133;;125,13;;122,123;;;;122,123;122,123;122,127;122,123;122,123;;;;125,13;;;;;;;126,14;125,13;126,14;126,14;125,13;125,13;125,13;122,123;122,123;;122,123;122,123;125,13;" names="299,306,261,307,263,265,267,268,308,270,271,273"/>
                    <segment id="119547948" length="15" startTrkptIdx="1324" segmentTime="22.17" speed="26.07" turnType="" turnAngle="" types="102,80,107,60,10,106,5,3,179,108,4,110,111,112,113,114,115,116,117,118,119,120,121" pointTypes=";;;125,13;;;125,13;125,13;125,13;125,13;;125,13;;122,123;133,125,13" names="306,261,307,263,265,267,268,308,270,271,273"/>
                    <segment id="671383038" length="2" startTrkptIdx="1338" segmentTime="12.27" speed="26.07" turnType="KR" turnAngle="0.28" types="102,80,107,32,10,106,5,3,183,108,4,110,111,112,113,114,115,116,117,118,119,120,121" pointTypes="133;133,125,13" names="306,261,307,263,265,267,268,308,270,271,273"/>
                    <segment id="24489350" length="3" startTrkptIdx="1339" segmentTime="5.92" speed="26.07" turnType="" turnAngle="" types="102,80,107,11,10,106,5,3,108,4,110,111,112,113,114,115,116,117,118,119,120,121" pointTypes="133;125,13;125,13" names="306,261,307,263,265,267,268,308,270,271,273"/>
                    <segment id="79606635" length="2" startTrkptIdx="1341" segmentTime="1.79" speed="26.07" turnType="" turnAngle="" types="102,90,184,80,107,11,10,106,5,3,108,4,110,111,112,113,114,115,116,117,118,119,120,121" pointTypes="" names="306,261,307,263,265,267,268,308,270,271,273"/>
                    <segment id="477984723" length="6" startTrkptIdx="1342" segmentTime="20.05" speed="26.07" turnType="" turnAngle="" types="102,80,107,11,10,106,5,3,108,4,110,111,112,113,114,115,116,117,118,119,120,121" pointTypes=";122,127;;;;125,13" names="299,306,261,307,263,265,267,268,308,270,271,273"/>
                    <segment id="79606655" length="2" startTrkptIdx="1347" segmentTime="1.38" speed="26.07" turnType="" turnAngle="" types="102,90,185,80,107,11,10,106,5,3,108,4,110,111,112,113,114,115,116,117,118,119,120,121" pointTypes="" names="306,261,307,263,265,267,268,308,270,271,273"/>
                    <segment id="79606663" length="2" startTrkptIdx="1348" segmentTime="8.61" speed="26.07" turnType="" turnAngle="" types="102,80,107,11,10,106,5,3,108,4,110,111,112,113,114,115,116,117,118,119,120,121" pointTypes=";125,13" names="306,261,307,263,265,267,268,308,270,271,273"/>
                    <segment id="79606595" length="2" startTrkptIdx="1349" segmentTime="2.00" speed="26.07" turnType="" turnAngle="" types="102,90,186,80,107,11,10,106,5,3,108,4,110,111,112,113,114,115,116,117,118,119,120,121" pointTypes="" names="306,261,307,263,265,267,268,308,270,271,273"/>
                    <segment id="79606586" length="11" startTrkptIdx="1350" segmentTime="18.37" speed="26.07" turnType="" turnAngle="" types="102,80,107,11,10,106,5,3,108,4,110,111,112,113,114,115,116,117,118,119,120,121" pointTypes=";;122,127;;;;122,123;122,123;122,123;;" names="306,261,307,263,265,267,268,308,270,271,273"/>
                    <segment id="119547951" length="10" startTrkptIdx="1360" segmentTime="49.06" speed="26.07" turnType="" turnAngle="" types="102,80,107,32,10,187,106,5,3,108,4,110,111,112,113,114,115,116,117,118,119,120,121" pointTypes=";;122,123;122,123;122,123;122,123;;;122,123;126,14" names="306,261,307,263,265,267,268,308,270,271,273"/>
                    <segment id="541845521" length="2" startTrkptIdx="1369" segmentTime="0.27" speed="26.07" turnType="" turnAngle="" types="102,90,80,107,32,10,187,106,5,3,108,4,110,111,112,113,114,115,116,117,118,119,120,121" pointTypes="" names="306,261,307,263,265,267,268,308,270,271,273"/>
                    <segment id="635040236" length="2" startTrkptIdx="1370" segmentTime="3.19" speed="26.07" turnType="" turnAngle="" types="102,80,107,32,10,187,106,5,3,108,4,110,111,112,113,114,115,116,117,118,119,120,121" pointTypes=";133,188" names="306,261,307,263,265,267,268,308,270,271,273"/>
                    <segment id="541845527" length="6" startTrkptIdx="1371" segmentTime="32.79" speed="26.07" turnType="" turnAngle="" types="102,80,107,32,10,187,106,5,3,108,4,110,111,112,113,114,115,116,117,118,119,120,121" pointTypes="133,188;;122,123;122,127;122,123;" names="299,306,261,307,263,265,267,268,308,270,271,273,310"/>
                    <segment id="119547947" length="2" startTrkptIdx="1376" segmentTime="3.14" speed="26.07" turnType="" turnAngle="" types="102,80,107,60,10,106,5,3,108,4,110,111,112,113,114,115,116,117,118,119,120,121" pointTypes=";125,13" names="306,261,307,263,265,267,268,308,270,271,273"/>
                    <segment id="48841485" length="2" startTrkptIdx="1377" segmentTime="1.56" speed="26.07" turnType="" turnAngle="" types="102,90,80,107,60,10,106,5,3,108,4,110,111,112,113,114,115,116,117,118,119,120,121" pointTypes="" names="306,261,307,263,265,267,268,308,270,271,273"/>
                    <segment id="48841489" length="8" startTrkptIdx="1378" segmentTime="24.40" speed="26.07" turnType="" turnAngle="" types="102,80,107,60,10,106,5,3,108,4,110,111,112,113,114,115,116,117,118,119,120,121" pointTypes=";122,123;;;125,13;126,14;125,13;126,14" names="306,261,307,263,265,267,268,308,270,271,273"/>
                    <segment id="632772014" length="2" startTrkptIdx="1385" segmentTime="1.72" speed="26.07" turnType="" turnAngle="" types="102,90,80,107,60,10,106,5,3,108,4,110,111,112,113,114,115,116,117,118,119,120,121" pointTypes="" names="306,261,307,263,265,267,268,308,270,271,273"/>
                    <segment id="632772011" length="2" startTrkptIdx="1386" segmentTime="2.84" speed="26.07" turnType="" turnAngle="" types="102,80,107,60,10,106,5,3,108,4,110,111,112,113,114,115,116,117,118,119,120,121" pointTypes=";133,10,122,127" names="306,261,307,263,265,267,268,308,270,271,273"/>
                    <segment id="641057900" length="2" startTrkptIdx="1387" segmentTime="12.86" speed="26.07" turnType="" turnAngle="" types="102,80,107,60,10,106,5,3,136,108,4,110,111,112,113,114,115,116,117,118,119,120,121" pointTypes="133,10;122,123" names="306,261,307,263,265,267,268,308,270,271,273"/>
                    <segment id="1025153877" length="2" startTrkptIdx="1388" segmentTime="1.20" speed="26.07" turnType="" turnAngle="" types="102,80,107,60,10,189,106,5,3,136,108,4,110,111,112,113,114,115,116,117,118,119,120,121" pointTypes=";125,13" names="306,261,307,263,265,267,268,308,270,271,273"/>
                    <segment id="119548369" length="15" startTrkptIdx="1389" segmentTime="45.02" speed="26.07" turnType="" turnAngle="" types="102,80,107,32,10,190,106,5,3,108,4,110,111,112,113,114,115,116,117,118,119,120,121" pointTypes=";122,123;122,123;122,123;;;;;122,123;;;;;;133" names="306,261,307,263,265,267,268,308,270,271,273"/>
                    <segment id="1068108299" length="4" startTrkptIdx="1403" segmentTime="12.93" speed="26.07" turnType="" turnAngle="" types="102,80,107,32,10,106,5,3,108,4,110,111,112,113,114,115,116,117,118,119,120,121" pointTypes="133;122,123;" names="306,261,307,263,265,267,268,308,270,271,273"/>
                    <segment id="1068108300" length="2" startTrkptIdx="1406" segmentTime="1.36" speed="26.07" turnType="" turnAngle="" types="102,80,107,32,10,191,106,5,3,108,4,110,111,112,113,114,115,116,117,118,119,120,121" pointTypes=";125,13" names="306,261,307,263,265,267,268,308,270,271,273"/>
                    <segment id="632588186" length="4" startTrkptIdx="1407" segmentTime="11.76" speed="26.07" turnType="" turnAngle="" types="102,80,107,32,10,106,5,3,108,4,110,111,112,113,114,115,116,117,118,119,120,121" pointTypes=";;;" names="306,261,307,263,265,267,268,308,270,271,273"/>
                    <segment id="621566368" length="2" startTrkptIdx="1410" segmentTime="4.65" speed="26.07" turnType="" turnAngle="" types="102,80,107,60,10,106,5,3,146,108,4,110,111,112,113,114,115,116,117,118,119,120,121" pointTypes=";" names="306,261,307,263,265,267,268,308,270,271,273"/>
                    <segment id="621566369" length="19" startTrkptIdx="1411" segmentTime="77.33" speed="26.07" turnType="" turnAngle="" types="102,80,107,32,10,106,5,3,108,4,110,111,112,113,114,115,116,117,118,119,120,121" pointTypes=";125,13;;;;;;;122,123;122,123;122,123;122,123;122,123;122,123;122,123;;;;133" names="306,261,307,263,265,267,268,308,270,271,273"/>
                    <segment id="621566369" length="2" startTrkptIdx="1429" segmentTime="21.12" speed="26.07" turnType="" turnAngle="" types="102,80,107,32,10,106,5,3,108,4,110,111,112,113,114,115,116,117,118,119,120,121" pointTypes="133;122,123" names="306,261,307,263,265,267,268,308,270,271,273"/>
                    <segment id="1058868981" length="2" startTrkptIdx="1430" segmentTime="6.87" speed="26.07" turnType="" turnAngle="" types="102,80,107,60,10,106,5,3,181,108,4,110,111,112,113,114,115,116,117,118,119,120,121" pointTypes=";133,122,123" names="306,261,307,263,265,267,268,308,270,271,273"/>
                    <segment id="1465786151" length="3" startTrkptIdx="1431" segmentTime="13.26" speed="26.07" turnType="" turnAngle="" types="102,80,107,32,10,106,5,3,108,4,110,111,112,113,114,115,116,117,118,119,120,121" pointTypes="133;;133,122,123" names="306,261,307,263,265,267,268,308,270,271,273"/>
                    <segment id="1465786151" length="6" startTrkptIdx="1433" segmentTime="19.10" speed="26.07" turnType="" turnAngle="" types="102,80,107,32,10,106,5,3,108,4,110,111,112,113,114,115,116,117,118,119,120,121" pointTypes="133,122,123;122,123;122,123;125,13;126,14;128,18" names="306,261,307,263,265,267,268,308,270,271,273"/>
                    <segment id="1465786152" length="2" startTrkptIdx="1438" segmentTime="1.38" speed="26.07" turnType="" turnAngle="" types="102,80,107,32,10,106,5,3,108,4,110,111,112,113,114,115,116,117,118,119,120,121" pointTypes=";126,14" names="306,261,307,263,265,267,268,308,270,271,273"/>
                    <segment id="477985289" length="10" startTrkptIdx="1439" segmentTime="30.28" speed="26.07" turnType="" turnAngle="" types="102,80,107,32,10,106,5,3,108,4,110,111,112,113,114,115,116,117,118,119,120,121" pointTypes=";129,17;126,14;;122,123;;;;122,127;122,123" names="306,261,307,263,265,267,268,308,270,271,273"/>
                    <segment id="203345410" length="10" startTrkptIdx="1448" segmentTime="28.09" speed="26.07" turnType="" turnAngle="" types="102,80,107,60,10,192,106,5,3,108,4,110,111,112,113,114,115,116,117,118,119,120,121" pointTypes=";122,123;125,13;125,13;;125,13;;125,13;;122,123" names="311,306,261,307,263,265,267,268,308,270,271,273"/>
                    <segment id="539116369" length="2" startTrkptIdx="1457" segmentTime="0.73" speed="26.07" turnType="" turnAngle="" types="102,90,193,80,107,60,10,106,5,3,108,4,110,111,112,113,114,115,116,117,118,119,120,121" pointTypes="" names="311,306,261,307,263,265,267,268,308,270,271,273"/>
                    <segment id="203345411" length="15" startTrkptIdx="1458" segmentTime="31.85" speed="26.07" turnType="" turnAngle="" types="102,193,80,107,60,10,106,5,3,108,4,110,111,112,113,114,115,116,117,118,119,120,121" pointTypes=";122,123;122,123;;122,123;122,123;;;122,123;122,127;122,127;;122,123;122,127;133,122,127" names="311,306,261,307,263,265,267,268,308,270,271,273"/>
                    <segment id="638291531" length="2" startTrkptIdx="1472" segmentTime="1.75" speed="26.07" turnType="" turnAngle="" types="102,80,107,32,10,106,5,3,108,4,110,111,112,113,114,115,116,117,118,119,120,121" pointTypes="133;122,124" names="311,306,261,307,263,265,267,268,308,270,271,273"/>
                    <segment id="638291530" length="2" startTrkptIdx="1473" segmentTime="3.28" speed="26.07" turnType="" turnAngle="" types="102,80,107,32,10,106,5,3,137,108,4,110,111,112,113,114,115,116,117,118,119,120,121" pointTypes=";122,127" names="311,306,261,307,263,265,267,268,308,270,271,273"/>
                    <segment id="1190097623" length="5" startTrkptIdx="1474" segmentTime="6.15" speed="26.07" turnType="" turnAngle="" types="102,80,107,32,10,106,5,3,108,4,110,111,112,113,114,115,116,117,118,119,120,121" pointTypes=";122,123;;122,124;122,127" names="311,306,261,307,263,265,267,268,308,270,271,273"/>
                    <segment id="1190097624" length="2" startTrkptIdx="1478" segmentTime="0.94" speed="26.07" turnType="" turnAngle="" types="102,80,107,32,10,194,106,5,3,108,4,110,111,112,113,114,115,116,117,118,119,120,121" pointTypes=";122,123" names="311,306,261,307,263,265,267,268,308,270,271,273"/>
                    <segment id="119980911" length="16" startTrkptIdx="1479" segmentTime="76.35" speed="26.07" turnType="" turnAngle="" types="102,80,107,32,10,194,106,5,3,108,4,110,111,112,113,114,115,116,117,118,119,120,121" pointTypes=";;;125,13;129,17;126,14;129,17;126,14;129,17;126,14;126,14;125,13;125,13;125,13;125,13;125,13" names="311,306,261,307,263,265,267,268,308,270,271,273"/>
                    <segment id="540764049" length="2" startTrkptIdx="1494" segmentTime="1.58" speed="26.07" turnType="" turnAngle="" types="102,90,80,107,32,10,106,5,3,108,4,110,111,112,113,114,115,116,117,118,119,120,121" pointTypes=";133" names="311,306,261,307,263,265,267,268,308,270,271,273"/>
                    <segment id="540764048" length="2" startTrkptIdx="1495" segmentTime="1.62" speed="26.07" turnType="" turnAngle="" types="102,80,107,32,10,106,5,3,108,4,110,111,112,113,114,115,116,117,118,119,120,121" pointTypes="133;" names="311,306,261,307,263,265,267,268,308,270,271,273"/>
                    <segment id="540764048" length="2" startTrkptIdx="1496" segmentTime="6.20" speed="26.07" turnType="" turnAngle="" types="102,80,107,32,10,106,5,3,108,4,110,111,112,113,114,115,116,117,118,119,120,121" pointTypes=";" names="311,306,261,307,263,265,267,268,308,270,271,273"/>
                    <segment id="79788265" length="2" startTrkptIdx="1497" segmentTime="1.60" speed="26.07" turnType="" turnAngle="" types="102,90,80,107,32,10,106,5,3,108,4,110,111,112,113,114,115,116,117,118,119,120,121" pointTypes="" names="311,306,261,307,263,265,267,268,308,270,271,273"/>
                    <segment id="492881636" length="2" startTrkptIdx="1498" segmentTime="6.39" speed="26.07" turnType="" turnAngle="" types="102,80,107,32,10,106,5,3,108,4,110,111,112,113,114,115,116,117,118,119,120,121" pointTypes=";" names="311,306,261,307,263,265,267,268,308,270,271,273"/>
                    <segment id="79605770" length="2" startTrkptIdx="1499" segmentTime="3.08" speed="26.07" turnType="" turnAngle="" types="102,90,80,107,32,10,106,5,3,108,4,110,111,112,113,114,115,116,117,118,119,120,121" pointTypes="" names="311,306,261,307,263,265,267,268,308,270,271,273"/>
                    <segment id="8166953" length="7" startTrkptIdx="1500" segmentTime="16.73" speed="26.07" turnType="" turnAngle="" types="102,80,107,32,10,106,5,3,108,4,110,111,112,113,114,115,116,117,118,119,120,121" pointTypes=";125,13;;;122,123;122,123;122,123" names="311,306,261,307,263,265,267,268,308,270,271,273"/>
                    <segment id="612405414" length="5" startTrkptIdx="1506" segmentTime="12.03" speed="26.07" turnType="" turnAngle="" types="102,80,107,32,10,106,5,3,108,4,110,111,112,113,114,115,116,117,118,119,120,121" pointTypes=";122,123;122,123;125,13;122,123" names="311,306,261,307,263,265,267,268,308,270,271,273"/>
                    <segment id="1068106059" length="2" startTrkptIdx="1510" segmentTime="5.04" speed="26.07" turnType="" turnAngle="" types="102,80,107,32,10,106,5,3,108,4,110,111,112,113,114,115,116,117,118,119,120,121" pointTypes=";122,127" names="311,306,261,307,263,265,267,268,308,270,271,273"/>
                    <segment id="1068106060" length="2" startTrkptIdx="1511" segmentTime="0.89" speed="26.07" turnType="" turnAngle="" types="102,80,107,32,10,178,106,5,3,108,4,110,111,112,113,114,115,116,117,118,119,120,121" pointTypes="" names="311,306,261,307,263,265,267,268,308,270,271,273"/>
                    <segment id="492881638" length="4" startTrkptIdx="1512" segmentTime="23.70" speed="26.07" turnType="" turnAngle="" types="102,80,107,32,10,106,5,3,108,4,110,111,112,113,114,115,116,117,118,119,120,121" pointTypes=";;;125,13" names="311,306,261,307,263,265,267,268,308,270,271,273"/>
                    <segment id="668818749" length="4" startTrkptIdx="1515" segmentTime="12.21" speed="26.07" turnType="" turnAngle="" types="102,80,107,32,10,106,5,3,108,4,110,111,112,113,114,115,116,117,118,119,120,121" pointTypes=";;129,17;126,14" names="311,306,261,307,263,265,267,268,308,270,271,273"/>
                    <segment id="668818748" length="2" startTrkptIdx="1518" segmentTime="1.28" speed="26.07" turnType="" turnAngle="" types="102,90,195,80,107,32,10,106,5,3,108,4,110,111,112,113,114,115,116,117,118,119,120,121" pointTypes="" names="311,306,261,307,263,265,267,268,308,270,271,273"/>
                    <segment id="492881637" length="6" startTrkptIdx="1519" segmentTime="35.32" speed="26.07" turnType="" turnAngle="" types="102,80,107,32,10,106,5,3,108,4,110,111,112,113,114,115,116,117,118,119,120,121" pointTypes=";122,123;122,124;;125,13;125,13" names="311,306,261,307,263,265,267,268,308,270,271,273"/>
                    <segment id="817993636" length="2" startTrkptIdx="1524" segmentTime="0.49" speed="26.07" turnType="" turnAngle="" types="102,90,196,80,107,32,10,106,5,3,108,4,110,111,112,113,114,115,116,117,118,119,120,121" pointTypes="" names="311,306,261,307,263,265,267,268,308,270,271,273"/>
                    <segment id="817993639" length="9" startTrkptIdx="1525" segmentTime="32.06" speed="26.07" turnType="" turnAngle="" types="102,80,107,32,10,106,5,3,108,4,110,111,112,113,114,115,116,117,118,119,120,121" pointTypes=";122,127;122,124;122,123;;;122,123;122,123;122,127" names="311,306,261,307,263,265,267,268,308,270,271,273"/>
                    <segment id="1023813494" length="2" startTrkptIdx="1533" segmentTime="3.12" speed="26.07" turnType="" turnAngle="" types="102,80,107,32,10,106,5,3,108,4,110,111,112,113,114,115,116,117,118,119,120,121" pointTypes=";133,122,123" names="311,306,261,307,263,265,267,268,308,270,271,273"/>
                    <segment id="668827854" length="4" startTrkptIdx="1534" segmentTime="20.21" speed="26.07" turnType="" turnAngle="" types="102,80,107,32,10,106,5,3,108,4,110,111,112,113,114,115,116,117,118,119,120,121" pointTypes="133;122,123;;125,13" names="311,306,261,307,263,265,267,268,308,270,271,273"/>
                    <segment id="952519218" length="4" startTrkptIdx="1537" segmentTime="16.21" speed="26.07" turnType="" turnAngle="" types="102,197,80,107,11,10,106,5,3,108,4,110,111,112,113,114,115,116,117,118,119,120,121" pointTypes=";;;" names="311,306,261,307,263,265,267,268,308,270,271,273"/>
                    <segment id="1023813495" length="3" startTrkptIdx="1540" segmentTime="4.18" speed="26.07" turnType="" turnAngle="" types="102,197,80,107,11,10,106,5,3,108,4,110,111,112,113,114,115,116,117,118,119,120,121" pointTypes=";;125,13" names="311,306,261,307,263,265,267,268,308,270,271,273"/>
                    <segment id="394279568" length="12" startTrkptIdx="1542" segmentTime="40.17" speed="26.07" turnType="" turnAngle="" types="102,197,80,107,32,10,192,106,5,3,108,4,110,111,112,113,114,115,116,117,118,119,120,121" pointTypes=";;122,123;;125,13;;;122,123;;;;133" names="311,306,261,307,263,265,267,268,308,270,271,273"/>
                    <segment id="394279568" length="4" startTrkptIdx="1553" segmentTime="36.97" speed="26.07" turnType="" turnAngle="" types="102,197,80,107,32,10,192,106,5,3,108,4,110,111,112,113,114,115,116,117,118,119,120,121" pointTypes="133;125,13;122,123;125,13" names="311,306,261,307,263,265,267,268,308,270,271,273"/>
                    <segment id="668826077" length="4" startTrkptIdx="1556" segmentTime="5.06" speed="26.07" turnType="" turnAngle="" types="102,80,107,32,10,106,5,3,198,108,4,110,111,112,113,114,115,116,117,118,119,120,121" pointTypes=";125,13;125,13;125,13" names="311,306,261,307,263,265,267,268,308,270,271,273"/>
                    <segment id="668826078" length="6" startTrkptIdx="1559" segmentTime="10.43" speed="26.07" turnType="" turnAngle="" types="102,197,80,107,11,10,106,5,3,108,4,110,111,112,113,114,115,116,117,118,119,120,121" pointTypes=";125,13;125,13;;126,14;125,13" names="311,306,261,307,263,265,267,268,308,270,271,273"/>
                    <segment id="350781110" length="3" startTrkptIdx="1564" segmentTime="2.33" speed="26.07" turnType="" turnAngle="" types="102,90,197,80,107,11,10,106,5,3,108,4,110,111,112,113,114,115,116,117,118,119,120,121" pointTypes="" names="246,306,261,307,263,265,267,268,308,270,271,273"/>
                    <segment id="350781112" length="9" startTrkptIdx="1566" segmentTime="34.49" speed="26.07" turnType="" turnAngle="" types="102,197,80,107,11,10,106,5,3,108,4,110,111,112,113,114,115,116,117,118,119,120,121" pointTypes=";;125,13;;;;;122,123;" names="311,306,261,307,263,265,267,268,308,270,271,273"/>
                    <segment id="617651238" length="2" startTrkptIdx="1574" segmentTime="1.07" speed="26.07" turnType="" turnAngle="" types="102,80,107,32,10,106,5,3,108,4,110,111,112,113,114,115,116,117,118,119,120,121" pointTypes=";133" names="311,306,261,307,263,265,267,268,308,270,271,273"/>
                    <segment id="617651237" length="2" startTrkptIdx="1575" segmentTime="1.65" speed="26.07" turnType="" turnAngle="" types="102,80,107,11,10,106,5,3,108,4,110,111,112,113,114,115,116,117,118,119,120,121" pointTypes="133;122,123" names="311,306,261,307,263,265,267,268,308,270,271,273"/>
                    <segment id="617651239" length="6" startTrkptIdx="1576" segmentTime="13.90" speed="26.07" turnType="" turnAngle="" types="102,80,107,11,10,106,5,3,108,4,110,111,112,113,114,115,116,117,118,119,120,121" pointTypes=";122,123;122,123;;131" names="311,306,261,307,263,265,267,268,308,270,271,273"/>
                    <segment id="79605827" length="2" startTrkptIdx="1581" segmentTime="2.33" speed="26.07" turnType="" turnAngle="" types="102,90,80,107,11,106,5,3,108,4,110,111,112,113,114,115,116,117,118,119,120,121" pointTypes="" names="311,306,261,307,263,265,267,268,308,270,271,273"/>
                    <segment id="79605826" length="4" startTrkptIdx="1582" segmentTime="5.56" speed="26.07" turnType="" turnAngle="" types="102,80,107,11,106,5,3,108,4,110,111,112,113,114,115,116,117,118,119,120,121" pointTypes=";122,123;122,123;" names="311,306,261,307,263,265,267,268,308,270,271,273"/>
                    <segment id="352018461" length="2" startTrkptIdx="1585" segmentTime="1.40" speed="26.07" turnType="" turnAngle="" types="102,90,80,107,199,32,106,5,3,108,4,110,111,112,113,114,115,116,117,118,119,120,121" pointTypes="" names="311,306,261,307,263,265,267,268,308,270,271,273"/>
                    <segment id="617651216" length="2" startTrkptIdx="1586" segmentTime="3.06" speed="26.07" turnType="" turnAngle="" types="102,80,107,199,32,106,5,3,108,4,110,111,112,113,114,115,116,117,118,119,120,121" pointTypes=";" names="311,306,261,307,263,265,267,268,308,270,271,273"/>
                    <segment id="617651215" length="2" startTrkptIdx="1587" segmentTime="5.05" speed="26.07" turnType="" turnAngle="" types="102,80,107,199,32,106,5,3,137,108,4,110,111,112,113,114,115,116,117,118,119,120,121" pointTypes="" names="311,306,261,307,263,265,267,268,308,270,271,273"/>
                    <segment id="1465786148" length="17" startTrkptIdx="1588" segmentTime="32.20" speed="26.07" turnType="" turnAngle="" types="102,80,107,199,11,106,5,3,108,4,110,111,112,113,114,115,116,117,118,119,120,121" pointTypes=";;;122,123;122,123;;;125,13;;;125,13;125,13;125,13;;122,123;122,127;122,123" names="311,306,261,307,263,265,267,268,308,270,271,273"/>
                    <segment id="1465786149" length="2" startTrkptIdx="1604" segmentTime="1.33" speed="26.07" turnType="" turnAngle="" types="102,80,107,199,11,106,5,3,108,4,110,111,112,113,114,115,116,117,118,119,120,121" pointTypes="" names="311,306,261,307,263,265,267,268,308,270,271,273"/>
                    <segment id="352018467" length="21" startTrkptIdx="1605" segmentTime="112.82" speed="26.07" turnType="" turnAngle="" types="102,80,107,199,11,106,5,3,108,4,110,111,112,113,114,115,116,117,118,119,120,121" pointTypes=";;;122,123;122,123;;122,123;125,13;;;;122,123;122,123;;;;;122,123;;;133,122,123" names="311,306,261,307,263,265,267,268,308,270,271,273"/>
                    <segment id="352018467" length="2" startTrkptIdx="1625" segmentTime="26.92" speed="26.07" turnType="" turnAngle="" types="102,80,107,199,11,106,5,3,108,4,110,111,112,113,114,115,116,117,118,119,120,121" pointTypes="133,122,123;122,123" names="311,306,261,307,263,265,267,268,308,270,271,273"/>
                    <segment id="668823406" length="2" startTrkptIdx="1626" segmentTime="6.39" speed="26.07" turnType="" turnAngle="" types="102,80,107,199,32,106,5,3,198,108,4,110,111,112,113,114,115,116,117,118,119,120,121" pointTypes=";125,13" names="311,306,261,307,263,265,267,268,308,270,271,273"/>
                    <segment id="668823407" length="6" startTrkptIdx="1627" segmentTime="65.29" speed="26.07" turnType="" turnAngle="" types="102,80,107,199,11,106,5,3,108,4,110,111,112,113,114,115,116,117,118,119,120,121" pointTypes=";;122,123;122,123;122,123;122,123" names="311,306,261,307,263,265,267,268,308,270,271,273"/>
                    <segment id="7963232" length="19" startTrkptIdx="1632" segmentTime="49.04" speed="26.07" turnType="" turnAngle="" types="102,80,107,32,106,5,3,108,4,110,111,112,113,114,115,116,117,118,119,120,121" pointTypes=";122,124;122,123;122,127;122,127;122,124;122,127;122,123;122,123;122,127;122,123;122,123;122,123;;;125,13;;122,123;" names="311,306,261,307,263,265,267,268,308,270,271,273"/>
                    <segment id="188428987" length="6" startTrkptIdx="1650" segmentTime="17.49" speed="26.07" turnType="" turnAngle="" types="102,80,107,11,106,5,3,108,4,110,111,112,113,114,115,116,117,118,119,120,121" pointTypes=";122,123;122,123;122,127;122,127;122,123" names="311,306,261,307,263,265,267,268,308,270,271,273"/>
                    <segment id="79606225" length="2" startTrkptIdx="1655" segmentTime="1.30" speed="26.07" turnType="" turnAngle="" types="102,90,80,107,11,106,5,3,108,4,110,111,112,113,114,115,116,117,118,119,120,121" pointTypes="" names="311,306,261,307,263,265,267,268,308,270,271,273"/>
                    <segment id="79606246" length="24" startTrkptIdx="1656" segmentTime="58.49" speed="26.07" turnType="" turnAngle="" types="102,80,107,11,106,5,3,108,4,110,111,112,113,114,115,116,117,118,119,120,121" pointTypes=";122,123;122,123;122,123;;122,123;122,124;122,124;122,124;122,123;122,123;122,124;122,173;122,123;122,127;122,132;122,124;122,127;;126,14;125,13;122,123;122,127;133,122,123" names="311,306,261,307,263,265,267,268,308,270,271,273"/>
                    <segment id="79606246" length="6" startTrkptIdx="1679" segmentTime="12.13" speed="26.07" turnType="" turnAngle="" types="102,80,107,11,106,5,3,108,4,110,111,112,113,114,115,116,117,118,119,120,121" pointTypes="133,122,123;122,123;122,123;122,123;122,123;122,127" names="311,306,261,307,263,265,267,268,308,270,271,273"/>
                    <segment id="1025369299" length="2" startTrkptIdx="1684" segmentTime="1.30" speed="26.07" turnType="" turnAngle="" types="102,80,107,11,200,106,5,3,108,4,110,111,112,113,114,115,116,117,118,119,120,121" pointTypes="" names="311,306,261,307,263,265,267,268,308,270,271,273"/>
                    <segment id="1025369298" length="13" startTrkptIdx="1685" segmentTime="26.50" speed="26.07" turnType="" turnAngle="" types="102,80,107,11,106,5,3,108,4,110,111,112,113,114,115,116,117,118,119,120,121" pointTypes=";;125,13;125,13;;;122,123;122,123;122,123;122,123;122,123;122,123;122,123" names="311,306,261,307,263,265,267,268,308,270,271,273"/>
                    <segment id="44743722" length="23" startTrkptIdx="1697" segmentTime="33.32" speed="26.07" turnType="" turnAngle="" types="201,107,11,106,5,3,202,4,203,204,205,110,111,112,206,207,208,116,117,118" pointTypes=";122,127;122,123;122,123;122,123;122,123;125,13;126,14;125,13;126,14;126,14;126,14;126,14;126,14;125,13;;122,123;122,123;122,123;122,127;122,124;122,127;133,122,123" names="311,312,261,313,314,315,316,267,317,318,319,271"/>
                    <segment id="44743722" length="18" startTrkptIdx="1719" segmentTime="38.55" speed="26.07" turnType="" turnAngle="" types="201,107,11,106,5,3,202,4,203,204,205,110,111,112,206,207,208,116,117,118" pointTypes="133,122,123;122,127;122,127;122,123;122,123;122,127;122,127;;122,123;122,127;122,132;122,132;122,127;122,127;122,123;122,127;;133" names="311,312,261,313,314,315,316,267,317,318,319,271"/>
                    <segment id="44743722" length="3" startTrkptIdx="1736" segmentTime="5.18" speed="26.07" turnType="" turnAngle="" types="201,107,11,106,5,3,202,4,203,204,205,110,111,112,206,207,208,116,117,118" pointTypes="133;125,13;133" names="311,312,261,313,314,315,316,267,317,318,319,271"/>
                    <segment id="44743722" length="24" startTrkptIdx="1738" segmentTime="66.26" speed="26.07" turnType="" turnAngle="" types="201,107,11,106,5,3,202,4,203,204,205,110,111,112,206,207,208,116,117,118" pointTypes="133;125,13;126,14;126,14;128,18;128,18;134,135;128,18;129,17;129,17;129,17;128,18;129,17;126,14;126,14;126,14;129,17;129,17;126,14;128,18;134,135;128,18;128,18;133,129,17" names="311,312,261,313,314,315,316,267,317,318,319,271"/>
                    <segment id="581996368" length="6" startTrkptIdx="1761" segmentTime="17.81" speed="26.07" turnType="" turnAngle="" types="201,107,11,10,192,106,5,3,202,4,203,204,205,110,111,112,206,207,208,116,117,118" pointTypes="133;128,18;129,17;126,14;128,18;128,18" names="311,312,261,313,314,315,316,267,317,318,319,271"/>
                    <segment id="478006626" length="2" startTrkptIdx="1766" segmentTime="7.87" speed="26.07" turnType="" turnAngle="" types="201,107,32,10,106,5,3,183,202,4,203,204,205,110,111,112,206,207,208,116,117,118" pointTypes=";133,129,17" names="311,312,261,313,314,315,316,267,317,318,319,271"/>
                    <segment id="968367547" length="20" startTrkptIdx="1767" segmentTime="18.63" speed="26.07" turnType="TSLL" turnAngle="-4.67" types="201,103,9,10,106,5,3,4" pointTypes="133;14;14;17;14;17;17;17;14;13;;;;;;13;13;17;13;" names="320,321,322"/>
                    <segment id="1448615542" length="2" startTrkptIdx="1786" segmentTime="1.07" speed="26.07" turnType="" turnAngle="" types="102,103,9,10,106,5,3,4" pointTypes=";131" names="321"/>
                    <segment id="350710708" length="25" startTrkptIdx="1787" segmentTime="55.94" speed="26.07" turnType="" turnAngle="" types="209,210,9,10,106,3,202,4,203,204,205,110,111,112,206,207,208,116,117,118" pointTypes="131;122,123;122,123;;126,14;126,14;126,14;126,14;129,17;128,18;128,18;134,135;128,18;126,14;126,14;;;;;125,13;;122,123;;;125,13" names="321,323,324,315,325,326,327,328,329"/>
                    <segment id="1448615544" length="5" startTrkptIdx="1811" segmentTime="27.42" speed="26.07" turnType="" turnAngle="" types="209,210,9,10,106,3,211,202,212,4,203,204,205,110,111,112,206,207,208,116,117,118" pointTypes=";126,14;125,13;125,13;128,18" names="321,323,324,315,325,326,330,331,332,333,334,335,336,337,338,339,340,341,327,328,329"/>
                    <segment id="1286442802" length="7" startTrkptIdx="1815" segmentTime="13.72" speed="23.67" turnType="" turnAngle="" types="201,210,32,43,44,213,94,188,211,202,108,212,214,203,204,205,110,111,112,113,114,115,206,207,208,116,117,118,119,120,121" pointTypes=";129,17;126,14;129,17;126,14;;" names="321,342,324,343,315,265,325,326,344,330,331,332,333,334,335,336,337,338,339,340,341,327,328,345,329,346"/>
                    <segment id="1286442803" length="21" startTrkptIdx="1821" segmentTime="43.29" speed="23.67" turnType="" turnAngle="" types="210,11,213,94,188,211,202,108,212,214,203,204,205,110,111,112,113,114,115,206,207,208,116,117,118,119,120,121" pointTypes=";122,123;122,127;122,127;122,123;122,123;122,127;122,123;;125,13;126,14;126,14;129,17;129,17;126,14;126,14;125,13;122,127;122,123;;" names="321,342,324,343,315,265,325,326,344,330,331,332,333,334,335,336,337,338,339,340,341,327,328,345,329,346"/>
                    <segment id="163542580" length="46" startTrkptIdx="1841" segmentTime="154.02" speed="23.67" turnType="" turnAngle="" types="210,11,213,94,188,202,108,214,203,204,205,110,111,112,113,114,115,206,207,208,116,117,118,119,120,121" pointTypes=";122,123;;125,13;;;122,123;122,127;122,127;;125,13;;;125,13;125,13;129,17;125,13;;122,123;122,127;;126,14;125,13;125,13;125,13;;;;;122,123;122,123;;122,123;125,13;125,13;;;;;125,13;126,14;;122,123;;122,123;126,14" names="321,342,324,343,315,265,325,326,344,327,328,345,329,346"/>
                    <segment id="200857041" length="2" startTrkptIdx="1886" segmentTime="0.95" speed="23.67" turnType="" turnAngle="" types="90,210,11,213,94,188,202,108,214,203,204,205,110,111,112,113,114,115,206,207,208,116,117,118,119,120,121" pointTypes="" names="321,342,324,343,315,265,325,326,344,327,328,345,329,346,347"/>
                    <segment id="142234539" length="2" startTrkptIdx="1887" segmentTime="6.36" speed="23.67" turnType="" turnAngle="" types="210,11,213,94,188,202,108,214,203,204,205,110,111,112,113,114,115,206,207,208,116,117,118,119,120,121" pointTypes=";133" names="348,342,324,343,349,315,265,325,326,344,327,328,345,329,350,346"/>
                    <segment id="214724599" length="4" startTrkptIdx="1888" segmentTime="11.23" speed="23.67" turnType="C" turnAngle="-0.04" types="210,9,213,94,188,202,108,214,203,204,205,110,111,112,113,114,115,206,207,208,116,117,118,119,120,121" pointTypes="133;;122,123;125,13" names="348,342,324,343,349,315,265,325,326,344,327,328,345,329,350,346"/>
                    <segment id="463036353" length="2" startTrkptIdx="1891" segmentTime="3.61" speed="26.07" turnType="" turnAngle="" types="210,11,106,94,188,202,108,214,203,204,205,110,111,112,113,114,115,206,207,208,116,117,118,119,120,121" pointTypes="" names="348,342,324,343,349,315,265,325,326,344,327,328,345,329,350,346"/>
                    <segment id="188010768" length="15" startTrkptIdx="1892" segmentTime="29.90" speed="26.07" turnType="" turnAngle="" types="210,32,33,34,106,94,188,202,108,214,203,204,205,110,111,112,113,114,115,206,207,208,116,117,118,119,120,121" pointTypes=";;;125,13;122,123;;125,13;;;;;122,123;;;" names="348,342,324,343,349,315,265,325,326,344,327,328,345,329,350,346"/>
                    <segment id="214724598" length="15" startTrkptIdx="1906" segmentTime="39.73" speed="26.07" turnType="" turnAngle="" types="210,32,33,34,106,94,188,202,108,214,203,204,205,110,111,112,113,114,115,206,207,208,116,117,118,119,120,121" pointTypes=";122,123;122,123;122,123;;122,123;122,123;122,127;122,124;122,123;;122,123;;126,14;133,125,13" names="348,342,324,343,349,315,265,325,326,344,327,328,345,329,350,346"/>
                    <segment id="810492219" length="2" startTrkptIdx="1920" segmentTime="1.31" speed="26.07" turnType="" turnAngle="" types="210,32,33,34,106,94,188,202,108,214,203,204,205,110,111,112,113,114,115,206,207,208,116,117,118,119,120,121" pointTypes="133" names="348,342,324,343,349,315,265,325,326,344,327,328,345,329,350,346"/>
                    <segment id="214724600" length="4" startTrkptIdx="1921" segmentTime="7.76" speed="26.07" turnType="" turnAngle="" types="210,32,33,34,106,94,188,202,108,214,203,204,205,110,111,112,113,114,115,206,207,208,116,117,118,119,120,121" pointTypes=";125,13;125,13;126,14" names="348,342,324,343,349,315,265,325,326,344,327,328,345,329,350,346"/>
                    <segment id="188316557" length="21" startTrkptIdx="1924" segmentTime="84.09" speed="26.07" turnType="" turnAngle="" types="210,11,106,94,188,202,108,214,203,204,205,110,111,112,113,114,115,206,207,208,116,117,118,119,120,121" pointTypes=";128,18;129,17;125,13;122,123;;;;122,123;122,123;122,123;;122,123;;122,123;125,13;126,14;;;122,123;" names="348,342,324,343,349,315,265,325,326,344,327,328,345,329,350,346"/>
                    <segment id="987924671" length="2" startTrkptIdx="1944" segmentTime="8.87" speed="26.07" turnType="" turnAngle="" types="210,11,106,94,188,202,108,214,203,204,205,110,111,112,113,114,115,206,207,208,116,117,118,119,120,121" pointTypes=";125,13" names="348,342,324,343,349,315,265,325,326,344,327,328,345,329,350,346"/>
                    <segment id="987924670" length="5" startTrkptIdx="1945" segmentTime="23.83" speed="26.07" turnType="" turnAngle="" types="210,11,106,94,188,202,108,214,203,204,205,110,111,112,113,114,115,206,207,208,116,117,118,119,120,121" pointTypes=";122,127;122,124;122,127;" names="348,342,324,343,349,315,265,325,326,344,327,328,345,329,350,346"/>
                    <segment id="987924668" length="2" startTrkptIdx="1949" segmentTime="7.30" speed="26.07" turnType="" turnAngle="" types="210,32,43,44,106,94,188,202,108,214,203,204,205,110,111,112,113,114,115,206,207,208,116,117,118,119,120,121" pointTypes=";122,123" names="348,342,324,343,349,315,265,325,326,344,327,328,345,329,350,346"/>
                    <segment id="188316549" length="7" startTrkptIdx="1950" segmentTime="10.87" speed="26.07" turnType="" turnAngle="" types="210,32,43,44,106,94,188,202,108,214,203,204,205,110,111,112,113,114,115,206,207,208,116,117,118,119,120,121" pointTypes=";125,13;125,13;;122,123;122,123;122,127" names="348,342,324,343,349,315,265,325,326,344,327,328,345,329,350,346"/>
                    <segment id="987924669" length="3" startTrkptIdx="1956" segmentTime="9.09" speed="26.07" turnType="" turnAngle="" types="210,32,43,44,106,94,188,202,108,214,203,204,205,110,111,112,113,114,115,206,207,208,116,117,118,119,120,121" pointTypes=";122,123;133,122,123" names="348,342,324,343,349,315,265,325,326,344,327,328,345,329,350,346"/>
                    <segment id="255872691" length="3" startTrkptIdx="1958" segmentTime="2.42" speed="26.07" turnType="TSLR" turnAngle="5.91" types="210,32,43,44,106,94,188,202,108,214,203,204,205,110,111,112,113,114,115,206,207,208,116,117,118,119,120,121" pointTypes="133;;" names="348,342,324,343,349,315,265,325,326,344,327,328,345,329,350,346,351,352"/>
                    <segment id="1025074577" length="2" startTrkptIdx="1960" segmentTime="2.92" speed="26.07" turnType="" turnAngle="" types="210,32,43,44,106,94,188,202,108,214,203,204,205,110,111,112,113,114,115,206,207,208,116,117,118,119,120,121" pointTypes=";" names="348,342,324,343,349,315,265,325,326,344,327,328,345,329,350,346,351,352"/>
                    <segment id="255872699" length="3" startTrkptIdx="1961" segmentTime="7.05" speed="26.07" turnType="" turnAngle="" types="210,32,43,44,106,94,188,202,108,214,203,204,205,110,111,112,113,114,115,206,207,208,116,117,118,119,120,121" pointTypes=";122,123;125,13" names="348,342,324,343,349,315,265,325,326,344,327,328,345,329,350,346"/>
                    <segment id="1025074576" length="2" startTrkptIdx="1963" segmentTime="4.25" speed="26.07" turnType="" turnAngle="" types="210,32,43,44,106,94,188,202,108,214,203,204,205,110,111,112,113,114,115,206,207,208,116,117,118,119,120,121" pointTypes=";133,125,13" names="348,342,324,343,349,315,265,325,326,344,327,328,345,329,350,346,353,354"/>
                    <segment id="255872902" length="7" startTrkptIdx="1964" segmentTime="14.67" speed="26.07" turnType="" turnAngle="" types="210,32,43,44,106,94,188,202,108,214,203,204,205,110,111,112,113,114,115,206,207,208,116,117,118,119,120,121" pointTypes="133;126,14;125,13;125,13;;122,123;" names="321,342,324,343,315,265,325,326,344,327,328,345,329,346"/>
                    <segment id="188316556" length="2" startTrkptIdx="1970" segmentTime="3.82" speed="26.07" turnType="" turnAngle="" types="210,11,106,94,188,202,108,214,203,204,205,110,111,112,113,114,115,206,207,208,116,117,118,119,120,121" pointTypes=";125,13" names="321,342,324,343,315,265,325,326,344,327,328,345,329,346"/>
                    <segment id="7964244" length="43" startTrkptIdx="1971" segmentTime="89.91" speed="23.67" turnType="" turnAngle="" types="210,11,130,213,94,188,202,108,214,203,204,205,110,111,112,113,114,115,206,207,208,116,117,118,119,120,121" pointTypes=";;;;;;126,14;125,13;;125,13;125,13;126,14;126,14;125,13;125,13;125,13;;122,123;122,124;122,123;122,124;122,127;122,123;125,13;126,14;129,17;128,18;126,14;125,13;;;122,123;;122,123;;125,13;126,14;125,13;126,14;;;;" names="321,342,324,343,315,265,325,326,344,327,328,345,329,346"/>
                    <segment id="550863980" length="2" startTrkptIdx="2013" segmentTime="1.40" speed="23.67" turnType="" turnAngle="" types="90,210,11,213,94,188,202,108,214,203,204,205,110,111,112,113,114,115,206,207,208,116,117,118,119,120,121" pointTypes="" names="321,342,324,343,315,265,325,326,344,327,328,345,329,346"/>
                    <segment id="550863981" length="2" startTrkptIdx="2014" segmentTime="5.35" speed="23.67" turnType="" turnAngle="" types="210,11,213,94,188,202,108,214,203,204,205,110,111,112,113,114,115,206,207,208,116,117,118,119,120,121" pointTypes=";122,123" names="321,342,324,343,315,265,325,326,344,327,328,345,329,346"/>
                    <segment id="188316546" length="25" startTrkptIdx="2015" segmentTime="36.12" speed="23.67" turnType="" turnAngle="" types="210,32,33,34,213,188,202,108,214,203,204,205,110,111,112,113,114,115,206,207,208,116,117,118,119,120,121" pointTypes=";122,124;122,132;122,127;122,127;122,123;122,123;122,123;122,127;122,127;;122,123;122,123;122,123;;126,14;;122,124;122,123;122,123;122,123;122,127;122,127;122,127;122,127" names="321,342,324,343,315,265,325,326,344,327,328,345,329,346"/>
                    <segment id="188316548" length="22" startTrkptIdx="2039" segmentTime="88.09" speed="23.67" turnType="" turnAngle="" types="210,11,213,188,202,108,214,203,204,205,110,111,112,113,114,115,206,207,208,116,117,118,119,120,121" pointTypes=";122,123;24,215,213;;122,123;;;125,13;;126,14;126,14;126,14;;122,127;122,127;122,127;122,127;;;;;" names="321,342,324,343,315,265,325,326,344,327,328,345,329,346"/>
                    <segment id="7964719" length="19" startTrkptIdx="2060" segmentTime="86.04" speed="18.85" turnType="" turnAngle="" types="210,11,96,188,202,108,214,203,204,205,110,111,112,113,114,115,206,207,208,116,117,118,119,120,121" pointTypes=";125,13;;122,123;;126,14;125,13;125,13;122,123;122,123;;;;;126,14;126,14;125,13;126,14;" names="321,342,324,343,315,265,325,326,344,327,328,345,329,346"/>
                    <segment id="7964719" length="13" startTrkptIdx="2078" segmentTime="28.12" speed="18.85" turnType="" turnAngle="" types="210,11,96,188,202,108,214,203,204,205,110,111,112,113,114,115,206,207,208,116,117,118,119,120,121" pointTypes=";;122,127;122,123;;122,123;122,127;;122,127;122,123;;;122,127" names="321,342,324,343,315,265,325,326,344,327,328,345,329,346"/>
                    <segment id="7964722" length="76" startTrkptIdx="2090" segmentTime="208.21" speed="23.67" turnType="" turnAngle="" types="210,11,213,188,202,108,214,203,204,205,110,111,112,113,114,115,206,207,208,116,117,118,119,120,121" pointTypes=";122,127;122,127;122,123;122,123;125,13;126,14;125,13;125,13;129,17;126,14;126,14;129,17;126,14;;122,123;125,13;;122,124;;;;;;122,123;;;;122,123;;125,13;;;125,13;122,123;122,123;;125,13;;;;;125,13;;;;125,13;;122,123;122,127;122,127;;122,123;125,13;126,14;125,13;125,13;;;;;125,13;125,13;;;;;;;;;126,14;;122,127;;122,123" names="321,342,324,343,315,265,325,326,344,327,328,345,329,346"/>
                    <segment id="188841099" length="9" startTrkptIdx="2165" segmentTime="25.45" speed="23.67" turnType="" turnAngle="" types="210,32,33,34,213,3,202,108,4,203,204,205,110,111,112,113,114,115,206,207,208,116,117,118,119,120,121" pointTypes=";122,123;;122,123;122,127;;;125,13;126,14" names="321,342,324,343,315,265,325,326,344,327,328,345,329,346"/>
                    <segment id="640040678" length="2" startTrkptIdx="2173" segmentTime="1.69" speed="23.67" turnType="" turnAngle="" types="210,60,43,34,213,188,202,108,214,203,204,205,110,111,112,113,114,115,206,207,208,116,117,118,119,120,121" pointTypes=";125,13" names="321,342,324,343,315,265,325,326,344,327,328,345,329,346"/>
                    <segment id="640040679" length="6" startTrkptIdx="2174" segmentTime="6.71" speed="23.67" turnType="" turnAngle="" types="210,32,33,34,213,188,202,108,214,203,204,205,110,111,112,113,114,115,206,207,208,116,117,118,119,120,121" pointTypes=";;;;125,13;122,123" names="321,342,324,343,315,265,325,326,344,327,328,345,329,346"/>
                    <segment id="188841101" length="9" startTrkptIdx="2179" segmentTime="27.10" speed="23.67" turnType="" turnAngle="" types="210,60,43,34,213,188,202,108,214,203,204,205,110,111,112,113,114,115,206,207,208,116,117,118,119,120,121" pointTypes=";;122,123;;;;122,123;;" names="321,342,324,343,315,265,325,326,344,327,328,345,329,346"/>
                    <segment id="640038379" length="7" startTrkptIdx="2187" segmentTime="19.11" speed="23.67" turnType="" turnAngle="" types="210,32,43,44,213,188,202,108,214,203,204,205,110,111,112,113,114,115,206,207,208,116,117,118,119,120,121" pointTypes=";;;;122,123;122,123;125,13" names="321,342,324,343,315,265,325,326,344,327,328,345,329,346"/>
                    <segment id="640038378" length="2" startTrkptIdx="2193" segmentTime="2.09" speed="23.67" turnType="" turnAngle="" types="210,60,43,34,213,188,202,108,214,203,204,205,110,111,112,113,114,115,206,207,208,116,117,118,119,120,121" pointTypes=";125,13" names="321,342,324,343,315,265,325,326,344,327,328,345,329,346"/>
                    <segment id="188841098" length="9" startTrkptIdx="2194" segmentTime="16.39" speed="23.67" turnType="" turnAngle="" types="210,43,44,213,188,202,108,214,203,204,205,110,111,112,113,114,115,206,207,208,116,117,118,119,120,121" pointTypes=";125,13;125,13;126,14;125,13;;126,14;125,13;125,13" names="321,342,324,343,315,265,325,326,344,327,328,345,329,346"/>
                    <segment id="810581616" length="5" startTrkptIdx="2202" segmentTime="9.84" speed="23.67" turnType="" turnAngle="" types="210,11,213,188,202,108,214,203,204,205,110,111,112,113,114,115,206,207,208,116,117,118,119,120,121" pointTypes=";125,13;;122,123;122,123" names="321,342,324,343,315,265,325,326,344,327,328,345,329,346"/>
                    <segment id="877370162" length="2" startTrkptIdx="2206" segmentTime="1.84" speed="23.67" turnType="" turnAngle="" types="210,32,33,34,213,188,36,202,108,214,203,204,205,110,111,112,113,114,115,206,207,208,116,117,118,119,120,121" pointTypes=";122,123" names="321,342,324,343,315,265,325,326,344,327,328,345,329,346,353,354"/>
                    <segment id="877370164" length="2" startTrkptIdx="2207" segmentTime="2.04" speed="23.67" turnType="" turnAngle="" types="210,11,213,188,202,108,214,203,204,205,110,111,112,113,114,115,206,207,208,116,117,118,119,120,121" pointTypes=";122,127" names="321,342,324,343,315,265,325,326,344,327,328,345,329,346,355,352"/>
                    <segment id="810581615" length="14" startTrkptIdx="2208" segmentTime="19.45" speed="23.67" turnType="" turnAngle="" types="210,11,213,188,202,108,214,203,204,205,110,111,112,113,114,115,206,207,208,116,117,118,119,120,121" pointTypes=";122,123;125,13;129,17;126,14;125,13;;;122,127;;122,127;122,127;122,127;122,127" names="321,342,324,343,315,265,325,326,344,327,328,345,329,346"/>
                    <segment id="877370166" length="3" startTrkptIdx="2221" segmentTime="1.74" speed="23.67" turnType="" turnAngle="" types="210,32,33,34,213,188,36,202,108,214,203,204,205,110,111,112,113,114,115,206,207,208,116,117,118,119,120,121" pointTypes=";122,127;122,127" names="321,342,324,343,315,265,325,326,344,327,328,345,329,346"/>
                    <segment id="877370165" length="2" startTrkptIdx="2223" segmentTime="5.63" speed="23.67" turnType="" turnAngle="" types="210,32,43,44,213,188,216,202,108,214,203,204,205,110,111,112,113,114,115,206,207,208,116,117,118,119,120,121" pointTypes=";122,127" names="321,342,324,343,315,265,325,326,344,327,328,345,329,346"/>
                    <segment id="877370172" length="11" startTrkptIdx="2224" segmentTime="23.22" speed="23.67" turnType="" turnAngle="" types="210,11,213,188,202,108,214,203,204,205,110,111,112,113,114,115,206,207,208,116,117,118,119,120,121" pointTypes=";129,17;128,18;128,18;129,17;126,14;;;;122,123;122,123" names="321,342,324,343,315,265,325,326,344,327,328,345,329,346"/>
                    <segment id="877370173" length="2" startTrkptIdx="2234" segmentTime="1.99" speed="23.67" turnType="" turnAngle="" types="210,32,43,44,213,188,45,202,108,214,203,204,205,110,111,112,113,114,115,206,207,208,116,117,118,119,120,121" pointTypes=";" names="321,342,324,343,315,265,325,326,344,327,328,345,329,346"/>
                    <segment id="188841095" length="29" startTrkptIdx="2235" segmentTime="67.15" speed="23.67" turnType="" turnAngle="" types="210,11,213,188,202,108,214,203,204,205,110,111,112,113,114,115,206,207,208,116,117,118,119,120,121" pointTypes=";126,14;126,14;;;125,13;129,17;126,14;;;122,123;122,127;;;125,13;;125,13;126,14;125,13;;;122,123;;122,123;;125,13;;122,127" names="321,342,324,343,315,265,325,326,344,327,328,345,329,346"/>
                    <segment id="397052866" length="7" startTrkptIdx="2263" segmentTime="7.30" speed="23.67" turnType="" turnAngle="" types="210,11,213,5,188,202,214,203,204,205,110,111,112,206,207,208,116,117,118" pointTypes=";;122,123;;;;" names="321,342,324,315,325,326,327,328,329"/>
                    <segment id="865219956" length="6" startTrkptIdx="2269" segmentTime="3.90" speed="23.67" turnType="" turnAngle="" types="210,11,213,5,188,92,202,214,203,204,205,110,111,112,206,207,208,116,117,118" pointTypes=";125,13;125,13;;24,25" names="321,342,324,315,325,326,327,328,329"/>
                    <segment id="1046368586" length="7" startTrkptIdx="2274" segmentTime="1.19" speed="23.67" turnType="RNLB1" turnAngle="-71.04" types="210,8,11,213,217,188,202,214,203,204,205,110,111,112,206,207,208,116,117,118" pointTypes=";125,13;;;;;" names="356,342,324,315,325,326,327,328,329"/>
                    <segment id="865219957" length="6" startTrkptIdx="2280" segmentTime="3.14" speed="23.67" turnType="" turnAngle="" types="31,213,5,3,202,4,203,204,205,110,111,112,206,207,208,116,117,118" pointTypes=";131,14;14;13;14;13" names="357,358,359,360,315,361,362,363,364,365,366"/>
                    <segment id="397052869" length="3" startTrkptIdx="2285" segmentTime="3.92" speed="23.67" turnType="" turnAngle="" types="31,213,5,3,202,4,203,204,205,110,111,112,206,207,208,116,117,118" pointTypes=";;" names="358,359,360,315,361,362,363,364,365"/>
                    <segment id="401135867" length="18" startTrkptIdx="2287" segmentTime="35.53" speed="26.07" turnType="" turnAngle="" types="31,11,106,3,202,108,4,203,204,205,110,111,112,113,114,115,206,207,208,116,117,118,119,120,121" pointTypes=";;;;;;;13;;;13;13;14;18;13;13;;" names="358,359,367,368,315,265,361,362,369,370,364,371,365,372"/>
                    <segment id="550872965" length="2" startTrkptIdx="2304" segmentTime="1.08" speed="26.07" turnType="" turnAngle="" types="90,31,11,106,3,202,108,4,203,204,205,110,111,112,113,114,115,206,207,208,116,117,118,119,120,121" pointTypes="" names="358,359,367,368,315,265,361,362,369,370,364,371,365,372"/>
                    <segment id="550872964" length="14" startTrkptIdx="2305" segmentTime="172.26" speed="26.07" turnType="" turnAngle="" types="31,11,106,3,202,108,4,203,204,205,110,111,112,113,114,115,206,207,208,116,117,118,119,120,121" pointTypes=";;;;;;;;;;;;;" names="358,359,367,368,315,265,361,362,369,370,364,371,365,372"/>
                    <segment id="1024794626" length="2" startTrkptIdx="2318" segmentTime="2.65" speed="18.85" turnType="" turnAngle="" types="31,11,96,3,202,108,4,203,204,205,110,111,112,113,114,115,206,207,208,116,117,118,119,120,121" pointTypes=";" names="358,359,367,368,315,265,361,362,369,370,364,371,365,372"/>
                    <segment id="1024794623" length="6" startTrkptIdx="2319" segmentTime="3.07" speed="9.72" turnType="" turnAngle="" types="31,9,96,42,5,3,202,4,203,204,205,110,111,112,206,207,208,116,117,118" pointTypes="" names="358,359,360,315,361,362,363,364,365"/>
                    <segment id="214724587" length="5" startTrkptIdx="2324" segmentTime="2.24" speed="9.72" turnType="" turnAngle="" types="31,9,96,42,5,3,218,108,4,110,111,112,113,114,115,116,117,118,119,120,121" pointTypes="" names="373,358,359,374,368,375,265,362,369,376,371,365,372,366"/>
                    <segment id="183704475" length="2" startTrkptIdx="2328" segmentTime="3.76" speed="9.72" turnType="" turnAngle="" types="90,31,9,96,42,5,3,218,108,4,110,111,112,113,114,115,116,117,118,119,120,121" pointTypes="" names="358,359,374,368,375,265,362,369,376,371,365,372,377"/>
                    <segment id="183704479" length="6" startTrkptIdx="2329" segmentTime="4.89" speed="9.72" turnType="" turnAngle="" types="31,9,96,42,5,3,218,108,4,110,111,112,113,114,115,116,117,118,119,120,121" pointTypes="" names="358,359,374,368,375,265,362,369,376,371,365,372"/>
                    <segment id="214724586" length="6" startTrkptIdx="2334" segmentTime="33.80" speed="18.85" turnType="" turnAngle="" types="31,11,96,3,218,108,138,4,110,111,112,113,114,115,139,140,141,116,117,118,119,120,121,142,143,144" pointTypes=";;" names="358,359,374,378,379,375,265,279,362,369,380,376,381,365,382,372,383"/>
                    <segment id="1024823784" length="2" startTrkptIdx="2339" segmentTime="0.57" speed="18.85" turnType="" turnAngle="" types="31,11,96,3,218,108,138,4,110,111,112,113,114,115,139,140,141,116,117,118,119,120,121,142,143,144" pointTypes="" names="358,359,374,378,379,375,265,279,362,369,380,376,381,365,382,372,383"/>
                    <segment id="183704472" length="2" startTrkptIdx="2340" segmentTime="1.47" speed="18.85" turnType="" turnAngle="" types="90,31,11,96,3,218,108,138,4,110,111,112,113,114,115,139,140,141,116,117,118,119,120,121,142,143,144" pointTypes="" names="358,359,374,378,379,375,265,279,362,369,380,376,381,365,382,372,383,384"/>
                    <segment id="1024823785" length="2" startTrkptIdx="2341" segmentTime="0.99" speed="18.85" turnType="" turnAngle="" types="31,11,96,3,218,108,138,4,110,111,112,113,114,115,139,140,141,116,117,118,119,120,121,142,143,144" pointTypes=";" names="358,359,374,378,379,375,265,279,362,369,380,376,381,365,382,372,383"/>
                    <segment id="183704478" length="5" startTrkptIdx="2342" segmentTime="30.93" speed="18.85" turnType="" turnAngle="" types="31,11,96,3,218,108,138,4,110,111,112,113,114,115,139,140,141,116,117,118,119,120,121,142,143,144" pointTypes=";13;;;13" names="358,359,374,378,379,375,265,279,362,369,380,376,381,365,382,372,383"/>
                    <segment id="405276282" length="3" startTrkptIdx="2346" segmentTime="62.88" speed="26.07" turnType="" turnAngle="" types="31,11,106,3,218,108,138,4,110,111,112,113,114,115,139,140,141,116,117,118,119,120,121,142,143,144" pointTypes=";" names="358,359,374,378,379,375,265,279,362,369,380,376,381,365,382,372,383"/>
                    <segment id="7965677" length="10" startTrkptIdx="2348" segmentTime="133.10" speed="26.07" turnType="" turnAngle="" types="31,11,106,3,218,108,138,4,110,111,112,113,114,115,139,140,141,116,117,118,119,120,121,142,143,144" pointTypes=";;;;;;;;;" names="358,359,374,378,379,375,265,279,362,369,380,376,381,365,382,372,383"/>
                    <segment id="942042009" length="2" startTrkptIdx="2357" segmentTime="1.27" speed="26.07" turnType="" turnAngle="" types="31,32,33,34,106,3,36,218,108,138,4,110,111,112,113,114,115,139,140,141,116,117,118,119,120,121,142,143,144" pointTypes="" names="358,359,374,378,379,375,265,279,362,369,380,376,381,365,382,372,383,353,385"/>
                    <segment id="942042010" length="2" startTrkptIdx="2358" segmentTime="1.20" speed="26.07" turnType="C" turnAngle="-1.18" types="31,11,106,3,218,108,138,4,110,111,112,113,114,115,139,140,141,116,117,118,119,120,121,142,143,144" pointTypes="" names="358,359,374,378,379,375,265,279,362,369,380,376,381,365,382,372,383,386,387"/>
                    <segment id="942042008" length="23" startTrkptIdx="2359" segmentTime="107.32" speed="26.07" turnType="" turnAngle="" types="31,11,106,3,218,108,138,4,110,111,112,113,114,115,139,140,141,116,117,118,119,120,121,142,143,144" pointTypes=";;;;;;;;;;;;;;;;" names="358,359,374,378,379,375,265,279,362,369,380,376,381,365,382,372,383"/>
                    <segment id="146611976" length="2" startTrkptIdx="2381" segmentTime="9.15" speed="26.07" turnType="" turnAngle="" types="90,31,11,106,3,218,108,138,4,110,111,112,113,114,115,139,140,141,116,117,118,119,120,121,142,143,144" pointTypes="" names="358,359,374,378,379,375,265,279,362,369,380,376,381,365,382,372,383,388"/>
                    <segment id="1025029277" length="18" startTrkptIdx="2382" segmentTime="51.02" speed="26.07" turnType="" turnAngle="" types="31,11,106,3,218,108,138,4,110,111,112,113,114,115,139,140,141,116,117,118,119,120,121,142,143,144" pointTypes=";;;;;;;;13;13" names="358,359,374,378,379,375,265,279,362,369,380,376,381,365,382,372,383"/>
                    <segment id="1025029278" length="2" startTrkptIdx="2399" segmentTime="1.03" speed="26.07" turnType="" turnAngle="" types="31,11,106,3,36,218,108,138,4,110,111,112,113,114,115,139,140,141,116,117,118,119,120,121,142,143,144" pointTypes="" names="358,359,374,378,379,375,265,279,362,369,380,376,381,365,382,372,383"/>
                    <segment id="146611975" length="2" startTrkptIdx="2400" segmentTime="0.94" speed="26.07" turnType="C" turnAngle="-2.33" types="31,11,106,3,218,108,138,4,110,111,112,113,114,115,139,140,141,116,117,118,119,120,121,142,143,144" pointTypes="" names="358,359,374,378,379,375,265,279,362,369,380,376,381,365,382,372,383,389"/>
                    <segment id="1025029281" length="30" startTrkptIdx="2401" segmentTime="178.96" speed="26.07" turnType="" turnAngle="" types="31,11,106,3,218,108,138,4,110,111,112,113,114,115,139,140,141,116,117,118,119,120,121,142,143,144" pointTypes=";;;;;;;;;;;;;;;;;;;;;;14;;;;;;;" names="358,359,374,378,379,375,265,279,362,369,380,376,381,365,382,372,383"/>
                    <segment id="1025029288" length="5" startTrkptIdx="2430" segmentTime="3.49" speed="26.07" turnType="" turnAngle="" types="31,11,106,3,218,108,138,4,110,111,112,113,114,115,139,140,141,116,117,118,119,120,121,142,143,144" pointTypes="" names="358,359,374,378,379,375,265,279,362,369,380,376,381,365,382,372,383"/>
                    <segment id="810786002" length="7" startTrkptIdx="2434" segmentTime="7.05" speed="16.44" turnType="" turnAngle="" types="31,11,82,3,218,108,138,4,110,111,112,113,114,115,139,140,141,116,117,118,119,120,121,142,143,144" pointTypes=";13;13;13" names="358,359,374,378,379,375,265,279,362,369,380,376,381,365,382,372,383"/>
                    <segment id="1025029282" length="2" startTrkptIdx="2440" segmentTime="1.70" speed="16.44" turnType="" turnAngle="" types="31,32,33,34,82,3,36,218,108,138,4,110,111,112,113,114,115,139,140,141,116,117,118,119,120,121,142,143,144" pointTypes="" names="358,359,374,378,379,375,265,279,362,369,380,376,381,365,382,372,383,353,385"/>
                    <segment id="1025029283" length="2" startTrkptIdx="2441" segmentTime="0.69" speed="16.44" turnType="" turnAngle="" types="31,32,33,34,82,3,36,218,108,138,4,110,111,112,113,114,115,139,140,141,116,117,118,119,120,121,142,143,144" pointTypes="" names="358,359,374,378,379,375,265,279,362,369,380,376,381,365,382,372,383,389,387"/>
                    <segment id="810785998" length="4" startTrkptIdx="2442" segmentTime="4.77" speed="16.44" turnType="C" turnAngle="-3.07" types="31,82,3,218,108,138,4,110,111,112,113,114,115,139,140,141,116,117,118,119,120,121,142,143,144" pointTypes="" names="358,359,374,378,379,375,265,279,362,369,380,376,381,365,382,372,383,389,387"/>
                    <segment id="1025029285" length="4" startTrkptIdx="2445" segmentTime="4.07" speed="16.44" turnType="" turnAngle="" types="31,11,82,3,218,108,138,4,110,111,112,113,114,115,139,140,141,116,117,118,119,120,121,142,143,144" pointTypes="" names="358,359,374,378,379,375,265,279,362,369,380,376,381,365,382,372,383"/>
                    <segment id="810785997" length="5" startTrkptIdx="2448" segmentTime="5.91" speed="26.07" turnType="" turnAngle="" types="31,11,106,3,218,108,138,4,110,111,112,113,114,115,139,140,141,116,117,118,119,120,121,142,143,144" pointTypes=";;" names="358,359,374,378,379,375,265,279,362,369,380,376,381,365,382,372,383"/>
                    <segment id="1025029291" length="4" startTrkptIdx="2452" segmentTime="3.30" speed="26.07" turnType="" turnAngle="" types="31,11,106,3,218,108,138,4,110,111,112,113,114,115,139,140,141,116,117,118,119,120,121,142,143,144" pointTypes=";;13" names="358,359,374,378,379,375,265,279,362,369,380,376,381,365,382,372,383"/>
                    <segment id="7965679" length="4" startTrkptIdx="2455" segmentTime="3.41" speed="26.07" turnType="" turnAngle="" types="31,11,106,3,218,108,138,4,110,111,112,113,114,115,139,140,141,116,117,118,119,120,121,142,143,144" pointTypes="" names="358,359,374,378,379,375,265,279,362,369,380,376,381,365,382,372,383"/>
                    <segment id="1025029292" length="27" startTrkptIdx="2458" segmentTime="23.30" speed="26.07" turnType="" turnAngle="" types="31,11,106,3,218,108,138,4,110,111,112,113,114,115,139,140,141,116,117,118,119,120,121,142,143,144" pointTypes=";;;;13;13;;;;;;;;;;;13;13;;;;;;;;;" names="358,359,374,378,379,375,265,279,362,369,380,376,381,365,382,372,383"/>
                    <segment id="77087410" length="2" startTrkptIdx="2484" segmentTime="22.14" speed="26.07" turnType="" turnAngle="" types="90,31,11,106,91,3,218,108,138,4,110,111,112,113,114,115,139,140,141,116,117,118,119,120,121,142,143,144" pointTypes="" names="358,359,374,378,379,375,265,279,362,369,380,376,381,365,382,372,383,390"/>
                    <segment id="804376370" length="2" startTrkptIdx="2485" segmentTime="1.92" speed="26.07" turnType="" turnAngle="" types="31,11,106,3,218,108,138,4,110,111,112,113,114,115,139,140,141,116,117,118,119,120,121,142,143,144" pointTypes="" names="358,359,374,378,379,375,265,279,362,369,380,376,381,365,382,372,383"/>
                    <segment id="634094977" length="2" startTrkptIdx="2486" segmentTime="9.07" speed="26.07" turnType="C" turnAngle="0.81" types="31,11,106,3,218,108,138,4,110,111,112,113,114,115,139,140,141,116,117,118,119,120,121,142,143,144" pointTypes="" names="358,359,374,378,379,375,265,279,362,369,380,376,381,365,382,372,383"/>
                    <segment id="141910570" length="5" startTrkptIdx="2487" segmentTime="8.24" speed="18.85" turnType="" turnAngle="" types="31,11,96,3,218,108,138,4,110,111,112,113,114,115,139,140,141,116,117,118,119,120,121,142,143,144" pointTypes=";14;" names="358,359,374,378,379,375,265,279,362,369,380,376,381,365,382,372,383"/>
                    <segment id="877353590" length="3" startTrkptIdx="2491" segmentTime="4.00" speed="18.85" turnType="" turnAngle="" types="31,9,96,5,3,218,108,4,110,111,112,113,114,115,116,117,118,119,120,121" pointTypes=";" names="358,359,374,368,375,265,362,369,376,371,365,372"/>
                    <segment id="494982332" length="8" startTrkptIdx="2493" segmentTime="3.52" speed="18.85" turnType="" turnAngle="" types="31,11,96,5,3,219,218,108,4,110,111,112,113,114,115,116,117,118,119,120,121" pointTypes=";;;;;;24,25" names="358,359,374,368,375,265,362,369,376,371,365,372"/>
                    <segment id="983411014" length="2" startTrkptIdx="2500" segmentTime="0.33" speed="18.85" turnType="RNLB2" turnAngle="-30.39" types="31,8,11,96,3,218,108,4,110,111,112,113,114,115,116,117,118,119,120,121" pointTypes="" names="391,359,374,368,375,265,362,369,376,371,365,372"/>
                    <segment id="812686750" length="5" startTrkptIdx="2501" segmentTime="1.34" speed="18.85" turnType="" turnAngle="" types="31,8,11,96,3,218,108,4,110,111,112,113,114,115,116,117,118,119,120,121" pointTypes=";;;;" names="391,359,374,368,375,265,362,369,376,371,365,372"/>
                    <segment id="1458898706" length="2" startTrkptIdx="2505" segmentTime="0.03" speed="18.85" turnType="" turnAngle="" types="31,8,96,3,218,108,4,110,111,112,113,114,115,116,117,118,119,120,121" pointTypes="" names="391,359,374,368,375,265,362,369,376,371,365,372"/>
                    <segment id="1025029304" length="5" startTrkptIdx="2506" segmentTime="2.78" speed="18.85" turnType="" turnAngle="" types="31,11,96,5,3,218,108,4,110,111,112,113,114,115,116,117,118,119,120,121" pointTypes=";;;;" names="392,393,359,374,368,375,265,362,369,376,371,365,372,366"/>
                    <segment id="494982334" length="4" startTrkptIdx="2510" segmentTime="2.69" speed="18.85" turnType="" turnAngle="" types="31,9,96,5,3,218,108,4,110,111,112,113,114,115,116,117,118,119,120,121" pointTypes=";;;" names="393,359,374,368,375,265,362,369,376,371,365,372"/>
                    <segment id="637077118" length="16" startTrkptIdx="2513" segmentTime="20.09" speed="18.85" turnType="" turnAngle="" types="31,11,96,3,218,108,138,4,110,111,112,113,114,115,139,140,141,116,117,118,119,120,121,142,143,144" pointTypes="13;;;;;;;;;;;;;;;" names="393,359,374,378,379,375,265,279,362,369,380,376,381,365,382,372,383"/>
                    <segment id="1145002662" length="3" startTrkptIdx="2528" segmentTime="4.41" speed="18.85" turnType="" turnAngle="" types="31,32,43,44,96,3,216,218,108,138,4,110,111,112,113,114,115,139,140,141,116,117,118,119,120,121,142,143,144" pointTypes=";;" names="393,359,374,378,379,375,265,279,362,369,380,376,381,365,382,372,383"/>
                    <segment id="1025029305" length="3" startTrkptIdx="2530" segmentTime="2.08" speed="18.85" turnType="C" turnAngle="0.51" types="31,11,96,3,36,218,108,138,4,110,111,112,113,114,115,139,140,141,116,117,118,119,120,121,142,143,144" pointTypes="" names="393,359,374,378,379,375,265,279,362,369,380,376,381,365,382,372,383"/>
                    <segment id="810897798" length="9" startTrkptIdx="2532" segmentTime="13.52" speed="18.85" turnType="" turnAngle="" types="31,11,96,3,218,108,138,4,110,111,112,113,114,115,139,140,141,116,117,118,119,120,121,142,143,144" pointTypes=";;13;13;14;;;;" names="393,359,374,378,379,375,265,279,362,369,380,376,381,365,382,372,383"/>
                    <segment id="1145002664" length="2" startTrkptIdx="2540" segmentTime="1.30" speed="18.85" turnType="" turnAngle="" types="31,11,96,3,36,218,108,138,4,110,111,112,113,114,115,139,140,141,116,117,118,119,120,121,142,143,144" pointTypes=";" names="393,359,374,378,379,375,265,279,362,369,380,376,381,365,382,372,383"/>
                    <segment id="1145002663" length="2" startTrkptIdx="2541" segmentTime="1.76" speed="18.85" turnType="" turnAngle="" types="31,11,96,3,218,108,138,4,110,111,112,113,114,115,139,140,141,116,117,118,119,120,121,142,143,144" pointTypes=";" names="393,359,374,378,379,375,265,279,362,369,380,376,381,365,382,372,383"/>
                    <segment id="637077112" length="33" startTrkptIdx="2542" segmentTime="85.04" speed="21.26" turnType="" turnAngle="" types="31,11,104,3,218,108,138,4,110,111,112,113,114,115,139,140,141,116,117,118,119,120,121,142,143,144" pointTypes=";;;;;;;;;;13;13;13;13;13;;;13;;;;;;;;;;;14;14;13;;" names="393,359,374,378,379,375,265,279,362,369,380,376,381,365,382,372,383"/>
                    <segment id="1025029314" length="3" startTrkptIdx="2574" segmentTime="2.03" speed="21.26" turnType="" turnAngle="" types="31,32,33,34,104,3,36,218,108,138,4,110,111,112,113,114,115,139,140,141,116,117,118,119,120,121,142,143,144" pointTypes=";" names="393,359,374,378,379,375,265,279,362,369,380,376,381,365,382,372,383"/>
                    <segment id="1025029313" length="2" startTrkptIdx="2576" segmentTime="7.47" speed="21.26" turnType="" turnAngle="" types="31,11,104,3,218,108,138,4,110,111,112,113,114,115,139,140,141,116,117,118,119,120,121,142,143,144" pointTypes=";" names="393,359,374,378,379,375,265,279,362,369,380,376,381,365,382,372,383"/>
                    <segment id="637077115" length="5" startTrkptIdx="2577" segmentTime="11.55" speed="18.85" turnType="" turnAngle="" types="31,11,96,3,218,108,138,4,110,111,112,113,114,115,139,140,141,116,117,118,119,120,121,142,143,144" pointTypes=";;;;" names="393,359,374,378,379,375,265,279,362,369,380,376,381,365,382,372,383"/>
                    <segment id="1025029312" length="2" startTrkptIdx="2581" segmentTime="2.07" speed="18.85" turnType="" turnAngle="" types="31,32,43,44,96,3,45,218,108,138,4,110,111,112,113,114,115,139,140,141,116,117,118,119,120,121,142,143,144" pointTypes=";" names="393,359,374,378,379,375,265,279,362,369,380,376,381,365,382,372,383"/>
                    <segment id="1025029311" length="3" startTrkptIdx="2582" segmentTime="3.98" speed="18.85" turnType="C" turnAngle="4.71" types="31,11,96,3,101,218,108,138,4,110,111,112,113,114,115,139,140,141,116,117,118,119,120,121,142,143,144" pointTypes=";;" names="393,359,374,378,379,375,265,279,362,369,380,376,381,365,382,372,383"/>
                    <segment id="1025029310" length="2" startTrkptIdx="2584" segmentTime="7.61" speed="18.85" turnType="" turnAngle="" types="31,11,96,3,218,108,138,4,110,111,112,113,114,115,139,140,141,116,117,118,119,120,121,142,143,144" pointTypes=";" names="393,359,374,378,379,375,265,279,362,369,380,376,381,365,382,372,383"/>
                    <segment id="1025029309" length="2" startTrkptIdx="2585" segmentTime="4.30" speed="18.85" turnType="" turnAngle="" types="31,32,33,34,96,3,101,218,108,138,4,110,111,112,113,114,115,139,140,141,116,117,118,119,120,121,142,143,144" pointTypes="" names="393,359,374,378,379,375,265,279,362,369,380,376,381,365,382,372,383"/>
                    <segment id="1025029308" length="6" startTrkptIdx="2586" segmentTime="26.82" speed="18.85" turnType="" turnAngle="" types="31,11,96,3,218,108,138,4,110,111,112,113,114,115,139,140,141,116,117,118,119,120,121,142,143,144" pointTypes=";;;;" names="393,359,374,378,379,375,265,279,362,369,380,376,381,365,382,372,383"/>
                    <segment id="836759568" length="2" startTrkptIdx="2591" segmentTime="2.35" speed="18.85" turnType="" turnAngle="" types="31,11,96,3,218,108,138,4,110,111,112,113,114,115,139,140,141,116,117,118,119,120,121,142,143,144" pointTypes="" names="393,359,374,378,379,375,265,279,362,369,380,376,381,365,382,372,383"/>
                    <segment id="836759569" length="2" startTrkptIdx="2592" segmentTime="1.81" speed="18.85" turnType="" turnAngle="" types="31,11,96,3,218,108,138,4,110,111,112,113,114,115,139,140,141,116,117,118,119,120,121,142,143,144" pointTypes="" names="393,359,374,378,379,375,265,279,362,369,380,376,381,365,382,372,383"/>
                    <segment id="836759570" length="3" startTrkptIdx="2593" segmentTime="22.02" speed="18.85" turnType="" turnAngle="" types="31,11,96,3,218,108,138,4,110,111,112,113,114,115,139,140,141,116,117,118,119,120,121,142,143,144" pointTypes=";" names="393,359,374,378,379,375,265,279,362,369,380,376,381,365,382,372,383"/>
                    <segment id="961733835" length="2" startTrkptIdx="2595" segmentTime="4.71" speed="13.89" turnType="" turnAngle="" types="31,11,12,3,218,108,138,4,110,111,112,113,114,115,139,140,141,116,117,118,119,120,121,142,143,144" pointTypes=";" names="393,359,374,378,379,375,265,279,362,369,380,376,381,365,382,372,383"/>
                    <segment id="1025029315" length="2" startTrkptIdx="2596" segmentTime="3.19" speed="13.89" turnType="" turnAngle="" types="31,11,12,3,36,218,108,138,4,110,111,112,113,114,115,139,140,141,116,117,118,119,120,121,142,143,144" pointTypes="13;" names="393,359,374,378,379,375,265,279,362,369,380,376,381,365,382,372,383"/>
                    <segment id="23044888" length="3" startTrkptIdx="2597" segmentTime="9.15" speed="13.89" turnType="" turnAngle="" types="31,11,12,3,218,108,138,4,110,111,112,113,114,115,139,140,141,116,117,118,119,120,121,142,143,144" pointTypes=";" names="393,359,374,378,379,375,265,279,362,369,380,376,381,365,382,372,383"/>
                    <segment id="96326561" length="7" startTrkptIdx="2599" segmentTime="9.85" speed="13.89" turnType="" turnAngle="" types="90,220,31,11,12,3,218,108,138,4,110,111,112,113,114,115,139,140,141,116,117,118,119,120,121,142,143,144" pointTypes="" names="394,359,374,378,379,375,265,279,362,369,380,376,381,365,382,372,383"/>
                    <segment id="34964114" length="6" startTrkptIdx="2605" segmentTime="11.75" speed="13.89" turnType="" turnAngle="" types="31,11,12,3,218,108,138,4,110,111,112,113,114,115,139,140,141,116,117,118,119,120,121,142,143,144" pointTypes=";;;" names="395,359,374,378,379,375,265,279,362,369,380,376,381,365,382,372,383"/>
                    <segment id="865218617" length="2" startTrkptIdx="2610" segmentTime="1.66" speed="13.89" turnType="" turnAngle="" types="31,32,33,34,12,3,36,218,108,138,4,110,111,112,113,114,115,139,140,141,116,117,118,119,120,121,142,143,144" pointTypes="" names="395,359,374,378,379,375,265,279,362,369,380,376,381,365,382,372,383"/>
                    <segment id="1126627791" length="7" startTrkptIdx="2611" segmentTime="25.29" speed="5.65" turnType="TR" turnAngle="78.60" types="221,12,3,4" pointTypes=";222,223;;13;14;" names="396"/>
                    <segment id="1126627792" length="3" startTrkptIdx="2617" segmentTime="1.41" speed="13.89" turnType="" turnAngle="" types="221,32,33,34,12,94,3,224,4" pointTypes="" names="396"/>
                    <segment id="1126627793" length="3" startTrkptIdx="2619" segmentTime="1.43" speed="13.89" turnType="" turnAngle="" types="221,32,43,44,12,94,3,59,4" pointTypes="" names="396"/>
                    <segment id="1148375126" length="6" startTrkptIdx="2621" segmentTime="7.33" speed="13.89" turnType="" turnAngle="" types="221,11,33,44,12,3,4" pointTypes=";;;;" names="396"/>
                    <segment id="29468446" length="8" startTrkptIdx="2626" segmentTime="9.65" speed="13.89" turnType="" turnAngle="" types="221,11,33,44,12,3,4" pointTypes=";;;;" names="396"/>
                    <segment id="1148119842" length="8" startTrkptIdx="2633" segmentTime="8.34" speed="13.89" turnType="" turnAngle="" types="221,12,3,4" pointTypes=";;;;;;13;13" names="397"/>
                    <segment id="57138755" length="16" startTrkptIdx="2640" segmentTime="34.69" speed="13.89" turnType="" turnAngle="" types="221,11,12,3,4" pointTypes=";14;14;;;;;;;;;;;;" names="397"/>
                    <segment id="1148119843" length="11" startTrkptIdx="2655" segmentTime="15.88" speed="13.89" turnType="" turnAngle="" types="221,11,12,3,4" pointTypes=";;;14;14;13;;;13;13;" names="397"/>
                    <segment id="1148119844" length="20" startTrkptIdx="2665" segmentTime="47.29" speed="12.42" turnType="" turnAngle="" types="221,12,3,4" pointTypes=";;13;;;13;14;;;;13;13;;30,37,22;;;;;;" names="397"/>
                    <segment id="1148375133" length="3" startTrkptIdx="2684" segmentTime="3.65" speed="13.89" turnType="" turnAngle="" types="221,12,3,4" pointTypes=";;" names="397"/>
                    <segment id="1127377353" length="17" startTrkptIdx="2686" segmentTime="27.26" speed="21.26" turnType="" turnAngle="" types="221,104,3,4" pointTypes=";;;17;14;14;14;14;14;13;;;14;13;;;13" names="397"/>
                    <segment id="29468447" length="108" startTrkptIdx="2702" segmentTime="173.94" speed="21.26" turnType="" turnAngle="" types="7,104,3,4" pointTypes=";;;;;13;13;14;14;14;13;;;;;;;14;14;14;14;13;;13;13;;;13;;;;;;;;;;;;;;13;14;;;;;;;;;18;17;14;13;14;;;;;13;13;14;13;;;;;;;17;13;14;;;;;;;;;;;;;;;;;13;13;;;;;;;14;14;14;13;;;;;;;" names="398"/>
                    <segment id="1144912020" length="2" startTrkptIdx="2809" segmentTime="0.57" speed="21.26" turnType="" turnAngle="" types="90,7,104,3,4" pointTypes="" names="398"/>
                    <segment id="1144912019" length="41" startTrkptIdx="2810" segmentTime="84.99" speed="21.26" turnType="" turnAngle="" types="7,11,104,3,4" pointTypes=";14;;;;;;;;;;;;;;;;;13;;;;;18;;;13;;;;;;14;;;;;14;18;;18" names="398"/>
                    <segment id="1127377355" length="9" startTrkptIdx="2850" segmentTime="8.02" speed="13.89" turnType="" turnAngle="" types="7,12,3,4" pointTypes=";;19;19;;14;;;" names="398"/>
                    <segment id="1144910174" length="2" startTrkptIdx="2858" segmentTime="0.59" speed="13.89" turnType="" turnAngle="" types="90,7,12,3,4" pointTypes="" names="398"/>
                    <segment id="1144910173" length="9" startTrkptIdx="2859" segmentTime="4.73" speed="13.89" turnType="" turnAngle="" types="7,12,3,4" pointTypes=";;;;;14;17;17;14" names="398"/>
                    <segment id="1127377354" length="65" startTrkptIdx="2867" segmentTime="69.27" speed="21.26" turnType="" turnAngle="" types="7,104,3,4" pointTypes=";14;13;;;;;;;13;17;18;;;;;;;;;;;;;;13;14;13;;;;;;;;;13;18;;19;18;;;;13;14;;13;13;13;;;;;;;14;;14;13;13;14;17;18;18" names="398"/>
                    <segment id="29468448" length="39" startTrkptIdx="2931" segmentTime="46.23" speed="21.26" turnType="" turnAngle="" types="7,11,104,3,4" pointTypes=";17;17;18;13;;;;;;14;13;14;14;;;;;;;;;;;;;;;;;13;14;;;;;;14;17" names="398"/>
                    <segment id="29468448" length="2" startTrkptIdx="2969" segmentTime="0.16" speed="21.26" turnType="" turnAngle="" types="7,11,104,3,4" pointTypes="17;18" names="398"/>
                    <segment id="1349133961" length="3" startTrkptIdx="2970" segmentTime="1.31" speed="21.26" turnType="" turnAngle="" types="90,7,104,3,4" pointTypes="" names="398"/>
                    <segment id="1349133960" length="22" startTrkptIdx="2972" segmentTime="26.13" speed="21.26" turnType="" turnAngle="" types="7,11,104,3,4" pointTypes=";14;13;;;;13;14;14;;13;;;;;17;;17;13;;;14" names="398"/>
                    <segment id="1127377357" length="11" startTrkptIdx="2993" segmentTime="18.83" speed="13.89" turnType="" turnAngle="" types="7,11,12,3,4" pointTypes=";13;13;;;;;;;;" names="398"/>
                    <segment id="1127377356" length="15" startTrkptIdx="3003" segmentTime="46.98" speed="8.33" turnType="" turnAngle="" types="7,11,225,3,4" pointTypes=";;;;;;;;;;;;13;13" names="398"/>
                    <segment id="1424031634" length="2" startTrkptIdx="3017" segmentTime="2.52" speed="8.33" turnType="" turnAngle="" types="7,11,225,3,4" pointTypes="" names="398"/>
                    <segment id="1424031633" length="7" startTrkptIdx="3018" segmentTime="3.73" speed="8.33" turnType="" turnAngle="" types="7,9,225,5,3,4" pointTypes="" names="399,398"/>
                    <segment id="1424031635" length="8" startTrkptIdx="3024" segmentTime="17.00" speed="3.43" turnType="" turnAngle="" types="7,9,225,5,3,4" pointTypes=";;;;;226;;" names="398"/>
                    <segment id="1424031636" length="4" startTrkptIdx="3031" segmentTime="1.83" speed="8.33" turnType="" turnAngle="" types="7,9,225,5,3,4" pointTypes=";" names="400,398"/>
                    <segment id="29468452" length="14" startTrkptIdx="3034" segmentTime="48.90" speed="1.52" turnType="" turnAngle="" types="7,9,225,5,3,4" pointTypes=";;;;;;;;14;14;227,14;226;13;228,13" names="398"/>
                    <segment id="1424031641" length="2" startTrkptIdx="3047" segmentTime="26.43" speed="0.45" turnType="" turnAngle="" types="7,9,225,5,229,230" pointTypes="228" names="398"/>
                    <segment id="29468453" length="129" startTrkptIdx="3048" segmentTime="855.90" speed="8.09" turnType="TL" turnAngle="-103.75" types="7,225,229,230" pointTypes=";;;13;;;;;;;;;;;;;;;;17;;;;;;;;17;;;17;17;;;;;;;;;13;;13;;;;;;17;19;;;18;;18;;;;;;;;14;;13;13;;;;;17;;;;;;;17;13;13;;;;;;;;;17;18;14;13;;;14;;18;14;147;;;;;17;;;;;;;;;;;;;;;;;;;;;;;;;" names="398"/>
                    <segment id="29468453" length="2" startTrkptIdx="3176" segmentTime="1.68" speed="8.33" turnType="TR" turnAngle="60.59" types="7,225,229,230" pointTypes=";13" names="398"/>
                    <segment id="373246335" length="3" startTrkptIdx="3177" segmentTime="27.30" speed="0.82" turnType="" turnAngle="" types="7,231,232,233" pointTypes=";147,13" names=""/>
                    <segment id="373246336" length="18" startTrkptIdx="3179" segmentTime="53.67" speed="9.72" turnType="" turnAngle="" types="7,231,232,233" pointTypes=";13;17;17;14;13;;;;14;;;;;;;;" names="398"/>
                </osmand:route>
                <osmand:types>
                    <type t="highway" v="service"/>
                    <type t="service" v="parking_aisle"/>
                    <type t="sidewalk" v="no"/>
                    <type t="surface" v="asphalt"/>
                    <type t="osmand_highway_integrity_brouting" v="0"/>
                    <type t="oneway" v="yes"/>
                    <type t="cycleway:left" v="no"/>
                    <type t="highway" v="unclassified"/>
                    <type t="junction" v="roundabout"/>
                    <type t="lanes" v="1"/>
                    <type t="lit" v="yes"/>
                    <type t="lanes" v="2"/>
                    <type t="maxspeed" v="50"/>
                    <type t="osmand_ele_decline_1" v="1"/>
                    <type t="osmand_ele_decline_3" v="1"/>
                    <type t="direction" v="both"/>
                    <type t="traffic_calming" v="hump"/>
                    <type t="osmand_ele_decline_5" v="1"/>
                    <type t="osmand_ele_decline_7" v="1"/>
                    <type t="osmand_ele_decline_11" v="1"/>
                    <type t="crossing" v="unmarked"/>
                    <type t="crossing:markings" v="no"/>
                    <type t="highway" v="crossing"/>
                    <type t="tactile_paving" v="no"/>
                    <type t="direction" v="forward"/>
                    <type t="highway" v="give_way"/>
                    <type t="highway" v="secondary"/>
                    <type t="crossing:island" v="yes"/>
                    <type t="cycleway:both" v="no"/>
                    <type t="crossing:markings" v="zebra"/>
                    <type t="crossing" v="uncontrolled"/>
                    <type t="highway" v="primary"/>
                    <type t="lanes" v="3"/>
                    <type t="lanes:backward" v="1"/>
                    <type t="lanes:forward" v="2"/>
                    <type t="turn:lanes:backward" v="none"/>
                    <type t="turn:lanes:forward" v="none|right"/>
                    <type t="crossing:markings" v="yes"/>
                    <type t="crossing:signals" v="no"/>
                    <type t="traffic_signals:direction" v="forward"/>
                    <type t="traffic_signals:direction" v="backward"/>
                    <type t="turn:lanes" v="left|through;right"/>
                    <type t="maxspeed:advisory" v="35"/>
                    <type t="lanes:backward" v="2"/>
                    <type t="lanes:forward" v="1"/>
                    <type t="turn:lanes:backward" v="none|right"/>
                    <type t="turn:lanes:forward" v="none"/>
                    <type t="turn:lanes:backward" v="left;through|through"/>
                    <type t="turn:lanes" v="left;slight_left|through"/>
                    <type t="highway" v="traffic_signals"/>
                    <type t="crossing" v="traffic_signals"/>
                    <type t="crossing:markings" v="lines"/>
                    <type t="turn:lanes" v="left|through|right"/>
                    <type t="cycleway" v="asl"/>
                    <type t="crossing:signals" v="yes"/>
                    <type t="turn:lanes" v="through|right"/>
                    <type t="tactile_paving" v="yes"/>
                    <type t="traffic_calming" v="island"/>
                    <type t="kerb" v="lowered"/>
                    <type t="turn:lanes:backward" v="|right"/>
                    <type t="lanes" v="4"/>
                    <type t="lanes" v="5"/>
                    <type t="lanes:backward" v="3"/>
                    <type t="turn:lanes:backward" v="through|through|right"/>
                    <type t="turn:lanes:forward" v="none|none"/>
                    <type t="turn:lanes:backward" v="none|none"/>
                    <type t="turn:lanes:forward" v="through|through"/>
                    <type t="sidewalk" v="yes"/>
                    <type t="turn:lanes:forward" v="left;through|through"/>
                    <type t="turn:lanes:backward" v="none|none|right"/>
                    <type t="turn:lanes:backward" v="||right"/>
                    <type t="lanes:forward" v="3"/>
                    <type t="turn:lanes:forward" v="none|none|right"/>
                    <type t="turn:lanes:backward" v="left;through|through|right"/>
                    <type t="lanes" v="6"/>
                    <type t="lanes:backward" v="4"/>
                    <type t="turn:lanes:backward" v="left;through|through|right|right"/>
                    <type t="turn:lanes:backward" v="through|through|right|right"/>
                    <type t="turn:lanes:forward" v="left;through|through|right"/>
                    <type t="lanes:reversible" v="1"/>
                    <type t="foot" v="no"/>
                    <type t="highway" v="primary_link"/>
                    <type t="maxspeed" v="60"/>
                    <type t="route_road_1_network" v="nz:touring:tcdh"/>
                    <type t="route_road_2_network" v="nz:ur"/>
                    <type t="route_road_2_shield_color" v="white"/>
                    <type t="route_road_2_shield_shape" v="pentagon"/>
                    <type t="road_shield_color_2" v="white"/>
                    <type t="road_shield_shape_2" v="pentagon"/>
                    <type t="turn:lanes" v="left|through|through|right"/>
                    <type t="bridge" v="yes"/>
                    <type t="maxweight:signed" v="no"/>
                    <type t="turn:lanes" v="left;through|through"/>
                    <type t="turn:lanes" v="through|through|right"/>
                    <type t="oneway" v="no"/>
                    <type t="turn:lanes:forward" v="left|through|through"/>
                    <type t="maxspeed" v="70"/>
                    <type t="turn:lanes:forward" v="through|through|right"/>
                    <type t="turn:lanes:backward" v="left|through|through|right"/>
                    <type t="turn:lanes:backward" v="through|through"/>
                    <type t="turn:lanes:backward" v="left|none|none"/>
                    <type t="turn:lanes:forward" v="left|none"/>
                    <type t="bicycle" v="no"/>
                    <type t="highway" v="motorway_link"/>
                    <type t="maxspeed" v="80"/>
                    <type t="turn:lanes" v="left"/>
                    <type t="maxspeed" v="100"/>
                    <type t="highway" v="motorway"/>
                    <type t="route_road_2_network" v="nz:sh"/>
                    <type t="route_road_3_network" v="nz:touring:tcdh"/>
                    <type t="route_road_2_shield_color" v="red"/>
                    <type t="route_road_2_shield_shape" v="cshield"/>
                    <type t="route_road_2_shield_order" v="1"/>
                    <type t="route_road_3_shield_color" v="red"/>
                    <type t="route_road_3_shield_shape" v="cshield"/>
                    <type t="route_road_3_shield_order" v="1"/>
                    <type t="road_shield_color_2" v="red"/>
                    <type t="road_shield_shape_2" v="cshield"/>
                    <type t="road_shield_order_2" v="1"/>
                    <type t="road_shield_color_3" v="red"/>
                    <type t="road_shield_shape_3" v="cshield"/>
                    <type t="road_shield_order_3" v="1"/>
                    <type t="osmand_ele_incline_" v="1"/>
                    <type t="osmand_ele_incline_max" v="1"/>
                    <type t="osmand_ele_incline_max" v="5"/>
                    <type t="osmand_ele_decline_max" v="1"/>
                    <type t="osmand_ele_decline_max" v="3"/>
                    <type t="osmand_ele_incline_max" v="3"/>
                    <type t="osmand_ele_decline_max" v="7"/>
                    <type t="osmand_ele_decline_max" v="5"/>
                    <type t="lit" v="no"/>
                    <type t="highway" v="milestone"/>
                    <type t="osmand_ele_incline_max" v="7"/>
                    <type t="highway" v="motorway_junction"/>
                    <type t="osmand_ele_decline_max" v="9"/>
                    <type t="osmand_ele_decline_9" v="1"/>
                    <type t="turn:lanes" v="merge_to_right|none|none|none"/>
                    <type t="turn:lanes" v="merge_to_right|none|none"/>
                    <type t="route_road_3_network" v="nz:sh"/>
                    <type t="route_road_4_shield_color" v="red"/>
                    <type t="route_road_4_shield_shape" v="cshield"/>
                    <type t="route_road_4_shield_order" v="1"/>
                    <type t="road_shield_color_4" v="red"/>
                    <type t="road_shield_shape_4" v="cshield"/>
                    <type t="road_shield_order_4" v="1"/>
                    <type t="maxheight:lanes" v="default|default|4.76"/>
                    <type t="turn:lanes" v="merge_to_right|||"/>
                    <type t="ford" v="yes"/>
                    <type t="bus:lanes" v="designated|yes|yes|yes|yes"/>
                    <type t="lanes:bus" v="1"/>
                    <type t="bus:lanes" v="designated|yes|yes|yes|yes|yes"/>
                    <type t="turn:lanes" v="merge_to_right|||||"/>
                    <type t="lanes:reversible" v="2"/>
                    <type t="route_road_4_network" v="nz:sh"/>
                    <type t="route_road_5_shield_color" v="red"/>
                    <type t="route_road_5_shield_shape" v="cshield"/>
                    <type t="route_road_5_shield_order" v="1"/>
                    <type t="road_shield_color_5" v="red"/>
                    <type t="road_shield_shape_5" v="cshield"/>
                    <type t="road_shield_order_5" v="1"/>
                    <type t="incline" v="-3%"/>
                    <type t="incline" v="-5%"/>
                    <type t="maxheight" v="4.8"/>
                    <type t="incline" v="-1%"/>
                    <type t="incline" v="1%"/>
                    <type t="incline" v="3%"/>
                    <type t="incline" v="5%"/>
                    <type t="smoothness" v="excellent"/>
                    <type t="osmand_highway_integrity_brouting" v="-1"/>
                    <type t="turn:lanes" v="slight_left|slight_left|slight_left;through|through|slight_right|slight_right"/>
                    <type t="turn:lanes" v="through|through|slight_right|slight_right"/>
                    <type t="bridge" v="viaduct"/>
                    <type t="tunnel" v="yes"/>
                    <type t="osmand_ele_incline_max" v="9"/>
                    <type t="turn:lanes" v="merge_to_right||||"/>
                    <type t="turn:lanes" v="left|left;through|through|through|through"/>
                    <type t="maxheight" v="4.83"/>
                    <type t="turn:lanes" v="slight_left||||"/>
                    <type t="maxheight" v="4.64"/>
                    <type t="turn:lanes" v="slight_left|none|none|none"/>
                    <type t="maxheight" v="4.56"/>
                    <type t="turn:lanes" v="slight_left|||"/>
                    <type t="maxheight" v="4.41"/>
                    <type t="turn:lanes" v="slight_left||"/>
                    <type t="bridge:ref" v="01N-04379"/>
                    <type t="bridge:ref" v="01N-04385"/>
                    <type t="bridge:ref" v="01N-04388"/>
                    <type t="maxheight" v="4.86"/>
                    <type t="surface" v="paved"/>
                    <type t="maxheight" v="5.1"/>
                    <type t="maxheight" v="4.7"/>
                    <type t="maxheight" v="4.70"/>
                    <type t="maxheight:signed" v="no"/>
                    <type t="construction:lanes" v="4"/>
                    <type t="maxheight" v="4.74"/>
                    <type t="bridge:ref" v="01N-04555"/>
                    <type t="bridge:ref" v="01N-04564"/>
                    <type t="construction:lanes" v="3"/>
                    <type t="turn:lanes" v="merge_to_right||"/>
                    <type t="horse" v="no"/>
                    <type t="maxheight" v="4.80"/>
                    <type t="bicycle" v="yes"/>
                    <type t="route_road_1_network" v="nz:sh"/>
                    <type t="route_road_1_shield_color" v="red"/>
                    <type t="route_road_1_shield_shape" v="cshield"/>
                    <type t="route_road_1_shield_order" v="1"/>
                    <type t="road_shield_color_1" v="red"/>
                    <type t="road_shield_shape_1" v="cshield"/>
                    <type t="road_shield_order_1" v="1"/>
                    <type t="bicycle" v="designated"/>
                    <type t="highway" v="trunk"/>
                    <type t="route_hiking_1" v=""/>
                    <type t="route_hiking" v=""/>
                    <type t="maxspeed" v="90"/>
                    <type t="osmand_highway_integrity_brouting" v="1"/>
                    <type t="highway" v="speed_camera"/>
                    <type t="turn:lanes:backward" v="left|none"/>
                    <type t="roundabout:ref" v="002-0033-W"/>
                    <type t="route_road_1_network" v="nz:touring:pch"/>
                    <type t="turn:lanes" v="left;through|through;right"/>
                    <type t="bridge:ref" v="025-00287"/>
                    <type t="highway" v="residential"/>
                    <type t="direction" v="backward"/>
                    <type t="highway" v="stop"/>
                    <type t="turn:lanes:forward" v="|right"/>
                    <type t="maxspeed" v="30"/>
                    <type t="traffic_calming" v="bump"/>
                    <type t="barrier" v="swing_gate"/>
                    <type t="barrier" v="cattle_grid"/>
                    <type t="surface" v="compacted"/>
                    <type t="osmand_highway_integrity_brouting" v="2"/>
                    <type t="motor_vehicle" v="yes"/>
                    <type t="surface" v="gravel"/>
                    <type t="osmand_highway_integrity_brouting" v="4"/>
                    <type t="name" v=""/>
                    <type t="ref" v=""/>
                    <type t="name" v="Laurie Southwick Parade"/>
                    <type t="direction" v=""/>
                    <type t="name" v="Gulf Harbour Drive"/>
                    <type t="road_name_1" v="Whangaparaoa Road"/>
                    <type t="route_road_1_name" v="Whangaparaoa Road"/>
                    <type t="route_road_1_name:mi" v="Te Huarahi o Whangaparāoa"/>
                    <type t="name" v="Whangaparaoa Road"/>
                    <type t="name:en" v="Whangaparaoa Road"/>
                    <type t="name:mi" v="Te Huarahi o Whangaparāoa"/>
                    <type t="destination:forward" v="Stanmore Bay;Whangaparāoa (Town Centre);Gulf Harbour;Army Bay;Shakespear Regional Park"/>
                    <type t="destination" v="Auckland"/>
                    <type t="name" v="Hibiscus Coast Highway"/>
                    <type t="ref" v="31"/>
                    <type t="road_name_1" v="Twin Coast Discovery Highway"/>
                    <type t="road_name_2" v="Urban Route 31"/>
                    <type t="road_name_3" v="Hibiscus Coast Highway"/>
                    <type t="road_network_1" v="nz:touring:tcdh"/>
                    <type t="road_network_2" v="nz:ur"/>
                    <type t="road_ref_2" v="31"/>
                    <type t="route_road_1_name" v="Twin Coast Discovery Highway"/>
                    <type t="route_road_2_name" v="Urban Route 31"/>
                    <type t="route_road_2_ref" v="31"/>
                    <type t="route_road_3_name" v="Hibiscus Coast Highway"/>
                    <type t="destination:ref" v="SH 1"/>
                    <type t="name" v="Auckland Northern Motorway"/>
                    <type t="ref" v="SH 1"/>
                    <type t="road_name_1" v="Auckland Northern Motorway"/>
                    <type t="road_name_2" v="State Highway 1 North"/>
                    <type t="road_name_3" v="Twin Coast Discovery Highway"/>
                    <type t="road_network_2" v="nz:sh"/>
                    <type t="road_network_3" v="nz:touring:tcdh"/>
                    <type t="road_ref_2" v="1"/>
                    <type t="road_ref_3" v="1"/>
                    <type t="route_road_1_name" v="Auckland Northern Motorway"/>
                    <type t="route_road_2_name" v="State Highway 1 North"/>
                    <type t="route_road_2_ref" v="1"/>
                    <type t="route_road_3_name" v="Twin Coast Discovery Highway"/>
                    <type t="route_road_3_ref" v="1"/>
                    <type t="name:en" v="Auckland Northern Motorway"/>
                    <type t="name:mk" v="Северен оклендски автопат"/>
                    <type t="route_road_1_name:mk" v="Северен автопат"/>
                    <type t="road_name_2" v="Auckland Northern Motorway"/>
                    <type t="road_name_3" v="State Highway 1 North"/>
                    <type t="road_network_3" v="nz:sh"/>
                    <type t="road_ref_4" v="1"/>
                    <type t="route_road_2_name" v="Auckland Northern Motorway"/>
                    <type t="route_road_3_name" v="State Highway 1 North"/>
                    <type t="route_road_4_ref" v="1"/>
                    <type t="route_road_2_name:mk" v="Северен автопат"/>
                    <type t="destination:lanes" v="Shelly Beach Road|Fanshawe Street|Helensville|Hamilton|Hamilton|"/>
                    <type t="destination:ref:lanes" v="||SH 16|SH 1|SH 1|"/>
                    <type t="destination" v="Helensville;Hamilton"/>
                    <type t="destination:ref" v="SH 16;SH 1"/>
                    <type t="road_name_4" v="State Highway 1 North"/>
                    <type t="road_network_4" v="nz:sh"/>
                    <type t="road_ref_5" v="1"/>
                    <type t="route_road_4_name" v="State Highway 1 North"/>
                    <type t="route_road_5_ref" v="1"/>
                    <type t="destination:arrow:lanes" v="||slight_left;through;through|||"/>
                    <type t="destination:lanes" v="Fanshawe Street|Fanshawe Street|Fanshawe Street;Cook Street;Port|Helensville|Manukau;Hamilton|Manukau;Hamilton"/>
                    <type t="destination:network:lanes" v="NZ:UR|NZ:UR|NZ:UR;NZ:SH|NZ:SH|NZ:SH|NZ:SH"/>
                    <type t="destination:ref:lanes" v="6|6|6;SH 16|SH 16|SH 1|SH 1"/>
                    <type t="ref:left" v=""/>
                    <type t="destination" v="Manukau;Hamilton"/>
                    <type t="destination:lanes" v="Cook Street;Port|Helensville|Manukau;Hamilton|Manukau;Hamilton"/>
                    <type t="destination:network" v="NZ:SH"/>
                    <type t="destination:ref:direction:lanes" v="east|west|south|south"/>
                    <type t="destination:ref:lanes" v="SH 16|SH 16|SH 1|SH 1"/>
                    <type t="destination:symbol:lanes" v="hospital|airport||"/>
                    <type t="destination:ref:direction" v="south"/>
                    <type t="name" v="Auckland Southern Motorway"/>
                    <type t="road_name_1" v="Auckland Southern Motorway"/>
                    <type t="route_road_1_name" v="Auckland Southern Motorway"/>
                    <type t="bridge:name" v="Mitchelson Street Overbridge"/>
                    <type t="destination:street" v="Highbrook Drive"/>
                    <type t="destination" v="Hamilton"/>
                    <type t="name" v="Waikato Expressway"/>
                    <type t="road_name_1" v="State Highway 1 North"/>
                    <type t="road_name_2" v="Waikato Expressway"/>
                    <type t="road_network_1" v="nz:sh"/>
                    <type t="road_ref_1" v="1"/>
                    <type t="route_road_1_name" v="State Highway 1 North"/>
                    <type t="route_road_1_ref" v="1"/>
                    <type t="route_road_2_name" v="Waikato Expressway"/>
                    <type t="destination" v="Coromandel Peninsula;Tauranga"/>
                    <type t="name" v="State Highway 2"/>
                    <type t="destination:ref" v="SH 2"/>
                    <type t="ref" v="SH2"/>
                    <type t="road_name_1" v="State Highway 2"/>
                    <type t="road_ref_1" v="2"/>
                    <type t="road_ref_2" v="2"/>
                    <type t="route_road_1_name" v="State Highway 2"/>
                    <type t="route_road_1_ref" v="2"/>
                    <type t="route_road_2_ref" v="2"/>
                    <type t="route_hiking_1_description" v="a route that avoids both SH1 and SH2 (except to cross over)"/>
                    <type t="route_hiking_1_distance" v="18"/>
                    <type t="route_hiking_1_from" v="Bombay"/>
                    <type t="route_hiking_1_name" v="Te Araroa - 02 Auckland - s Bombay to Mangatawhiri"/>
                    <type t="route_hiking_1_network" v="lwn"/>
                    <type t="route_hiking_1_osmc_background" v="white"/>
                    <type t="route_hiking_1_osmc_foreground" v="black_hiker"/>
                    <type t="route_hiking_1_osmc_stub_name" v="."/>
                    <type t="route_hiking_1_osmc_waycolor" v="black"/>
                    <type t="route_hiking_1_ref" v="TA02s"/>
                    <type t="route_hiking_1_relation_id" v="9614243"/>
                    <type t="route_hiking_1_to" v="Mercer"/>
                    <type t="ref" v="SH 2"/>
                    <type t="road_name_2" v="State Highway 2"/>
                    <type t="road_ref_3" v="2"/>
                    <type t="route_road_2_name" v="State Highway 2"/>
                    <type t="route_road_3_ref" v="2"/>
                    <type t="bridge:name" v="Mangatawhiri Stream Bridge"/>
                    <type t="name" v="Mangatāwhiri Deviation"/>
                    <type t="road_name_3" v="Mangatāwhiri Deviation"/>
                    <type t="route_road_3_name" v="Mangatāwhiri Deviation"/>
                    <type t="destination:forward" v="Tauranga"/>
                    <type t="destination:ref:forward" v="SH 2"/>
                    <type t="destination:backward" v="Auckland"/>
                    <type t="destination:ref:backward" v="SH 2"/>
                    <type t="destination:forward" v="Coromandel Peninsula;Tauranga"/>
                    <type t="name" v="Mangatarata Roundabout"/>
                    <type t="destination" v="Thames;Coromandel Peninsula"/>
                    <type t="name" v="State Highway 25"/>
                    <type t="ref" v="SH 25"/>
                    <type t="road_name_1" v="State Highway 25 (clockwise)"/>
                    <type t="road_ref_1" v="25"/>
                    <type t="road_ref_2" v="25"/>
                    <type t="route_road_1_name" v="State Highway 25 (clockwise)"/>
                    <type t="route_road_1_ref" v="25"/>
                    <type t="route_road_2_ref" v="25"/>
                    <type t="destination:ref" v="SH 25"/>
                    <type t="road_name_1" v="State Highway 25 (anticlockwise)"/>
                    <type t="road_name_2" v="State Highway 25 (clockwise)"/>
                    <type t="road_ref_3" v="25"/>
                    <type t="route_road_1_name" v="State Highway 25 (anticlockwise)"/>
                    <type t="route_road_2_name" v="State Highway 25 (clockwise)"/>
                    <type t="route_road_3_ref" v="25"/>
                    <type t="destination" v="Coromandel Peninsula;Thames"/>
                    <type t="road_name_1" v="Pacific Coast Highway"/>
                    <type t="road_network_1" v="nz:touring:pch"/>
                    <type t="route_road_1_name" v="Pacific Coast Highway"/>
                    <type t="bridge:name" v="Waitakaruru Canal Bridge"/>
                    <type t="road_name_2" v="State Highway 25 (anticlockwise)"/>
                    <type t="road_name_3" v="State Highway 25 (clockwise)"/>
                    <type t="road_ref_4" v="25"/>
                    <type t="route_road_2_name" v="State Highway 25 (anticlockwise)"/>
                    <type t="route_road_3_name" v="State Highway 25 (clockwise)"/>
                    <type t="route_road_4_ref" v="25"/>
                    <type t="bridge:name" v="Maukoro Canal Bridge"/>
                    <type t="destination:ref:backward" v="SH 25"/>
                    <type t="destination:forward" v="Coromandel Peninsula;Thames"/>
                    <type t="destination:ref:forward" v="SH 25"/>
                    <type t="bridge:name" v="Piako River Bridge"/>
                    <type t="destination:forward" v="Thames"/>
                    <type t="bridge:name" v="Kopu Bridge"/>
                    <type t="name" v="Kopu Roundabout"/>
                    <type t="destination" v="Coromandel Town;Thames"/>
                    <type t="name" v="Ngāti Maru Highway"/>
                    <type t="name" v="Kauaeranga River Bridge"/>
                    <type t="name" v="Jellicoe Crescent"/>
                    <type t="name" v="Banks Street"/>
                    <type t="name" v="Parawai Street"/>
                    <type t="name" v="Kauaeranga Valley Road"/>
                    <type t="destination" v="Visitor Centre;Campgrounds;Walks"/>
                    <type t="destination" v="Forest Park vehicle access;Walks/Campgrounds"/>
                    <type t="ref:linz:topo50_id" v=""/>
                    <type t="ref" v="01N-0398/9.00-I"/>
                    <type t="name" v="Oteha Valley Road"/>
                    <type t="ref" v="410"/>
                    <type t="name" v="Greville Road"/>
                    <type t="ref" v="412"/>
                    <type t="name" v="Upper Harbour Motorway"/>
                    <type t="ref" v="413"/>
                    <type t="name" v="Constellation Drive"/>
                    <type t="ref" v="414"/>
                    <type t="name" v="Tristram Avenue"/>
                    <type t="ref" v="417"/>
                    <type t="name" v="Northcote Road"/>
                    <type t="ref" v="419"/>
                    <type t="name" v="Esmonde Road"/>
                    <type t="ref" v="420"/>
                    <type t="name" v="Onewa Road"/>
                    <type t="ref" v="421"/>
                    <type t="ref:left" v="424 A"/>
                    <type t="ref" v="424 A"/>
                    <type t="name" v="Fanshawe Street"/>
                    <type t="name" v="Central Motorway Junction"/>
                    <type t="ref" v="424 B-C-D"/>
                    <type t="ref:left" v="424 B-C-D"/>
                    <type t="ref" v="01N-0427-I"/>
                    <type t="name" v="Gillies Avenue"/>
                    <type t="ref" v="431"/>
                    <type t="name" v="Market Road"/>
                    <type t="ref" v="432"/>
                    <type t="name" v="Green Lane East"/>
                    <type t="ref" v="433"/>
                    <type t="name" v="Tecoma Street"/>
                    <type t="ref" v="434"/>
                    <type t="name" v="Ellerslie-Panmure Highway"/>
                    <type t="ref" v="435"/>
                    <type t="name" v="South Eastern Highway"/>
                    <type t="ref" v="437"/>
                    <type t="name" v="Mount Wellington Highway"/>
                    <type t="ref" v="438"/>
                    <type t="name" v="Princes Street-Otahuhu"/>
                    <type t="ref" v="441"/>
                    <type t="name" v="Highbrook Drive"/>
                    <type t="ref" v="443"/>
                    <type t="name" v="East Tamaki Road"/>
                    <type t="ref" v="444"/>
                    <type t="name" v="Te Irirangi Drive"/>
                    <type t="ref" v="447"/>
                    <type t="name" v="Redoubt Road"/>
                    <type t="ref" v="448"/>
                    <type t="name" v="Southwestern Motorway"/>
                    <type t="ref" v="449"/>
                    <type t="name" v="Hill Road"/>
                    <type t="ref" v="451"/>
                    <type t="name" v="Takanini"/>
                    <type t="ref" v="453"/>
                    <type t="name" v="Papakura"/>
                    <type t="ref" v="458"/>
                    <type t="name" v="Drury"/>
                    <type t="ref" v="461"/>
                    <type t="ref" v="01N-0461-I"/>
                    <type t="name" v="Ramarama"/>
                    <type t="ref" v="466"/>
                    <type t="name" v="Bombay"/>
                    <type t="ref" v="471"/>
                    <type t="name" v="Beaver Road East"/>
                    <type t="ref" v="473"/>
                    <type t="name" v="Ridge Road / Nikau Road"/>
                    <type t="ref" v="474"/>
                    <type t="name" v="Razorback Road"/>
                    <type t="ref" v="476"/>
                    <type t="ref" v="477"/>
                    <type t="ref" v="002-0000"/>
                    <type t="name" v="Mangatawhiri Road"/>
                    <type t="name" v="Koheroa Road"/>
                    <type t="name" v="Rawiri Road"/>
                    <type t="ref" v="025-0000"/>
                    <type t="ref:linz:topo50_id" v="2334312"/>
                    <type t="ref:linz:topo50_id" v="2334313"/>
                </osmand:types>
            </extensions>
        </trkseg>
    </trk>
    <extensions>
        <osmand:show_arrows>false</osmand:show_arrows>
        <osmand:show_start_finish>false</osmand:show_start_finish>
        <osmand:vertical_exaggeration_scale>1.0</osmand:vertical_exaggeration_scale>
        <osmand:elevation_meters>1000.0</osmand:elevation_meters>
        <osmand:line_3d_visualization_by_type>none</osmand:line_3d_visualization_by_type>
        <osmand:line_3d_visualization_wall_color_type>upward_gradient</osmand:line_3d_visualization_wall_color_type>
        <osmand:line_3d_visualization_position_type>top</osmand:line_3d_visualization_position_type>
        <osmand:color>#864FFE</osmand:color>
        <osmand:split_interval>0.0</osmand:split_interval>
        <osmand:split_type>no_split</osmand:split_type>
        <osmand:is_join_segments>false</osmand:is_join_segments>
        <osmand:points_groups>
            <group name="" color="#237BFF" icon="tourism_camp_site" background="square"/>
        </osmand:points_groups>
    </extensions>
</gpx>
