<?xml version="1.0" encoding="UTF-8" standalone="yes"?>
<gpx version="1.1" creator="OsmAnd Maps 5.3.3 (5380)" xmlns="http://www.topografix.com/GPX/1/1" xmlns:osmand="https://osmand.net/docs/technical/osmand-file-formats/osmand-gpx" xmlns:gpxtpx="https://www8.garmin.com/xmlschemas/TrackPointExtensionv1.xsd" xmlns:xsi="http://www.w3.org/2001/XMLSchema-instance" xsi:schemaLocation="http://www.topografix.com/GPX/1/1 https://www.topografix.com/GPX/1/1/gpx.xsd">
    <metadata>
        <name>2026-06-04 • Hobbiton - Matata</name>
        <time>2026-06-04T06:25:26Z</time>
    </metadata>
    <wpt lat="-37.8866834" lon="176.7614043">
        <time>2026-06-04T06:25:35Z</time>
        <name>Matatā Campsite</name>
        <extensions>
            <osmand:color>#237BFF</osmand:color>
            <osmand:background>square</osmand:background>
            <osmand:address>Arawa Street 24A, Whakatāne</osmand:address>
            <osmand:icon>tourism_camp_site</osmand:icon>
        </extensions>
    </wpt>
    <wpt lat="-37.7163632" lon="176.1909873">
        <time>2026-06-04T06:26:14Z</time>
        <name>Rotary Park</name>
        <extensions>
            <osmand:color>#237BFF</osmand:color>
            <osmand:background>square</osmand:background>
            <osmand:address>Rotary Park Access, Maungatapu</osmand:address>
            <osmand:icon>tourism_camp_site</osmand:icon>
        </extensions>
    </wpt>
    <wpt lat="-37.6859005" lon="176.1675042">
        <time>2026-06-04T06:27:09Z</time>
        <name>Tauranga</name>
        <extensions>
            <osmand:color>#EECC22</osmand:color>
            <osmand:background>circle</osmand:background>
            <osmand:address>Durham Street 134, Tauranga</osmand:address>
            <osmand:icon>special_star</osmand:icon>
        </extensions>
    </wpt>
    <wpt lat="-37.8885928" lon="176.7588025">
        <time>2026-06-13T09:15:27Z</time>
        <name>Aunty and Uncle Cafe</name>
        <extensions>
            <osmand:color>#EECC22</osmand:color>
            <osmand:background>circle</osmand:background>
            <osmand:address>Arawa Street 35, Whakatāne</osmand:address>
            <osmand:icon>special_star</osmand:icon>
        </extensions>
    </wpt>
    <wpt lat="-37.8881791" lon="176.7566692">
        <time>2026-06-13T09:15:42Z</time>
        <name>Drift Café</name>
        <extensions>
            <osmand:color>#EECC22</osmand:color>
            <osmand:background>circle</osmand:background>
            <osmand:address>Arawa Street 45, Matatā</osmand:address>
            <osmand:icon>special_star</osmand:icon>
        </extensions>
    </wpt>
    <rte>
        <rtept lat="-38.029117" lon="175.6570947">
            <extensions>
                <osmand:profile>car</osmand:profile>
                <osmand:trkpt_idx>0</osmand:trkpt_idx>
                <osmand:color>#00000000</osmand:color>
            </extensions>
        </rtept>
        <rtept lat="-37.7162197" lon="176.19091">
            <extensions>
                <osmand:profile>car</osmand:profile>
                <osmand:trkpt_idx>1629</osmand:trkpt_idx>
                <osmand:color>#00000000</osmand:color>
            </extensions>
        </rtept>
        <rtept lat="-37.8866978" lon="176.7614143">
            <extensions>
                <osmand:profile>car</osmand:profile>
                <osmand:trkpt_idx>2491</osmand:trkpt_idx>
                <osmand:color>#00000000</osmand:color>
            </extensions>
        </rtept>
    </rte>
    <trk>
        <name>2026-06-04 • Hobbiton - Matata</name>
        <trkseg>
            <trkpt lat="-38.029117" lon="175.6570947">
                <ele>63.4</ele>
            </trkpt>
            <trkpt lat="-38.0290703" lon="175.6581175">
                <ele>63.4</ele>
            </trkpt>
            <trkpt lat="-38.0295857" lon="175.6581554">
                <ele>63.9</ele>
            </trkpt>
            <trkpt lat="-38.0296469" lon="175.6582546">
                <ele>64</ele>
            </trkpt>
            <trkpt lat="-38.0296427" lon="175.6586891">
                <ele>65</ele>
            </trkpt>
            <trkpt lat="-38.0296343" lon="175.6598479">
                <ele>67.8</ele>
            </trkpt>
            <trkpt lat="-38.0296343" lon="175.6599712">
                <ele>68.2</ele>
            </trkpt>
            <trkpt lat="-38.0280581" lon="175.6601912">
                <ele>67.5</ele>
            </trkpt>
            <trkpt lat="-38.0278109" lon="175.6602019">
                <ele>67.5</ele>
            </trkpt>
            <trkpt lat="-38.0273926" lon="175.6601536">
                <ele>68</ele>
            </trkpt>
            <trkpt lat="-38.0252924" lon="175.6596467">
                <ele>82.5</ele>
            </trkpt>
            <trkpt lat="-38.0251001" lon="175.6596011">
                <ele>82.2</ele>
            </trkpt>
            <trkpt lat="-38.0249163" lon="175.6595609">
                <ele>81.2</ele>
            </trkpt>
            <trkpt lat="-38.0247262" lon="175.6595367">
                <ele>81</ele>
            </trkpt>
            <trkpt lat="-38.0245402" lon="175.6595072">
                <ele>80.9</ele>
            </trkpt>
            <trkpt lat="-38.0243606" lon="175.6594938">
                <ele>80.8</ele>
            </trkpt>
            <trkpt lat="-38.0231309" lon="175.6593785">
                <ele>78.8</ele>
            </trkpt>
            <trkpt lat="-38.0229365" lon="175.659349">
                <ele>78.5</ele>
            </trkpt>
            <trkpt lat="-38.0227485" lon="175.659306">
                <ele>78</ele>
            </trkpt>
            <trkpt lat="-38.0219138" lon="175.6590432">
                <ele>77</ele>
            </trkpt>
            <trkpt lat="-38.0217406" lon="175.6590003">
                <ele>76.5</ele>
            </trkpt>
            <trkpt lat="-38.0215525" lon="175.658952">
                <ele>76</ele>
            </trkpt>
            <trkpt lat="-38.0213645" lon="175.6589064">
                <ele>75.2</ele>
            </trkpt>
            <trkpt lat="-38.0211827" lon="175.6588688">
                <ele>74.5</ele>
            </trkpt>
            <trkpt lat="-38.0209947" lon="175.6588367">
                <ele>74</ele>
            </trkpt>
            <trkpt lat="-38.0208214" lon="175.6588098">
                <ele>73.5</ele>
            </trkpt>
            <trkpt lat="-38.0206249" lon="175.6587803">
                <ele>73.2</ele>
            </trkpt>
            <trkpt lat="-38.0203354" lon="175.6587508">
                <ele>73.8</ele>
            </trkpt>
            <trkpt lat="-38.0200607" lon="175.6587321">
                <ele>73.5</ele>
            </trkpt>
            <trkpt lat="-38.0190296" lon="175.6586999">
                <ele>73</ele>
            </trkpt>
            <trkpt lat="-38.0181717" lon="175.6586891">
                <ele>73.5</ele>
            </trkpt>
            <trkpt lat="-38.0168658" lon="175.6586945">
                <ele>71.5</ele>
            </trkpt>
            <trkpt lat="-38.0140088" lon="175.6587911">
                <ele>73.8</ele>
            </trkpt>
            <trkpt lat="-38.0129796" lon="175.6588179">
                <ele>72.2</ele>
            </trkpt>
            <trkpt lat="-38.0127197" lon="175.6588313">
                <ele>71.5</ele>
            </trkpt>
            <trkpt lat="-38.0124513" lon="175.6588501">
                <ele>70.5</ele>
            </trkpt>
            <trkpt lat="-38.0122759" lon="175.6588662">
                <ele>70.4</ele>
            </trkpt>
            <trkpt lat="-38.0121005" lon="175.6588903">
                <ele>70.2</ele>
            </trkpt>
            <trkpt lat="-38.0119484" lon="175.6589198">
                <ele>70</ele>
            </trkpt>
            <trkpt lat="-38.0117645" lon="175.6589627">
                <ele>69.8</ele>
            </trkpt>
            <trkpt lat="-38.0115997" lon="175.6590056">
                <ele>69.5</ele>
            </trkpt>
            <trkpt lat="-38.0114285" lon="175.6590512">
                <ele>69.2</ele>
            </trkpt>
            <trkpt lat="-38.0104521" lon="175.6593624">
                <ele>70.8</ele>
            </trkpt>
            <trkpt lat="-38.0073603" lon="175.6603467">
                <ele>73.8</ele>
            </trkpt>
            <trkpt lat="-38.0055702" lon="175.6609476">
                <ele>78.8</ele>
            </trkpt>
            <trkpt lat="-38.0053885" lon="175.6610066">
                <ele>80.2</ele>
            </trkpt>
            <trkpt lat="-38.005211" lon="175.6610468">
                <ele>81.8</ele>
            </trkpt>
            <trkpt lat="-38.0050398" lon="175.6610629">
                <ele>82.8</ele>
            </trkpt>
            <trkpt lat="-38.0048643" lon="175.6610548">
                <ele>83.2</ele>
            </trkpt>
            <trkpt lat="-38.0046953" lon="175.6610227">
                <ele>83</ele>
            </trkpt>
            <trkpt lat="-38.0045114" lon="175.660969">
                <ele>82.5</ele>
            </trkpt>
            <trkpt lat="-38.0035624" lon="175.660623">
                <ele>81.5</ele>
            </trkpt>
            <trkpt lat="-38.0033891" lon="175.6605667">
                <ele>81.8</ele>
            </trkpt>
            <trkpt lat="-38.0032116" lon="175.6605184">
                <ele>82.2</ele>
            </trkpt>
            <trkpt lat="-38.0030277" lon="175.6604862">
                <ele>83</ele>
            </trkpt>
            <trkpt lat="-38.0028121" lon="175.6604621">
                <ele>83.8</ele>
            </trkpt>
            <trkpt lat="-37.9987202" lon="175.6600678">
                <ele>77.6</ele>
            </trkpt>
            <trkpt lat="-37.9985216" lon="175.6600624">
                <ele>77.2</ele>
            </trkpt>
            <trkpt lat="-37.9983884" lon="175.6600732">
                <ele>77.5</ele>
            </trkpt>
            <trkpt lat="-37.9982785" lon="175.6601053">
                <ele>78.2</ele>
            </trkpt>
            <trkpt lat="-37.9981707" lon="175.660159">
                <ele>79.2</ele>
            </trkpt>
            <trkpt lat="-37.9980396" lon="175.6602448">
                <ele>80.5</ele>
            </trkpt>
            <trkpt lat="-37.99786" lon="175.6603682">
                <ele>82</ele>
            </trkpt>
            <trkpt lat="-37.9977543" lon="175.6604406">
                <ele>83</ele>
            </trkpt>
            <trkpt lat="-37.9976042" lon="175.660505">
                <ele>83.4</ele>
            </trkpt>
            <trkpt lat="-37.9974584" lon="175.6605345">
                <ele>83.8</ele>
            </trkpt>
            <trkpt lat="-37.9972681" lon="175.6605452">
                <ele>83</ele>
            </trkpt>
            <trkpt lat="-37.9967778" lon="175.6605855">
                <ele>81</ele>
            </trkpt>
            <trkpt lat="-37.9948374" lon="175.6607705">
                <ele>79.2</ele>
            </trkpt>
            <trkpt lat="-37.9906943" lon="175.6610441">
                <ele>75.5</ele>
            </trkpt>
            <trkpt lat="-37.9902778" lon="175.6610361">
                <ele>74.2</ele>
            </trkpt>
            <trkpt lat="-37.9900157" lon="175.6610146">
                <ele>73.8</ele>
            </trkpt>
            <trkpt lat="-37.9897557" lon="175.6609851">
                <ele>73.2</ele>
            </trkpt>
            <trkpt lat="-37.989242" lon="175.6609181">
                <ele>74.8</ele>
            </trkpt>
            <trkpt lat="-37.9890624" lon="175.6608912">
                <ele>75.5</ele>
            </trkpt>
            <trkpt lat="-37.9888932" lon="175.6608617">
                <ele>76.2</ele>
            </trkpt>
            <trkpt lat="-37.9881111" lon="175.6606847">
                <ele>75.2</ele>
            </trkpt>
            <trkpt lat="-37.9877665" lon="175.6606284">
                <ele>73</ele>
            </trkpt>
            <trkpt lat="-37.987591" lon="175.6606042">
                <ele>71.8</ele>
            </trkpt>
            <trkpt lat="-37.9874156" lon="175.6605855">
                <ele>70.5</ele>
            </trkpt>
            <trkpt lat="-37.9871471" lon="175.6605667">
                <ele>69</ele>
            </trkpt>
            <trkpt lat="-37.9869611" lon="175.6605613">
                <ele>67.8</ele>
            </trkpt>
            <trkpt lat="-37.9867877" lon="175.6605667">
                <ele>66.8</ele>
            </trkpt>
            <trkpt lat="-37.9866186" lon="175.6605694">
                <ele>66.5</ele>
            </trkpt>
            <trkpt lat="-37.986441" lon="175.6605855">
                <ele>66.2</ele>
            </trkpt>
            <trkpt lat="-37.9850394" lon="175.6607115">
                <ele>65</ele>
            </trkpt>
            <trkpt lat="-37.984864" lon="175.6607223">
                <ele>64.8</ele>
            </trkpt>
            <trkpt lat="-37.9846822" lon="175.6607249">
                <ele>64.5</ele>
            </trkpt>
            <trkpt lat="-37.984475" lon="175.6607276">
                <ele>64.2</ele>
            </trkpt>
            <trkpt lat="-37.9837224" lon="175.6607491">
                <ele>65</ele>
            </trkpt>
            <trkpt lat="-37.9834201" lon="175.6607544">
                <ele>65</ele>
            </trkpt>
            <trkpt lat="-37.9829275" lon="175.6607625">
                <ele>68</ele>
            </trkpt>
            <trkpt lat="-37.9825258" lon="175.6607679">
                <ele>69</ele>
            </trkpt>
            <trkpt lat="-37.9821072" lon="175.6607813">
                <ele>69.7</ele>
            </trkpt>
            <trkpt lat="-37.9818007" lon="175.6607786">
                <ele>70.2</ele>
            </trkpt>
            <trkpt lat="-37.9812827" lon="175.6607571">
                <ele>69.8</ele>
            </trkpt>
            <trkpt lat="-37.980141" lon="175.6606713">
                <ele>70.5</ele>
            </trkpt>
            <trkpt lat="-37.975754" lon="175.6603628">
                <ele>65</ele>
            </trkpt>
            <trkpt lat="-37.9755637" lon="175.6603548">
                <ele>64.9</ele>
            </trkpt>
            <trkpt lat="-37.9753967" lon="175.6603494">
                <ele>64.9</ele>
            </trkpt>
            <trkpt lat="-37.9752233" lon="175.6603575">
                <ele>64.9</ele>
            </trkpt>
            <trkpt lat="-37.9750478" lon="175.6603816">
                <ele>64.8</ele>
            </trkpt>
            <trkpt lat="-37.9748639" lon="175.6604111">
                <ele>64.8</ele>
            </trkpt>
            <trkpt lat="-37.972426" lon="175.66091">
                <ele>65.2</ele>
            </trkpt>
            <trkpt lat="-37.9693241" lon="175.6615242">
                <ele>63.8</ele>
            </trkpt>
            <trkpt lat="-37.9691444" lon="175.6615457">
                <ele>64</ele>
            </trkpt>
            <trkpt lat="-37.9689583" lon="175.6615618">
                <ele>64.2</ele>
            </trkpt>
            <trkpt lat="-37.9687722" lon="175.6615591">
                <ele>64.5</ele>
            </trkpt>
            <trkpt lat="-37.9685121" lon="175.6615511">
                <ele>64.8</ele>
            </trkpt>
            <trkpt lat="-37.9647947" lon="175.661315">
                <ele>66.7</ele>
            </trkpt>
            <trkpt lat="-37.9646065" lon="175.6613097">
                <ele>66.8</ele>
            </trkpt>
            <trkpt lat="-37.9644289" lon="175.6613177">
                <ele>66.2</ele>
            </trkpt>
            <trkpt lat="-37.9642534" lon="175.6613338">
                <ele>65.5</ele>
            </trkpt>
            <trkpt lat="-37.9640821" lon="175.661374">
                <ele>65</ele>
            </trkpt>
            <trkpt lat="-37.9639171" lon="175.6614223">
                <ele>65</ele>
            </trkpt>
            <trkpt lat="-37.9637437" lon="175.6615001">
                <ele>64.9</ele>
            </trkpt>
            <trkpt lat="-37.963583" lon="175.6615832">
                <ele>64.9</ele>
            </trkpt>
            <trkpt lat="-37.9634223" lon="175.6616825">
                <ele>64.8</ele>
            </trkpt>
            <trkpt lat="-37.9632658" lon="175.6617844">
                <ele>64.8</ele>
            </trkpt>
            <trkpt lat="-37.9617855" lon="175.6627634">
                <ele>64</ele>
            </trkpt>
            <trkpt lat="-37.9616121" lon="175.6628707">
                <ele>64.2</ele>
            </trkpt>
            <trkpt lat="-37.9614535" lon="175.6629619">
                <ele>64.8</ele>
            </trkpt>
            <trkpt lat="-37.9613055" lon="175.663037">
                <ele>65.5</ele>
            </trkpt>
            <trkpt lat="-37.96113" lon="175.6631175">
                <ele>66</ele>
            </trkpt>
            <trkpt lat="-37.9609671" lon="175.6631711">
                <ele>66.5</ele>
            </trkpt>
            <trkpt lat="-37.9607937" lon="175.6632221">
                <ele>66.8</ele>
            </trkpt>
            <trkpt lat="-37.9605759" lon="175.6632596">
                <ele>66.5</ele>
            </trkpt>
            <trkpt lat="-37.9573191" lon="175.6637612">
                <ele>69.8</ele>
            </trkpt>
            <trkpt lat="-37.9571478" lon="175.6637907">
                <ele>71</ele>
            </trkpt>
            <trkpt lat="-37.9569765" lon="175.663839">
                <ele>72</ele>
            </trkpt>
            <trkpt lat="-37.9567925" lon="175.6639141">
                <ele>72.5</ele>
            </trkpt>
            <trkpt lat="-37.9566318" lon="175.6640133">
                <ele>72.8</ele>
            </trkpt>
            <trkpt lat="-37.9564817" lon="175.6641287">
                <ele>73</ele>
            </trkpt>
            <trkpt lat="-37.9563442" lon="175.6642628">
                <ele>73.2</ele>
            </trkpt>
            <trkpt lat="-37.9562152" lon="175.664413">
                <ele>73</ele>
            </trkpt>
            <trkpt lat="-37.9561517" lon="175.6645042">
                <ele>73.5</ele>
            </trkpt>
            <trkpt lat="-37.9560544" lon="175.6646597">
                <ele>74.8</ele>
            </trkpt>
            <trkpt lat="-37.9559339" lon="175.6648475">
                <ele>76.2</ele>
            </trkpt>
            <trkpt lat="-37.9558112" lon="175.6650057">
                <ele>78.2</ele>
            </trkpt>
            <trkpt lat="-37.9557118" lon="175.665113">
                <ele>79.8</ele>
            </trkpt>
            <trkpt lat="-37.955604" lon="175.6652042">
                <ele>81</ele>
            </trkpt>
            <trkpt lat="-37.9554475" lon="175.6653088">
                <ele>82.8</ele>
            </trkpt>
            <trkpt lat="-37.9552952" lon="175.6653973">
                <ele>84.2</ele>
            </trkpt>
            <trkpt lat="-37.9551302" lon="175.6654805">
                <ele>85.5</ele>
            </trkpt>
            <trkpt lat="-37.954978" lon="175.6655368">
                <ele>86.8</ele>
            </trkpt>
            <trkpt lat="-37.9547961" lon="175.6656119">
                <ele>88.8</ele>
            </trkpt>
            <trkpt lat="-37.9545444" lon="175.665687">
                <ele>91.2</ele>
            </trkpt>
            <trkpt lat="-37.9542674" lon="175.6657541">
                <ele>94.5</ele>
            </trkpt>
            <trkpt lat="-37.9541109" lon="175.6657889">
                <ele>96</ele>
            </trkpt>
            <trkpt lat="-37.953948" lon="175.6658265">
                <ele>97.5</ele>
            </trkpt>
            <trkpt lat="-37.9537915" lon="175.6658533">
                <ele>98.8</ele>
            </trkpt>
            <trkpt lat="-37.9532564" lon="175.6659392">
                <ele>103.5</ele>
            </trkpt>
            <trkpt lat="-37.9530745" lon="175.6659767">
                <ele>104.8</ele>
            </trkpt>
            <trkpt lat="-37.9529836" lon="175.6659955">
                <ele>105.2</ele>
            </trkpt>
            <trkpt lat="-37.9529053" lon="175.6660223">
                <ele>105.8</ele>
            </trkpt>
            <trkpt lat="-37.9528186" lon="175.6660652">
                <ele>106.2</ele>
            </trkpt>
            <trkpt lat="-37.9527277" lon="175.6661135">
                <ele>106.8</ele>
            </trkpt>
            <trkpt lat="-37.9526515" lon="175.6661645">
                <ele>107</ele>
            </trkpt>
            <trkpt lat="-37.9525691" lon="175.6662396">
                <ele>107.5</ele>
            </trkpt>
            <trkpt lat="-37.9525056" lon="175.6662986">
                <ele>107.8</ele>
            </trkpt>
            <trkpt lat="-37.9524379" lon="175.666379">
                <ele>108.2</ele>
            </trkpt>
            <trkpt lat="-37.9523745" lon="175.6664649">
                <ele>108.5</ele>
            </trkpt>
            <trkpt lat="-37.9523131" lon="175.6665722">
                <ele>108.8</ele>
            </trkpt>
            <trkpt lat="-37.9522751" lon="175.6666687">
                <ele>108.8</ele>
            </trkpt>
            <trkpt lat="-37.952201" lon="175.6668779">
                <ele>108.8</ele>
            </trkpt>
            <trkpt lat="-37.9521376" lon="175.6671032">
                <ele>108.9</ele>
            </trkpt>
            <trkpt lat="-37.9520318" lon="175.6675431">
                <ele>109</ele>
            </trkpt>
            <trkpt lat="-37.951778" lon="175.6686509">
                <ele>109.2</ele>
            </trkpt>
            <trkpt lat="-37.9512726" lon="175.6707671">
                <ele>103.8</ele>
            </trkpt>
            <trkpt lat="-37.950509" lon="175.6739455">
                <ele>110.2</ele>
            </trkpt>
            <trkpt lat="-37.9503673" lon="175.67449">
                <ele>111.5</ele>
            </trkpt>
            <trkpt lat="-37.9503483" lon="175.674549">
                <ele>112</ele>
            </trkpt>
            <trkpt lat="-37.9494748" lon="175.6740636">
                <ele>111</ele>
            </trkpt>
            <trkpt lat="-37.948688" lon="175.6736049">
                <ele>109.2</ele>
            </trkpt>
            <trkpt lat="-37.9477298" lon="175.672988">
                <ele>108.9</ele>
            </trkpt>
            <trkpt lat="-37.9459277" lon="175.6717756">
                <ele>108.2</ele>
            </trkpt>
            <trkpt lat="-37.9455597" lon="175.6715289">
                <ele>108.1</ele>
            </trkpt>
            <trkpt lat="-37.9454074" lon="175.671427">
                <ele>108</ele>
            </trkpt>
            <trkpt lat="-37.9453587" lon="175.6713921">
                <ele>108</ele>
            </trkpt>
            <trkpt lat="-37.9451261" lon="175.6712151">
                <ele>107</ele>
            </trkpt>
            <trkpt lat="-37.9446903" lon="175.6708851">
                <ele>106.2</ele>
            </trkpt>
            <trkpt lat="-37.9439331" lon="175.6700724">
                <ele>105.5</ele>
            </trkpt>
            <trkpt lat="-37.9429643" lon="175.668903">
                <ele>106.8</ele>
            </trkpt>
            <trkpt lat="-37.9427443" lon="175.6686187">
                <ele>106</ele>
            </trkpt>
            <trkpt lat="-37.9425582" lon="175.6683773">
                <ele>105.8</ele>
            </trkpt>
            <trkpt lat="-37.9424799" lon="175.6682163">
                <ele>105.9</ele>
            </trkpt>
            <trkpt lat="-37.9424524" lon="175.6681144">
                <ele>105.9</ele>
            </trkpt>
            <trkpt lat="-37.9424397" lon="175.6679937">
                <ele>105.9</ele>
            </trkpt>
            <trkpt lat="-37.9424567" lon="175.6679294">
                <ele>105.8</ele>
            </trkpt>
            <trkpt lat="-37.9424651" lon="175.6678623">
                <ele>105.8</ele>
            </trkpt>
            <trkpt lat="-37.9424651" lon="175.6677926">
                <ele>105.5</ele>
            </trkpt>
            <trkpt lat="-37.9424545" lon="175.6677255">
                <ele>105.5</ele>
            </trkpt>
            <trkpt lat="-37.9424355" lon="175.6676611">
                <ele>105.4</ele>
            </trkpt>
            <trkpt lat="-37.9424101" lon="175.6676021">
                <ele>105.4</ele>
            </trkpt>
            <trkpt lat="-37.9423763" lon="175.6675485">
                <ele>105.3</ele>
            </trkpt>
            <trkpt lat="-37.942334" lon="175.6675029">
                <ele>105.2</ele>
            </trkpt>
            <trkpt lat="-37.9422896" lon="175.6674653">
                <ele>105.3</ele>
            </trkpt>
            <trkpt lat="-37.9422388" lon="175.6674412">
                <ele>105.3</ele>
            </trkpt>
            <trkpt lat="-37.9421859" lon="175.6674251">
                <ele>105.3</ele>
            </trkpt>
            <trkpt lat="-37.9421309" lon="175.6674197">
                <ele>105.3</ele>
            </trkpt>
            <trkpt lat="-37.942078" lon="175.6674278">
                <ele>105.3</ele>
            </trkpt>
            <trkpt lat="-37.9420251" lon="175.6674466">
                <ele>105.4</ele>
            </trkpt>
            <trkpt lat="-37.9419765" lon="175.6674761">
                <ele>105.4</ele>
            </trkpt>
            <trkpt lat="-37.9419321" lon="175.6675136">
                <ele>105.4</ele>
            </trkpt>
            <trkpt lat="-37.941894" lon="175.6675619">
                <ele>105.4</ele>
            </trkpt>
            <trkpt lat="-37.9418601" lon="175.6676182">
                <ele>105.4</ele>
            </trkpt>
            <trkpt lat="-37.9418369" lon="175.6676799">
                <ele>105.5</ele>
            </trkpt>
            <trkpt lat="-37.94182" lon="175.6677443">
                <ele>105.5</ele>
            </trkpt>
            <trkpt lat="-37.9418136" lon="175.6678113">
                <ele>105.5</ele>
            </trkpt>
            <trkpt lat="-37.9418136" lon="175.6678811">
                <ele>106</ele>
            </trkpt>
            <trkpt lat="-37.9417502" lon="175.6680286">
                <ele>106.2</ele>
            </trkpt>
            <trkpt lat="-37.9417057" lon="175.6681332">
                <ele>106.3</ele>
            </trkpt>
            <trkpt lat="-37.9416571" lon="175.6682137">
                <ele>106.3</ele>
            </trkpt>
            <trkpt lat="-37.9413398" lon="175.6686482">
                <ele>106.4</ele>
            </trkpt>
            <trkpt lat="-37.9409104" lon="175.6691042">
                <ele>106.6</ele>
            </trkpt>
            <trkpt lat="-37.9406142" lon="175.669418">
                <ele>106.7</ele>
            </trkpt>
            <trkpt lat="-37.9397173" lon="175.6701073">
                <ele>107</ele>
            </trkpt>
            <trkpt lat="-37.9387485" lon="175.6707457">
                <ele>106</ele>
            </trkpt>
            <trkpt lat="-37.9340861" lon="175.6727305">
                <ele>106.2</ele>
            </trkpt>
            <trkpt lat="-37.9320996" lon="175.6735781">
                <ele>103.2</ele>
            </trkpt>
            <trkpt lat="-37.9314311" lon="175.6738597">
                <ele>104.2</ele>
            </trkpt>
            <trkpt lat="-37.9310079" lon="175.6740502">
                <ele>104.7</ele>
            </trkpt>
            <trkpt lat="-37.9307308" lon="175.6741709">
                <ele>105</ele>
            </trkpt>
            <trkpt lat="-37.9304367" lon="175.6743237">
                <ele>104</ele>
            </trkpt>
            <trkpt lat="-37.9302421" lon="175.6744471">
                <ele>103.9</ele>
            </trkpt>
            <trkpt lat="-37.9300009" lon="175.6746402">
                <ele>103.8</ele>
            </trkpt>
            <trkpt lat="-37.9294868" lon="175.6750453">
                <ele>102.2</ele>
            </trkpt>
            <trkpt lat="-37.9258267" lon="175.6781808">
                <ele>101.8</ele>
            </trkpt>
            <trkpt lat="-37.9240536" lon="175.6796989">
                <ele>101.5</ele>
            </trkpt>
            <trkpt lat="-37.9238526" lon="175.6798652">
                <ele>101.5</ele>
            </trkpt>
            <trkpt lat="-37.9236559" lon="175.6800449">
                <ele>101.7</ele>
            </trkpt>
            <trkpt lat="-37.9234718" lon="175.6802353">
                <ele>101.8</ele>
            </trkpt>
            <trkpt lat="-37.923292" lon="175.6804526">
                <ele>102</ele>
            </trkpt>
            <trkpt lat="-37.9231227" lon="175.6806672">
                <ele>102.8</ele>
            </trkpt>
            <trkpt lat="-37.9229682" lon="175.6808925">
                <ele>103.5</ele>
            </trkpt>
            <trkpt lat="-37.9228159" lon="175.6811285">
                <ele>103.6</ele>
            </trkpt>
            <trkpt lat="-37.9226911" lon="175.6813645">
                <ele>103.6</ele>
            </trkpt>
            <trkpt lat="-37.9225451" lon="175.6816354">
                <ele>103.7</ele>
            </trkpt>
            <trkpt lat="-37.9224308" lon="175.6818956">
                <ele>103.8</ele>
            </trkpt>
            <trkpt lat="-37.9223293" lon="175.6821558">
                <ele>103.8</ele>
            </trkpt>
            <trkpt lat="-37.9222277" lon="175.682424">
                <ele>103.9</ele>
            </trkpt>
            <trkpt lat="-37.9221536" lon="175.6826654">
                <ele>104</ele>
            </trkpt>
            <trkpt lat="-37.9221029" lon="175.6828505">
                <ele>104</ele>
            </trkpt>
            <trkpt lat="-37.9220351" lon="175.6832045">
                <ele>104.1</ele>
            </trkpt>
            <trkpt lat="-37.9219442" lon="175.6837973">
                <ele>104.2</ele>
            </trkpt>
            <trkpt lat="-37.921868" lon="175.6842935">
                <ele>103.2</ele>
            </trkpt>
            <trkpt lat="-37.9218151" lon="175.6845805">
                <ele>102.5</ele>
            </trkpt>
            <trkpt lat="-37.921758" lon="175.6848648">
                <ele>102.2</ele>
            </trkpt>
            <trkpt lat="-37.9216733" lon="175.6851545">
                <ele>102.5</ele>
            </trkpt>
            <trkpt lat="-37.9215824" lon="175.6854334">
                <ele>102.8</ele>
            </trkpt>
            <trkpt lat="-37.9214744" lon="175.685707">
                <ele>103.2</ele>
            </trkpt>
            <trkpt lat="-37.9213581" lon="175.6859618">
                <ele>104</ele>
            </trkpt>
            <trkpt lat="-37.9212248" lon="175.6862167">
                <ele>104.2</ele>
            </trkpt>
            <trkpt lat="-37.9210851" lon="175.68645">
                <ele>103.8</ele>
            </trkpt>
            <trkpt lat="-37.920937" lon="175.6866807">
                <ele>103</ele>
            </trkpt>
            <trkpt lat="-37.9207995" lon="175.6868872">
                <ele>102.5</ele>
            </trkpt>
            <trkpt lat="-37.9191575" lon="175.6892663">
                <ele>100.8</ele>
            </trkpt>
            <trkpt lat="-37.9190242" lon="175.6894568">
                <ele>100.8</ele>
            </trkpt>
            <trkpt lat="-37.9188592" lon="175.6896499">
                <ele>100.9</ele>
            </trkpt>
            <trkpt lat="-37.918728" lon="175.689792">
                <ele>100.9</ele>
            </trkpt>
            <trkpt lat="-37.9185841" lon="175.6899208">
                <ele>101</ele>
            </trkpt>
            <trkpt lat="-37.9184339" lon="175.6900308">
                <ele>101</ele>
            </trkpt>
            <trkpt lat="-37.9182646" lon="175.6901273">
                <ele>101.1</ele>
            </trkpt>
            <trkpt lat="-37.9180974" lon="175.6901971">
                <ele>101.1</ele>
            </trkpt>
            <trkpt lat="-37.917926" lon="175.6902453">
                <ele>101.2</ele>
            </trkpt>
            <trkpt lat="-37.9177441" lon="175.6902748">
                <ele>101.2</ele>
            </trkpt>
            <trkpt lat="-37.9175748" lon="175.6902829">
                <ele>101.5</ele>
            </trkpt>
            <trkpt lat="-37.9174119" lon="175.6902668">
                <ele>101.5</ele>
            </trkpt>
            <trkpt lat="-37.9173526" lon="175.6902614">
                <ele>102</ele>
            </trkpt>
            <trkpt lat="-37.917141" lon="175.6902266">
                <ele>102.5</ele>
            </trkpt>
            <trkpt lat="-37.9169612" lon="175.6901917">
                <ele>102</ele>
            </trkpt>
            <trkpt lat="-37.9159751" lon="175.6899664">
                <ele>100.7</ele>
            </trkpt>
            <trkpt lat="-37.9158037" lon="175.6899315">
                <ele>100.5</ele>
            </trkpt>
            <trkpt lat="-37.9156154" lon="175.6898966">
                <ele>100.2</ele>
            </trkpt>
            <trkpt lat="-37.9154503" lon="175.6898832">
                <ele>99.8</ele>
            </trkpt>
            <trkpt lat="-37.9152768" lon="175.6898752">
                <ele>99.7</ele>
            </trkpt>
            <trkpt lat="-37.9150864" lon="175.6898779">
                <ele>99.6</ele>
            </trkpt>
            <trkpt lat="-37.9149213" lon="175.6898886">
                <ele>99.5</ele>
            </trkpt>
            <trkpt lat="-37.914733" lon="175.6899154">
                <ele>99</ele>
            </trkpt>
            <trkpt lat="-37.9145679" lon="175.6899476">
                <ele>98.2</ele>
            </trkpt>
            <trkpt lat="-37.9143859" lon="175.6899798">
                <ele>98</ele>
            </trkpt>
            <trkpt lat="-37.9142124" lon="175.6900308">
                <ele>98.2</ele>
            </trkpt>
            <trkpt lat="-37.9140326" lon="175.6900898">
                <ele>98.4</ele>
            </trkpt>
            <trkpt lat="-37.913859" lon="175.6901568">
                <ele>98.5</ele>
            </trkpt>
            <trkpt lat="-37.9136072" lon="175.6902668">
                <ele>99.2</ele>
            </trkpt>
            <trkpt lat="-37.9133067" lon="175.6904063">
                <ele>99.7</ele>
            </trkpt>
            <trkpt lat="-37.912801" lon="175.6906477">
                <ele>100.5</ele>
            </trkpt>
            <trkpt lat="-37.9079972" lon="175.6929678">
                <ele>100.9</ele>
            </trkpt>
            <trkpt lat="-37.9078322" lon="175.6930536">
                <ele>101</ele>
            </trkpt>
            <trkpt lat="-37.9076756" lon="175.6931528">
                <ele>101</ele>
            </trkpt>
            <trkpt lat="-37.9075295" lon="175.6932521">
                <ele>101</ele>
            </trkpt>
            <trkpt lat="-37.907375" lon="175.6933701">
                <ele>101</ele>
            </trkpt>
            <trkpt lat="-37.9072184" lon="175.6935096">
                <ele>100.8</ele>
            </trkpt>
            <trkpt lat="-37.9070936" lon="175.6936383">
                <ele>100.2</ele>
            </trkpt>
            <trkpt lat="-37.9069476" lon="175.6937832">
                <ele>100</ele>
            </trkpt>
            <trkpt lat="-37.9026514" lon="175.698292">
                <ele>98.5</ele>
            </trkpt>
            <trkpt lat="-37.9012842" lon="175.6996787">
                <ele>98</ele>
            </trkpt>
            <trkpt lat="-37.900954" lon="175.7000354">
                <ele>97</ele>
            </trkpt>
            <trkpt lat="-37.8902291" lon="175.7113034">
                <ele>89.5</ele>
            </trkpt>
            <trkpt lat="-37.8897232" lon="175.7118559">
                <ele>89</ele>
            </trkpt>
            <trkpt lat="-37.8892723" lon="175.712387">
                <ele>89.2</ele>
            </trkpt>
            <trkpt lat="-37.8889527" lon="175.7127866">
                <ele>89</ele>
            </trkpt>
            <trkpt lat="-37.8886563" lon="175.713197">
                <ele>87.5</ele>
            </trkpt>
            <trkpt lat="-37.8884298" lon="175.7135323">
                <ele>87</ele>
            </trkpt>
            <trkpt lat="-37.8881652" lon="175.7139668">
                <ele>86.5</ele>
            </trkpt>
            <trkpt lat="-37.8879578" lon="175.7143342">
                <ele>86.4</ele>
            </trkpt>
            <trkpt lat="-37.8877927" lon="175.7146373">
                <ele>86.2</ele>
            </trkpt>
            <trkpt lat="-37.8876508" lon="175.7149297">
                <ele>86.1</ele>
            </trkpt>
            <trkpt lat="-37.8874984" lon="175.7152542">
                <ele>86</ele>
            </trkpt>
            <trkpt lat="-37.8873672" lon="175.71556">
                <ele>86.4</ele>
            </trkpt>
            <trkpt lat="-37.8872021" lon="175.7159811">
                <ele>86.4</ele>
            </trkpt>
            <trkpt lat="-37.8871576" lon="175.7161018">
                <ele>87</ele>
            </trkpt>
            <trkpt lat="-37.8869459" lon="175.7167134">
                <ele>87</ele>
            </trkpt>
            <trkpt lat="-37.8867787" lon="175.7172632">
                <ele>87.5</ele>
            </trkpt>
            <trkpt lat="-37.886622" lon="175.7178721">
                <ele>88</ele>
            </trkpt>
            <trkpt lat="-37.8858557" lon="175.7214662">
                <ele>92.2</ele>
            </trkpt>
            <trkpt lat="-37.8838256" lon="175.7311141">
                <ele>91</ele>
            </trkpt>
            <trkpt lat="-37.8835483" lon="175.7324579">
                <ele>91</ele>
            </trkpt>
            <trkpt lat="-37.8834488" lon="175.7329327">
                <ele>90</ele>
            </trkpt>
            <trkpt lat="-37.8833726" lon="175.7332975">
                <ele>90</ele>
            </trkpt>
            <trkpt lat="-37.8806734" lon="175.7461452">
                <ele>87</ele>
            </trkpt>
            <trkpt lat="-37.8793693" lon="175.7523438">
                <ele>87.5</ele>
            </trkpt>
            <trkpt lat="-37.8793354" lon="175.7525182">
                <ele>87.5</ele>
            </trkpt>
            <trkpt lat="-37.8792952" lon="175.7527596">
                <ele>87.4</ele>
            </trkpt>
            <trkpt lat="-37.8792761" lon="175.7529742">
                <ele>87.4</ele>
            </trkpt>
            <trkpt lat="-37.8792528" lon="175.7531968">
                <ele>87.3</ele>
            </trkpt>
            <trkpt lat="-37.8792486" lon="175.7534409">
                <ele>87.2</ele>
            </trkpt>
            <trkpt lat="-37.8792528" lon="175.7536662">
                <ele>87.5</ele>
            </trkpt>
            <trkpt lat="-37.8792761" lon="175.7538942">
                <ele>87.7</ele>
            </trkpt>
            <trkpt lat="-37.8793121" lon="175.7541195">
                <ele>87.9</ele>
            </trkpt>
            <trkpt lat="-37.8793312" lon="175.7542107">
                <ele>88</ele>
            </trkpt>
            <trkpt lat="-37.8793544" lon="175.7543206">
                <ele>88.1</ele>
            </trkpt>
            <trkpt lat="-37.8794158" lon="175.7545325">
                <ele>88.2</ele>
            </trkpt>
            <trkpt lat="-37.8794836" lon="175.7547498">
                <ele>88</ele>
            </trkpt>
            <trkpt lat="-37.879564" lon="175.754959">
                <ele>87.2</ele>
            </trkpt>
            <trkpt lat="-37.8796487" lon="175.7551575">
                <ele>87</ele>
            </trkpt>
            <trkpt lat="-37.8798943" lon="175.7556456">
                <ele>86.6</ele>
            </trkpt>
            <trkpt lat="-37.8802203" lon="175.7562786">
                <ele>86</ele>
            </trkpt>
            <trkpt lat="-37.8809401" lon="175.7576948">
                <ele>84</ele>
            </trkpt>
            <trkpt lat="-37.8815752" lon="175.7589099">
                <ele>84</ele>
            </trkpt>
            <trkpt lat="-37.8817679" lon="175.7592881">
                <ele>84</ele>
            </trkpt>
            <trkpt lat="-37.8820558" lon="175.7598621">
                <ele>85.5</ele>
            </trkpt>
            <trkpt lat="-37.8821278" lon="175.7600042">
                <ele>86</ele>
            </trkpt>
            <trkpt lat="-37.8821511" lon="175.7600498">
                <ele>86</ele>
            </trkpt>
            <trkpt lat="-37.8824009" lon="175.7605433">
                <ele>85.5</ele>
            </trkpt>
            <trkpt lat="-37.883743" lon="175.7632041">
                <ele>83</ele>
            </trkpt>
            <trkpt lat="-37.8842553" lon="175.7642099">
                <ele>84</ele>
            </trkpt>
            <trkpt lat="-37.885136" lon="175.7658997">
                <ele>83</ele>
            </trkpt>
            <trkpt lat="-37.8855848" lon="175.7668331">
                <ele>84</ele>
            </trkpt>
            <trkpt lat="-37.8859044" lon="175.7676512">
                <ele>84</ele>
            </trkpt>
            <trkpt lat="-37.8859976" lon="175.7678953">
                <ele>83</ele>
            </trkpt>
            <trkpt lat="-37.8861479" lon="175.7683218">
                <ele>83.1</ele>
            </trkpt>
            <trkpt lat="-37.8878519" lon="175.7735708">
                <ele>84</ele>
            </trkpt>
            <trkpt lat="-37.8881758" lon="175.7745713">
                <ele>85</ele>
            </trkpt>
            <trkpt lat="-37.88836" lon="175.7751372">
                <ele>85</ele>
            </trkpt>
            <trkpt lat="-37.8884891" lon="175.7755503">
                <ele>84.5</ele>
            </trkpt>
            <trkpt lat="-37.8885865" lon="175.7758614">
                <ele>84</ele>
            </trkpt>
            <trkpt lat="-37.8890987" lon="175.7774493">
                <ele>83</ele>
            </trkpt>
            <trkpt lat="-37.8898142" lon="175.7796648">
                <ele>85.8</ele>
            </trkpt>
            <trkpt lat="-37.889901" lon="175.7799464">
                <ele>86.8</ele>
            </trkpt>
            <trkpt lat="-37.8899581" lon="175.7801637">
                <ele>87</ele>
            </trkpt>
            <trkpt lat="-37.890009" lon="175.7804239">
                <ele>87.5</ele>
            </trkpt>
            <trkpt lat="-37.8900449" lon="175.7807297">
                <ele>88.2</ele>
            </trkpt>
            <trkpt lat="-37.8903413" lon="175.7844365">
                <ele>92.2</ele>
            </trkpt>
            <trkpt lat="-37.8903773" lon="175.7851285">
                <ele>93</ele>
            </trkpt>
            <trkpt lat="-37.8903794" lon="175.7854396">
                <ele>93.1</ele>
            </trkpt>
            <trkpt lat="-37.8903688" lon="175.7857266">
                <ele>93.2</ele>
            </trkpt>
            <trkpt lat="-37.8903286" lon="175.7860297">
                <ele>92.8</ele>
            </trkpt>
            <trkpt lat="-37.8902693" lon="175.7863784">
                <ele>91.8</ele>
            </trkpt>
            <trkpt lat="-37.8901571" lon="175.7867888">
                <ele>91.2</ele>
            </trkpt>
            <trkpt lat="-37.8892575" lon="175.7898492">
                <ele>85</ele>
            </trkpt>
            <trkpt lat="-37.8891622" lon="175.7901415">
                <ele>84.2</ele>
            </trkpt>
            <trkpt lat="-37.8890585" lon="175.7903856">
                <ele>83.5</ele>
            </trkpt>
            <trkpt lat="-37.8889294" lon="175.7906592">
                <ele>83.2</ele>
            </trkpt>
            <trkpt lat="-37.8887918" lon="175.7908764">
                <ele>83.1</ele>
            </trkpt>
            <trkpt lat="-37.8886648" lon="175.7910481">
                <ele>83</ele>
            </trkpt>
            <trkpt lat="-37.8885081" lon="175.7912466">
                <ele>82.9</ele>
            </trkpt>
            <trkpt lat="-37.8867998" lon="175.7930812">
                <ele>81.5</ele>
            </trkpt>
            <trkpt lat="-37.8851889" lon="175.7950285">
                <ele>74.8</ele>
            </trkpt>
            <trkpt lat="-37.8846448" lon="175.7958627">
                <ele>74.8</ele>
            </trkpt>
            <trkpt lat="-37.8844924" lon="175.7961255">
                <ele>65</ele>
            </trkpt>
            <trkpt lat="-37.8840542" lon="175.7969382">
                <ele>64.8</ele>
            </trkpt>
            <trkpt lat="-37.8839272" lon="175.7972038">
                <ele>66.5</ele>
            </trkpt>
            <trkpt lat="-37.8837854" lon="175.7975042">
                <ele>68.2</ele>
            </trkpt>
            <trkpt lat="-37.8836647" lon="175.7977965">
                <ele>70.8</ele>
            </trkpt>
            <trkpt lat="-37.8835398" lon="175.7980996">
                <ele>72.5</ele>
            </trkpt>
            <trkpt lat="-37.8834191" lon="175.7984295">
                <ele>74</ele>
            </trkpt>
            <trkpt lat="-37.8833069" lon="175.7987487">
                <ele>75.2</ele>
            </trkpt>
            <trkpt lat="-37.8832074" lon="175.7990599">
                <ele>76.2</ele>
            </trkpt>
            <trkpt lat="-37.8830698" lon="175.7994756">
                <ele>76.8</ele>
            </trkpt>
            <trkpt lat="-37.8829576" lon="175.7998753">
                <ele>77.5</ele>
            </trkpt>
            <trkpt lat="-37.8828454" lon="175.8003286">
                <ele>76.8</ele>
            </trkpt>
            <trkpt lat="-37.8827459" lon="175.8007577">
                <ele>77.8</ele>
            </trkpt>
            <trkpt lat="-37.8826507" lon="175.8012137">
                <ele>78.1</ele>
            </trkpt>
            <trkpt lat="-37.8825808" lon="175.8016455">
                <ele>78.5</ele>
            </trkpt>
            <trkpt lat="-37.8825237" lon="175.8020452">
                <ele>78.9</ele>
            </trkpt>
            <trkpt lat="-37.8822738" lon="175.8038771">
                <ele>80.5</ele>
            </trkpt>
            <trkpt lat="-37.8822273" lon="175.804199">
                <ele>81.5</ele>
            </trkpt>
            <trkpt lat="-37.8821765" lon="175.8044297">
                <ele>81.3</ele>
            </trkpt>
            <trkpt lat="-37.8821066" lon="175.8046791">
                <ele>81</ele>
            </trkpt>
            <trkpt lat="-37.882041" lon="175.804899">
                <ele>81.2</ele>
            </trkpt>
            <trkpt lat="-37.8819542" lon="175.8051136">
                <ele>81.5</ele>
            </trkpt>
            <trkpt lat="-37.8818653" lon="175.8053175">
                <ele>81.8</ele>
            </trkpt>
            <trkpt lat="-37.8817446" lon="175.8055589">
                <ele>83</ele>
            </trkpt>
            <trkpt lat="-37.881281" lon="175.8063474">
                <ele>85.5</ele>
            </trkpt>
            <trkpt lat="-37.8798244" lon="175.8088714">
                <ele>92</ele>
            </trkpt>
            <trkpt lat="-37.8796276" lon="175.8092067">
                <ele>91.5</ele>
            </trkpt>
            <trkpt lat="-37.8794476" lon="175.8094668">
                <ele>91</ele>
            </trkpt>
            <trkpt lat="-37.879274" lon="175.8096841">
                <ele>90</ele>
            </trkpt>
            <trkpt lat="-37.8783086" lon="175.8107167">
                <ele>85</ele>
            </trkpt>
            <trkpt lat="-37.8782027" lon="175.8108348">
                <ele>84.2</ele>
            </trkpt>
            <trkpt lat="-37.8780863" lon="175.8109742">
                <ele>83</ele>
            </trkpt>
            <trkpt lat="-37.8779741" lon="175.8111244">
                <ele>81.5</ele>
            </trkpt>
            <trkpt lat="-37.8778725" lon="175.8112773">
                <ele>80</ele>
            </trkpt>
            <trkpt lat="-37.8777772" lon="175.8114544">
                <ele>78.5</ele>
            </trkpt>
            <trkpt lat="-37.877701" lon="175.8116099">
                <ele>77</ele>
            </trkpt>
            <trkpt lat="-37.8776227" lon="175.8117869">
                <ele>75.8</ele>
            </trkpt>
            <trkpt lat="-37.8775528" lon="175.8119613">
                <ele>75</ele>
            </trkpt>
            <trkpt lat="-37.8762105" lon="175.8158854">
                <ele>70.8</ele>
            </trkpt>
            <trkpt lat="-37.8761428" lon="175.8160999">
                <ele>71</ele>
            </trkpt>
            <trkpt lat="-37.876092" lon="175.8163199">
                <ele>71.5</ele>
            </trkpt>
            <trkpt lat="-37.8760517" lon="175.8165237">
                <ele>72.2</ele>
            </trkpt>
            <trkpt lat="-37.8760242" lon="175.8167464">
                <ele>73</ele>
            </trkpt>
            <trkpt lat="-37.8760115" lon="175.8169851">
                <ele>73.8</ele>
            </trkpt>
            <trkpt lat="-37.8760073" lon="175.8172077">
                <ele>74.5</ele>
            </trkpt>
            <trkpt lat="-37.8760136" lon="175.8174384">
                <ele>75.2</ele>
            </trkpt>
            <trkpt lat="-37.8760369" lon="175.8176315">
                <ele>75.8</ele>
            </trkpt>
            <trkpt lat="-37.8760708" lon="175.8178729">
                <ele>76.2</ele>
            </trkpt>
            <trkpt lat="-37.8761618" lon="175.8182189">
                <ele>76.5</ele>
            </trkpt>
            <trkpt lat="-37.876382" lon="175.8188358">
                <ele>77.2</ele>
            </trkpt>
            <trkpt lat="-37.8769748" lon="175.8203217">
                <ele>73.5</ele>
            </trkpt>
            <trkpt lat="-37.8770828" lon="175.8206248">
                <ele>73.2</ele>
            </trkpt>
            <trkpt lat="-37.8771781" lon="175.8209306">
                <ele>72.5</ele>
            </trkpt>
            <trkpt lat="-37.8772585" lon="175.8212551">
                <ele>71.8</ele>
            </trkpt>
            <trkpt lat="-37.8775422" lon="175.8227947">
                <ele>71</ele>
            </trkpt>
            <trkpt lat="-37.8775761" lon="175.8230174">
                <ele>71.8</ele>
            </trkpt>
            <trkpt lat="-37.8776015" lon="175.8232185">
                <ele>72.5</ele>
            </trkpt>
            <trkpt lat="-37.8776121" lon="175.8234304">
                <ele>73.2</ele>
            </trkpt>
            <trkpt lat="-37.8776205" lon="175.823645">
                <ele>74</ele>
            </trkpt>
            <trkpt lat="-37.87761" lon="175.8238891">
                <ele>74.8</ele>
            </trkpt>
            <trkpt lat="-37.8775824" lon="175.8241278">
                <ele>75</ele>
            </trkpt>
            <trkpt lat="-37.877538" lon="175.8243397">
                <ele>74.9</ele>
            </trkpt>
            <trkpt lat="-37.8774956" lon="175.8245462">
                <ele>74.8</ele>
            </trkpt>
            <trkpt lat="-37.8774321" lon="175.8247554">
                <ele>74.5</ele>
            </trkpt>
            <trkpt lat="-37.8773665" lon="175.824962">
                <ele>74</ele>
            </trkpt>
            <trkpt lat="-37.8772966" lon="175.8251765">
                <ele>73.5</ele>
            </trkpt>
            <trkpt lat="-37.8761682" lon="175.8282611">
                <ele>75.8</ele>
            </trkpt>
            <trkpt lat="-37.8761068" lon="175.8284435">
                <ele>76.2</ele>
            </trkpt>
            <trkpt lat="-37.876039" lon="175.8286554">
                <ele>76.5</ele>
            </trkpt>
            <trkpt lat="-37.8759734" lon="175.8289075">
                <ele>77</ele>
            </trkpt>
            <trkpt lat="-37.8728886" lon="175.8413154">
                <ele>72</ele>
            </trkpt>
            <trkpt lat="-37.8725752" lon="175.8425868">
                <ele>73</ele>
            </trkpt>
            <trkpt lat="-37.8725414" lon="175.8427128">
                <ele>73</ele>
            </trkpt>
            <trkpt lat="-37.8712837" lon="175.8477795">
                <ele>75.8</ele>
            </trkpt>
            <trkpt lat="-37.8712075" lon="175.8480424">
                <ele>76</ele>
            </trkpt>
            <trkpt lat="-37.8711545" lon="175.848206">
                <ele>76</ele>
            </trkpt>
            <trkpt lat="-37.871072" lon="175.8484232">
                <ele>76</ele>
            </trkpt>
            <trkpt lat="-37.8677138" lon="175.8563116">
                <ele>71.2</ele>
            </trkpt>
            <trkpt lat="-37.8676101" lon="175.8565664">
                <ele>71.8</ele>
            </trkpt>
            <trkpt lat="-37.8675254" lon="175.8567998">
                <ele>72</ele>
            </trkpt>
            <trkpt lat="-37.8674534" lon="175.8570626">
                <ele>72.2</ele>
            </trkpt>
            <trkpt lat="-37.8663883" lon="175.8613542">
                <ele>70.2</ele>
            </trkpt>
            <trkpt lat="-37.8663248" lon="175.8616519">
                <ele>70.4</ele>
            </trkpt>
            <trkpt lat="-37.8662718" lon="175.861963">
                <ele>70.5</ele>
            </trkpt>
            <trkpt lat="-37.8662485" lon="175.8622018">
                <ele>70.8</ele>
            </trkpt>
            <trkpt lat="-37.8662358" lon="175.8624271">
                <ele>71.2</ele>
            </trkpt>
            <trkpt lat="-37.8662422" lon="175.8626577">
                <ele>72</ele>
            </trkpt>
            <trkpt lat="-37.8662591" lon="175.8628884">
                <ele>72.8</ele>
            </trkpt>
            <trkpt lat="-37.8662909" lon="175.8630949">
                <ele>73</ele>
            </trkpt>
            <trkpt lat="-37.8663459" lon="175.8633068">
                <ele>73.3</ele>
            </trkpt>
            <trkpt lat="-37.8664074" lon="175.8635107">
                <ele>73.5</ele>
            </trkpt>
            <trkpt lat="-37.8664878" lon="175.8637413">
                <ele>74.2</ele>
            </trkpt>
            <trkpt lat="-37.8668668" lon="175.8645916">
                <ele>73.8</ele>
            </trkpt>
            <trkpt lat="-37.8669558" lon="175.8647928">
                <ele>73.5</ele>
            </trkpt>
            <trkpt lat="-37.8670447" lon="175.8650047">
                <ele>73.2</ele>
            </trkpt>
            <trkpt lat="-37.8671379" lon="175.86523">
                <ele>72.5</ele>
            </trkpt>
            <trkpt lat="-37.8672374" lon="175.8655438">
                <ele>72.2</ele>
            </trkpt>
            <trkpt lat="-37.8675952" lon="175.8666784">
                <ele>71.2</ele>
            </trkpt>
            <trkpt lat="-37.8676863" lon="175.8669654">
                <ele>71.2</ele>
            </trkpt>
            <trkpt lat="-37.867771" lon="175.8671772">
                <ele>71.1</ele>
            </trkpt>
            <trkpt lat="-37.8678684" lon="175.8673757">
                <ele>71</ele>
            </trkpt>
            <trkpt lat="-37.8679594" lon="175.8675313">
                <ele>71</ele>
            </trkpt>
            <trkpt lat="-37.868078" lon="175.8677137">
                <ele>70.5</ele>
            </trkpt>
            <trkpt lat="-37.8682156" lon="175.8678961">
                <ele>70</ele>
            </trkpt>
            <trkpt lat="-37.8683871" lon="175.8680677">
                <ele>68.8</ele>
            </trkpt>
            <trkpt lat="-37.8689652" lon="175.868623">
                <ele>68.8</ele>
            </trkpt>
            <trkpt lat="-37.8692045" lon="175.8688509">
                <ele>68</ele>
            </trkpt>
            <trkpt lat="-37.8693717" lon="175.8690038">
                <ele>70</ele>
            </trkpt>
            <trkpt lat="-37.8698312" lon="175.8694169">
                <ele>72</ele>
            </trkpt>
            <trkpt lat="-37.8700789" lon="175.8696797">
                <ele>72.2</ele>
            </trkpt>
            <trkpt lat="-37.8702737" lon="175.8699131">
                <ele>72.5</ele>
            </trkpt>
            <trkpt lat="-37.8704537" lon="175.8701813">
                <ele>72.8</ele>
            </trkpt>
            <trkpt lat="-37.8705892" lon="175.8704388">
                <ele>73.5</ele>
            </trkpt>
            <trkpt lat="-37.8707035" lon="175.8707097">
                <ele>73.5</ele>
            </trkpt>
            <trkpt lat="-37.8708031" lon="175.8710182">
                <ele>73.5</ele>
            </trkpt>
            <trkpt lat="-37.8709089" lon="175.8714098">
                <ele>73.6</ele>
            </trkpt>
            <trkpt lat="-37.8716923" lon="175.874835">
                <ele>73.8</ele>
            </trkpt>
            <trkpt lat="-37.8717643" lon="175.8751917">
                <ele>75</ele>
            </trkpt>
            <trkpt lat="-37.8718003" lon="175.8755216">
                <ele>75.5</ele>
            </trkpt>
            <trkpt lat="-37.8718151" lon="175.8758354">
                <ele>75.6</ele>
            </trkpt>
            <trkpt lat="-37.8718088" lon="175.8761251">
                <ele>75.8</ele>
            </trkpt>
            <trkpt lat="-37.871777" lon="175.8764255">
                <ele>76.5</ele>
            </trkpt>
            <trkpt lat="-37.8717326" lon="175.8767366">
                <ele>76.6</ele>
            </trkpt>
            <trkpt lat="-37.8712795" lon="175.8791935">
                <ele>77</ele>
            </trkpt>
            <trkpt lat="-37.871163" lon="175.8798131">
                <ele>77.5</ele>
            </trkpt>
            <trkpt lat="-37.8710211" lon="175.8805722">
                <ele>77</ele>
            </trkpt>
            <trkpt lat="-37.8708581" lon="175.8814359">
                <ele>78.2</ele>
            </trkpt>
            <trkpt lat="-37.8708454" lon="175.8814842">
                <ele>78</ele>
            </trkpt>
            <trkpt lat="-37.8716034" lon="175.881924">
                <ele>78.5</ele>
            </trkpt>
            <trkpt lat="-37.8724609" lon="175.8824524">
                <ele>79</ele>
            </trkpt>
            <trkpt lat="-37.8727404" lon="175.8826241">
                <ele>78.9</ele>
            </trkpt>
            <trkpt lat="-37.8732993" lon="175.8829674">
                <ele>78.7</ele>
            </trkpt>
            <trkpt lat="-37.8734878" lon="175.8830988">
                <ele>78.7</ele>
            </trkpt>
            <trkpt lat="-37.8735788" lon="175.8831605">
                <ele>78.6</ele>
            </trkpt>
            <trkpt lat="-37.8739218" lon="175.8834395">
                <ele>78.5</ele>
            </trkpt>
            <trkpt lat="-37.8746946" lon="175.8841878">
                <ele>80.5</ele>
            </trkpt>
            <trkpt lat="-37.8763439" lon="175.8858669">
                <ele>82.2</ele>
            </trkpt>
            <trkpt lat="-37.8777306" lon="175.887267">
                <ele>85</ele>
            </trkpt>
            <trkpt lat="-37.8780207" lon="175.887621">
                <ele>86.2</ele>
            </trkpt>
            <trkpt lat="-37.8782663" lon="175.8879107">
                <ele>87.2</ele>
            </trkpt>
            <trkpt lat="-37.8787468" lon="175.8887261">
                <ele>92</ele>
            </trkpt>
            <trkpt lat="-37.8791724" lon="175.889681">
                <ele>95.5</ele>
            </trkpt>
            <trkpt lat="-37.8794243" lon="175.8904964">
                <ele>96.5</ele>
            </trkpt>
            <trkpt lat="-37.879708" lon="175.891808">
                <ele>99.8</ele>
            </trkpt>
            <trkpt lat="-37.8798096" lon="175.8921835">
                <ele>103</ele>
            </trkpt>
            <trkpt lat="-37.8799599" lon="175.892559">
                <ele>106.5</ele>
            </trkpt>
            <trkpt lat="-37.879998" lon="175.8926502">
                <ele>107</ele>
            </trkpt>
            <trkpt lat="-37.8802097" lon="175.8930176">
                <ele>110.5</ele>
            </trkpt>
            <trkpt lat="-37.880468" lon="175.8934039">
                <ele>114</ele>
            </trkpt>
            <trkpt lat="-37.880684" lon="175.8936614">
                <ele>117.2</ele>
            </trkpt>
            <trkpt lat="-37.8823162" lon="175.8953136">
                <ele>131.2</ele>
            </trkpt>
            <trkpt lat="-37.8825342" lon="175.8955389">
                <ele>133.2</ele>
            </trkpt>
            <trkpt lat="-37.8827163" lon="175.8957535">
                <ele>135.2</ele>
            </trkpt>
            <trkpt lat="-37.8829026" lon="175.8960164">
                <ele>136.8</ele>
            </trkpt>
            <trkpt lat="-37.8830825" lon="175.8963114">
                <ele>139.2</ele>
            </trkpt>
            <trkpt lat="-37.8832455" lon="175.8966279">
                <ele>142.5</ele>
            </trkpt>
            <trkpt lat="-37.8834043" lon="175.89699">
                <ele>144.8</ele>
            </trkpt>
            <trkpt lat="-37.8835271" lon="175.8973601">
                <ele>147</ele>
            </trkpt>
            <trkpt lat="-37.8836181" lon="175.8977115">
                <ele>147.8</ele>
            </trkpt>
            <trkpt lat="-37.8836753" lon="175.8979878">
                <ele>148.5</ele>
            </trkpt>
            <trkpt lat="-37.8837261" lon="175.8983606">
                <ele>150.2</ele>
            </trkpt>
            <trkpt lat="-37.8837324" lon="175.8984196">
                <ele>150.5</ele>
            </trkpt>
            <trkpt lat="-37.8837621" lon="175.8987227">
                <ele>153</ele>
            </trkpt>
            <trkpt lat="-37.8837727" lon="175.8991358">
                <ele>156.5</ele>
            </trkpt>
            <trkpt lat="-37.8837473" lon="175.899514">
                <ele>159.5</ele>
            </trkpt>
            <trkpt lat="-37.8837113" lon="175.899868">
                <ele>161.5</ele>
            </trkpt>
            <trkpt lat="-37.8836605" lon="175.9002033">
                <ele>162.5</ele>
            </trkpt>
            <trkpt lat="-37.8835885" lon="175.9005278">
                <ele>163.8</ele>
            </trkpt>
            <trkpt lat="-37.8834615" lon="175.9009409">
                <ele>165.2</ele>
            </trkpt>
            <trkpt lat="-37.8833366" lon="175.9013057">
                <ele>166.8</ele>
            </trkpt>
            <trkpt lat="-37.8828645" lon="175.9026226">
                <ele>173.5</ele>
            </trkpt>
            <trkpt lat="-37.8828116" lon="175.9027621">
                <ele>174</ele>
            </trkpt>
            <trkpt lat="-37.8827205" lon="175.9030089">
                <ele>175</ele>
            </trkpt>
            <trkpt lat="-37.8825639" lon="175.9035185">
                <ele>178.5</ele>
            </trkpt>
            <trkpt lat="-37.8823987" lon="175.9041193">
                <ele>185.2</ele>
            </trkpt>
            <trkpt lat="-37.8821574" lon="175.9051707">
                <ele>193.5</ele>
            </trkpt>
            <trkpt lat="-37.8817912" lon="175.9068123">
                <ele>206</ele>
            </trkpt>
            <trkpt lat="-37.8817023" lon="175.907118">
                <ele>208.8</ele>
            </trkpt>
            <trkpt lat="-37.8816091" lon="175.9073567">
                <ele>210.8</ele>
            </trkpt>
            <trkpt lat="-37.8814842" lon="175.9076142">
                <ele>212.8</ele>
            </trkpt>
            <trkpt lat="-37.8813551" lon="175.90781">
                <ele>213.5</ele>
            </trkpt>
            <trkpt lat="-37.8810926" lon="175.9081534">
                <ele>215</ele>
            </trkpt>
            <trkpt lat="-37.8808237" lon="175.9085208">
                <ele>216</ele>
            </trkpt>
            <trkpt lat="-37.8806967" lon="175.9087488">
                <ele>217.5</ele>
            </trkpt>
            <trkpt lat="-37.8806099" lon="175.9089527">
                <ele>218.2</ele>
            </trkpt>
            <trkpt lat="-37.88054" lon="175.9091941">
                <ele>219.5</ele>
            </trkpt>
            <trkpt lat="-37.8805082" lon="175.9094247">
                <ele>220.2</ele>
            </trkpt>
            <trkpt lat="-37.880504" lon="175.9096903">
                <ele>221</ele>
            </trkpt>
            <trkpt lat="-37.8805167" lon="175.9099504">
                <ele>221.5</ele>
            </trkpt>
            <trkpt lat="-37.8805654" lon="175.9102884">
                <ele>221.8</ele>
            </trkpt>
            <trkpt lat="-37.880595" lon="175.9105834">
                <ele>222.2</ele>
            </trkpt>
            <trkpt lat="-37.8805993" lon="175.9108356">
                <ele>223.8</ele>
            </trkpt>
            <trkpt lat="-37.8805866" lon="175.9110394">
                <ele>225.5</ele>
            </trkpt>
            <trkpt lat="-37.8805315" lon="175.9113184">
                <ele>229.2</ele>
            </trkpt>
            <trkpt lat="-37.8804511" lon="175.9115517">
                <ele>233.5</ele>
            </trkpt>
            <trkpt lat="-37.8803601" lon="175.9117422">
                <ele>236.8</ele>
            </trkpt>
            <trkpt lat="-37.8801462" lon="175.9121525">
                <ele>243</ele>
            </trkpt>
            <trkpt lat="-37.8800129" lon="175.9124503">
                <ele>247.8</ele>
            </trkpt>
            <trkpt lat="-37.8799515" lon="175.9126729">
                <ele>250.8</ele>
            </trkpt>
            <trkpt lat="-37.8799176" lon="175.9129196">
                <ele>254.8</ele>
            </trkpt>
            <trkpt lat="-37.8799218" lon="175.9131476">
                <ele>258.5</ele>
            </trkpt>
            <trkpt lat="-37.8799536" lon="175.9133837">
                <ele>261.8</ele>
            </trkpt>
            <trkpt lat="-37.8799938" lon="175.9135634">
                <ele>263.8</ele>
            </trkpt>
            <trkpt lat="-37.8800637" lon="175.9137323">
                <ele>265.2</ele>
            </trkpt>
            <trkpt lat="-37.8801716" lon="175.9139442">
                <ele>266.8</ele>
            </trkpt>
            <trkpt lat="-37.8802669" lon="175.9140784">
                <ele>267.2</ele>
            </trkpt>
            <trkpt lat="-37.8803833" lon="175.9142044">
                <ele>267.8</ele>
            </trkpt>
            <trkpt lat="-37.8805506" lon="175.9143412">
                <ele>268.5</ele>
            </trkpt>
            <trkpt lat="-37.8807813" lon="175.9144458">
                <ele>269.2</ele>
            </trkpt>
            <trkpt lat="-37.8812937" lon="175.9146336">
                <ele>272</ele>
            </trkpt>
            <trkpt lat="-37.8814779" lon="175.9147167">
                <ele>272</ele>
            </trkpt>
            <trkpt lat="-37.8816155" lon="175.9148321">
                <ele>272</ele>
            </trkpt>
            <trkpt lat="-37.8817298" lon="175.9149474">
                <ele>272</ele>
            </trkpt>
            <trkpt lat="-37.8818145" lon="175.9150895">
                <ele>271.2</ele>
            </trkpt>
            <trkpt lat="-37.8818843" lon="175.9152612">
                <ele>270.8</ele>
            </trkpt>
            <trkpt lat="-37.8819394" lon="175.9154516">
                <ele>271.2</ele>
            </trkpt>
            <trkpt lat="-37.8819542" lon="175.9156555">
                <ele>272.5</ele>
            </trkpt>
            <trkpt lat="-37.8819478" lon="175.9158432">
                <ele>274.2</ele>
            </trkpt>
            <trkpt lat="-37.8819161" lon="175.9160283">
                <ele>275.8</ele>
            </trkpt>
            <trkpt lat="-37.8818589" lon="175.9161973">
                <ele>276.5</ele>
            </trkpt>
            <trkpt lat="-37.8817869" lon="175.9163314">
                <ele>277.5</ele>
            </trkpt>
            <trkpt lat="-37.8816853" lon="175.9164816">
                <ele>278.8</ele>
            </trkpt>
            <trkpt lat="-37.8815583" lon="175.9165969">
                <ele>279</ele>
            </trkpt>
            <trkpt lat="-37.8813487" lon="175.9167632">
                <ele>279.2</ele>
            </trkpt>
            <trkpt lat="-37.8802436" lon="175.9174767">
                <ele>282</ele>
            </trkpt>
            <trkpt lat="-37.8799493" lon="175.9176886">
                <ele>283.8</ele>
            </trkpt>
            <trkpt lat="-37.8797546" lon="175.9179059">
                <ele>286</ele>
            </trkpt>
            <trkpt lat="-37.8796276" lon="175.9181768">
                <ele>289.2</ele>
            </trkpt>
            <trkpt lat="-37.8795831" lon="175.9184772">
                <ele>292.8</ele>
            </trkpt>
            <trkpt lat="-37.8795937" lon="175.9187588">
                <ele>295.2</ele>
            </trkpt>
            <trkpt lat="-37.8796784" lon="175.9190378">
                <ele>299</ele>
            </trkpt>
            <trkpt lat="-37.8798202" lon="175.9193248">
                <ele>302.2</ele>
            </trkpt>
            <trkpt lat="-37.8800277" lon="175.9194964">
                <ele>306</ele>
            </trkpt>
            <trkpt lat="-37.8804469" lon="175.919711">
                <ele>314</ele>
            </trkpt>
            <trkpt lat="-37.8807157" lon="175.9198397">
                <ele>317.8</ele>
            </trkpt>
            <trkpt lat="-37.8809549" lon="175.9200087">
                <ele>320</ele>
            </trkpt>
            <trkpt lat="-37.8810968" lon="175.9202313">
                <ele>319.6</ele>
            </trkpt>
            <trkpt lat="-37.8811709" lon="175.9203976">
                <ele>319.2</ele>
            </trkpt>
            <trkpt lat="-37.8812259" lon="175.9205613">
                <ele>319.8</ele>
            </trkpt>
            <trkpt lat="-37.8812619" lon="175.9207946">
                <ele>320.5</ele>
            </trkpt>
            <trkpt lat="-37.881228" lon="175.9211111">
                <ele>321.8</ele>
            </trkpt>
            <trkpt lat="-37.8810926" lon="175.9214088">
                <ele>324.8</ele>
            </trkpt>
            <trkpt lat="-37.8809528" lon="175.9215939">
                <ele>327.2</ele>
            </trkpt>
            <trkpt lat="-37.8807877" lon="175.9217092">
                <ele>329</ele>
            </trkpt>
            <trkpt lat="-37.8806056" lon="175.9217951">
                <ele>331</ele>
            </trkpt>
            <trkpt lat="-37.8803833" lon="175.9218407">
                <ele>331.8</ele>
            </trkpt>
            <trkpt lat="-37.8798308" lon="175.9219265">
                <ele>331.5</ele>
            </trkpt>
            <trkpt lat="-37.8796593" lon="175.9219667">
                <ele>331</ele>
            </trkpt>
            <trkpt lat="-37.8794942" lon="175.9220526">
                <ele>330.8</ele>
            </trkpt>
            <trkpt lat="-37.8793587" lon="175.9221491">
                <ele>331.5</ele>
            </trkpt>
            <trkpt lat="-37.879238" lon="175.9222618">
                <ele>332.2</ele>
            </trkpt>
            <trkpt lat="-37.87913" lon="175.9224254">
                <ele>334</ele>
            </trkpt>
            <trkpt lat="-37.8790538" lon="175.9225675">
                <ele>335</ele>
            </trkpt>
            <trkpt lat="-37.8789945" lon="175.9227231">
                <ele>336.5</ele>
            </trkpt>
            <trkpt lat="-37.8789437" lon="175.922935">
                <ele>339</ele>
            </trkpt>
            <trkpt lat="-37.8789395" lon="175.9231415">
                <ele>341.8</ele>
            </trkpt>
            <trkpt lat="-37.8789543" lon="175.9233508">
                <ele>344.5</ele>
            </trkpt>
            <trkpt lat="-37.8789924" lon="175.9235761">
                <ele>347.2</ele>
            </trkpt>
            <trkpt lat="-37.8790708" lon="175.9238926">
                <ele>352</ele>
            </trkpt>
            <trkpt lat="-37.8791766" lon="175.92426">
                <ele>357.2</ele>
            </trkpt>
            <trkpt lat="-37.8792698" lon="175.9245202">
                <ele>361</ele>
            </trkpt>
            <trkpt lat="-37.8793312" lon="175.9248608">
                <ele>365.5</ele>
            </trkpt>
            <trkpt lat="-37.8793163" lon="175.9252203">
                <ele>369</ele>
            </trkpt>
            <trkpt lat="-37.8792274" lon="175.9254643">
                <ele>370.5</ele>
            </trkpt>
            <trkpt lat="-37.8791004" lon="175.9256601">
                <ele>372</ele>
            </trkpt>
            <trkpt lat="-37.8789734" lon="175.9258559">
                <ele>372.5</ele>
            </trkpt>
            <trkpt lat="-37.8788315" lon="175.9261563">
                <ele>374.8</ele>
            </trkpt>
            <trkpt lat="-37.878768" lon="175.9264299">
                <ele>377.8</ele>
            </trkpt>
            <trkpt lat="-37.8787638" lon="175.9267464">
                <ele>381.5</ele>
            </trkpt>
            <trkpt lat="-37.8788125" lon="175.9269637">
                <ele>385</ele>
            </trkpt>
            <trkpt lat="-37.8788633" lon="175.9271809">
                <ele>388.2</ele>
            </trkpt>
            <trkpt lat="-37.8789204" lon="175.9275082">
                <ele>393.8</ele>
            </trkpt>
            <trkpt lat="-37.8789162" lon="175.9277791">
                <ele>398.2</ele>
            </trkpt>
            <trkpt lat="-37.8788527" lon="175.9280258">
                <ele>401.2</ele>
            </trkpt>
            <trkpt lat="-37.8787363" lon="175.9282458">
                <ele>403.2</ele>
            </trkpt>
            <trkpt lat="-37.8786113" lon="175.9283692">
                <ele>403.5</ele>
            </trkpt>
            <trkpt lat="-37.8784483" lon="175.9284684">
                <ele>403.8</ele>
            </trkpt>
            <trkpt lat="-37.8782176" lon="175.928514">
                <ele>404.5</ele>
            </trkpt>
            <trkpt lat="-37.8777772" lon="175.9283718">
                <ele>405</ele>
            </trkpt>
            <trkpt lat="-37.8775951" lon="175.9283397">
                <ele>406.8</ele>
            </trkpt>
            <trkpt lat="-37.8774258" lon="175.9283423">
                <ele>409.2</ele>
            </trkpt>
            <trkpt lat="-37.8770934" lon="175.9284282">
                <ele>416.8</ele>
            </trkpt>
            <trkpt lat="-37.8768859" lon="175.9284899">
                <ele>422.8</ele>
            </trkpt>
            <trkpt lat="-37.8766826" lon="175.9284765">
                <ele>427</ele>
            </trkpt>
            <trkpt lat="-37.876526" lon="175.928404">
                <ele>429</ele>
            </trkpt>
            <trkpt lat="-37.8763693" lon="175.9282351">
                <ele>428.5</ele>
            </trkpt>
            <trkpt lat="-37.8762169" lon="175.9280339">
                <ele>427</ele>
            </trkpt>
            <trkpt lat="-37.8759819" lon="175.9277228">
                <ele>423.2</ele>
            </trkpt>
            <trkpt lat="-37.8757701" lon="175.9275135">
                <ele>422.2</ele>
            </trkpt>
            <trkpt lat="-37.8755944" lon="175.927425">
                <ele>423.2</ele>
            </trkpt>
            <trkpt lat="-37.8753573" lon="175.9273687">
                <ele>425</ele>
            </trkpt>
            <trkpt lat="-37.8750312" lon="175.9274331">
                <ele>432.2</ele>
            </trkpt>
            <trkpt lat="-37.874792" lon="175.9274679">
                <ele>437.5</ele>
            </trkpt>
            <trkpt lat="-37.8746459" lon="175.9274492">
                <ele>438.4</ele>
            </trkpt>
            <trkpt lat="-37.8744829" lon="175.9273821">
                <ele>439.5</ele>
            </trkpt>
            <trkpt lat="-37.8739959" lon="175.9271461">
                <ele>435</ele>
            </trkpt>
            <trkpt lat="-37.8738392" lon="175.9271032">
                <ele>434.8</ele>
            </trkpt>
            <trkpt lat="-37.8736593" lon="175.9271112">
                <ele>436</ele>
            </trkpt>
            <trkpt lat="-37.8735322" lon="175.9271353">
                <ele>436.2</ele>
            </trkpt>
            <trkpt lat="-37.8734094" lon="175.9271783">
                <ele>437.8</ele>
            </trkpt>
            <trkpt lat="-37.8732888" lon="175.9272373">
                <ele>439.5</ele>
            </trkpt>
            <trkpt lat="-37.8731533" lon="175.9273258">
                <ele>442</ele>
            </trkpt>
            <trkpt lat="-37.8730008" lon="175.9274787">
                <ele>446.2</ele>
            </trkpt>
            <trkpt lat="-37.8728462" lon="175.9276852">
                <ele>452</ele>
            </trkpt>
            <trkpt lat="-37.8721878" lon="175.9286374">
                <ele>472</ele>
            </trkpt>
            <trkpt lat="-37.8719464" lon="175.9289458">
                <ele>475.8</ele>
            </trkpt>
            <trkpt lat="-37.8717918" lon="175.9291202">
                <ele>476.8</ele>
            </trkpt>
            <trkpt lat="-37.8715124" lon="175.929434">
                <ele>477</ele>
            </trkpt>
            <trkpt lat="-37.8713409" lon="175.9296459">
                <ele>477.8</ele>
            </trkpt>
            <trkpt lat="-37.8712286" lon="175.9298229">
                <ele>478.2</ele>
            </trkpt>
            <trkpt lat="-37.8711799" lon="175.9299007">
                <ele>478.5</ele>
            </trkpt>
            <trkpt lat="-37.8711058" lon="175.9300455">
                <ele>479</ele>
            </trkpt>
            <trkpt lat="-37.8704897" lon="175.9312552">
                <ele>484.8</ele>
            </trkpt>
            <trkpt lat="-37.8703775" lon="175.9315342">
                <ele>486.8</ele>
            </trkpt>
            <trkpt lat="-37.8702885" lon="175.9318453">
                <ele>488.2</ele>
            </trkpt>
            <trkpt lat="-37.8702187" lon="175.9322423">
                <ele>488.5</ele>
            </trkpt>
            <trkpt lat="-37.8701975" lon="175.9326446">
                <ele>489</ele>
            </trkpt>
            <trkpt lat="-37.8702187" lon="175.9340608">
                <ele>491.8</ele>
            </trkpt>
            <trkpt lat="-37.8702356" lon="175.9352598">
                <ele>498.8</ele>
            </trkpt>
            <trkpt lat="-37.8702123" lon="175.935595">
                <ele>500.5</ele>
            </trkpt>
            <trkpt lat="-37.87017" lon="175.9359276">
                <ele>501.2</ele>
            </trkpt>
            <trkpt lat="-37.8700853" lon="175.9362361">
                <ele>502.2</ele>
            </trkpt>
            <trkpt lat="-37.8699371" lon="175.936617">
                <ele>504</ele>
            </trkpt>
            <trkpt lat="-37.8697486" lon="175.9370273">
                <ele>504.4</ele>
            </trkpt>
            <trkpt lat="-37.8694035" lon="175.9376094">
                <ele>505</ele>
            </trkpt>
            <trkpt lat="-37.8683935" lon="175.9393635">
                <ele>498</ele>
            </trkpt>
            <trkpt lat="-37.8679192" lon="175.9401816">
                <ele>494.8</ele>
            </trkpt>
            <trkpt lat="-37.8676948" lon="175.9404901">
                <ele>492.5</ele>
            </trkpt>
            <trkpt lat="-37.8674258" lon="175.9407932">
                <ele>490.2</ele>
            </trkpt>
            <trkpt lat="-37.8671908" lon="175.9410238">
                <ele>488.8</ele>
            </trkpt>
            <trkpt lat="-37.8669092" lon="175.9412572">
                <ele>486.5</ele>
            </trkpt>
            <trkpt lat="-37.8655794" lon="175.942196">
                <ele>476</ele>
            </trkpt>
            <trkpt lat="-37.865391" lon="175.9423542">
                <ele>474.2</ele>
            </trkpt>
            <trkpt lat="-37.8623523" lon="175.9449023">
                <ele>484</ele>
            </trkpt>
            <trkpt lat="-37.8620559" lon="175.9451973">
                <ele>484.9</ele>
            </trkpt>
            <trkpt lat="-37.8618123" lon="175.9454736">
                <ele>485.8</ele>
            </trkpt>
            <trkpt lat="-37.861609" lon="175.9457713">
                <ele>483.8</ele>
            </trkpt>
            <trkpt lat="-37.8614778" lon="175.9460852">
                <ele>481.2</ele>
            </trkpt>
            <trkpt lat="-37.8613634" lon="175.946458">
                <ele>477.5</ele>
            </trkpt>
            <trkpt lat="-37.8612596" lon="175.946922">
                <ele>472.8</ele>
            </trkpt>
            <trkpt lat="-37.8612258" lon="175.9472305">
                <ele>469.8</ele>
            </trkpt>
            <trkpt lat="-37.8612067" lon="175.9476811">
                <ele>465.5</ele>
            </trkpt>
            <trkpt lat="-37.8611665" lon="175.9497598">
                <ele>453</ele>
            </trkpt>
            <trkpt lat="-37.8611601" lon="175.9506208">
                <ele>450.8</ele>
            </trkpt>
            <trkpt lat="-37.8611347" lon="175.9511411">
                <ele>448.8</ele>
            </trkpt>
            <trkpt lat="-37.86105" lon="175.9516534">
                <ele>445.2</ele>
            </trkpt>
            <trkpt lat="-37.8608996" lon="175.952163">
                <ele>441.2</ele>
            </trkpt>
            <trkpt lat="-37.8607768" lon="175.9524742">
                <ele>439.2</ele>
            </trkpt>
            <trkpt lat="-37.8606244" lon="175.9527987">
                <ele>437</ele>
            </trkpt>
            <trkpt lat="-37.8604253" lon="175.953142">
                <ele>434.2</ele>
            </trkpt>
            <trkpt lat="-37.8600907" lon="175.9535497">
                <ele>431.2</ele>
            </trkpt>
            <trkpt lat="-37.8597307" lon="175.9538743">
                <ele>428.8</ele>
            </trkpt>
            <trkpt lat="-37.8593517" lon="175.954172">
                <ele>425.8</ele>
            </trkpt>
            <trkpt lat="-37.8580429" lon="175.9549499">
                <ele>405</ele>
            </trkpt>
            <trkpt lat="-37.8574203" lon="175.9553549">
                <ele>402</ele>
            </trkpt>
            <trkpt lat="-37.8570476" lon="175.955658">
                <ele>400.8</ele>
            </trkpt>
            <trkpt lat="-37.8565139" lon="175.9561166">
                <ele>398.2</ele>
            </trkpt>
            <trkpt lat="-37.8560438" lon="175.9565511">
                <ele>398.5</ele>
            </trkpt>
            <trkpt lat="-37.8557304" lon="175.9567872">
                <ele>400.2</ele>
            </trkpt>
            <trkpt lat="-37.855328" lon="175.9570688">
                <ele>400</ele>
            </trkpt>
            <trkpt lat="-37.8530387" lon="175.9583777">
                <ele>377.2</ele>
            </trkpt>
            <trkpt lat="-37.8517701" lon="175.9589866">
                <ele>370.2</ele>
            </trkpt>
            <trkpt lat="-37.8514143" lon="175.9591824">
                <ele>367.8</ele>
            </trkpt>
            <trkpt lat="-37.8511432" lon="175.9593621">
                <ele>367</ele>
            </trkpt>
            <trkpt lat="-37.85087" lon="175.9595981">
                <ele>366</ele>
            </trkpt>
            <trkpt lat="-37.8506031" lon="175.9598958">
                <ele>365.8</ele>
            </trkpt>
            <trkpt lat="-37.8503299" lon="175.9602392">
                <ele>365.8</ele>
            </trkpt>
            <trkpt lat="-37.8500122" lon="175.9606898">
                <ele>360</ele>
            </trkpt>
            <trkpt lat="-37.8497242" lon="175.9610841">
                <ele>358.8</ele>
            </trkpt>
            <trkpt lat="-37.849542" lon="175.9613711">
                <ele>358.2</ele>
            </trkpt>
            <trkpt lat="-37.8487605" lon="175.9628677">
                <ele>363</ele>
            </trkpt>
            <trkpt lat="-37.8483263" lon="175.9636429">
                <ele>365.5</ele>
            </trkpt>
            <trkpt lat="-37.8468352" lon="175.9660408">
                <ele>354</ele>
            </trkpt>
            <trkpt lat="-37.8465684" lon="175.9664297">
                <ele>351.5</ele>
            </trkpt>
            <trkpt lat="-37.8463163" lon="175.9667462">
                <ele>350.8</ele>
            </trkpt>
            <trkpt lat="-37.8460495" lon="175.9670359">
                <ele>350</ele>
            </trkpt>
            <trkpt lat="-37.8458313" lon="175.967229">
                <ele>349.2</ele>
            </trkpt>
            <trkpt lat="-37.8455898" lon="175.9674329">
                <ele>348</ele>
            </trkpt>
            <trkpt lat="-37.8453738" lon="175.9675938">
                <ele>346.8</ele>
            </trkpt>
            <trkpt lat="-37.8451429" lon="175.9677413">
                <ele>344.8</ele>
            </trkpt>
            <trkpt lat="-37.8448845" lon="175.9679103">
                <ele>343.2</ele>
            </trkpt>
            <trkpt lat="-37.8423407" lon="175.9693936">
                <ele>336.5</ele>
            </trkpt>
            <trkpt lat="-37.8421246" lon="175.9695545">
                <ele>336</ele>
            </trkpt>
            <trkpt lat="-37.8419446" lon="175.969694">
                <ele>335.2</ele>
            </trkpt>
            <trkpt lat="-37.8417667" lon="175.9698656">
                <ele>335</ele>
            </trkpt>
            <trkpt lat="-37.8415908" lon="175.9700748">
                <ele>334.8</ele>
            </trkpt>
            <trkpt lat="-37.8414214" lon="175.9703162">
                <ele>335.8</ele>
            </trkpt>
            <trkpt lat="-37.8412752" lon="175.9705657">
                <ele>336</ele>
            </trkpt>
            <trkpt lat="-37.841146" lon="175.9708366">
                <ele>335.5</ele>
            </trkpt>
            <trkpt lat="-37.8410401" lon="175.9711128">
                <ele>335</ele>
            </trkpt>
            <trkpt lat="-37.8409618" lon="175.9713891">
                <ele>333.8</ele>
            </trkpt>
            <trkpt lat="-37.8408855" lon="175.9717727">
                <ele>332</ele>
            </trkpt>
            <trkpt lat="-37.8408347" lon="175.972183">
                <ele>329.8</ele>
            </trkpt>
            <trkpt lat="-37.8407732" lon="175.9727436">
                <ele>327</ele>
            </trkpt>
            <trkpt lat="-37.8407224" lon="175.9730601">
                <ele>326</ele>
            </trkpt>
            <trkpt lat="-37.8406652" lon="175.9733257">
                <ele>325.2</ele>
            </trkpt>
            <trkpt lat="-37.8405953" lon="175.9735698">
                <ele>324.5</ele>
            </trkpt>
            <trkpt lat="-37.8404788" lon="175.9738567">
                <ele>323</ele>
            </trkpt>
            <trkpt lat="-37.8403559" lon="175.9741223">
                <ele>321</ele>
            </trkpt>
            <trkpt lat="-37.8401971" lon="175.9743878">
                <ele>319</ele>
            </trkpt>
            <trkpt lat="-37.8400319" lon="175.9746212">
                <ele>317.2</ele>
            </trkpt>
            <trkpt lat="-37.8398158" lon="175.9748653">
                <ele>315.5</ele>
            </trkpt>
            <trkpt lat="-37.8395044" lon="175.9751737">
                <ele>314.2</ele>
            </trkpt>
            <trkpt lat="-37.8386444" lon="175.9760401">
                <ele>310</ele>
            </trkpt>
            <trkpt lat="-37.837778" lon="175.9769332">
                <ele>304</ele>
            </trkpt>
            <trkpt lat="-37.8373374" lon="175.9773785">
                <ele>297.5</ele>
            </trkpt>
            <trkpt lat="-37.8371193" lon="175.9776172">
                <ele>294.5</ele>
            </trkpt>
            <trkpt lat="-37.8369519" lon="175.9778184">
                <ele>292.8</ele>
            </trkpt>
            <trkpt lat="-37.8367634" lon="175.9780705">
                <ele>291.2</ele>
            </trkpt>
            <trkpt lat="-37.8365812" lon="175.9783387">
                <ele>290.2</ele>
            </trkpt>
            <trkpt lat="-37.8364499" lon="175.9785667">
                <ele>289.8</ele>
            </trkpt>
            <trkpt lat="-37.8363143" lon="175.9788081">
                <ele>288.8</ele>
            </trkpt>
            <trkpt lat="-37.835897" lon="175.9796235">
                <ele>284.5</ele>
            </trkpt>
            <trkpt lat="-37.8357042" lon="175.9799695">
                <ele>281.2</ele>
            </trkpt>
            <trkpt lat="-37.8355771" lon="175.9801733">
                <ele>279</ele>
            </trkpt>
            <trkpt lat="-37.8354691" lon="175.9803423">
                <ele>277.2</ele>
            </trkpt>
            <trkpt lat="-37.835378" lon="175.9804684">
                <ele>275.8</ele>
            </trkpt>
            <trkpt lat="-37.8352784" lon="175.9805757">
                <ele>274.2</ele>
            </trkpt>
            <trkpt lat="-37.835145" lon="175.9807205">
                <ele>272.5</ele>
            </trkpt>
            <trkpt lat="-37.8349882" lon="175.9808573">
                <ele>272.3</ele>
            </trkpt>
            <trkpt lat="-37.8348145" lon="175.9809914">
                <ele>272</ele>
            </trkpt>
            <trkpt lat="-37.8346112" lon="175.9811282">
                <ele>271.8</ele>
            </trkpt>
            <trkpt lat="-37.8344163" lon="175.9812248">
                <ele>271.9</ele>
            </trkpt>
            <trkpt lat="-37.8342299" lon="175.9813079">
                <ele>272.1</ele>
            </trkpt>
            <trkpt lat="-37.8340413" lon="175.9813803">
                <ele>272.2</ele>
            </trkpt>
            <trkpt lat="-37.8336875" lon="175.981493">
                <ele>271.8</ele>
            </trkpt>
            <trkpt lat="-37.8332702" lon="175.9816325">
                <ele>269.5</ele>
            </trkpt>
            <trkpt lat="-37.8330647" lon="175.9817103">
                <ele>268.2</ele>
            </trkpt>
            <trkpt lat="-37.8328826" lon="175.9817907">
                <ele>267.8</ele>
            </trkpt>
            <trkpt lat="-37.8326665" lon="175.9819168">
                <ele>267</ele>
            </trkpt>
            <trkpt lat="-37.8324822" lon="175.9820509">
                <ele>266.5</ele>
            </trkpt>
            <trkpt lat="-37.8322915" lon="175.9822065">
                <ele>266</ele>
            </trkpt>
            <trkpt lat="-37.8321242" lon="175.9823835">
                <ele>265.2</ele>
            </trkpt>
            <trkpt lat="-37.8319843" lon="175.9825444">
                <ele>264.8</ele>
            </trkpt>
            <trkpt lat="-37.8318721" lon="175.9826893">
                <ele>264.2</ele>
            </trkpt>
            <trkpt lat="-37.8317259" lon="175.9829119">
                <ele>263.5</ele>
            </trkpt>
            <trkpt lat="-37.8316221" lon="175.9830862">
                <ele>263.2</ele>
            </trkpt>
            <trkpt lat="-37.8315331" lon="175.983274">
                <ele>262.8</ele>
            </trkpt>
            <trkpt lat="-37.8314314" lon="175.9835261">
                <ele>261</ele>
            </trkpt>
            <trkpt lat="-37.8313382" lon="175.9837756">
                <ele>258.2</ele>
            </trkpt>
            <trkpt lat="-37.831245" lon="175.9840813">
                <ele>255.2</ele>
            </trkpt>
            <trkpt lat="-37.8309908" lon="175.9849021">
                <ele>242</ele>
            </trkpt>
            <trkpt lat="-37.8305099" lon="175.986439">
                <ele>232.2</ele>
            </trkpt>
            <trkpt lat="-37.830226" lon="175.9873429">
                <ele>222</ele>
            </trkpt>
            <trkpt lat="-37.8301264" lon="175.9876862">
                <ele>217</ele>
            </trkpt>
            <trkpt lat="-37.8300523" lon="175.9879571">
                <ele>213.8</ele>
            </trkpt>
            <trkpt lat="-37.8299951" lon="175.9882683">
                <ele>211</ele>
            </trkpt>
            <trkpt lat="-37.8299421" lon="175.9886491">
                <ele>207.5</ele>
            </trkpt>
            <trkpt lat="-37.8298743" lon="175.9891856">
                <ele>203.5</ele>
            </trkpt>
            <trkpt lat="-37.829815" lon="175.9895477">
                <ele>202</ele>
            </trkpt>
            <trkpt lat="-37.8297451" lon="175.9898883">
                <ele>199.5</ele>
            </trkpt>
            <trkpt lat="-37.8296498" lon="175.990245">
                <ele>197.2</ele>
            </trkpt>
            <trkpt lat="-37.8295163" lon="175.9906527">
                <ele>193</ele>
            </trkpt>
            <trkpt lat="-37.8293701" lon="175.9909853">
                <ele>188.8</ele>
            </trkpt>
            <trkpt lat="-37.8291795" lon="175.9913582">
                <ele>183</ele>
            </trkpt>
            <trkpt lat="-37.8289697" lon="175.9917149">
                <ele>179.2</ele>
            </trkpt>
            <trkpt lat="-37.8287791" lon="175.9919938">
                <ele>176.8</ele>
            </trkpt>
            <trkpt lat="-37.8286668" lon="175.9921414">
                <ele>175.5</ele>
            </trkpt>
            <trkpt lat="-37.8284655" lon="175.9923667">
                <ele>174</ele>
            </trkpt>
            <trkpt lat="-37.8282664" lon="175.9925678">
                <ele>173.2</ele>
            </trkpt>
            <trkpt lat="-37.8280842" lon="175.9927261">
                <ele>172.8</ele>
            </trkpt>
            <trkpt lat="-37.8279592" lon="175.992828">
                <ele>172.2</ele>
            </trkpt>
            <trkpt lat="-37.8277643" lon="175.9929782">
                <ele>171.5</ele>
            </trkpt>
            <trkpt lat="-37.8275228" lon="175.9931418">
                <ele>170</ele>
            </trkpt>
            <trkpt lat="-37.8272537" lon="175.9932867">
                <ele>168.2</ele>
            </trkpt>
            <trkpt lat="-37.8268724" lon="175.993461">
                <ele>165.2</ele>
            </trkpt>
            <trkpt lat="-37.826563" lon="175.9936005">
                <ele>163.2</ele>
            </trkpt>
            <trkpt lat="-37.8259677" lon="175.9938848">
                <ele>161.2</ele>
            </trkpt>
            <trkpt lat="-37.8257114" lon="175.994027">
                <ele>160.8</ele>
            </trkpt>
            <trkpt lat="-37.8255398" lon="175.9941396">
                <ele>160.2</ele>
            </trkpt>
            <trkpt lat="-37.8253703" lon="175.9942845">
                <ele>159</ele>
            </trkpt>
            <trkpt lat="-37.8252325" lon="175.9944186">
                <ele>158.2</ele>
            </trkpt>
            <trkpt lat="-37.8250864" lon="175.9945714">
                <ele>157</ele>
            </trkpt>
            <trkpt lat="-37.8249614" lon="175.9947297">
                <ele>155.5</ele>
            </trkpt>
            <trkpt lat="-37.824847" lon="175.9948799">
                <ele>154</ele>
            </trkpt>
            <trkpt lat="-37.8247071" lon="175.9951052">
                <ele>152</ele>
            </trkpt>
            <trkpt lat="-37.8245482" lon="175.9954271">
                <ele>147.8</ele>
            </trkpt>
            <trkpt lat="-37.8244508" lon="175.9956604">
                <ele>145.5</ele>
            </trkpt>
            <trkpt lat="-37.8243575" lon="175.9959045">
                <ele>144.2</ele>
            </trkpt>
            <trkpt lat="-37.8242749" lon="175.9961486">
                <ele>144.2</ele>
            </trkpt>
            <trkpt lat="-37.8241372" lon="175.9965134">
                <ele>143</ele>
            </trkpt>
            <trkpt lat="-37.8238067" lon="175.9973958">
                <ele>147.8</ele>
            </trkpt>
            <trkpt lat="-37.8235058" lon="175.9982112">
                <ele>150</ele>
            </trkpt>
            <trkpt lat="-37.8232961" lon="175.9987772">
                <ele>150.2</ele>
            </trkpt>
            <trkpt lat="-37.8231054" lon="175.9992599">
                <ele>151.5</ele>
            </trkpt>
            <trkpt lat="-37.8228724" lon="175.9998474">
                <ele>153</ele>
            </trkpt>
            <trkpt lat="-37.8226202" lon="176.0004535">
                <ele>152.2</ele>
            </trkpt>
            <trkpt lat="-37.8221329" lon="176.0015801">
                <ele>147.8</ele>
            </trkpt>
            <trkpt lat="-37.8218215" lon="176.0022989">
                <ele>146.2</ele>
            </trkpt>
            <trkpt lat="-37.8209655" lon="176.0042757">
                <ele>144</ele>
            </trkpt>
            <trkpt lat="-37.8206519" lon="176.0049972">
                <ele>140.8</ele>
            </trkpt>
            <trkpt lat="-37.8205015" lon="176.0053459">
                <ele>139.5</ele>
            </trkpt>
            <trkpt lat="-37.8203574" lon="176.005716">
                <ele>139.2</ele>
            </trkpt>
            <trkpt lat="-37.8202388" lon="176.006054">
                <ele>139</ele>
            </trkpt>
            <trkpt lat="-37.8201413" lon="176.0063785">
                <ele>140.2</ele>
            </trkpt>
            <trkpt lat="-37.8200841" lon="176.006628">
                <ele>141.2</ele>
            </trkpt>
            <trkpt lat="-37.8200142" lon="176.0069659">
                <ele>141.8</ele>
            </trkpt>
            <trkpt lat="-37.8199781" lon="176.0072261">
                <ele>142</ele>
            </trkpt>
            <trkpt lat="-37.8199485" lon="176.0074916">
                <ele>142.2</ele>
            </trkpt>
            <trkpt lat="-37.8199294" lon="176.0077572">
                <ele>142.5</ele>
            </trkpt>
            <trkpt lat="-37.8199167" lon="176.0080791">
                <ele>142.8</ele>
            </trkpt>
            <trkpt lat="-37.8199209" lon="176.00835">
                <ele>142.5</ele>
            </trkpt>
            <trkpt lat="-37.8199252" lon="176.0086584">
                <ele>141</ele>
            </trkpt>
            <trkpt lat="-37.8199294" lon="176.0088757">
                <ele>141</ele>
            </trkpt>
            <trkpt lat="-37.8199633" lon="176.0097125">
                <ele>139</ele>
            </trkpt>
            <trkpt lat="-37.8199591" lon="176.0100049">
                <ele>139.5</ele>
            </trkpt>
            <trkpt lat="-37.8199421" lon="176.0102838">
                <ele>139.9</ele>
            </trkpt>
            <trkpt lat="-37.8199061" lon="176.0105628">
                <ele>140.2</ele>
            </trkpt>
            <trkpt lat="-37.8198531" lon="176.0107881">
                <ele>139.8</ele>
            </trkpt>
            <trkpt lat="-37.8197811" lon="176.0110375">
                <ele>139.6</ele>
            </trkpt>
            <trkpt lat="-37.8196858" lon="176.0112736">
                <ele>139.5</ele>
            </trkpt>
            <trkpt lat="-37.8195692" lon="176.0115042">
                <ele>140.2</ele>
            </trkpt>
            <trkpt lat="-37.8194251" lon="176.0117269">
                <ele>140.8</ele>
            </trkpt>
            <trkpt lat="-37.8192599" lon="176.0119468">
                <ele>141</ele>
            </trkpt>
            <trkpt lat="-37.8190692" lon="176.0121855">
                <ele>141.8</ele>
            </trkpt>
            <trkpt lat="-37.8187196" lon="176.0125798">
                <ele>142</ele>
            </trkpt>
            <trkpt lat="-37.8185374" lon="176.0128024">
                <ele>142.2</ele>
            </trkpt>
            <trkpt lat="-37.8183933" lon="176.0129955">
                <ele>142.8</ele>
            </trkpt>
            <trkpt lat="-37.8182238" lon="176.0132611">
                <ele>142.9</ele>
            </trkpt>
            <trkpt lat="-37.8181178" lon="176.013473">
                <ele>143</ele>
            </trkpt>
            <trkpt lat="-37.8180204" lon="176.0136849">
                <ele>142.8</ele>
            </trkpt>
            <trkpt lat="-37.8179229" lon="176.0139531">
                <ele>142</ele>
            </trkpt>
            <trkpt lat="-37.8178445" lon="176.0141945">
                <ele>141.2</ele>
            </trkpt>
            <trkpt lat="-37.8176157" lon="176.0149911">
                <ele>138.5</ele>
            </trkpt>
            <trkpt lat="-37.8174207" lon="176.0156858">
                <ele>138.5</ele>
            </trkpt>
            <trkpt lat="-37.8172237" lon="176.0163832">
                <ele>140</ele>
            </trkpt>
            <trkpt lat="-37.8171516" lon="176.0166246">
                <ele>142.2</ele>
            </trkpt>
            <trkpt lat="-37.8170626" lon="176.0169518">
                <ele>146</ele>
            </trkpt>
            <trkpt lat="-37.8169186" lon="176.0174373">
                <ele>151</ele>
            </trkpt>
            <trkpt lat="-37.8167406" lon="176.0180193">
                <ele>156.5</ele>
            </trkpt>
            <trkpt lat="-37.8166367" lon="176.0182902">
                <ele>157.8</ele>
            </trkpt>
            <trkpt lat="-37.8165329" lon="176.0185477">
                <ele>159</ele>
            </trkpt>
            <trkpt lat="-37.8164185" lon="176.0187891">
                <ele>160</ele>
            </trkpt>
            <trkpt lat="-37.816285" lon="176.0190493">
                <ele>161.5</ele>
            </trkpt>
            <trkpt lat="-37.8161452" lon="176.0193041">
                <ele>163</ele>
            </trkpt>
            <trkpt lat="-37.8160011" lon="176.0195374">
                <ele>164.5</ele>
            </trkpt>
            <trkpt lat="-37.8158612" lon="176.0197413">
                <ele>165</ele>
            </trkpt>
            <trkpt lat="-37.8157023" lon="176.0199532">
                <ele>166</ele>
            </trkpt>
            <trkpt lat="-37.8155201" lon="176.0201705">
                <ele>167.5</ele>
            </trkpt>
            <trkpt lat="-37.8153357" lon="176.0203716">
                <ele>167.8</ele>
            </trkpt>
            <trkpt lat="-37.8151556" lon="176.0205513">
                <ele>168</ele>
            </trkpt>
            <trkpt lat="-37.8149946" lon="176.0206962">
                <ele>168.2</ele>
            </trkpt>
            <trkpt lat="-37.8146365" lon="176.0210073">
                <ele>169.8</ele>
            </trkpt>
            <trkpt lat="-37.8140114" lon="176.021525">
                <ele>172.8</ele>
            </trkpt>
            <trkpt lat="-37.8135537" lon="176.0219166">
                <ele>174.2</ele>
            </trkpt>
            <trkpt lat="-37.813435" lon="176.0220265">
                <ele>174.5</ele>
            </trkpt>
            <trkpt lat="-37.8132486" lon="176.0222143">
                <ele>176.2</ele>
            </trkpt>
            <trkpt lat="-37.8131172" lon="176.0223565">
                <ele>178.5</ele>
            </trkpt>
            <trkpt lat="-37.8129689" lon="176.0225362">
                <ele>180.2</ele>
            </trkpt>
            <trkpt lat="-37.8128354" lon="176.0227239">
                <ele>181.8</ele>
            </trkpt>
            <trkpt lat="-37.8127019" lon="176.0229251">
                <ele>182.8</ele>
            </trkpt>
            <trkpt lat="-37.8125874" lon="176.0231182">
                <ele>183.8</ele>
            </trkpt>
            <trkpt lat="-37.8124773" lon="176.023314">
                <ele>184.8</ele>
            </trkpt>
            <trkpt lat="-37.8123861" lon="176.023491">
                <ele>186.2</ele>
            </trkpt>
            <trkpt lat="-37.8122844" lon="176.023719">
                <ele>187</ele>
            </trkpt>
            <trkpt lat="-37.812206" lon="176.0239175">
                <ele>187.5</ele>
            </trkpt>
            <trkpt lat="-37.8121319" lon="176.0241213">
                <ele>188</ele>
            </trkpt>
            <trkpt lat="-37.8120535" lon="176.0243788">
                <ele>188.5</ele>
            </trkpt>
            <trkpt lat="-37.8119856" lon="176.0246229">
                <ele>188.2</ele>
            </trkpt>
            <trkpt lat="-37.8119348" lon="176.0248616">
                <ele>188.3</ele>
            </trkpt>
            <trkpt lat="-37.8118416" lon="176.025272">
                <ele>188.4</ele>
            </trkpt>
            <trkpt lat="-37.8117907" lon="176.0255107">
                <ele>188.5</ele>
            </trkpt>
            <trkpt lat="-37.8117208" lon="176.0257709">
                <ele>188</ele>
            </trkpt>
            <trkpt lat="-37.8116593" lon="176.0259855">
                <ele>187.5</ele>
            </trkpt>
            <trkpt lat="-37.8115873" lon="176.0262001">
                <ele>187</ele>
            </trkpt>
            <trkpt lat="-37.8115046" lon="176.0264093">
                <ele>186</ele>
            </trkpt>
            <trkpt lat="-37.8114114" lon="176.0266078">
                <ele>185</ele>
            </trkpt>
            <trkpt lat="-37.81128" lon="176.0268572">
                <ele>184</ele>
            </trkpt>
            <trkpt lat="-37.8109876" lon="176.0273615">
                <ele>180.8</ele>
            </trkpt>
            <trkpt lat="-37.8100022" lon="176.028893">
                <ele>170</ele>
            </trkpt>
            <trkpt lat="-37.8091525" lon="176.0302904">
                <ele>162</ele>
            </trkpt>
            <trkpt lat="-37.809038" lon="176.0304943">
                <ele>160.8</ele>
            </trkpt>
            <trkpt lat="-37.808913" lon="176.0307303">
                <ele>159.5</ele>
            </trkpt>
            <trkpt lat="-37.8088071" lon="176.030969">
                <ele>158</ele>
            </trkpt>
            <trkpt lat="-37.8087075" lon="176.0312077">
                <ele>155.8</ele>
            </trkpt>
            <trkpt lat="-37.8084977" lon="176.0317522">
                <ele>154</ele>
            </trkpt>
            <trkpt lat="-37.8083133" lon="176.0321975">
                <ele>152.5</ele>
            </trkpt>
            <trkpt lat="-37.8081395" lon="176.0325462">
                <ele>151.8</ele>
            </trkpt>
            <trkpt lat="-37.808023" lon="176.0327581">
                <ele>150.8</ele>
            </trkpt>
            <trkpt lat="-37.8078958" lon="176.0329673">
                <ele>149.2</ele>
            </trkpt>
            <trkpt lat="-37.8077602" lon="176.0331658">
                <ele>148.8</ele>
            </trkpt>
            <trkpt lat="-37.8076161" lon="176.0333589">
                <ele>148.5</ele>
            </trkpt>
            <trkpt lat="-37.8061433" lon="176.0352525">
                <ele>145</ele>
            </trkpt>
            <trkpt lat="-37.8059695" lon="176.0354644">
                <ele>146</ele>
            </trkpt>
            <trkpt lat="-37.8058212" lon="176.0356307">
                <ele>147.8</ele>
            </trkpt>
            <trkpt lat="-37.8056898" lon="176.0357675">
                <ele>149.2</ele>
            </trkpt>
            <trkpt lat="-37.8055202" lon="176.0359284">
                <ele>150.2</ele>
            </trkpt>
            <trkpt lat="-37.8053401" lon="176.036092">
                <ele>150.8</ele>
            </trkpt>
            <trkpt lat="-37.8051812" lon="176.0362235">
                <ele>151.5</ele>
            </trkpt>
            <trkpt lat="-37.804965" lon="176.0363898">
                <ele>152.5</ele>
            </trkpt>
            <trkpt lat="-37.804734" lon="176.03654">
                <ele>153.5</ele>
            </trkpt>
            <trkpt lat="-37.8045157" lon="176.0366634">
                <ele>153.2</ele>
            </trkpt>
            <trkpt lat="-37.8043208" lon="176.0367653">
                <ele>153</ele>
            </trkpt>
            <trkpt lat="-37.8033946" lon="176.037181">
                <ele>148.8</ele>
            </trkpt>
            <trkpt lat="-37.8029093" lon="176.0373929">
                <ele>145.5</ele>
            </trkpt>
            <trkpt lat="-37.8025257" lon="176.0375753">
                <ele>144.8</ele>
            </trkpt>
            <trkpt lat="-37.8022121" lon="176.0377684">
                <ele>143.8</ele>
            </trkpt>
            <trkpt lat="-37.8019196" lon="176.0379696">
                <ele>144.8</ele>
            </trkpt>
            <trkpt lat="-37.8016208" lon="176.0382137">
                <ele>147.2</ele>
            </trkpt>
            <trkpt lat="-37.8013389" lon="176.0384738">
                <ele>149.5</ele>
            </trkpt>
            <trkpt lat="-37.801074" lon="176.0387528">
                <ele>152.2</ele>
            </trkpt>
            <trkpt lat="-37.8008684" lon="176.0390049">
                <ele>155.2</ele>
            </trkpt>
            <trkpt lat="-37.8006735" lon="176.0392919">
                <ele>156.8</ele>
            </trkpt>
            <trkpt lat="-37.8003916" lon="176.0397077">
                <ele>158</ele>
            </trkpt>
            <trkpt lat="-37.8001309" lon="176.0400939">
                <ele>158</ele>
            </trkpt>
            <trkpt lat="-37.7995523" lon="176.0408771">
                <ele>155</ele>
            </trkpt>
            <trkpt lat="-37.7990458" lon="176.0415986">
                <ele>149.5</ele>
            </trkpt>
            <trkpt lat="-37.7984566" lon="176.0424569">
                <ele>148.2</ele>
            </trkpt>
            <trkpt lat="-37.7982595" lon="176.0427573">
                <ele>149.8</ele>
            </trkpt>
            <trkpt lat="-37.79763" lon="176.0436746">
                <ele>153.8</ele>
            </trkpt>
            <trkpt lat="-37.7969688" lon="176.0446537">
                <ele>150.5</ele>
            </trkpt>
            <trkpt lat="-37.7966551" lon="176.0450828">
                <ele>145</ele>
            </trkpt>
            <trkpt lat="-37.7963541" lon="176.0455334">
                <ele>138.2</ele>
            </trkpt>
            <trkpt lat="-37.7961443" lon="176.0458124">
                <ele>135.5</ele>
            </trkpt>
            <trkpt lat="-37.7959345" lon="176.0460672">
                <ele>131.5</ele>
            </trkpt>
            <trkpt lat="-37.7957501" lon="176.0462603">
                <ele>128.8</ele>
            </trkpt>
            <trkpt lat="-37.7955699" lon="176.0464534">
                <ele>125.8</ele>
            </trkpt>
            <trkpt lat="-37.7953813" lon="176.0466251">
                <ele>122.8</ele>
            </trkpt>
            <trkpt lat="-37.7951397" lon="176.0468236">
                <ele>118.5</ele>
            </trkpt>
            <trkpt lat="-37.794915" lon="176.0469979">
                <ele>114.5</ele>
            </trkpt>
            <trkpt lat="-37.7946882" lon="176.0471562">
                <ele>111</ele>
            </trkpt>
            <trkpt lat="-37.7944423" lon="176.0473037">
                <ele>108.8</ele>
            </trkpt>
            <trkpt lat="-37.7942177" lon="176.0474217">
                <ele>107.5</ele>
            </trkpt>
            <trkpt lat="-37.7939739" lon="176.0475343">
                <ele>107.1</ele>
            </trkpt>
            <trkpt lat="-37.793692" lon="176.047639">
                <ele>106.8</ele>
            </trkpt>
            <trkpt lat="-37.7934292" lon="176.0477275">
                <ele>107.2</ele>
            </trkpt>
            <trkpt lat="-37.7931494" lon="176.0477945">
                <ele>107.5</ele>
            </trkpt>
            <trkpt lat="-37.792876" lon="176.0478455">
                <ele>107.8</ele>
            </trkpt>
            <trkpt lat="-37.7926301" lon="176.0478696">
                <ele>107</ele>
            </trkpt>
            <trkpt lat="-37.7923673" lon="176.0478884">
                <ele>106</ele>
            </trkpt>
            <trkpt lat="-37.7921299" lon="176.0478884">
                <ele>104.2</ele>
            </trkpt>
            <trkpt lat="-37.7908751" lon="176.0477972">
                <ele>89.2</ele>
            </trkpt>
            <trkpt lat="-37.7906631" lon="176.0477865">
                <ele>86.2</ele>
            </trkpt>
            <trkpt lat="-37.7904427" lon="176.0477865">
                <ele>83.2</ele>
            </trkpt>
            <trkpt lat="-37.7902201" lon="176.0477945">
                <ele>80.5</ele>
            </trkpt>
            <trkpt lat="-37.7899594" lon="176.0478294">
                <ele>77.5</ele>
            </trkpt>
            <trkpt lat="-37.7897559" lon="176.0478589">
                <ele>75.5</ele>
            </trkpt>
            <trkpt lat="-37.789544" lon="176.0479099">
                <ele>73.5</ele>
            </trkpt>
            <trkpt lat="-37.7893129" lon="176.0479689">
                <ele>71.8</ele>
            </trkpt>
            <trkpt lat="-37.789067" lon="176.048044">
                <ele>70.2</ele>
            </trkpt>
            <trkpt lat="-37.7887385" lon="176.0481808">
                <ele>67.5</ele>
            </trkpt>
            <trkpt lat="-37.788393" lon="176.0483471">
                <ele>65.5</ele>
            </trkpt>
            <trkpt lat="-37.7863157" lon="176.0495406">
                <ele>54</ele>
            </trkpt>
            <trkpt lat="-37.7852049" lon="176.0501441">
                <ele>42.8</ele>
            </trkpt>
            <trkpt lat="-37.7848148" lon="176.0503319">
                <ele>40</ele>
            </trkpt>
            <trkpt lat="-37.7845923" lon="176.0504338">
                <ele>38.5</ele>
            </trkpt>
            <trkpt lat="-37.7843082" lon="176.0505331">
                <ele>36.2</ele>
            </trkpt>
            <trkpt lat="-37.7839733" lon="176.0506323">
                <ele>34.2</ele>
            </trkpt>
            <trkpt lat="-37.7837019" lon="176.0506886">
                <ele>32.5</ele>
            </trkpt>
            <trkpt lat="-37.7833861" lon="176.0507476">
                <ele>30.8</ele>
            </trkpt>
            <trkpt lat="-37.7831699" lon="176.0507691">
                <ele>29</ele>
            </trkpt>
            <trkpt lat="-37.7823368" lon="176.0508603">
                <ele>24</ele>
            </trkpt>
            <trkpt lat="-37.781934" lon="176.0509354">
                <ele>22</ele>
            </trkpt>
            <trkpt lat="-37.7817856" lon="176.0509676">
                <ele>21.5</ele>
            </trkpt>
            <trkpt lat="-37.7816139" lon="176.0510132">
                <ele>20.5</ele>
            </trkpt>
            <trkpt lat="-37.7814061" lon="176.0510883">
                <ele>20.5</ele>
            </trkpt>
            <trkpt lat="-37.7811984" lon="176.0511607">
                <ele>20.5</ele>
            </trkpt>
            <trkpt lat="-37.7809906" lon="176.0512492">
                <ele>20.5</ele>
            </trkpt>
            <trkpt lat="-37.7807829" lon="176.0513458">
                <ele>20.5</ele>
            </trkpt>
            <trkpt lat="-37.7805476" lon="176.0514772">
                <ele>23</ele>
            </trkpt>
            <trkpt lat="-37.7803292" lon="176.0516086">
                <ele>26.2</ele>
            </trkpt>
            <trkpt lat="-37.7801448" lon="176.051732">
                <ele>28.8</ele>
            </trkpt>
            <trkpt lat="-37.7799031" lon="176.0519224">
                <ele>32</ele>
            </trkpt>
            <trkpt lat="-37.7796678" lon="176.0521209">
                <ele>33.5</ele>
            </trkpt>
            <trkpt lat="-37.779494" lon="176.0522765">
                <ele>33.2</ele>
            </trkpt>
            <trkpt lat="-37.7793583" lon="176.0524213">
                <ele>32.5</ele>
            </trkpt>
            <trkpt lat="-37.7791993" lon="176.0526091">
                <ele>30.8</ele>
            </trkpt>
            <trkpt lat="-37.779053" lon="176.0527888">
                <ele>28.8</ele>
            </trkpt>
            <trkpt lat="-37.7788728" lon="176.0530195">
                <ele>26</ele>
            </trkpt>
            <trkpt lat="-37.7787626" lon="176.0531831">
                <ele>25.5</ele>
            </trkpt>
            <trkpt lat="-37.7786227" lon="176.0533896">
                <ele>23.5</ele>
            </trkpt>
            <trkpt lat="-37.77847" lon="176.0536283">
                <ele>21.5</ele>
            </trkpt>
            <trkpt lat="-37.7783916" lon="176.0537732">
                <ele>21</ele>
            </trkpt>
            <trkpt lat="-37.7782262" lon="176.0540923">
                <ele>20</ele>
            </trkpt>
            <trkpt lat="-37.7780481" lon="176.0544786">
                <ele>22</ele>
            </trkpt>
            <trkpt lat="-37.7778722" lon="176.0548675">
                <ele>23</ele>
            </trkpt>
            <trkpt lat="-37.7776432" lon="176.0553396">
                <ele>23</ele>
            </trkpt>
            <trkpt lat="-37.7773358" lon="176.055994">
                <ele>22</ele>
            </trkpt>
            <trkpt lat="-37.7772341" lon="176.0561979">
                <ele>21.2</ele>
            </trkpt>
            <trkpt lat="-37.7771556" lon="176.0563427">
                <ele>20.5</ele>
            </trkpt>
            <trkpt lat="-37.77695" lon="176.056686">
                <ele>17.8</ele>
            </trkpt>
            <trkpt lat="-37.7767698" lon="176.056965">
                <ele>15</ele>
            </trkpt>
            <trkpt lat="-37.7765557" lon="176.0572547">
                <ele>12.5</ele>
            </trkpt>
            <trkpt lat="-37.7764051" lon="176.0574344">
                <ele>11.5</ele>
            </trkpt>
            <trkpt lat="-37.7762801" lon="176.0575739">
                <ele>11.2</ele>
            </trkpt>
            <trkpt lat="-37.7761529" lon="176.0576999">
                <ele>11.8</ele>
            </trkpt>
            <trkpt lat="-37.7760405" lon="176.0578126">
                <ele>12.8</ele>
            </trkpt>
            <trkpt lat="-37.7759196" lon="176.0579145">
                <ele>13.8</ele>
            </trkpt>
            <trkpt lat="-37.7757055" lon="176.0580862">
                <ele>15.5</ele>
            </trkpt>
            <trkpt lat="-37.7754999" lon="176.0582122">
                <ele>16.5</ele>
            </trkpt>
            <trkpt lat="-37.7753388" lon="176.0582981">
                <ele>17.5</ele>
            </trkpt>
            <trkpt lat="-37.7751416" lon="176.0583785">
                <ele>18.5</ele>
            </trkpt>
            <trkpt lat="-37.7748872" lon="176.0584858">
                <ele>20.5</ele>
            </trkpt>
            <trkpt lat="-37.7746964" lon="176.0585287">
                <ele>21.8</ele>
            </trkpt>
            <trkpt lat="-37.7744483" lon="176.0585797">
                <ele>22.8</ele>
            </trkpt>
            <trkpt lat="-37.7741642" lon="176.0586065">
                <ele>24</ele>
            </trkpt>
            <trkpt lat="-37.7738674" lon="176.0586414">
                <ele>25.8</ele>
            </trkpt>
            <trkpt lat="-37.773507" lon="176.0586709">
                <ele>25</ele>
            </trkpt>
            <trkpt lat="-37.7732992" lon="176.058687">
                <ele>23.8</ele>
            </trkpt>
            <trkpt lat="-37.7731084" lon="176.0587031">
                <ele>22.8</ele>
            </trkpt>
            <trkpt lat="-37.7727331" lon="176.0587326">
                <ele>18.2</ele>
            </trkpt>
            <trkpt lat="-37.7725996" lon="176.058746">
                <ele>16.8</ele>
            </trkpt>
            <trkpt lat="-37.7723367" lon="176.0587728">
                <ele>14.5</ele>
            </trkpt>
            <trkpt lat="-37.7719614" lon="176.0587969">
                <ele>13.2</ele>
            </trkpt>
            <trkpt lat="-37.7715798" lon="176.0588399">
                <ele>12.5</ele>
            </trkpt>
            <trkpt lat="-37.7712533" lon="176.0589015">
                <ele>12.8</ele>
            </trkpt>
            <trkpt lat="-37.7710264" lon="176.0589632">
                <ele>13.2</ele>
            </trkpt>
            <trkpt lat="-37.7708589" lon="176.0590249">
                <ele>13.8</ele>
            </trkpt>
            <trkpt lat="-37.7706405" lon="176.0591161">
                <ele>15</ele>
            </trkpt>
            <trkpt lat="-37.7704179" lon="176.0592288">
                <ele>15.5</ele>
            </trkpt>
            <trkpt lat="-37.7702101" lon="176.0593495">
                <ele>15.8</ele>
            </trkpt>
            <trkpt lat="-37.7700405" lon="176.0594675">
                <ele>16</ele>
            </trkpt>
            <trkpt lat="-37.769837" lon="176.0596418">
                <ele>15.7</ele>
            </trkpt>
            <trkpt lat="-37.7696801" lon="176.059784">
                <ele>15.5</ele>
            </trkpt>
            <trkpt lat="-37.7695168" lon="176.059961">
                <ele>15.2</ele>
            </trkpt>
            <trkpt lat="-37.7693451" lon="176.0601756">
                <ele>16</ele>
            </trkpt>
            <trkpt lat="-37.7689677" lon="176.0606986">
                <ele>17.2</ele>
            </trkpt>
            <trkpt lat="-37.7683676" lon="176.0615167">
                <ele>19.8</ele>
            </trkpt>
            <trkpt lat="-37.7671145" lon="176.0632011">
                <ele>20</ele>
            </trkpt>
            <trkpt lat="-37.7657872" lon="176.0649794">
                <ele>25.2</ele>
            </trkpt>
            <trkpt lat="-37.7648034" lon="176.0662991">
                <ele>32</ele>
            </trkpt>
            <trkpt lat="-37.7644514" lon="176.0667685">
                <ele>36.2</ele>
            </trkpt>
            <trkpt lat="-37.7642542" lon="176.0670072">
                <ele>38.2</ele>
            </trkpt>
            <trkpt lat="-37.7639892" lon="176.0673398">
                <ele>39</ele>
            </trkpt>
            <trkpt lat="-37.7637962" lon="176.0675544">
                <ele>39.5</ele>
            </trkpt>
            <trkpt lat="-37.7636308" lon="176.0677207">
                <ele>39</ele>
            </trkpt>
            <trkpt lat="-37.7633424" lon="176.0680264">
                <ele>36</ele>
            </trkpt>
            <trkpt lat="-37.7630816" lon="176.0683134">
                <ele>30</ele>
            </trkpt>
            <trkpt lat="-37.7623967" lon="176.0690296">
                <ele>19</ele>
            </trkpt>
            <trkpt lat="-37.7620278" lon="176.0694158">
                <ele>15.2</ele>
            </trkpt>
            <trkpt lat="-37.7615485" lon="176.0699093">
                <ele>12.5</ele>
            </trkpt>
            <trkpt lat="-37.7613747" lon="176.0701051">
                <ele>11</ele>
            </trkpt>
            <trkpt lat="-37.7612686" lon="176.0702473">
                <ele>10</ele>
            </trkpt>
            <trkpt lat="-37.7611414" lon="176.0704377">
                <ele>9.9</ele>
            </trkpt>
            <trkpt lat="-37.7610184" lon="176.0706362">
                <ele>9.8</ele>
            </trkpt>
            <trkpt lat="-37.7609315" lon="176.0708266">
                <ele>10</ele>
            </trkpt>
            <trkpt lat="-37.7608657" lon="176.0709983">
                <ele>10.8</ele>
            </trkpt>
            <trkpt lat="-37.7608127" lon="176.0711432">
                <ele>11.2</ele>
            </trkpt>
            <trkpt lat="-37.7607618" lon="176.0712987">
                <ele>11.8</ele>
            </trkpt>
            <trkpt lat="-37.7607173" lon="176.0714275">
                <ele>11.8</ele>
            </trkpt>
            <trkpt lat="-37.7606007" lon="176.0718325">
                <ele>13</ele>
            </trkpt>
            <trkpt lat="-37.7604098" lon="176.0724762">
                <ele>15</ele>
            </trkpt>
            <trkpt lat="-37.7603017" lon="176.0727954">
                <ele>17</ele>
            </trkpt>
            <trkpt lat="-37.7602042" lon="176.073018">
                <ele>19</ele>
            </trkpt>
            <trkpt lat="-37.7600939" lon="176.0731924">
                <ele>20.8</ele>
            </trkpt>
            <trkpt lat="-37.7599815" lon="176.0733211">
                <ele>22</ele>
            </trkpt>
            <trkpt lat="-37.7598861" lon="176.073423">
                <ele>22.8</ele>
            </trkpt>
            <trkpt lat="-37.7597949" lon="176.0735035">
                <ele>23.2</ele>
            </trkpt>
            <trkpt lat="-37.7596571" lon="176.0736027">
                <ele>23.5</ele>
            </trkpt>
            <trkpt lat="-37.7595107" lon="176.0736778">
                <ele>23.8</ele>
            </trkpt>
            <trkpt lat="-37.7593941" lon="176.0737154">
                <ele>24</ele>
            </trkpt>
            <trkpt lat="-37.7592224" lon="176.0737503">
                <ele>24.5</ele>
            </trkpt>
            <trkpt lat="-37.759023" lon="176.0737583">
                <ele>24</ele>
            </trkpt>
            <trkpt lat="-37.7588131" lon="176.0737503">
                <ele>22.8</ele>
            </trkpt>
            <trkpt lat="-37.7584314" lon="176.0737208">
                <ele>21.2</ele>
            </trkpt>
            <trkpt lat="-37.7579055" lon="176.0736805">
                <ele>17</ele>
            </trkpt>
            <trkpt lat="-37.7576319" lon="176.0736725">
                <ele>15</ele>
            </trkpt>
            <trkpt lat="-37.7575471" lon="176.0736752">
                <ele>15.5</ele>
            </trkpt>
            <trkpt lat="-37.7574644" lon="176.0736805">
                <ele>15</ele>
            </trkpt>
            <trkpt lat="-37.7573223" lon="176.073702">
                <ele>14</ele>
            </trkpt>
            <trkpt lat="-37.7572142" lon="176.0737315">
                <ele>13.2</ele>
            </trkpt>
            <trkpt lat="-37.7571336" lon="176.0737556">
                <ele>12.8</ele>
            </trkpt>
            <trkpt lat="-37.7570679" lon="176.0737824">
                <ele>12.2</ele>
            </trkpt>
            <trkpt lat="-37.7570021" lon="176.0738093">
                <ele>11.8</ele>
            </trkpt>
            <trkpt lat="-37.7569406" lon="176.0738388">
                <ele>11.2</ele>
            </trkpt>
            <trkpt lat="-37.75686" lon="176.0738844">
                <ele>11</ele>
            </trkpt>
            <trkpt lat="-37.7568049" lon="176.0739192">
                <ele>10.8</ele>
            </trkpt>
            <trkpt lat="-37.7567561" lon="176.0739541">
                <ele>10.5</ele>
            </trkpt>
            <trkpt lat="-37.7567137" lon="176.0739836">
                <ele>10.2</ele>
            </trkpt>
            <trkpt lat="-37.7566713" lon="176.0740185">
                <ele>10</ele>
            </trkpt>
            <trkpt lat="-37.7565589" lon="176.0741204">
                <ele>9.5</ele>
            </trkpt>
            <trkpt lat="-37.7564635" lon="176.074217">
                <ele>9</ele>
            </trkpt>
            <trkpt lat="-37.7563872" lon="176.0742974">
                <ele>9</ele>
            </trkpt>
            <trkpt lat="-37.7562663" lon="176.0744342">
                <ele>9</ele>
            </trkpt>
            <trkpt lat="-37.7561963" lon="176.074512">
                <ele>9</ele>
            </trkpt>
            <trkpt lat="-37.7561348" lon="176.0745871">
                <ele>9</ele>
            </trkpt>
            <trkpt lat="-37.7560436" lon="176.0746381">
                <ele>9.2</ele>
            </trkpt>
            <trkpt lat="-37.7557404" lon="176.0749868">
                <ele>10.5</ele>
            </trkpt>
            <trkpt lat="-37.7555135" lon="176.0752228">
                <ele>11.2</ele>
            </trkpt>
            <trkpt lat="-37.7552844" lon="176.0754132">
                <ele>12</ele>
            </trkpt>
            <trkpt lat="-37.7550702" lon="176.0755903">
                <ele>13</ele>
            </trkpt>
            <trkpt lat="-37.7547055" lon="176.0758236">
                <ele>13.2</ele>
            </trkpt>
            <trkpt lat="-37.7545952" lon="176.0758397">
                <ele>13.1</ele>
            </trkpt>
            <trkpt lat="-37.7545019" lon="176.075837">
                <ele>13</ele>
            </trkpt>
            <trkpt lat="-37.7544234" lon="176.0758236">
                <ele>12.9</ele>
            </trkpt>
            <trkpt lat="-37.7543386" lon="176.0757807">
                <ele>13</ele>
            </trkpt>
            <trkpt lat="-37.7542623" lon="176.0757753">
                <ele>12.9</ele>
            </trkpt>
            <trkpt lat="-37.754188" lon="176.0757968">
                <ele>12.9</ele>
            </trkpt>
            <trkpt lat="-37.7541223" lon="176.0758424">
                <ele>12.8</ele>
            </trkpt>
            <trkpt lat="-37.7540693" lon="176.0759121">
                <ele>12.8</ele>
            </trkpt>
            <trkpt lat="-37.7540332" lon="176.0759953">
                <ele>12.5</ele>
            </trkpt>
            <trkpt lat="-37.7540184" lon="176.076065">
                <ele>12.2</ele>
            </trkpt>
            <trkpt lat="-37.7540184" lon="176.0761374">
                <ele>12</ele>
            </trkpt>
            <trkpt lat="-37.7539866" lon="176.0764164">
                <ele>12.5</ele>
            </trkpt>
            <trkpt lat="-37.753819" lon="176.0770494">
                <ele>13.2</ele>
            </trkpt>
            <trkpt lat="-37.7537682" lon="176.0772344">
                <ele>13.5</ele>
            </trkpt>
            <trkpt lat="-37.7536918" lon="176.0775188">
                <ele>14</ele>
            </trkpt>
            <trkpt lat="-37.7535264" lon="176.0782751">
                <ele>16</ele>
            </trkpt>
            <trkpt lat="-37.7535222" lon="176.0784495">
                <ele>18</ele>
            </trkpt>
            <trkpt lat="-37.7534925" lon="176.078597">
                <ele>18</ele>
            </trkpt>
            <trkpt lat="-37.753431" lon="176.0788572">
                <ele>18.2</ele>
            </trkpt>
            <trkpt lat="-37.7533695" lon="176.0791254">
                <ele>18.8</ele>
            </trkpt>
            <trkpt lat="-37.7531192" lon="176.0803646">
                <ele>26</ele>
            </trkpt>
            <trkpt lat="-37.7528711" lon="176.0814536">
                <ele>32.5</ele>
            </trkpt>
            <trkpt lat="-37.7525127" lon="176.0829636">
                <ele>40.2</ele>
            </trkpt>
            <trkpt lat="-37.7523982" lon="176.0834786">
                <ele>44.2</ele>
            </trkpt>
            <trkpt lat="-37.7523303" lon="176.0838166">
                <ele>46.2</ele>
            </trkpt>
            <trkpt lat="-37.7523091" lon="176.0839266">
                <ele>47.2</ele>
            </trkpt>
            <trkpt lat="-37.7522837" lon="176.0840929">
                <ele>48.8</ele>
            </trkpt>
            <trkpt lat="-37.7522412" lon="176.0844845">
                <ele>50.2</ele>
            </trkpt>
            <trkpt lat="-37.7522264" lon="176.0846373">
                <ele>51.2</ele>
            </trkpt>
            <trkpt lat="-37.7522179" lon="176.0848626">
                <ele>52.8</ele>
            </trkpt>
            <trkpt lat="-37.75222" lon="176.085104">
                <ele>54.5</ele>
            </trkpt>
            <trkpt lat="-37.7522412" lon="176.085501">
                <ele>57.2</ele>
            </trkpt>
            <trkpt lat="-37.7522709" lon="176.0859087">
                <ele>58.8</ele>
            </trkpt>
            <trkpt lat="-37.7523006" lon="176.0863298">
                <ele>60.2</ele>
            </trkpt>
            <trkpt lat="-37.7523133" lon="176.0867053">
                <ele>61.2</ele>
            </trkpt>
            <trkpt lat="-37.7523155" lon="176.0871291">
                <ele>62</ele>
            </trkpt>
            <trkpt lat="-37.7522964" lon="176.0874617">
                <ele>62.8</ele>
            </trkpt>
            <trkpt lat="-37.7522815" lon="176.0876012">
                <ele>62.9</ele>
            </trkpt>
            <trkpt lat="-37.7522624" lon="176.087746">
                <ele>63</ele>
            </trkpt>
            <trkpt lat="-37.7521988" lon="176.0880545">
                <ele>62.8</ele>
            </trkpt>
            <trkpt lat="-37.752114" lon="176.0883307">
                <ele>62.5</ele>
            </trkpt>
            <trkpt lat="-37.7520398" lon="176.0885346">
                <ele>62.2</ele>
            </trkpt>
            <trkpt lat="-37.7519613" lon="176.0887358">
                <ele>62.2</ele>
            </trkpt>
            <trkpt lat="-37.751885" lon="176.088894">
                <ele>62.1</ele>
            </trkpt>
            <trkpt lat="-37.7517407" lon="176.0891756">
                <ele>62</ele>
            </trkpt>
            <trkpt lat="-37.751605" lon="176.0894144">
                <ele>61.5</ele>
            </trkpt>
            <trkpt lat="-37.7514587" lon="176.0896155">
                <ele>61.3</ele>
            </trkpt>
            <trkpt lat="-37.7513039" lon="176.0898167">
                <ele>61</ele>
            </trkpt>
            <trkpt lat="-37.7511321" lon="176.0899991">
                <ele>61.1</ele>
            </trkpt>
            <trkpt lat="-37.7509667" lon="176.0901546">
                <ele>61.1</ele>
            </trkpt>
            <trkpt lat="-37.750797" lon="176.0902888">
                <ele>61.2</ele>
            </trkpt>
            <trkpt lat="-37.7506464" lon="176.0903934">
                <ele>61.2</ele>
            </trkpt>
            <trkpt lat="-37.7498427" lon="176.0909164">
                <ele>59</ele>
            </trkpt>
            <trkpt lat="-37.7494673" lon="176.0911873">
                <ele>57.5</ele>
            </trkpt>
            <trkpt lat="-37.7490049" lon="176.0914984">
                <ele>57</ele>
            </trkpt>
            <trkpt lat="-37.7481184" lon="176.092051">
                <ele>54.8</ele>
            </trkpt>
            <trkpt lat="-37.7475606" lon="176.0924184">
                <ele>52.2</ele>
            </trkpt>
            <trkpt lat="-37.7474504" lon="176.0925043">
                <ele>51.8</ele>
            </trkpt>
            <trkpt lat="-37.7472807" lon="176.092582">
                <ele>51.5</ele>
            </trkpt>
            <trkpt lat="-37.7470304" lon="176.0927054">
                <ele>52</ele>
            </trkpt>
            <trkpt lat="-37.7467929" lon="176.0928074">
                <ele>53</ele>
            </trkpt>
            <trkpt lat="-37.7465935" lon="176.0928771">
                <ele>53.8</ele>
            </trkpt>
            <trkpt lat="-37.7463942" lon="176.0929361">
                <ele>55.2</ele>
            </trkpt>
            <trkpt lat="-37.7461842" lon="176.0929736">
                <ele>56.2</ele>
            </trkpt>
            <trkpt lat="-37.7460082" lon="176.0930005">
                <ele>57</ele>
            </trkpt>
            <trkpt lat="-37.7457536" lon="176.0930219">
                <ele>57.8</ele>
            </trkpt>
            <trkpt lat="-37.7450707" lon="176.0930595">
                <ele>54.2</ele>
            </trkpt>
            <trkpt lat="-37.7448841" lon="176.0930675">
                <ele>52</ele>
            </trkpt>
            <trkpt lat="-37.7446529" lon="176.0930809">
                <ele>48.8</ele>
            </trkpt>
            <trkpt lat="-37.7444047" lon="176.093097">
                <ele>45</ele>
            </trkpt>
            <trkpt lat="-37.7441311" lon="176.0931265">
                <ele>41.5</ele>
            </trkpt>
            <trkpt lat="-37.7438618" lon="176.0931748">
                <ele>39.5</ele>
            </trkpt>
            <trkpt lat="-37.7436497" lon="176.0932231">
                <ele>39.2</ele>
            </trkpt>
            <trkpt lat="-37.7434164" lon="176.0933089">
                <ele>39</ele>
            </trkpt>
            <trkpt lat="-37.7431576" lon="176.0934323">
                <ele>39.8</ele>
            </trkpt>
            <trkpt lat="-37.7429285" lon="176.0935718">
                <ele>40.8</ele>
            </trkpt>
            <trkpt lat="-37.7428013" lon="176.0936603">
                <ele>41.2</ele>
            </trkpt>
            <trkpt lat="-37.742674" lon="176.0937676">
                <ele>42</ele>
            </trkpt>
            <trkpt lat="-37.7424852" lon="176.0939473">
                <ele>43.5</ele>
            </trkpt>
            <trkpt lat="-37.7423962" lon="176.0940385">
                <ele>43.6</ele>
            </trkpt>
            <trkpt lat="-37.7423092" lon="176.0941431">
                <ele>43.8</ele>
            </trkpt>
            <trkpt lat="-37.7422244" lon="176.0942531">
                <ele>43.8</ele>
            </trkpt>
            <trkpt lat="-37.7418511" lon="176.0947466">
                <ele>44</ele>
            </trkpt>
            <trkpt lat="-37.7411617" lon="176.0956424">
                <ele>46</ele>
            </trkpt>
            <trkpt lat="-37.7407227" lon="176.0962352">
                <ele>48.2</ele>
            </trkpt>
            <trkpt lat="-37.7406569" lon="176.0963237">
                <ele>48.3</ele>
            </trkpt>
            <trkpt lat="-37.7405339" lon="176.0964847">
                <ele>48.4</ele>
            </trkpt>
            <trkpt lat="-37.7403769" lon="176.0966939">
                <ele>48.5</ele>
            </trkpt>
            <trkpt lat="-37.7401436" lon="176.0969943">
                <ele>48.1</ele>
            </trkpt>
            <trkpt lat="-37.7400715" lon="176.0970962">
                <ele>48</ele>
            </trkpt>
            <trkpt lat="-37.7393334" lon="176.0980806">
                <ele>47</ele>
            </trkpt>
            <trkpt lat="-37.7391552" lon="176.0983273">
                <ele>47</ele>
            </trkpt>
            <trkpt lat="-37.7391043" lon="176.0983998">
                <ele>46.8</ele>
            </trkpt>
            <trkpt lat="-37.7387755" lon="176.0988531">
                <ele>47</ele>
            </trkpt>
            <trkpt lat="-37.7386419" lon="176.0990354">
                <ele>47.2</ele>
            </trkpt>
            <trkpt lat="-37.7385167" lon="176.0992178">
                <ele>48</ele>
            </trkpt>
            <trkpt lat="-37.7383449" lon="176.0994807">
                <ele>49.2</ele>
            </trkpt>
            <trkpt lat="-37.7382389" lon="176.0996684">
                <ele>50</ele>
            </trkpt>
            <trkpt lat="-37.7381392" lon="176.0998589">
                <ele>50.8</ele>
            </trkpt>
            <trkpt lat="-37.7380564" lon="176.1000252">
                <ele>51</ele>
            </trkpt>
            <trkpt lat="-37.7379631" lon="176.1002263">
                <ele>50.9</ele>
            </trkpt>
            <trkpt lat="-37.7378867" lon="176.1004034">
                <ele>50.8</ele>
            </trkpt>
            <trkpt lat="-37.7377722" lon="176.1007091">
                <ele>49</ele>
            </trkpt>
            <trkpt lat="-37.7375474" lon="176.1013663">
                <ele>42</ele>
            </trkpt>
            <trkpt lat="-37.7372207" lon="176.1023533">
                <ele>28</ele>
            </trkpt>
            <trkpt lat="-37.7369598" lon="176.1030909">
                <ele>22.2</ele>
            </trkpt>
            <trkpt lat="-37.7362916" lon="176.1050168">
                <ele>15.5</ele>
            </trkpt>
            <trkpt lat="-37.7360477" lon="176.1057007">
                <ele>14</ele>
            </trkpt>
            <trkpt lat="-37.7358504" lon="176.1061352">
                <ele>12</ele>
            </trkpt>
            <trkpt lat="-37.7355725" lon="176.1069399">
                <ele>8.5</ele>
            </trkpt>
            <trkpt lat="-37.7355089" lon="176.1071223">
                <ele>7.8</ele>
            </trkpt>
            <trkpt lat="-37.7354431" lon="176.1072591">
                <ele>7.7</ele>
            </trkpt>
            <trkpt lat="-37.7353795" lon="176.1073557">
                <ele>7.6</ele>
            </trkpt>
            <trkpt lat="-37.7352756" lon="176.1074576">
                <ele>7.5</ele>
            </trkpt>
            <trkpt lat="-37.7351356" lon="176.1075488">
                <ele>8</ele>
            </trkpt>
            <trkpt lat="-37.7351271" lon="176.1075488">
                <ele>8</ele>
            </trkpt>
            <trkpt lat="-37.7350422" lon="176.1075971">
                <ele>8.2</ele>
            </trkpt>
            <trkpt lat="-37.7349913" lon="176.10764">
                <ele>8.1</ele>
            </trkpt>
            <trkpt lat="-37.7349404" lon="176.1077017">
                <ele>8</ele>
            </trkpt>
            <trkpt lat="-37.7349065" lon="176.1077634">
                <ele>7.8</ele>
            </trkpt>
            <trkpt lat="-37.7348768" lon="176.1078519">
                <ele>7.5</ele>
            </trkpt>
            <trkpt lat="-37.7348683" lon="176.1079457">
                <ele>7.2</ele>
            </trkpt>
            <trkpt lat="-37.7348747" lon="176.108045">
                <ele>7</ele>
            </trkpt>
            <trkpt lat="-37.7348916" lon="176.1081415">
                <ele>7</ele>
            </trkpt>
            <trkpt lat="-37.7348959" lon="176.1082917">
                <ele>7</ele>
            </trkpt>
            <trkpt lat="-37.7348831" lon="176.1084205">
                <ele>7</ele>
            </trkpt>
            <trkpt lat="-37.7348386" lon="176.1086029">
                <ele>7</ele>
            </trkpt>
            <trkpt lat="-37.7347813" lon="176.1087772">
                <ele>7</ele>
            </trkpt>
            <trkpt lat="-37.7346265" lon="176.1092493">
                <ele>8.2</ele>
            </trkpt>
            <trkpt lat="-37.7346116" lon="176.1093727">
                <ele>8</ele>
            </trkpt>
            <trkpt lat="-37.7344462" lon="176.1097938">
                <ele>8</ele>
            </trkpt>
            <trkpt lat="-37.7343931" lon="176.1099279">
                <ele>10</ele>
            </trkpt>
            <trkpt lat="-37.7342574" lon="176.1102846">
                <ele>10.5</ele>
            </trkpt>
            <trkpt lat="-37.7341407" lon="176.1105797">
                <ele>11</ele>
            </trkpt>
            <trkpt lat="-37.7340453" lon="176.1108264">
                <ele>9.8</ele>
            </trkpt>
            <trkpt lat="-37.7340347" lon="176.1108398">
                <ele>9.8</ele>
            </trkpt>
            <trkpt lat="-37.7338459" lon="176.1113414">
                <ele>9.5</ele>
            </trkpt>
            <trkpt lat="-37.7337568" lon="176.1116311">
                <ele>10.5</ele>
            </trkpt>
            <trkpt lat="-37.7336974" lon="176.1118671">
                <ele>11.8</ele>
            </trkpt>
            <trkpt lat="-37.7336613" lon="176.1121032">
                <ele>13.2</ele>
            </trkpt>
            <trkpt lat="-37.733638" lon="176.1124063">
                <ele>14.5</ele>
            </trkpt>
            <trkpt lat="-37.7336252" lon="176.1126208">
                <ele>16</ele>
            </trkpt>
            <trkpt lat="-37.7336252" lon="176.1128515">
                <ele>17.2</ele>
            </trkpt>
            <trkpt lat="-37.7336337" lon="176.1130822">
                <ele>18.2</ele>
            </trkpt>
            <trkpt lat="-37.7336507" lon="176.1133209">
                <ele>19.2</ele>
            </trkpt>
            <trkpt lat="-37.7336825" lon="176.1135623">
                <ele>19.5</ele>
            </trkpt>
            <trkpt lat="-37.7337249" lon="176.1137795">
                <ele>19.8</ele>
            </trkpt>
            <trkpt lat="-37.7338056" lon="176.1140692">
                <ele>19.5</ele>
            </trkpt>
            <trkpt lat="-37.7339519" lon="176.1144528">
                <ele>20</ele>
            </trkpt>
            <trkpt lat="-37.7340474" lon="176.1146513">
                <ele>19.2</ele>
            </trkpt>
            <trkpt lat="-37.734128" lon="176.1147854">
                <ele>19.1</ele>
            </trkpt>
            <trkpt lat="-37.7342234" lon="176.1149463">
                <ele>19</ele>
            </trkpt>
            <trkpt lat="-37.734355" lon="176.1151233">
                <ele>18.5</ele>
            </trkpt>
            <trkpt lat="-37.7345544" lon="176.115362">
                <ele>18.2</ele>
            </trkpt>
            <trkpt lat="-37.7348089" lon="176.1156598">
                <ele>17.2</ele>
            </trkpt>
            <trkpt lat="-37.7351038" lon="176.1160541">
                <ele>14.8</ele>
            </trkpt>
            <trkpt lat="-37.735125" lon="176.1160889">
                <ele>14.5</ele>
            </trkpt>
            <trkpt lat="-37.7352247" lon="176.1162525">
                <ele>13</ele>
            </trkpt>
            <trkpt lat="-37.7353477" lon="176.116502">
                <ele>11.2</ele>
            </trkpt>
            <trkpt lat="-37.7354368" lon="176.1167273">
                <ele>10.5</ele>
            </trkpt>
            <trkpt lat="-37.7354665" lon="176.1168453">
                <ele>10.2</ele>
            </trkpt>
            <trkpt lat="-37.7355131" lon="176.1170277">
                <ele>9.8</ele>
            </trkpt>
            <trkpt lat="-37.7355577" lon="176.1172825">
                <ele>9.2</ele>
            </trkpt>
            <trkpt lat="-37.7355789" lon="176.1175266">
                <ele>10.2</ele>
            </trkpt>
            <trkpt lat="-37.735581" lon="176.1178163">
                <ele>12.5</ele>
            </trkpt>
            <trkpt lat="-37.7355619" lon="176.1181033">
                <ele>15</ele>
            </trkpt>
            <trkpt lat="-37.7355259" lon="176.118452">
                <ele>18.5</ele>
            </trkpt>
            <trkpt lat="-37.7354622" lon="176.1189374">
                <ele>22.2</ele>
            </trkpt>
            <trkpt lat="-37.7353816" lon="176.1194685">
                <ele>24</ele>
            </trkpt>
            <trkpt lat="-37.735335" lon="176.119785">
                <ele>25.5</ele>
            </trkpt>
            <trkpt lat="-37.7352416" lon="176.120536">
                <ele>32</ele>
            </trkpt>
            <trkpt lat="-37.7352035" lon="176.1210215">
                <ele>37</ele>
            </trkpt>
            <trkpt lat="-37.7351547" lon="176.1215526">
                <ele>41</ele>
            </trkpt>
            <trkpt lat="-37.735091" lon="176.1221829">
                <ele>42.9</ele>
            </trkpt>
            <trkpt lat="-37.7350847" lon="176.1222205">
                <ele>43</ele>
            </trkpt>
            <trkpt lat="-37.7350104" lon="176.1224216">
                <ele>42.8</ele>
            </trkpt>
            <trkpt lat="-37.7349786" lon="176.1225826">
                <ele>42.5</ele>
            </trkpt>
            <trkpt lat="-37.7349531" lon="176.1227059">
                <ele>42.4</ele>
            </trkpt>
            <trkpt lat="-37.7349256" lon="176.1228186">
                <ele>42.3</ele>
            </trkpt>
            <trkpt lat="-37.7348874" lon="176.1229205">
                <ele>42.2</ele>
            </trkpt>
            <trkpt lat="-37.7348577" lon="176.1230037">
                <ele>42.1</ele>
            </trkpt>
            <trkpt lat="-37.7348153" lon="176.1231136">
                <ele>42</ele>
            </trkpt>
            <trkpt lat="-37.7347813" lon="176.1231458">
                <ele>42</ele>
            </trkpt>
            <trkpt lat="-37.7347538" lon="176.1231887">
                <ele>42</ele>
            </trkpt>
            <trkpt lat="-37.7347368" lon="176.123237">
                <ele>42</ele>
            </trkpt>
            <trkpt lat="-37.7347304" lon="176.1232692">
                <ele>42</ele>
            </trkpt>
            <trkpt lat="-37.7347283" lon="176.1233014">
                <ele>42</ele>
            </trkpt>
            <trkpt lat="-37.7347347" lon="176.1233631">
                <ele>42.1</ele>
            </trkpt>
            <trkpt lat="-37.7347538" lon="176.1234194">
                <ele>42.1</ele>
            </trkpt>
            <trkpt lat="-37.7347835" lon="176.1234677">
                <ele>42.2</ele>
            </trkpt>
            <trkpt lat="-37.7348238" lon="176.1235026">
                <ele>42.2</ele>
            </trkpt>
            <trkpt lat="-37.7348662" lon="176.1235213">
                <ele>43</ele>
            </trkpt>
            <trkpt lat="-37.7349044" lon="176.1235267">
                <ele>43</ele>
            </trkpt>
            <trkpt lat="-37.7350019" lon="176.1237279">
                <ele>43.2</ele>
            </trkpt>
            <trkpt lat="-37.7350486" lon="176.123811">
                <ele>43</ele>
            </trkpt>
            <trkpt lat="-37.7350953" lon="176.1239237">
                <ele>43</ele>
            </trkpt>
            <trkpt lat="-37.7351228" lon="176.1240175">
                <ele>43</ele>
            </trkpt>
            <trkpt lat="-37.735161" lon="176.1242133">
                <ele>43</ele>
            </trkpt>
            <trkpt lat="-37.7351844" lon="176.124275">
                <ele>43</ele>
            </trkpt>
            <trkpt lat="-37.7352225" lon="176.124377">
                <ele>43</ele>
            </trkpt>
            <trkpt lat="-37.7352607" lon="176.1246479">
                <ele>42.2</ele>
            </trkpt>
            <trkpt lat="-37.7353562" lon="176.1250931">
                <ele>41</ele>
            </trkpt>
            <trkpt lat="-37.7377743" lon="176.1360633">
                <ele>7</ele>
            </trkpt>
            <trkpt lat="-37.7382792" lon="176.1384344">
                <ele>16</ele>
            </trkpt>
            <trkpt lat="-37.7384849" lon="176.139341">
                <ele>17</ele>
            </trkpt>
            <trkpt lat="-37.7384913" lon="176.1394429">
                <ele>16.8</ele>
            </trkpt>
            <trkpt lat="-37.7384998" lon="176.1395422">
                <ele>16.5</ele>
            </trkpt>
            <trkpt lat="-37.7385104" lon="176.1396253">
                <ele>16.2</ele>
            </trkpt>
            <trkpt lat="-37.7386334" lon="176.1401457">
                <ele>14.5</ele>
            </trkpt>
            <trkpt lat="-37.7386546" lon="176.1402529">
                <ele>14</ele>
            </trkpt>
            <trkpt lat="-37.7386694" lon="176.14032">
                <ele>13.8</ele>
            </trkpt>
            <trkpt lat="-37.73868" lon="176.1403978">
                <ele>13.2</ele>
            </trkpt>
            <trkpt lat="-37.7386822" lon="176.1404595">
                <ele>13</ele>
            </trkpt>
            <trkpt lat="-37.7386758" lon="176.1405292">
                <ele>12.8</ele>
            </trkpt>
            <trkpt lat="-37.738661" lon="176.1406311">
                <ele>12.5</ele>
            </trkpt>
            <trkpt lat="-37.738627" lon="176.1407599">
                <ele>12</ele>
            </trkpt>
            <trkpt lat="-37.7385973" lon="176.1408135">
                <ele>11.8</ele>
            </trkpt>
            <trkpt lat="-37.738574" lon="176.1408699">
                <ele>12</ele>
            </trkpt>
            <trkpt lat="-37.7385549" lon="176.1409396">
                <ele>11.8</ele>
            </trkpt>
            <trkpt lat="-37.7385485" lon="176.141012">
                <ele>11.5</ele>
            </trkpt>
            <trkpt lat="-37.7385528" lon="176.1410844">
                <ele>11.2</ele>
            </trkpt>
            <trkpt lat="-37.7385676" lon="176.1411542">
                <ele>11</ele>
            </trkpt>
            <trkpt lat="-37.7385931" lon="176.1412212">
                <ele>10.8</ele>
            </trkpt>
            <trkpt lat="-37.7386419" lon="176.1413124">
                <ele>10</ele>
            </trkpt>
            <trkpt lat="-37.7386694" lon="176.1413392">
                <ele>10</ele>
            </trkpt>
            <trkpt lat="-37.7387755" lon="176.1414841">
                <ele>9</ele>
            </trkpt>
            <trkpt lat="-37.7388349" lon="176.1415833">
                <ele>8.5</ele>
            </trkpt>
            <trkpt lat="-37.7388752" lon="176.1416692">
                <ele>8</ele>
            </trkpt>
            <trkpt lat="-37.7389219" lon="176.1417899">
                <ele>7.5</ele>
            </trkpt>
            <trkpt lat="-37.7389728" lon="176.1419722">
                <ele>7.5</ele>
            </trkpt>
            <trkpt lat="-37.7390343" lon="176.1421975">
                <ele>7.5</ele>
            </trkpt>
            <trkpt lat="-37.7390618" lon="176.1422807">
                <ele>7.5</ele>
            </trkpt>
            <trkpt lat="-37.7391191" lon="176.1424041">
                <ele>7.5</ele>
            </trkpt>
            <trkpt lat="-37.7391318" lon="176.1424631">
                <ele>6</ele>
            </trkpt>
            <trkpt lat="-37.7394543" lon="176.1437854">
                <ele>7</ele>
            </trkpt>
            <trkpt lat="-37.7395603" lon="176.1442253">
                <ele>7.5</ele>
            </trkpt>
            <trkpt lat="-37.7396664" lon="176.1447027">
                <ele>8.8</ele>
            </trkpt>
            <trkpt lat="-37.7397767" lon="176.1452392">
                <ele>10.2</ele>
            </trkpt>
            <trkpt lat="-37.7398424" lon="176.14562">
                <ele>11</ele>
            </trkpt>
            <trkpt lat="-37.7398997" lon="176.1459982">
                <ele>11.5</ele>
            </trkpt>
            <trkpt lat="-37.7399357" lon="176.1463657">
                <ele>11.8</ele>
            </trkpt>
            <trkpt lat="-37.7399442" lon="176.1466098">
                <ele>12</ele>
            </trkpt>
            <trkpt lat="-37.7399357" lon="176.1469719">
                <ele>12.2</ele>
            </trkpt>
            <trkpt lat="-37.7399188" lon="176.1472106">
                <ele>13</ele>
            </trkpt>
            <trkpt lat="-37.7398912" lon="176.14746">
                <ele>12.8</ele>
            </trkpt>
            <trkpt lat="-37.7398445" lon="176.1477685">
                <ele>12.5</ele>
            </trkpt>
            <trkpt lat="-37.7397045" lon="176.1483398">
                <ele>12.2</ele>
            </trkpt>
            <trkpt lat="-37.7396006" lon="176.1486697">
                <ele>12</ele>
            </trkpt>
            <trkpt lat="-37.739467" lon="176.149005">
                <ele>12.2</ele>
            </trkpt>
            <trkpt lat="-37.7393694" lon="176.1492276">
                <ele>12.5</ele>
            </trkpt>
            <trkpt lat="-37.7392655" lon="176.1494315">
                <ele>12.8</ele>
            </trkpt>
            <trkpt lat="-37.7390512" lon="176.1497721">
                <ele>14.5</ele>
            </trkpt>
            <trkpt lat="-37.7388731" lon="176.1500484">
                <ele>15.8</ele>
            </trkpt>
            <trkpt lat="-37.7387161" lon="176.1502576">
                <ele>17.5</ele>
            </trkpt>
            <trkpt lat="-37.7385316" lon="176.1504561">
                <ele>18.5</ele>
            </trkpt>
            <trkpt lat="-37.7383449" lon="176.1506385">
                <ele>19</ele>
            </trkpt>
            <trkpt lat="-37.7381413" lon="176.1508182">
                <ele>19.5</ele>
            </trkpt>
            <trkpt lat="-37.7380098" lon="176.1509201">
                <ele>19.2</ele>
            </trkpt>
            <trkpt lat="-37.7378867" lon="176.1510086">
                <ele>19</ele>
            </trkpt>
            <trkpt lat="-37.7377616" lon="176.1510354">
                <ele>18.8</ele>
            </trkpt>
            <trkpt lat="-37.7375983" lon="176.1511347">
                <ele>19</ele>
            </trkpt>
            <trkpt lat="-37.7374392" lon="176.1512285">
                <ele>19.5</ele>
            </trkpt>
            <trkpt lat="-37.7373989" lon="176.1512473">
                <ele>19.6</ele>
            </trkpt>
            <trkpt lat="-37.7373734" lon="176.1512607">
                <ele>19.6</ele>
            </trkpt>
            <trkpt lat="-37.7373437" lon="176.1512715">
                <ele>19.7</ele>
            </trkpt>
            <trkpt lat="-37.7373098" lon="176.1512768">
                <ele>19.7</ele>
            </trkpt>
            <trkpt lat="-37.7372589" lon="176.1512795">
                <ele>19.8</ele>
            </trkpt>
            <trkpt lat="-37.7371656" lon="176.1512876">
                <ele>20</ele>
            </trkpt>
            <trkpt lat="-37.7371613" lon="176.1512849">
                <ele>20</ele>
            </trkpt>
            <trkpt lat="-37.7371401" lon="176.1512768">
                <ele>20</ele>
            </trkpt>
            <trkpt lat="-37.7371019" lon="176.1512768">
                <ele>20</ele>
            </trkpt>
            <trkpt lat="-37.7370595" lon="176.1512822">
                <ele>20</ele>
            </trkpt>
            <trkpt lat="-37.7370298" lon="176.1512929">
                <ele>20</ele>
            </trkpt>
            <trkpt lat="-37.7369789" lon="176.1513144">
                <ele>20</ele>
            </trkpt>
            <trkpt lat="-37.7369322" lon="176.1513546">
                <ele>20</ele>
            </trkpt>
            <trkpt lat="-37.7367328" lon="176.1515316">
                <ele>21</ele>
            </trkpt>
            <trkpt lat="-37.7365695" lon="176.1516389">
                <ele>20.8</ele>
            </trkpt>
            <trkpt lat="-37.7358144" lon="176.151934">
                <ele>20</ele>
            </trkpt>
            <trkpt lat="-37.734915" lon="176.1523578">
                <ele>18</ele>
            </trkpt>
            <trkpt lat="-37.7347495" lon="176.1524248">
                <ele>17.5</ele>
            </trkpt>
            <trkpt lat="-37.7341747" lon="176.1527038">
                <ele>15.5</ele>
            </trkpt>
            <trkpt lat="-37.733814" lon="176.1529532">
                <ele>14.5</ele>
            </trkpt>
            <trkpt lat="-37.7334237" lon="176.1532724">
                <ele>13.2</ele>
            </trkpt>
            <trkpt lat="-37.7329719" lon="176.1536962">
                <ele>12.2</ele>
            </trkpt>
            <trkpt lat="-37.7325667" lon="176.1541682">
                <ele>11</ele>
            </trkpt>
            <trkpt lat="-37.7322655" lon="176.1545652">
                <ele>10.2</ele>
            </trkpt>
            <trkpt lat="-37.7319558" lon="176.1550292">
                <ele>9.2</ele>
            </trkpt>
            <trkpt lat="-37.7316673" lon="176.1555603">
                <ele>8.6</ele>
            </trkpt>
            <trkpt lat="-37.7314615" lon="176.1560458">
                <ele>8</ele>
            </trkpt>
            <trkpt lat="-37.7312939" lon="176.156534">
                <ele>8.2</ele>
            </trkpt>
            <trkpt lat="-37.731137" lon="176.1570436">
                <ele>8.8</ele>
            </trkpt>
            <trkpt lat="-37.7310097" lon="176.1575612">
                <ele>9</ele>
            </trkpt>
            <trkpt lat="-37.7307848" lon="176.1585054">
                <ele>8.8</ele>
            </trkpt>
            <trkpt lat="-37.7301166" lon="176.1614451">
                <ele>5.8</ele>
            </trkpt>
            <trkpt lat="-37.730106" lon="176.1614934">
                <ele>5.8</ele>
            </trkpt>
            <trkpt lat="-37.730089" lon="176.1615658">
                <ele>6</ele>
            </trkpt>
            <trkpt lat="-37.7299405" lon="176.1621773">
                <ele>8</ele>
            </trkpt>
            <trkpt lat="-37.7297687" lon="176.1627647">
                <ele>10.2</ele>
            </trkpt>
            <trkpt lat="-37.7296117" lon="176.1632743">
                <ele>12.2</ele>
            </trkpt>
            <trkpt lat="-37.7292702" lon="176.1642373">
                <ele>21</ele>
            </trkpt>
            <trkpt lat="-37.7287971" lon="176.1656159">
                <ele>32.5</ele>
            </trkpt>
            <trkpt lat="-37.7287271" lon="176.1657929">
                <ele>33</ele>
            </trkpt>
            <trkpt lat="-37.7286083" lon="176.1660799">
                <ele>35</ele>
            </trkpt>
            <trkpt lat="-37.7284343" lon="176.1664876">
                <ele>36.8</ele>
            </trkpt>
            <trkpt lat="-37.7282561" lon="176.1668122">
                <ele>37.2</ele>
            </trkpt>
            <trkpt lat="-37.7280419" lon="176.1671448">
                <ele>37.6</ele>
            </trkpt>
            <trkpt lat="-37.7277512" lon="176.1675337">
                <ele>38</ele>
            </trkpt>
            <trkpt lat="-37.7274733" lon="176.1678153">
                <ele>38.2</ele>
            </trkpt>
            <trkpt lat="-37.7272866" lon="176.1679736">
                <ele>37.5</ele>
            </trkpt>
            <trkpt lat="-37.7271254" lon="176.1680996">
                <ele>37</ele>
            </trkpt>
            <trkpt lat="-37.7270512" lon="176.1681506">
                <ele>37</ele>
            </trkpt>
            <trkpt lat="-37.7269239" lon="176.1681533">
                <ele>36.8</ele>
            </trkpt>
            <trkpt lat="-37.7269027" lon="176.1681613">
                <ele>36.7</ele>
            </trkpt>
            <trkpt lat="-37.726839" lon="176.1681855">
                <ele>36.5</ele>
            </trkpt>
            <trkpt lat="-37.7267839" lon="176.1681935">
                <ele>36.3</ele>
            </trkpt>
            <trkpt lat="-37.7267054" lon="176.1681989">
                <ele>36</ele>
            </trkpt>
            <trkpt lat="-37.7266884" lon="176.1681908">
                <ele>36</ele>
            </trkpt>
            <trkpt lat="-37.7266714" lon="176.1681855">
                <ele>36</ele>
            </trkpt>
            <trkpt lat="-37.7266544" lon="176.1681828">
                <ele>36</ele>
            </trkpt>
            <trkpt lat="-37.7266396" lon="176.1681828">
                <ele>36</ele>
            </trkpt>
            <trkpt lat="-37.7266163" lon="176.1681828">
                <ele>36</ele>
            </trkpt>
            <trkpt lat="-37.7265972" lon="176.1681882">
                <ele>35.9</ele>
            </trkpt>
            <trkpt lat="-37.7265675" lon="176.1681962">
                <ele>35.9</ele>
            </trkpt>
            <trkpt lat="-37.7265378" lon="176.1682123">
                <ele>35.9</ele>
            </trkpt>
            <trkpt lat="-37.7265017" lon="176.1682391">
                <ele>35.8</ele>
            </trkpt>
            <trkpt lat="-37.7264741" lon="176.168274">
                <ele>35.8</ele>
            </trkpt>
            <trkpt lat="-37.7264635" lon="176.1682981">
                <ele>36</ele>
            </trkpt>
            <trkpt lat="-37.7263808" lon="176.1684161">
                <ele>35.8</ele>
            </trkpt>
            <trkpt lat="-37.7263341" lon="176.1684752">
                <ele>35</ele>
            </trkpt>
            <trkpt lat="-37.7263235" lon="176.1684886">
                <ele>34.9</ele>
            </trkpt>
            <trkpt lat="-37.7262896" lon="176.1685234">
                <ele>34.8</ele>
            </trkpt>
            <trkpt lat="-37.7262514" lon="176.1685556">
                <ele>34.5</ele>
            </trkpt>
            <trkpt lat="-37.7261432" lon="176.1686334">
                <ele>34.2</ele>
            </trkpt>
            <trkpt lat="-37.7259225" lon="176.168789">
                <ele>34</ele>
            </trkpt>
            <trkpt lat="-37.7256637" lon="176.1690009">
                <ele>33.8</ele>
            </trkpt>
            <trkpt lat="-37.7251652" lon="176.1695293">
                <ele>34</ele>
            </trkpt>
            <trkpt lat="-37.7250421" lon="176.1696687">
                <ele>34.1</ele>
            </trkpt>
            <trkpt lat="-37.7249827" lon="176.1697277">
                <ele>34.1</ele>
            </trkpt>
            <trkpt lat="-37.724936" lon="176.1697599">
                <ele>34.2</ele>
            </trkpt>
            <trkpt lat="-37.7249191" lon="176.1697733">
                <ele>34.2</ele>
            </trkpt>
            <trkpt lat="-37.7248915" lon="176.1697894">
                <ele>34.2</ele>
            </trkpt>
            <trkpt lat="-37.7248533" lon="176.1698055">
                <ele>34.2</ele>
            </trkpt>
            <trkpt lat="-37.7248448" lon="176.1698082">
                <ele>34.2</ele>
            </trkpt>
            <trkpt lat="-37.7248151" lon="176.1698136">
                <ele>34.2</ele>
            </trkpt>
            <trkpt lat="-37.7247578" lon="176.1698216">
                <ele>34.5</ele>
            </trkpt>
            <trkpt lat="-37.7246878" lon="176.1698189">
                <ele>36</ele>
            </trkpt>
            <trkpt lat="-37.7246348" lon="176.1698163">
                <ele>36.2</ele>
            </trkpt>
            <trkpt lat="-37.7245817" lon="176.1698189">
                <ele>36.5</ele>
            </trkpt>
            <trkpt lat="-37.7245139" lon="176.1698297">
                <ele>36.5</ele>
            </trkpt>
            <trkpt lat="-37.7244545" lon="176.1698511">
                <ele>36.5</ele>
            </trkpt>
            <trkpt lat="-37.7243823" lon="176.169886">
                <ele>36.5</ele>
            </trkpt>
            <trkpt lat="-37.7242953" lon="176.1699423">
                <ele>37</ele>
            </trkpt>
            <trkpt lat="-37.7242317" lon="176.1699986">
                <ele>37.2</ele>
            </trkpt>
            <trkpt lat="-37.7241702" lon="176.1700657">
                <ele>37.5</ele>
            </trkpt>
            <trkpt lat="-37.7241532" lon="176.1700898">
                <ele>37.4</ele>
            </trkpt>
            <trkpt lat="-37.7241023" lon="176.1701542">
                <ele>37.2</ele>
            </trkpt>
            <trkpt lat="-37.7240492" lon="176.17024">
                <ele>37</ele>
            </trkpt>
            <trkpt lat="-37.7240365" lon="176.1702722">
                <ele>37</ele>
            </trkpt>
            <trkpt lat="-37.7240217" lon="176.1703017">
                <ele>37</ele>
            </trkpt>
            <trkpt lat="-37.7240004" lon="176.1703554">
                <ele>37</ele>
            </trkpt>
            <trkpt lat="-37.7239898" lon="176.1704037">
                <ele>37</ele>
            </trkpt>
            <trkpt lat="-37.7239835" lon="176.1704385">
                <ele>37</ele>
            </trkpt>
            <trkpt lat="-37.7239814" lon="176.1705217">
                <ele>36.8</ele>
            </trkpt>
            <trkpt lat="-37.7239814" lon="176.1705726">
                <ele>36.5</ele>
            </trkpt>
            <trkpt lat="-37.7239898" lon="176.1706263">
                <ele>36.2</ele>
            </trkpt>
            <trkpt lat="-37.7240026" lon="176.1706826">
                <ele>36</ele>
            </trkpt>
            <trkpt lat="-37.7240238" lon="176.1707336">
                <ele>35.8</ele>
            </trkpt>
            <trkpt lat="-37.7240556" lon="176.1707953">
                <ele>35.5</ele>
            </trkpt>
            <trkpt lat="-37.7240853" lon="176.1708516">
                <ele>35.2</ele>
            </trkpt>
            <trkpt lat="-37.7241171" lon="176.1708972">
                <ele>35</ele>
            </trkpt>
            <trkpt lat="-37.7241214" lon="176.1709026">
                <ele>35</ele>
            </trkpt>
            <trkpt lat="-37.7241659" lon="176.1710313">
                <ele>34.8</ele>
            </trkpt>
            <trkpt lat="-37.7241999" lon="176.1711815">
                <ele>34.5</ele>
            </trkpt>
            <trkpt lat="-37.7242062" lon="176.1712754">
                <ele>35</ele>
            </trkpt>
            <trkpt lat="-37.7242253" lon="176.1715195">
                <ele>35.5</ele>
            </trkpt>
            <trkpt lat="-37.7242381" lon="176.172013">
                <ele>36</ele>
            </trkpt>
            <trkpt lat="-37.7242317" lon="176.1721739">
                <ele>36.2</ele>
            </trkpt>
            <trkpt lat="-37.7242126" lon="176.1723402">
                <ele>36.2</ele>
            </trkpt>
            <trkpt lat="-37.7241787" lon="176.1725387">
                <ele>36</ele>
            </trkpt>
            <trkpt lat="-37.7241214" lon="176.1727667">
                <ele>35.9</ele>
            </trkpt>
            <trkpt lat="-37.7240514" lon="176.1729974">
                <ele>35.8</ele>
            </trkpt>
            <trkpt lat="-37.7239792" lon="176.1732012">
                <ele>35.2</ele>
            </trkpt>
            <trkpt lat="-37.7238986" lon="176.1734051">
                <ele>35.4</ele>
            </trkpt>
            <trkpt lat="-37.7237777" lon="176.1736625">
                <ele>35.5</ele>
            </trkpt>
            <trkpt lat="-37.7235167" lon="176.1741695">
                <ele>34</ele>
            </trkpt>
            <trkpt lat="-37.7234085" lon="176.1743197">
                <ele>33.5</ele>
            </trkpt>
            <trkpt lat="-37.723277" lon="176.174486">
                <ele>33.2</ele>
            </trkpt>
            <trkpt lat="-37.7231433" lon="176.1746442">
                <ele>33</ele>
            </trkpt>
            <trkpt lat="-37.7229354" lon="176.1748642">
                <ele>33.8</ele>
            </trkpt>
            <trkpt lat="-37.7227742" lon="176.1750117">
                <ele>34.2</ele>
            </trkpt>
            <trkpt lat="-37.7226575" lon="176.1751083">
                <ele>34.5</ele>
            </trkpt>
            <trkpt lat="-37.7225811" lon="176.1751726">
                <ele>34.8</ele>
            </trkpt>
            <trkpt lat="-37.7224178" lon="176.175296">
                <ele>35.5</ele>
            </trkpt>
            <trkpt lat="-37.719108" lon="176.1775437">
                <ele>34.7</ele>
            </trkpt>
            <trkpt lat="-37.7188407" lon="176.177761">
                <ele>34.6</ele>
            </trkpt>
            <trkpt lat="-37.7185988" lon="176.1779809">
                <ele>34.6</ele>
            </trkpt>
            <trkpt lat="-37.7183527" lon="176.1782143">
                <ele>34.5</ele>
            </trkpt>
            <trkpt lat="-37.7181129" lon="176.1784664">
                <ele>35</ele>
            </trkpt>
            <trkpt lat="-37.7178859" lon="176.1787158">
                <ele>35.8</ele>
            </trkpt>
            <trkpt lat="-37.7176653" lon="176.1789814">
                <ele>35</ele>
            </trkpt>
            <trkpt lat="-37.7174595" lon="176.1792442">
                <ele>34.2</ele>
            </trkpt>
            <trkpt lat="-37.7172664" lon="176.1795071">
                <ele>32.5</ele>
            </trkpt>
            <trkpt lat="-37.7142004" lon="176.1837772">
                <ele>27</ele>
            </trkpt>
            <trkpt lat="-37.7143468" lon="176.1836591">
                <ele>27.5</ele>
            </trkpt>
            <trkpt lat="-37.7147775" lon="176.1831307">
                <ele>28.5</ele>
            </trkpt>
            <trkpt lat="-37.7152783" lon="176.182546">
                <ele>28</ele>
            </trkpt>
            <trkpt lat="-37.7160824" lon="176.1816528">
                <ele>26</ele>
            </trkpt>
            <trkpt lat="-37.716214" lon="176.1815724">
                <ele>25.5</ele>
            </trkpt>
            <trkpt lat="-37.7162713" lon="176.1815456">
                <ele>25.2</ele>
            </trkpt>
            <trkpt lat="-37.7163158" lon="176.1815321">
                <ele>25</ele>
            </trkpt>
            <trkpt lat="-37.7163965" lon="176.1816448">
                <ele>23.8</ele>
            </trkpt>
            <trkpt lat="-37.7164474" lon="176.1817226">
                <ele>23</ele>
            </trkpt>
            <trkpt lat="-37.7162182" lon="176.1819854">
                <ele>23.5</ele>
            </trkpt>
            <trkpt lat="-37.7161249" lon="176.1821169">
                <ele>23.8</ele>
            </trkpt>
            <trkpt lat="-37.7160506" lon="176.1822242">
                <ele>24</ele>
            </trkpt>
            <trkpt lat="-37.7159785" lon="176.1823663">
                <ele>23.9</ele>
            </trkpt>
            <trkpt lat="-37.7159318" lon="176.1825085">
                <ele>23.8</ele>
            </trkpt>
            <trkpt lat="-37.7158045" lon="176.1828277">
                <ele>23.5</ele>
            </trkpt>
            <trkpt lat="-37.7156751" lon="176.1831039">
                <ele>24</ele>
            </trkpt>
            <trkpt lat="-37.7151955" lon="176.183745">
                <ele>26.2</ele>
            </trkpt>
            <trkpt lat="-37.7142428" lon="176.1848769">
                <ele>27</ele>
            </trkpt>
            <trkpt lat="-37.7136806" lon="176.185526">
                <ele>26.8</ele>
            </trkpt>
            <trkpt lat="-37.7135066" lon="176.1857218">
                <ele>27</ele>
            </trkpt>
            <trkpt lat="-37.7125793" lon="176.1867651">
                <ele>25</ele>
            </trkpt>
            <trkpt lat="-37.7125051" lon="176.186859">
                <ele>24.8</ele>
            </trkpt>
            <trkpt lat="-37.712452" lon="176.1869368">
                <ele>24.5</ele>
            </trkpt>
            <trkpt lat="-37.7124032" lon="176.1870253">
                <ele>24.2</ele>
            </trkpt>
            <trkpt lat="-37.7123586" lon="176.1871272">
                <ele>24.2</ele>
            </trkpt>
            <trkpt lat="-37.7123268" lon="176.1872345">
                <ele>24.2</ele>
            </trkpt>
            <trkpt lat="-37.7122992" lon="176.1873633">
                <ele>24.1</ele>
            </trkpt>
            <trkpt lat="-37.7122886" lon="176.1874706">
                <ele>24.1</ele>
            </trkpt>
            <trkpt lat="-37.7122844" lon="176.1875778">
                <ele>24.1</ele>
            </trkpt>
            <trkpt lat="-37.7122865" lon="176.1876744">
                <ele>24</ele>
            </trkpt>
            <trkpt lat="-37.7122971" lon="176.1877683">
                <ele>24</ele>
            </trkpt>
            <trkpt lat="-37.7123226" lon="176.1878836">
                <ele>24.2</ele>
            </trkpt>
            <trkpt lat="-37.7123629" lon="176.1880043">
                <ele>24.3</ele>
            </trkpt>
            <trkpt lat="-37.7124223" lon="176.1881277">
                <ele>24.4</ele>
            </trkpt>
            <trkpt lat="-37.712486" lon="176.188243">
                <ele>24.5</ele>
            </trkpt>
            <trkpt lat="-37.7128148" lon="176.1887848">
                <ele>26.8</ele>
            </trkpt>
            <trkpt lat="-37.7130419" lon="176.1891711">
                <ele>27</ele>
            </trkpt>
            <trkpt lat="-37.713271" lon="176.1895466">
                <ele>27.8</ele>
            </trkpt>
            <trkpt lat="-37.7133517" lon="176.1896458">
                <ele>28.2</ele>
            </trkpt>
            <trkpt lat="-37.713445" lon="176.1897236">
                <ele>28.5</ele>
            </trkpt>
            <trkpt lat="-37.7135533" lon="176.189788">
                <ele>28.2</ele>
            </trkpt>
            <trkpt lat="-37.7136487" lon="176.1898255">
                <ele>28.1</ele>
            </trkpt>
            <trkpt lat="-37.7137697" lon="176.1898389">
                <ele>28</ele>
            </trkpt>
            <trkpt lat="-37.7138927" lon="176.1898336">
                <ele>28.1</ele>
            </trkpt>
            <trkpt lat="-37.7140031" lon="176.1898041">
                <ele>28.1</ele>
            </trkpt>
            <trkpt lat="-37.7141007" lon="176.1897558">
                <ele>28.2</ele>
            </trkpt>
            <trkpt lat="-37.7141749" lon="176.1897075">
                <ele>28.2</ele>
            </trkpt>
            <trkpt lat="-37.7142556" lon="176.1896351">
                <ele>28.5</ele>
            </trkpt>
            <trkpt lat="-37.7143171" lon="176.1895519">
                <ele>28.8</ele>
            </trkpt>
            <trkpt lat="-37.7143808" lon="176.1894447">
                <ele>29</ele>
            </trkpt>
            <trkpt lat="-37.7144296" lon="176.189332">
                <ele>29.5</ele>
            </trkpt>
            <trkpt lat="-37.7144699" lon="176.1891925">
                <ele>30</ele>
            </trkpt>
            <trkpt lat="-37.7145887" lon="176.189273">
                <ele>29</ele>
            </trkpt>
            <trkpt lat="-37.7147075" lon="176.1893803">
                <ele>28.8</ele>
            </trkpt>
            <trkpt lat="-37.7148051" lon="176.1895117">
                <ele>28.5</ele>
            </trkpt>
            <trkpt lat="-37.7148454" lon="176.1896834">
                <ele>27.8</ele>
            </trkpt>
            <trkpt lat="-37.7148497" lon="176.1898765">
                <ele>25.8</ele>
            </trkpt>
            <trkpt lat="-37.7147733" lon="176.1901152">
                <ele>23.5</ele>
            </trkpt>
            <trkpt lat="-37.7147224" lon="176.1903539">
                <ele>21.5</ele>
            </trkpt>
            <trkpt lat="-37.7147266" lon="176.1904076">
                <ele>21</ele>
            </trkpt>
            <trkpt lat="-37.7147457" lon="176.1904585">
                <ele>20.5</ele>
            </trkpt>
            <trkpt lat="-37.7148072" lon="176.1905015">
                <ele>20</ele>
            </trkpt>
            <trkpt lat="-37.7159615" lon="176.1908019">
                <ele>16.5</ele>
            </trkpt>
            <trkpt lat="-37.7162178" lon="176.1909162">
                <ele>14</ele>
            </trkpt>
            <trkpt lat="-37.7162178" lon="176.1909162">
                <ele>14</ele>
            </trkpt>
            <trkpt lat="-37.7159615" lon="176.1908019">
                <ele>16.5</ele>
            </trkpt>
            <trkpt lat="-37.7148072" lon="176.1905015">
                <ele>20</ele>
            </trkpt>
            <trkpt lat="-37.7147457" lon="176.1904585">
                <ele>20.5</ele>
            </trkpt>
            <trkpt lat="-37.7147266" lon="176.1904076">
                <ele>21</ele>
            </trkpt>
            <trkpt lat="-37.7147224" lon="176.1903539">
                <ele>21.5</ele>
            </trkpt>
            <trkpt lat="-37.7147733" lon="176.1901152">
                <ele>23.5</ele>
            </trkpt>
            <trkpt lat="-37.7148497" lon="176.1898765">
                <ele>25.8</ele>
            </trkpt>
            <trkpt lat="-37.7148454" lon="176.1896834">
                <ele>27.8</ele>
            </trkpt>
            <trkpt lat="-37.7148051" lon="176.1895117">
                <ele>28.5</ele>
            </trkpt>
            <trkpt lat="-37.7147075" lon="176.1893803">
                <ele>28.8</ele>
            </trkpt>
            <trkpt lat="-37.7145887" lon="176.189273">
                <ele>29</ele>
            </trkpt>
            <trkpt lat="-37.7144699" lon="176.1891925">
                <ele>30</ele>
            </trkpt>
            <trkpt lat="-37.7144296" lon="176.189332">
                <ele>29.5</ele>
            </trkpt>
            <trkpt lat="-37.7143808" lon="176.1894447">
                <ele>29</ele>
            </trkpt>
            <trkpt lat="-37.7143171" lon="176.1895519">
                <ele>28.8</ele>
            </trkpt>
            <trkpt lat="-37.7142556" lon="176.1896351">
                <ele>28.5</ele>
            </trkpt>
            <trkpt lat="-37.7141749" lon="176.1897075">
                <ele>28.2</ele>
            </trkpt>
            <trkpt lat="-37.7141007" lon="176.1897558">
                <ele>28.2</ele>
            </trkpt>
            <trkpt lat="-37.7140031" lon="176.1898041">
                <ele>28.1</ele>
            </trkpt>
            <trkpt lat="-37.7138927" lon="176.1898336">
                <ele>28.1</ele>
            </trkpt>
            <trkpt lat="-37.7137697" lon="176.1898389">
                <ele>28</ele>
            </trkpt>
            <trkpt lat="-37.7136487" lon="176.1898255">
                <ele>28.1</ele>
            </trkpt>
            <trkpt lat="-37.7135533" lon="176.189788">
                <ele>28.2</ele>
            </trkpt>
            <trkpt lat="-37.713445" lon="176.1897236">
                <ele>28.5</ele>
            </trkpt>
            <trkpt lat="-37.7133517" lon="176.1896458">
                <ele>28.2</ele>
            </trkpt>
            <trkpt lat="-37.713271" lon="176.1895466">
                <ele>27.8</ele>
            </trkpt>
            <trkpt lat="-37.7130419" lon="176.1891711">
                <ele>27</ele>
            </trkpt>
            <trkpt lat="-37.7128148" lon="176.1887848">
                <ele>26.8</ele>
            </trkpt>
            <trkpt lat="-37.712486" lon="176.188243">
                <ele>24.5</ele>
            </trkpt>
            <trkpt lat="-37.7124223" lon="176.1881277">
                <ele>24.4</ele>
            </trkpt>
            <trkpt lat="-37.7123629" lon="176.1880043">
                <ele>24.3</ele>
            </trkpt>
            <trkpt lat="-37.7123226" lon="176.1878836">
                <ele>24.2</ele>
            </trkpt>
            <trkpt lat="-37.7122971" lon="176.1877683">
                <ele>24</ele>
            </trkpt>
            <trkpt lat="-37.7122865" lon="176.1876744">
                <ele>24</ele>
            </trkpt>
            <trkpt lat="-37.7122844" lon="176.1875778">
                <ele>24.1</ele>
            </trkpt>
            <trkpt lat="-37.7122886" lon="176.1874706">
                <ele>24.1</ele>
            </trkpt>
            <trkpt lat="-37.7122992" lon="176.1873633">
                <ele>24.1</ele>
            </trkpt>
            <trkpt lat="-37.7123268" lon="176.1872345">
                <ele>24.2</ele>
            </trkpt>
            <trkpt lat="-37.7123586" lon="176.1871272">
                <ele>24.2</ele>
            </trkpt>
            <trkpt lat="-37.7124032" lon="176.1870253">
                <ele>24.2</ele>
            </trkpt>
            <trkpt lat="-37.712452" lon="176.1869368">
                <ele>24.5</ele>
            </trkpt>
            <trkpt lat="-37.7125051" lon="176.186859">
                <ele>24.8</ele>
            </trkpt>
            <trkpt lat="-37.7125793" lon="176.1867651">
                <ele>25</ele>
            </trkpt>
            <trkpt lat="-37.7135066" lon="176.1857218">
                <ele>27</ele>
            </trkpt>
            <trkpt lat="-37.7136806" lon="176.185526">
                <ele>26.8</ele>
            </trkpt>
            <trkpt lat="-37.7142428" lon="176.1848769">
                <ele>27</ele>
            </trkpt>
            <trkpt lat="-37.7151955" lon="176.183745">
                <ele>26.2</ele>
            </trkpt>
            <trkpt lat="-37.7156751" lon="176.1831039">
                <ele>24</ele>
            </trkpt>
            <trkpt lat="-37.7158045" lon="176.1828277">
                <ele>23.5</ele>
            </trkpt>
            <trkpt lat="-37.7159318" lon="176.1825085">
                <ele>23.8</ele>
            </trkpt>
            <trkpt lat="-37.7159785" lon="176.1823663">
                <ele>23.9</ele>
            </trkpt>
            <trkpt lat="-37.7160506" lon="176.1822242">
                <ele>24</ele>
            </trkpt>
            <trkpt lat="-37.7161249" lon="176.1821169">
                <ele>23.8</ele>
            </trkpt>
            <trkpt lat="-37.7162182" lon="176.1819854">
                <ele>23.5</ele>
            </trkpt>
            <trkpt lat="-37.7164474" lon="176.1817226">
                <ele>23</ele>
            </trkpt>
            <trkpt lat="-37.7165407" lon="176.1816233">
                <ele>23</ele>
            </trkpt>
            <trkpt lat="-37.7164537" lon="176.181559">
                <ele>23.8</ele>
            </trkpt>
            <trkpt lat="-37.7162437" lon="176.1813712">
                <ele>26</ele>
            </trkpt>
            <trkpt lat="-37.7162055" lon="176.1813712">
                <ele>26</ele>
            </trkpt>
            <trkpt lat="-37.7161546" lon="176.1813122">
                <ele>26</ele>
            </trkpt>
            <trkpt lat="-37.7158469" lon="176.1809555">
                <ele>28</ele>
            </trkpt>
            <trkpt lat="-37.7153653" lon="176.1803976">
                <ele>28.8</ele>
            </trkpt>
            <trkpt lat="-37.7152168" lon="176.1802232">
                <ele>28.1</ele>
            </trkpt>
            <trkpt lat="-37.7151849" lon="176.1801857">
                <ele>28</ele>
            </trkpt>
            <trkpt lat="-37.7144656" lon="176.1809716">
                <ele>29.8</ele>
            </trkpt>
            <trkpt lat="-37.7139606" lon="176.1815187">
                <ele>30.8</ele>
            </trkpt>
            <trkpt lat="-37.713827" lon="176.1816689">
                <ele>31</ele>
            </trkpt>
            <trkpt lat="-37.713706" lon="176.1818326">
                <ele>30.8</ele>
            </trkpt>
            <trkpt lat="-37.7136021" lon="176.1820123">
                <ele>30.2</ele>
            </trkpt>
            <trkpt lat="-37.7135087" lon="176.1822161">
                <ele>29.8</ele>
            </trkpt>
            <trkpt lat="-37.7132541" lon="176.1828008">
                <ele>28.8</ele>
            </trkpt>
            <trkpt lat="-37.7131671" lon="176.1829939">
                <ele>27.8</ele>
            </trkpt>
            <trkpt lat="-37.713061" lon="176.1831737">
                <ele>27.2</ele>
            </trkpt>
            <trkpt lat="-37.71294" lon="176.1833507">
                <ele>26.8</ele>
            </trkpt>
            <trkpt lat="-37.7124796" lon="176.1839917">
                <ele>25.2</ele>
            </trkpt>
            <trkpt lat="-37.7123841" lon="176.1841393">
                <ele>24.9</ele>
            </trkpt>
            <trkpt lat="-37.7123289" lon="176.1842412">
                <ele>24.8</ele>
            </trkpt>
            <trkpt lat="-37.7122929" lon="176.1843351">
                <ele>24.2</ele>
            </trkpt>
            <trkpt lat="-37.7122695" lon="176.1844182">
                <ele>24</ele>
            </trkpt>
            <trkpt lat="-37.7121189" lon="176.1849841">
                <ele>23</ele>
            </trkpt>
            <trkpt lat="-37.7120637" lon="176.1852497">
                <ele>21</ele>
            </trkpt>
            <trkpt lat="-37.7120022" lon="176.1854911">
                <ele>19.8</ele>
            </trkpt>
            <trkpt lat="-37.711964" lon="176.1856815">
                <ele>19.5</ele>
            </trkpt>
            <trkpt lat="-37.7119428" lon="176.1858317">
                <ele>19.4</ele>
            </trkpt>
            <trkpt lat="-37.7119385" lon="176.1859471">
                <ele>19.4</ele>
            </trkpt>
            <trkpt lat="-37.7119491" lon="176.186049">
                <ele>19.3</ele>
            </trkpt>
            <trkpt lat="-37.7119534" lon="176.1861295">
                <ele>19.3</ele>
            </trkpt>
            <trkpt lat="-37.7119406" lon="176.1861885">
                <ele>19.3</ele>
            </trkpt>
            <trkpt lat="-37.7119194" lon="176.1862421">
                <ele>19.2</ele>
            </trkpt>
            <trkpt lat="-37.7118642" lon="176.1863172">
                <ele>19</ele>
            </trkpt>
            <trkpt lat="-37.7116563" lon="176.1865452">
                <ele>18</ele>
            </trkpt>
            <trkpt lat="-37.711338" lon="176.1867732">
                <ele>15.8</ele>
            </trkpt>
            <trkpt lat="-37.7109561" lon="176.1870602">
                <ele>11</ele>
            </trkpt>
            <trkpt lat="-37.7108012" lon="176.1871728">
                <ele>9</ele>
            </trkpt>
            <trkpt lat="-37.7101137" lon="176.1876181">
                <ele>4</ele>
            </trkpt>
            <trkpt lat="-37.7097805" lon="176.18783">
                <ele>0.2</ele>
            </trkpt>
            <trkpt lat="-37.7095832" lon="176.1879587">
                <ele>0.2</ele>
            </trkpt>
            <trkpt lat="-37.7090018" lon="176.1883208">
                <ele>0.2</ele>
            </trkpt>
            <trkpt lat="-37.7064617" lon="176.1899355">
                <ele>0.2</ele>
            </trkpt>
            <trkpt lat="-37.7059142" lon="176.1902493">
                <ele>3</ele>
            </trkpt>
            <trkpt lat="-37.705127" lon="176.1907294">
                <ele>7.2</ele>
            </trkpt>
            <trkpt lat="-37.7045222" lon="176.1911774">
                <ele>10.8</ele>
            </trkpt>
            <trkpt lat="-37.7043015" lon="176.1913893">
                <ele>13</ele>
            </trkpt>
            <trkpt lat="-37.7041444" lon="176.1915395">
                <ele>14.8</ele>
            </trkpt>
            <trkpt lat="-37.7038558" lon="176.1918855">
                <ele>18</ele>
            </trkpt>
            <trkpt lat="-37.7035524" lon="176.1923656">
                <ele>20.5</ele>
            </trkpt>
            <trkpt lat="-37.7034314" lon="176.1925828">
                <ele>21.5</ele>
            </trkpt>
            <trkpt lat="-37.7033019" lon="176.1928698">
                <ele>21.8</ele>
            </trkpt>
            <trkpt lat="-37.7031025" lon="176.1933848">
                <ele>21.4</ele>
            </trkpt>
            <trkpt lat="-37.7030027" lon="176.1937174">
                <ele>21.2</ele>
            </trkpt>
            <trkpt lat="-37.7029327" lon="176.1939883">
                <ele>21.1</ele>
            </trkpt>
            <trkpt lat="-37.7028669" lon="176.1942995">
                <ele>21</ele>
            </trkpt>
            <trkpt lat="-37.702451" lon="176.1969441">
                <ele>22</ele>
            </trkpt>
            <trkpt lat="-37.7022939" lon="176.1976844">
                <ele>21.5</ele>
            </trkpt>
            <trkpt lat="-37.7020223" lon="176.198599">
                <ele>19</ele>
            </trkpt>
            <trkpt lat="-37.7016933" lon="176.1994869">
                <ele>21.8</ele>
            </trkpt>
            <trkpt lat="-37.7013305" lon="176.2002888">
                <ele>20.8</ele>
            </trkpt>
            <trkpt lat="-37.7009909" lon="176.2009138">
                <ele>21</ele>
            </trkpt>
            <trkpt lat="-37.7005558" lon="176.2015924">
                <ele>19</ele>
            </trkpt>
            <trkpt lat="-37.7003564" lon="176.2018794">
                <ele>18.2</ele>
            </trkpt>
            <trkpt lat="-37.7001951" lon="176.2020886">
                <ele>18.8</ele>
            </trkpt>
            <trkpt lat="-37.7000571" lon="176.202271">
                <ele>18.5</ele>
            </trkpt>
            <trkpt lat="-37.6993292" lon="176.2031963">
                <ele>17.2</ele>
            </trkpt>
            <trkpt lat="-37.6986098" lon="176.2041029">
                <ele>16.8</ele>
            </trkpt>
            <trkpt lat="-37.6982957" lon="176.2045026">
                <ele>16.5</ele>
            </trkpt>
            <trkpt lat="-37.6980474" lon="176.2047949">
                <ele>16.2</ele>
            </trkpt>
            <trkpt lat="-37.6977948" lon="176.2050819">
                <ele>17</ele>
            </trkpt>
            <trkpt lat="-37.6975613" lon="176.2053341">
                <ele>17.8</ele>
            </trkpt>
            <trkpt lat="-37.6973321" lon="176.2055594">
                <ele>18.2</ele>
            </trkpt>
            <trkpt lat="-37.6970393" lon="176.2057954">
                <ele>18.8</ele>
            </trkpt>
            <trkpt lat="-37.6967952" lon="176.2059858">
                <ele>18</ele>
            </trkpt>
            <trkpt lat="-37.6966339" lon="176.2061039">
                <ele>17.5</ele>
            </trkpt>
            <trkpt lat="-37.6964705" lon="176.2062138">
                <ele>17.8</ele>
            </trkpt>
            <trkpt lat="-37.6960969" lon="176.206423">
                <ele>16.5</ele>
            </trkpt>
            <trkpt lat="-37.6957828" lon="176.2065732">
                <ele>15.5</ele>
            </trkpt>
            <trkpt lat="-37.6955069" lon="176.2066832">
                <ele>14.2</ele>
            </trkpt>
            <trkpt lat="-37.6952268" lon="176.2067798">
                <ele>13</ele>
            </trkpt>
            <trkpt lat="-37.6948915" lon="176.2068683">
                <ele>11.5</ele>
            </trkpt>
            <trkpt lat="-37.6945137" lon="176.2069407">
                <ele>10.5</ele>
            </trkpt>
            <trkpt lat="-37.6941805" lon="176.206989">
                <ele>9.5</ele>
            </trkpt>
            <trkpt lat="-37.6938876" lon="176.2070078">
                <ele>8.2</ele>
            </trkpt>
            <trkpt lat="-37.6934737" lon="176.2070185">
                <ele>7</ele>
            </trkpt>
            <trkpt lat="-37.6930195" lon="176.2070292">
                <ele>6.8</ele>
            </trkpt>
            <trkpt lat="-37.6927945" lon="176.207048">
                <ele>6.8</ele>
            </trkpt>
            <trkpt lat="-37.6925674" lon="176.2070855">
                <ele>7</ele>
            </trkpt>
            <trkpt lat="-37.6922597" lon="176.2071419">
                <ele>8</ele>
            </trkpt>
            <trkpt lat="-37.6917885" lon="176.2072974">
                <ele>8.2</ele>
            </trkpt>
            <trkpt lat="-37.6913321" lon="176.2075013">
                <ele>9.2</ele>
            </trkpt>
            <trkpt lat="-37.6911072" lon="176.2076274">
                <ele>9.5</ele>
            </trkpt>
            <trkpt lat="-37.6908588" lon="176.207791">
                <ele>9.8</ele>
            </trkpt>
            <trkpt lat="-37.690532" lon="176.2080351">
                <ele>9.2</ele>
            </trkpt>
            <trkpt lat="-37.6902985" lon="176.2082174">
                <ele>9.5</ele>
            </trkpt>
            <trkpt lat="-37.6901138" lon="176.2083757">
                <ele>9.8</ele>
            </trkpt>
            <trkpt lat="-37.6897827" lon="176.2086976">
                <ele>10.5</ele>
            </trkpt>
            <trkpt lat="-37.6895217" lon="176.2090006">
                <ele>10.4</ele>
            </trkpt>
            <trkpt lat="-37.6891035" lon="176.20947">
                <ele>10.2</ele>
            </trkpt>
            <trkpt lat="-37.688938" lon="176.2097195">
                <ele>10.4</ele>
            </trkpt>
            <trkpt lat="-37.6887745" lon="176.2099394">
                <ele>10.5</ele>
            </trkpt>
            <trkpt lat="-37.6885432" lon="176.2102854">
                <ele>10.1</ele>
            </trkpt>
            <trkpt lat="-37.6882354" lon="176.210728">
                <ele>9.5</ele>
            </trkpt>
            <trkpt lat="-37.6879977" lon="176.2110499">
                <ele>9.8</ele>
            </trkpt>
            <trkpt lat="-37.6875901" lon="176.2116399">
                <ele>9.2</ele>
            </trkpt>
            <trkpt lat="-37.6872293" lon="176.2121549">
                <ele>10</ele>
            </trkpt>
            <trkpt lat="-37.6870383" lon="176.2124553">
                <ele>10.2</ele>
            </trkpt>
            <trkpt lat="-37.6868472" lon="176.2127692">
                <ele>9.5</ele>
            </trkpt>
            <trkpt lat="-37.6866774" lon="176.2130803">
                <ele>9.2</ele>
            </trkpt>
            <trkpt lat="-37.6864736" lon="176.213496">
                <ele>8.5</ele>
            </trkpt>
            <trkpt lat="-37.6863251" lon="176.2138098">
                <ele>8.2</ele>
            </trkpt>
            <trkpt lat="-37.6861892" lon="176.2141049">
                <ele>8.1</ele>
            </trkpt>
            <trkpt lat="-37.6860449" lon="176.2144428">
                <ele>8</ele>
            </trkpt>
            <trkpt lat="-37.6859005" lon="176.2148184">
                <ele>8.1</ele>
            </trkpt>
            <trkpt lat="-37.6857435" lon="176.2152261">
                <ele>8.2</ele>
            </trkpt>
            <trkpt lat="-37.6856076" lon="176.2156203">
                <ele>8</ele>
            </trkpt>
            <trkpt lat="-37.6854887" lon="176.2160119">
                <ele>7.8</ele>
            </trkpt>
            <trkpt lat="-37.6853911" lon="176.2163687">
                <ele>7.6</ele>
            </trkpt>
            <trkpt lat="-37.685251" lon="176.2169024">
                <ele>7.2</ele>
            </trkpt>
            <trkpt lat="-37.6849751" lon="176.2179565">
                <ele>5.5</ele>
            </trkpt>
            <trkpt lat="-37.6847904" lon="176.2186593">
                <ele>6</ele>
            </trkpt>
            <trkpt lat="-37.6844911" lon="176.2196946">
                <ele>6.5</ele>
            </trkpt>
            <trkpt lat="-37.6842916" lon="176.2204456">
                <ele>7</ele>
            </trkpt>
            <trkpt lat="-37.6841791" lon="176.2208185">
                <ele>7</ele>
            </trkpt>
            <trkpt lat="-37.6840177" lon="176.221076">
                <ele>7</ele>
            </trkpt>
            <trkpt lat="-37.6839647" lon="176.2211403">
                <ele>7</ele>
            </trkpt>
            <trkpt lat="-37.6838967" lon="176.2212047">
                <ele>7</ele>
            </trkpt>
            <trkpt lat="-37.6838097" lon="176.2212691">
                <ele>7</ele>
            </trkpt>
            <trkpt lat="-37.6837312" lon="176.2213093">
                <ele>7</ele>
            </trkpt>
            <trkpt lat="-37.6835762" lon="176.2214085">
                <ele>7</ele>
            </trkpt>
            <trkpt lat="-37.6835083" lon="176.2214702">
                <ele>7</ele>
            </trkpt>
            <trkpt lat="-37.6834595" lon="176.2215561">
                <ele>7</ele>
            </trkpt>
            <trkpt lat="-37.6834106" lon="176.2216768">
                <ele>7</ele>
            </trkpt>
            <trkpt lat="-37.6833024" lon="176.2220308">
                <ele>7</ele>
            </trkpt>
            <trkpt lat="-37.6832154" lon="176.2223446">
                <ele>7</ele>
            </trkpt>
            <trkpt lat="-37.6831899" lon="176.2224653">
                <ele>7.2</ele>
            </trkpt>
            <trkpt lat="-37.6831665" lon="176.2225941">
                <ele>7.5</ele>
            </trkpt>
            <trkpt lat="-37.6831623" lon="176.2227443">
                <ele>7.8</ele>
            </trkpt>
            <trkpt lat="-37.6831708" lon="176.2228918">
                <ele>8</ele>
            </trkpt>
            <trkpt lat="-37.683192" lon="176.2230474">
                <ele>8.2</ele>
            </trkpt>
            <trkpt lat="-37.6832281" lon="176.2231627">
                <ele>8</ele>
            </trkpt>
            <trkpt lat="-37.6833979" lon="176.2237367">
                <ele>7.8</ele>
            </trkpt>
            <trkpt lat="-37.683468" lon="176.2240049">
                <ele>8</ele>
            </trkpt>
            <trkpt lat="-37.6834956" lon="176.2241551">
                <ele>8.1</ele>
            </trkpt>
            <trkpt lat="-37.6834849" lon="176.2244046">
                <ele>8.2</ele>
            </trkpt>
            <trkpt lat="-37.6834531" lon="176.2245709">
                <ele>8.2</ele>
            </trkpt>
            <trkpt lat="-37.6834043" lon="176.2247318">
                <ele>8.8</ele>
            </trkpt>
            <trkpt lat="-37.683347" lon="176.2248498">
                <ele>9</ele>
            </trkpt>
            <trkpt lat="-37.6833024" lon="176.2249249">
                <ele>9.1</ele>
            </trkpt>
            <trkpt lat="-37.6832323" lon="176.2250215">
                <ele>9.2</ele>
            </trkpt>
            <trkpt lat="-37.6831559" lon="176.2251127">
                <ele>9.2</ele>
            </trkpt>
            <trkpt lat="-37.6829755" lon="176.2253165">
                <ele>10</ele>
            </trkpt>
            <trkpt lat="-37.6829012" lon="176.2254104">
                <ele>10.2</ele>
            </trkpt>
            <trkpt lat="-37.6828842" lon="176.2254292">
                <ele>10.3</ele>
            </trkpt>
            <trkpt lat="-37.6828503" lon="176.2254694">
                <ele>10.5</ele>
            </trkpt>
            <trkpt lat="-37.6827611" lon="176.225574">
                <ele>11</ele>
            </trkpt>
            <trkpt lat="-37.6826571" lon="176.2256894">
                <ele>11</ele>
            </trkpt>
            <trkpt lat="-37.6824979" lon="176.2258664">
                <ele>11</ele>
            </trkpt>
            <trkpt lat="-37.6824873" lon="176.2258798">
                <ele>11</ele>
            </trkpt>
            <trkpt lat="-37.6824745" lon="176.2258959">
                <ele>11</ele>
            </trkpt>
            <trkpt lat="-37.6824682" lon="176.2259147">
                <ele>11</ele>
            </trkpt>
            <trkpt lat="-37.6824639" lon="176.2259388">
                <ele>11</ele>
            </trkpt>
            <trkpt lat="-37.6824618" lon="176.2259656">
                <ele>11</ele>
            </trkpt>
            <trkpt lat="-37.6824639" lon="176.2260032">
                <ele>11</ele>
            </trkpt>
            <trkpt lat="-37.6824682" lon="176.2260273">
                <ele>11</ele>
            </trkpt>
            <trkpt lat="-37.6824745" lon="176.2260514">
                <ele>11</ele>
            </trkpt>
            <trkpt lat="-37.6824851" lon="176.2260756">
                <ele>11</ele>
            </trkpt>
            <trkpt lat="-37.6825021" lon="176.2261051">
                <ele>10.9</ele>
            </trkpt>
            <trkpt lat="-37.6827653" lon="176.2265691">
                <ele>10</ele>
            </trkpt>
            <trkpt lat="-37.683313" lon="176.2276125">
                <ele>9</ele>
            </trkpt>
            <trkpt lat="-37.6833831" lon="176.2277466">
                <ele>9</ele>
            </trkpt>
            <trkpt lat="-37.6838182" lon="176.2284467">
                <ele>9</ele>
            </trkpt>
            <trkpt lat="-37.684421" lon="176.2297073">
                <ele>10</ele>
            </trkpt>
            <trkpt lat="-37.6855864" lon="176.2321052">
                <ele>11</ele>
            </trkpt>
            <trkpt lat="-37.6863739" lon="176.2337226">
                <ele>10</ele>
            </trkpt>
            <trkpt lat="-37.687346" lon="176.2355572">
                <ele>10.6</ele>
            </trkpt>
            <trkpt lat="-37.6880231" lon="176.2368071">
                <ele>11</ele>
            </trkpt>
            <trkpt lat="-37.6887321" lon="176.2381777">
                <ele>9</ele>
            </trkpt>
            <trkpt lat="-37.6892627" lon="176.2392613">
                <ele>9</ele>
            </trkpt>
            <trkpt lat="-37.6903197" lon="176.2415466">
                <ele>10</ele>
            </trkpt>
            <trkpt lat="-37.6909671" lon="176.2428233">
                <ele>10.3</ele>
            </trkpt>
            <trkpt lat="-37.6917906" lon="176.2444219">
                <ele>10.7</ele>
            </trkpt>
            <trkpt lat="-37.6924401" lon="176.2456986">
                <ele>11</ele>
            </trkpt>
            <trkpt lat="-37.6925292" lon="176.2458757">
                <ele>10.8</ele>
            </trkpt>
            <trkpt lat="-37.6928603" lon="176.2465194">
                <ele>10</ele>
            </trkpt>
            <trkpt lat="-37.6930832" lon="176.2469888">
                <ele>10.5</ele>
            </trkpt>
            <trkpt lat="-37.6932975" lon="176.2474716">
                <ele>11</ele>
            </trkpt>
            <trkpt lat="-37.6935904" lon="176.2481529">
                <ele>11.2</ele>
            </trkpt>
            <trkpt lat="-37.6937008" lon="176.2484211">
                <ele>11.3</ele>
            </trkpt>
            <trkpt lat="-37.6943163" lon="176.250025">
                <ele>11.8</ele>
            </trkpt>
            <trkpt lat="-37.6946898" lon="176.2508619">
                <ele>11.5</ele>
            </trkpt>
            <trkpt lat="-37.6951483" lon="176.2517256">
                <ele>11.2</ele>
            </trkpt>
            <trkpt lat="-37.6956173" lon="176.2525114">
                <ele>11</ele>
            </trkpt>
            <trkpt lat="-37.6958826" lon="176.2528387">
                <ele>10.5</ele>
            </trkpt>
            <trkpt lat="-37.6960439" lon="176.2530613">
                <ele>10.2</ele>
            </trkpt>
            <trkpt lat="-37.6963856" lon="176.2534931">
                <ele>9.5</ele>
            </trkpt>
            <trkpt lat="-37.6967252" lon="176.2539437">
                <ele>8.2</ele>
            </trkpt>
            <trkpt lat="-37.696878" lon="176.2541261">
                <ele>8.4</ele>
            </trkpt>
            <trkpt lat="-37.6975083" lon="176.2549791">
                <ele>9.2</ele>
            </trkpt>
            <trkpt lat="-37.6979179" lon="176.2555584">
                <ele>8.2</ele>
            </trkpt>
            <trkpt lat="-37.6982935" lon="176.2561378">
                <ele>8.5</ele>
            </trkpt>
            <trkpt lat="-37.6990045" lon="176.2572241">
                <ele>8.9</ele>
            </trkpt>
            <trkpt lat="-37.6996836" lon="176.2582621">
                <ele>9.2</ele>
            </trkpt>
            <trkpt lat="-37.6999722" lon="176.2587208">
                <ele>8.8</ele>
            </trkpt>
            <trkpt lat="-37.700246" lon="176.2591445">
                <ele>8</ele>
            </trkpt>
            <trkpt lat="-37.7010652" lon="176.2604535">
                <ele>7</ele>
            </trkpt>
            <trkpt lat="-37.7019013" lon="176.2617356">
                <ele>9</ele>
            </trkpt>
            <trkpt lat="-37.7028711" lon="176.2632269">
                <ele>10.8</ele>
            </trkpt>
            <trkpt lat="-37.703408" lon="176.2640449">
                <ele>10.2</ele>
            </trkpt>
            <trkpt lat="-37.7038601" lon="176.2647343">
                <ele>9</ele>
            </trkpt>
            <trkpt lat="-37.7042166" lon="176.2654504">
                <ele>8</ele>
            </trkpt>
            <trkpt lat="-37.704537" lon="176.2660646">
                <ele>8.5</ele>
            </trkpt>
            <trkpt lat="-37.7049041" lon="176.2667969">
                <ele>9</ele>
            </trkpt>
            <trkpt lat="-37.7053561" lon="176.2677652">
                <ele>9.5</ele>
            </trkpt>
            <trkpt lat="-37.7057487" lon="176.2685993">
                <ele>11</ele>
            </trkpt>
            <trkpt lat="-37.7061816" lon="176.2693799">
                <ele>12.5</ele>
            </trkpt>
            <trkpt lat="-37.7064999" lon="176.2698787">
                <ele>13</ele>
            </trkpt>
            <trkpt lat="-37.7068649" lon="176.2703884">
                <ele>11.8</ele>
            </trkpt>
            <trkpt lat="-37.7073254" lon="176.2709489">
                <ele>10.8</ele>
            </trkpt>
            <trkpt lat="-37.7079768" lon="176.2716892">
                <ele>11</ele>
            </trkpt>
            <trkpt lat="-37.7087004" lon="176.2725127">
                <ele>10.5</ele>
            </trkpt>
            <trkpt lat="-37.709197" lon="176.2731323">
                <ele>10</ele>
            </trkpt>
            <trkpt lat="-37.7096808" lon="176.2737653">
                <ele>9</ele>
            </trkpt>
            <trkpt lat="-37.7098972" lon="176.2740496">
                <ele>9.5</ele>
            </trkpt>
            <trkpt lat="-37.7101816" lon="176.2744787">
                <ele>10.1</ele>
            </trkpt>
            <trkpt lat="-37.7109964" lon="176.2756911">
                <ele>12</ele>
            </trkpt>
            <trkpt lat="-37.7118048" lon="176.2769249">
                <ele>11</ele>
            </trkpt>
            <trkpt lat="-37.7124817" lon="176.2780032">
                <ele>14</ele>
            </trkpt>
            <trkpt lat="-37.7127745" lon="176.2784994">
                <ele>14.2</ele>
            </trkpt>
            <trkpt lat="-37.7130737" lon="176.2790331">
                <ele>13.7</ele>
            </trkpt>
            <trkpt lat="-37.7133474" lon="176.2795374">
                <ele>13.2</ele>
            </trkpt>
            <trkpt lat="-37.7136063" lon="176.2800497">
                <ele>12</ele>
            </trkpt>
            <trkpt lat="-37.7138482" lon="176.2805405">
                <ele>11.2</ele>
            </trkpt>
            <trkpt lat="-37.7140986" lon="176.2810904">
                <ele>11.2</ele>
            </trkpt>
            <trkpt lat="-37.7143574" lon="176.2816831">
                <ele>11.1</ele>
            </trkpt>
            <trkpt lat="-37.7145887" lon="176.2822545">
                <ele>11.1</ele>
            </trkpt>
            <trkpt lat="-37.7149494" lon="176.283204">
                <ele>11</ele>
            </trkpt>
            <trkpt lat="-37.7155244" lon="176.2846953">
                <ele>11</ele>
            </trkpt>
            <trkpt lat="-37.7156178" lon="176.2849286">
                <ele>13</ele>
            </trkpt>
            <trkpt lat="-37.7163158" lon="176.2867284">
                <ele>15</ele>
            </trkpt>
            <trkpt lat="-37.7168972" lon="176.2882411">
                <ele>12.5</ele>
            </trkpt>
            <trkpt lat="-37.7171518" lon="176.288909">
                <ele>10</ele>
            </trkpt>
            <trkpt lat="-37.7174743" lon="176.2897432">
                <ele>9</ele>
            </trkpt>
            <trkpt lat="-37.7179347" lon="176.2909341">
                <ele>8</ele>
            </trkpt>
            <trkpt lat="-37.7182551" lon="176.2918487">
                <ele>9.2</ele>
            </trkpt>
            <trkpt lat="-37.718463" lon="176.2925434">
                <ele>8.2</ele>
            </trkpt>
            <trkpt lat="-37.7186391" lon="176.2932542">
                <ele>7.9</ele>
            </trkpt>
            <trkpt lat="-37.7187792" lon="176.2939784">
                <ele>7.5</ele>
            </trkpt>
            <trkpt lat="-37.7188683" lon="176.2945873">
                <ele>7.2</ele>
            </trkpt>
            <trkpt lat="-37.718934" lon="176.2952632">
                <ele>7.1</ele>
            </trkpt>
            <trkpt lat="-37.7189807" lon="176.2958908">
                <ele>7.1</ele>
            </trkpt>
            <trkpt lat="-37.7189892" lon="176.2962341">
                <ele>7</ele>
            </trkpt>
            <trkpt lat="-37.7189934" lon="176.2965131">
                <ele>7</ele>
            </trkpt>
            <trkpt lat="-37.7190125" lon="176.2982431">
                <ele>7.3</ele>
            </trkpt>
            <trkpt lat="-37.7190189" lon="176.303224">
                <ele>8</ele>
            </trkpt>
            <trkpt lat="-37.7190444" lon="176.3039857">
                <ele>7.8</ele>
            </trkpt>
            <trkpt lat="-37.7191059" lon="176.3047904">
                <ele>7.5</ele>
            </trkpt>
            <trkpt lat="-37.7191929" lon="176.3054985">
                <ele>7.3</ele>
            </trkpt>
            <trkpt lat="-37.7193499" lon="176.3064212">
                <ele>7</ele>
            </trkpt>
            <trkpt lat="-37.7195026" lon="176.3070542">
                <ele>7.5</ele>
            </trkpt>
            <trkpt lat="-37.7196936" lon="176.3077864">
                <ele>8</ele>
            </trkpt>
            <trkpt lat="-37.7199355" lon="176.308524">
                <ele>7</ele>
            </trkpt>
            <trkpt lat="-37.7203916" lon="176.3098463">
                <ele>7.3</ele>
            </trkpt>
            <trkpt lat="-37.7214312" lon="176.3127244">
                <ele>8</ele>
            </trkpt>
            <trkpt lat="-37.7231582" lon="176.3175362">
                <ele>8.5</ele>
            </trkpt>
            <trkpt lat="-37.7251206" lon="176.3230267">
                <ele>8</ele>
            </trkpt>
            <trkpt lat="-37.7271106" lon="176.3285735">
                <ele>8.8</ele>
            </trkpt>
            <trkpt lat="-37.7289307" lon="176.3336831">
                <ele>8.4</ele>
            </trkpt>
            <trkpt lat="-37.7303606" lon="176.337693">
                <ele>8.2</ele>
            </trkpt>
            <trkpt lat="-37.7313236" lon="176.3404021">
                <ele>8</ele>
            </trkpt>
            <trkpt lat="-37.731627" lon="176.3412523">
                <ele>7.5</ele>
            </trkpt>
            <trkpt lat="-37.7317415" lon="176.3415742">
                <ele>6.8</ele>
            </trkpt>
            <trkpt lat="-37.7326707" lon="176.3441759">
                <ele>8.8</ele>
            </trkpt>
            <trkpt lat="-37.7328637" lon="176.344699">
                <ele>8.8</ele>
            </trkpt>
            <trkpt lat="-37.7330843" lon="176.3452354">
                <ele>8.9</ele>
            </trkpt>
            <trkpt lat="-37.7333283" lon="176.3457584">
                <ele>9</ele>
            </trkpt>
            <trkpt lat="-37.7335913" lon="176.3462761">
                <ele>9.1</ele>
            </trkpt>
            <trkpt lat="-37.7337801" lon="176.3466167">
                <ele>9.2</ele>
            </trkpt>
            <trkpt lat="-37.7339647" lon="176.3469279">
                <ele>9.2</ele>
            </trkpt>
            <trkpt lat="-37.7341937" lon="176.3472927">
                <ele>9.3</ele>
            </trkpt>
            <trkpt lat="-37.734425" lon="176.347644">
                <ele>9.4</ele>
            </trkpt>
            <trkpt lat="-37.7348556" lon="176.3482261">
                <ele>9.5</ele>
            </trkpt>
            <trkpt lat="-37.735108" lon="176.3485372">
                <ele>8.5</ele>
            </trkpt>
            <trkpt lat="-37.7353477" lon="176.3488135">
                <ele>7.8</ele>
            </trkpt>
            <trkpt lat="-37.7359565" lon="176.3494653">
                <ele>7.9</ele>
            </trkpt>
            <trkpt lat="-37.7363298" lon="176.3498005">
                <ele>8</ele>
            </trkpt>
            <trkpt lat="-37.736788" lon="176.3501894">
                <ele>7.2</ele>
            </trkpt>
            <trkpt lat="-37.7373565" lon="176.3506106">
                <ele>6.5</ele>
            </trkpt>
            <trkpt lat="-37.7379398" lon="176.3509861">
                <ele>5.5</ele>
            </trkpt>
            <trkpt lat="-37.7393652" lon="176.3517478">
                <ele>5</ele>
            </trkpt>
            <trkpt lat="-37.740116" lon="176.3521367">
                <ele>4</ele>
            </trkpt>
            <trkpt lat="-37.7405593" lon="176.3523701">
                <ele>4.1</ele>
            </trkpt>
            <trkpt lat="-37.7418108" lon="176.3530326">
                <ele>4.3</ele>
            </trkpt>
            <trkpt lat="-37.7449668" lon="176.3546956">
                <ele>4.3</ele>
            </trkpt>
            <trkpt lat="-37.7465002" lon="176.3554975">
                <ele>4</ele>
            </trkpt>
            <trkpt lat="-37.7481205" lon="176.3563505">
                <ele>4.1</ele>
            </trkpt>
            <trkpt lat="-37.7487441" lon="176.3566992">
                <ele>4.2</ele>
            </trkpt>
            <trkpt lat="-37.7493379" lon="176.3570613">
                <ele>4.3</ele>
            </trkpt>
            <trkpt lat="-37.7499847" lon="176.3574797">
                <ele>4.3</ele>
            </trkpt>
            <trkpt lat="-37.7508564" lon="176.3581073">
                <ele>4.4</ele>
            </trkpt>
            <trkpt lat="-37.7517514" lon="176.3588101">
                <ele>4.5</ele>
            </trkpt>
            <trkpt lat="-37.7524894" lon="176.3594672">
                <ele>4.2</ele>
            </trkpt>
            <trkpt lat="-37.7531383" lon="176.3600922">
                <ele>5.2</ele>
            </trkpt>
            <trkpt lat="-37.7533483" lon="176.360296">
                <ele>5.2</ele>
            </trkpt>
            <trkpt lat="-37.75366" lon="176.3606206">
                <ele>5</ele>
            </trkpt>
            <trkpt lat="-37.7542008" lon="176.3612106">
                <ele>4.8</ele>
            </trkpt>
            <trkpt lat="-37.7555877" lon="176.362828">
                <ele>4.2</ele>
            </trkpt>
            <trkpt lat="-37.7566713" lon="176.3640913">
                <ele>4.4</ele>
            </trkpt>
            <trkpt lat="-37.7577443" lon="176.3653412">
                <ele>4.6</ele>
            </trkpt>
            <trkpt lat="-37.7596825" lon="176.3676023">
                <ele>4.8</ele>
            </trkpt>
            <trkpt lat="-37.7600769" lon="176.3680556">
                <ele>4.9</ele>
            </trkpt>
            <trkpt lat="-37.7604819" lon="176.3684982">
                <ele>5</ele>
            </trkpt>
            <trkpt lat="-37.7611881" lon="176.3692385">
                <ele>5</ele>
            </trkpt>
            <trkpt lat="-37.76161" lon="176.3696542">
                <ele>5.1</ele>
            </trkpt>
            <trkpt lat="-37.7620278" lon="176.3700593">
                <ele>5.2</ele>
            </trkpt>
            <trkpt lat="-37.7627084" lon="176.3706949">
                <ele>5.2</ele>
            </trkpt>
            <trkpt lat="-37.7643729" lon="176.3721299">
                <ele>4.2</ele>
            </trkpt>
            <trkpt lat="-37.7680602" lon="176.3752896">
                <ele>5.2</ele>
            </trkpt>
            <trkpt lat="-37.7694235" lon="176.376459">
                <ele>5.2</ele>
            </trkpt>
            <trkpt lat="-37.7722582" lon="176.3788944">
                <ele>5</ele>
            </trkpt>
            <trkpt lat="-37.7748723" lon="176.3811314">
                <ele>6.2</ele>
            </trkpt>
            <trkpt lat="-37.7765641" lon="176.382561">
                <ele>7</ele>
            </trkpt>
            <trkpt lat="-37.7767274" lon="176.3827059">
                <ele>7.1</ele>
            </trkpt>
            <trkpt lat="-37.78257" lon="176.3877028">
                <ele>9.8</ele>
            </trkpt>
            <trkpt lat="-37.7847809" lon="176.3895991">
                <ele>11</ele>
            </trkpt>
            <trkpt lat="-37.7853363" lon="176.3900739">
                <ele>13</ele>
            </trkpt>
            <trkpt lat="-37.7861969" lon="176.3908142">
                <ele>13.5</ele>
            </trkpt>
            <trkpt lat="-37.78664" lon="176.3911897">
                <ele>13.8</ele>
            </trkpt>
            <trkpt lat="-37.7870448" lon="176.3915679">
                <ele>14</ele>
            </trkpt>
            <trkpt lat="-37.7890416" lon="176.3932389">
                <ele>16</ele>
            </trkpt>
            <trkpt lat="-37.7901099" lon="176.3940436">
                <ele>18</ele>
            </trkpt>
            <trkpt lat="-37.7912524" lon="176.3948375">
                <ele>18</ele>
            </trkpt>
            <trkpt lat="-37.7923397" lon="176.3955483">
                <ele>18</ele>
            </trkpt>
            <trkpt lat="-37.7929078" lon="176.395897">
                <ele>18</ele>
            </trkpt>
            <trkpt lat="-37.7933656" lon="176.3961759">
                <ele>18</ele>
            </trkpt>
            <trkpt lat="-37.7945335" lon="176.396825">
                <ele>19.2</ele>
            </trkpt>
            <trkpt lat="-37.7958264" lon="176.3974822">
                <ele>19.2</ele>
            </trkpt>
            <trkpt lat="-37.796369" lon="176.3977504">
                <ele>19</ele>
            </trkpt>
            <trkpt lat="-37.7971828" lon="176.3981178">
                <ele>19.2</ele>
            </trkpt>
            <trkpt lat="-37.797931" lon="176.3984182">
                <ele>18.5</ele>
            </trkpt>
            <trkpt lat="-37.7983867" lon="176.3985685">
                <ele>18</ele>
            </trkpt>
            <trkpt lat="-37.7985435" lon="176.3986194">
                <ele>17.7</ele>
            </trkpt>
            <trkpt lat="-37.7992895" lon="176.3988554">
                <ele>16.2</ele>
            </trkpt>
            <trkpt lat="-37.7996223" lon="176.3989413">
                <ele>16</ele>
            </trkpt>
            <trkpt lat="-37.7997452" lon="176.3989735">
                <ele>16</ele>
            </trkpt>
            <trkpt lat="-37.8001521" lon="176.3990781">
                <ele>16</ele>
            </trkpt>
            <trkpt lat="-37.8002284" lon="176.3991022">
                <ele>16</ele>
            </trkpt>
            <trkpt lat="-37.8002899" lon="176.3991398">
                <ele>16</ele>
            </trkpt>
            <trkpt lat="-37.8003068" lon="176.3991451">
                <ele>16</ele>
            </trkpt>
            <trkpt lat="-37.8003471" lon="176.3991827">
                <ele>16</ele>
            </trkpt>
            <trkpt lat="-37.8003852" lon="176.399231">
                <ele>16</ele>
            </trkpt>
            <trkpt lat="-37.800434" lon="176.3993087">
                <ele>16</ele>
            </trkpt>
            <trkpt lat="-37.8004425" lon="176.3993731">
                <ele>16</ele>
            </trkpt>
            <trkpt lat="-37.8004594" lon="176.3994348">
                <ele>16</ele>
            </trkpt>
            <trkpt lat="-37.8004827" lon="176.3994938">
                <ele>16</ele>
            </trkpt>
            <trkpt lat="-37.8005145" lon="176.3995448">
                <ele>16</ele>
            </trkpt>
            <trkpt lat="-37.8006141" lon="176.3998452">
                <ele>16</ele>
            </trkpt>
            <trkpt lat="-37.8006226" lon="176.3998747">
                <ele>16</ele>
            </trkpt>
            <trkpt lat="-37.8007095" lon="176.4001241">
                <ele>16</ele>
            </trkpt>
            <trkpt lat="-37.8007773" lon="176.4003065">
                <ele>16</ele>
            </trkpt>
            <trkpt lat="-37.8008515" lon="176.4004889">
                <ele>16</ele>
            </trkpt>
            <trkpt lat="-37.80086" lon="176.400505">
                <ele>16</ele>
            </trkpt>
            <trkpt lat="-37.8009193" lon="176.4006338">
                <ele>16</ele>
            </trkpt>
            <trkpt lat="-37.801038" lon="176.4008322">
                <ele>16</ele>
            </trkpt>
            <trkpt lat="-37.8011757" lon="176.4010146">
                <ele>16</ele>
            </trkpt>
            <trkpt lat="-37.8013771" lon="176.401197">
                <ele>16.5</ele>
            </trkpt>
            <trkpt lat="-37.8015254" lon="176.4012989">
                <ele>16.8</ele>
            </trkpt>
            <trkpt lat="-37.8016695" lon="176.4013687">
                <ele>17</ele>
            </trkpt>
            <trkpt lat="-37.8018433" lon="176.401425">
                <ele>17.2</ele>
            </trkpt>
            <trkpt lat="-37.8021909" lon="176.4014518">
                <ele>16.5</ele>
            </trkpt>
            <trkpt lat="-37.8025363" lon="176.4014518">
                <ele>17</ele>
            </trkpt>
            <trkpt lat="-37.8030344" lon="176.4014894">
                <ele>17.1</ele>
            </trkpt>
            <trkpt lat="-37.803365" lon="176.4015296">
                <ele>17.1</ele>
            </trkpt>
            <trkpt lat="-37.8035154" lon="176.4015618">
                <ele>17.2</ele>
            </trkpt>
            <trkpt lat="-37.8036596" lon="176.4016128">
                <ele>17.2</ele>
            </trkpt>
            <trkpt lat="-37.8038249" lon="176.4016905">
                <ele>17.2</ele>
            </trkpt>
            <trkpt lat="-37.8039563" lon="176.4017683">
                <ele>17.2</ele>
            </trkpt>
            <trkpt lat="-37.804077" lon="176.4018568">
                <ele>17.2</ele>
            </trkpt>
            <trkpt lat="-37.8041978" lon="176.4019668">
                <ele>17.2</ele>
            </trkpt>
            <trkpt lat="-37.8043038" lon="176.4020714">
                <ele>17.1</ele>
            </trkpt>
            <trkpt lat="-37.8044055" lon="176.4021975">
                <ele>17.1</ele>
            </trkpt>
            <trkpt lat="-37.8044945" lon="176.4023316">
                <ele>17</ele>
            </trkpt>
            <trkpt lat="-37.8045708" lon="176.4024577">
                <ele>17.2</ele>
            </trkpt>
            <trkpt lat="-37.8046471" lon="176.4026052">
                <ele>17.5</ele>
            </trkpt>
            <trkpt lat="-37.8047086" lon="176.4027554">
                <ele>17.8</ele>
            </trkpt>
            <trkpt lat="-37.8047764" lon="176.4029619">
                <ele>18</ele>
            </trkpt>
            <trkpt lat="-37.8048209" lon="176.403147">
                <ele>18</ele>
            </trkpt>
            <trkpt lat="-37.8048548" lon="176.4033562">
                <ele>17.9</ele>
            </trkpt>
            <trkpt lat="-37.8048696" lon="176.403552">
                <ele>17.9</ele>
            </trkpt>
            <trkpt lat="-37.8048739" lon="176.4037666">
                <ele>17.8</ele>
            </trkpt>
            <trkpt lat="-37.8048802" lon="176.4039651">
                <ele>17.8</ele>
            </trkpt>
            <trkpt lat="-37.8048781" lon="176.4040858">
                <ele>17</ele>
            </trkpt>
            <trkpt lat="-37.8048781" lon="176.4042091">
                <ele>16.8</ele>
            </trkpt>
            <trkpt lat="-37.8048781" lon="176.4043754">
                <ele>16.8</ele>
            </trkpt>
            <trkpt lat="-37.8048802" lon="176.4054161">
                <ele>16.9</ele>
            </trkpt>
            <trkpt lat="-37.8048781" lon="176.4061216">
                <ele>17</ele>
            </trkpt>
            <trkpt lat="-37.8048802" lon="176.4067385">
                <ele>17.1</ele>
            </trkpt>
            <trkpt lat="-37.8048781" lon="176.406894">
                <ele>17.1</ele>
            </trkpt>
            <trkpt lat="-37.8048781" lon="176.4069182">
                <ele>17.1</ele>
            </trkpt>
            <trkpt lat="-37.804876" lon="176.411604">
                <ele>17.8</ele>
            </trkpt>
            <trkpt lat="-37.8048739" lon="176.4128137">
                <ele>18.8</ele>
            </trkpt>
            <trkpt lat="-37.8048739" lon="176.4135271">
                <ele>17.8</ele>
            </trkpt>
            <trkpt lat="-37.8048718" lon="176.4184678">
                <ele>14.8</ele>
            </trkpt>
            <trkpt lat="-37.8048739" lon="176.4204285">
                <ele>14.5</ele>
            </trkpt>
            <trkpt lat="-37.8048675" lon="176.4218447">
                <ele>12.8</ele>
            </trkpt>
            <trkpt lat="-37.8048824" lon="176.4219734">
                <ele>12.8</ele>
            </trkpt>
            <trkpt lat="-37.8048845" lon="176.4223838">
                <ele>13</ele>
            </trkpt>
            <trkpt lat="-37.8048675" lon="176.422534">
                <ele>12.8</ele>
            </trkpt>
            <trkpt lat="-37.8048718" lon="176.4230677">
                <ele>12.2</ele>
            </trkpt>
            <trkpt lat="-37.8048569" lon="176.4231777">
                <ele>12</ele>
            </trkpt>
            <trkpt lat="-37.8048824" lon="176.4254174">
                <ele>9</ele>
            </trkpt>
            <trkpt lat="-37.8048824" lon="176.4259779">
                <ele>9.3</ele>
            </trkpt>
            <trkpt lat="-37.8048866" lon="176.4265305">
                <ele>9.5</ele>
            </trkpt>
            <trkpt lat="-37.8048993" lon="176.4270964">
                <ele>10</ele>
            </trkpt>
            <trkpt lat="-37.8049332" lon="176.4277187">
                <ele>11</ele>
            </trkpt>
            <trkpt lat="-37.804965" lon="176.4280593">
                <ele>11.5</ele>
            </trkpt>
            <trkpt lat="-37.8049947" lon="176.4284027">
                <ele>12</ele>
            </trkpt>
            <trkpt lat="-37.8050392" lon="176.4287299">
                <ele>12.5</ele>
            </trkpt>
            <trkpt lat="-37.8050837" lon="176.4290974">
                <ele>13</ele>
            </trkpt>
            <trkpt lat="-37.8051239" lon="176.4293978">
                <ele>12.8</ele>
            </trkpt>
            <trkpt lat="-37.8051727" lon="176.4297169">
                <ele>13.5</ele>
            </trkpt>
            <trkpt lat="-37.8052278" lon="176.4300415">
                <ele>14</ele>
            </trkpt>
            <trkpt lat="-37.8052892" lon="176.430366">
                <ele>15</ele>
            </trkpt>
            <trkpt lat="-37.8053528" lon="176.4306986">
                <ele>14.8</ele>
            </trkpt>
            <trkpt lat="-37.8054228" lon="176.4310339">
                <ele>14.5</ele>
            </trkpt>
            <trkpt lat="-37.805499" lon="176.4313424">
                <ele>13.8</ele>
            </trkpt>
            <trkpt lat="-37.8055753" lon="176.4316642">
                <ele>13</ele>
            </trkpt>
            <trkpt lat="-37.8056601" lon="176.4319941">
                <ele>12</ele>
            </trkpt>
            <trkpt lat="-37.805747" lon="176.4322999">
                <ele>11.2</ele>
            </trkpt>
            <trkpt lat="-37.8058424" lon="176.4326164">
                <ele>11</ele>
            </trkpt>
            <trkpt lat="-37.8071796" lon="176.4367712">
                <ele>9</ele>
            </trkpt>
            <trkpt lat="-37.8072431" lon="176.4369455">
                <ele>8.9</ele>
            </trkpt>
            <trkpt lat="-37.8091567" lon="176.4427418">
                <ele>7</ele>
            </trkpt>
            <trkpt lat="-37.8107397" lon="176.4476931">
                <ele>5.8</ele>
            </trkpt>
            <trkpt lat="-37.8111783" lon="176.4491066">
                <ele>5.5</ele>
            </trkpt>
            <trkpt lat="-37.8119517" lon="176.4513114">
                <ele>6</ele>
            </trkpt>
            <trkpt lat="-37.8124264" lon="176.4526364">
                <ele>5</ele>
            </trkpt>
            <trkpt lat="-37.8126489" lon="176.453197">
                <ele>5</ele>
            </trkpt>
            <trkpt lat="-37.8126934" lon="176.4533257">
                <ele>5</ele>
            </trkpt>
            <trkpt lat="-37.8132125" lon="176.4546561">
                <ele>5.8</ele>
            </trkpt>
            <trkpt lat="-37.8134711" lon="176.4553615">
                <ele>7</ele>
            </trkpt>
            <trkpt lat="-37.8138143" lon="176.4562145">
                <ele>7.8</ele>
            </trkpt>
            <trkpt lat="-37.8139457" lon="176.4566195">
                <ele>8.2</ele>
            </trkpt>
            <trkpt lat="-37.8140326" lon="176.4569521">
                <ele>7.5</ele>
            </trkpt>
            <trkpt lat="-37.814075" lon="176.4571586">
                <ele>7</ele>
            </trkpt>
            <trkpt lat="-37.8143314" lon="176.4588055">
                <ele>7.4</ele>
            </trkpt>
            <trkpt lat="-37.8143949" lon="176.4591461">
                <ele>7.5</ele>
            </trkpt>
            <trkpt lat="-37.8144606" lon="176.4594626">
                <ele>7.6</ele>
            </trkpt>
            <trkpt lat="-37.8145369" lon="176.4597765">
                <ele>7.7</ele>
            </trkpt>
            <trkpt lat="-37.8146471" lon="176.4601091">
                <ele>7.8</ele>
            </trkpt>
            <trkpt lat="-37.8147636" lon="176.4604095">
                <ele>9.2</ele>
            </trkpt>
            <trkpt lat="-37.8149374" lon="176.4607716">
                <ele>10</ele>
            </trkpt>
            <trkpt lat="-37.8150878" lon="176.4610317">
                <ele>10.2</ele>
            </trkpt>
            <trkpt lat="-37.8153421" lon="176.4613965">
                <ele>10.6</ele>
            </trkpt>
            <trkpt lat="-37.8155815" lon="176.4616808">
                <ele>10.8</ele>
            </trkpt>
            <trkpt lat="-37.815768" lon="176.4618713">
                <ele>11</ele>
            </trkpt>
            <trkpt lat="-37.8159862" lon="176.4620697">
                <ele>11.2</ele>
            </trkpt>
            <trkpt lat="-37.8162236" lon="176.4622521">
                <ele>10.5</ele>
            </trkpt>
            <trkpt lat="-37.8170224" lon="176.4627886">
                <ele>9.5</ele>
            </trkpt>
            <trkpt lat="-37.8176771" lon="176.4632151">
                <ele>8</ele>
            </trkpt>
            <trkpt lat="-37.8209528" lon="176.4653715">
                <ele>10.2</ele>
            </trkpt>
            <trkpt lat="-37.8211308" lon="176.4654922">
                <ele>10.8</ele>
            </trkpt>
            <trkpt lat="-37.8212812" lon="176.4656317">
                <ele>10.9</ele>
            </trkpt>
            <trkpt lat="-37.8214253" lon="176.4657336">
                <ele>11</ele>
            </trkpt>
            <trkpt lat="-37.8215736" lon="176.4658892">
                <ele>10.8</ele>
            </trkpt>
            <trkpt lat="-37.8217134" lon="176.4660287">
                <ele>10.5</ele>
            </trkpt>
            <trkpt lat="-37.8218405" lon="176.4661628">
                <ele>10.2</ele>
            </trkpt>
            <trkpt lat="-37.8219677" lon="176.4663237">
                <ele>10</ele>
            </trkpt>
            <trkpt lat="-37.822099" lon="176.4665088">
                <ele>9.9</ele>
            </trkpt>
            <trkpt lat="-37.8222155" lon="176.4666751">
                <ele>9.8</ele>
            </trkpt>
            <trkpt lat="-37.8223172" lon="176.4668655">
                <ele>10.2</ele>
            </trkpt>
            <trkpt lat="-37.8224126" lon="176.4670399">
                <ele>10.8</ele>
            </trkpt>
            <trkpt lat="-37.8225016" lon="176.4672276">
                <ele>10.5</ele>
            </trkpt>
            <trkpt lat="-37.8225906" lon="176.4674288">
                <ele>10.2</ele>
            </trkpt>
            <trkpt lat="-37.8226732" lon="176.4676541">
                <ele>10</ele>
            </trkpt>
            <trkpt lat="-37.8227431" lon="176.467858">
                <ele>9.2</ele>
            </trkpt>
            <trkpt lat="-37.8228088" lon="176.4681101">
                <ele>8.2</ele>
            </trkpt>
            <trkpt lat="-37.8228724" lon="176.4683434">
                <ele>8</ele>
            </trkpt>
            <trkpt lat="-37.8229444" lon="176.4686546">
                <ele>8.2</ele>
            </trkpt>
            <trkpt lat="-37.8235461" lon="176.4716962">
                <ele>10.2</ele>
            </trkpt>
            <trkpt lat="-37.8236202" lon="176.472069">
                <ele>10.2</ele>
            </trkpt>
            <trkpt lat="-37.8236393" lon="176.4721683">
                <ele>10</ele>
            </trkpt>
            <trkpt lat="-37.8238152" lon="176.4730614">
                <ele>10.2</ele>
            </trkpt>
            <trkpt lat="-37.8238724" lon="176.4735013">
                <ele>11.2</ele>
            </trkpt>
            <trkpt lat="-37.823902" lon="176.473791">
                <ele>11.4</ele>
            </trkpt>
            <trkpt lat="-37.8239105" lon="176.4738688">
                <ele>11.4</ele>
            </trkpt>
            <trkpt lat="-37.8239275" lon="176.4741075">
                <ele>11.6</ele>
            </trkpt>
            <trkpt lat="-37.8239381" lon="176.4742684">
                <ele>11.7</ele>
            </trkpt>
            <trkpt lat="-37.823955" lon="176.4747003">
                <ele>11.9</ele>
            </trkpt>
            <trkpt lat="-37.8239486" lon="176.4750838">
                <ele>12.1</ele>
            </trkpt>
            <trkpt lat="-37.8239423" lon="176.4753735">
                <ele>12.2</ele>
            </trkpt>
            <trkpt lat="-37.8238914" lon="176.476559">
                <ele>13.5</ele>
            </trkpt>
            <trkpt lat="-37.8236647" lon="176.4818108">
                <ele>13.5</ele>
            </trkpt>
            <trkpt lat="-37.8236605" lon="176.4819154">
                <ele>7</ele>
            </trkpt>
            <trkpt lat="-37.8236181" lon="176.4827898">
                <ele>6</ele>
            </trkpt>
            <trkpt lat="-37.8235927" lon="176.4831224">
                <ele>6.1</ele>
            </trkpt>
            <trkpt lat="-37.823563" lon="176.4834711">
                <ele>6.2</ele>
            </trkpt>
            <trkpt lat="-37.8235122" lon="176.4838198">
                <ele>6.3</ele>
            </trkpt>
            <trkpt lat="-37.8234571" lon="176.4841282">
                <ele>6.3</ele>
            </trkpt>
            <trkpt lat="-37.8233702" lon="176.4844555">
                <ele>6.4</ele>
            </trkpt>
            <trkpt lat="-37.8232749" lon="176.484772">
                <ele>6.5</ele>
            </trkpt>
            <trkpt lat="-37.8231669" lon="176.4850751">
                <ele>6.6</ele>
            </trkpt>
            <trkpt lat="-37.8229846" lon="176.485582">
                <ele>6.8</ele>
            </trkpt>
            <trkpt lat="-37.822938" lon="176.4856839">
                <ele>6.5</ele>
            </trkpt>
            <trkpt lat="-37.8228321" lon="176.4859763">
                <ele>6.2</ele>
            </trkpt>
            <trkpt lat="-37.8227473" lon="176.486223">
                <ele>6.4</ele>
            </trkpt>
            <trkpt lat="-37.8226584" lon="176.4864939">
                <ele>6.6</ele>
            </trkpt>
            <trkpt lat="-37.8225673" lon="176.4867944">
                <ele>6.8</ele>
            </trkpt>
            <trkpt lat="-37.8224889" lon="176.4871323">
                <ele>7</ele>
            </trkpt>
            <trkpt lat="-37.8220778" lon="176.488916">
                <ele>8.2</ele>
            </trkpt>
            <trkpt lat="-37.8219952" lon="176.4893961">
                <ele>8</ele>
            </trkpt>
            <trkpt lat="-37.8219655" lon="176.4895329">
                <ele>8</ele>
            </trkpt>
            <trkpt lat="-37.8219465" lon="176.4896858">
                <ele>7.9</ele>
            </trkpt>
            <trkpt lat="-37.8218342" lon="176.4902008">
                <ele>7.8</ele>
            </trkpt>
            <trkpt lat="-37.8218024" lon="176.4902866">
                <ele>7.8</ele>
            </trkpt>
            <trkpt lat="-37.8215757" lon="176.4912683">
                <ele>7.5</ele>
            </trkpt>
            <trkpt lat="-37.8200205" lon="176.4982259">
                <ele>6</ele>
            </trkpt>
            <trkpt lat="-37.8186645" lon="176.5043601">
                <ele>7</ele>
            </trkpt>
            <trkpt lat="-37.8183996" lon="176.50561">
                <ele>7.2</ele>
            </trkpt>
            <trkpt lat="-37.8182111" lon="176.5064818">
                <ele>7.5</ele>
            </trkpt>
            <trkpt lat="-37.8180161" lon="176.507324">
                <ele>7.2</ele>
            </trkpt>
            <trkpt lat="-37.8179589" lon="176.5075466">
                <ele>7.5</ele>
            </trkpt>
            <trkpt lat="-37.8178953" lon="176.5077665">
                <ele>7.8</ele>
            </trkpt>
            <trkpt lat="-37.8178021" lon="176.508075">
                <ele>8</ele>
            </trkpt>
            <trkpt lat="-37.8176983" lon="176.5083861">
                <ele>8.5</ele>
            </trkpt>
            <trkpt lat="-37.8164863" lon="176.5119481">
                <ele>5.2</ele>
            </trkpt>
            <trkpt lat="-37.8163867" lon="176.5122566">
                <ele>5</ele>
            </trkpt>
            <trkpt lat="-37.816285" lon="176.5125757">
                <ele>5.1</ele>
            </trkpt>
            <trkpt lat="-37.8162278" lon="176.5127742">
                <ele>5.2</ele>
            </trkpt>
            <trkpt lat="-37.8161748" lon="176.5129915">
                <ele>5.2</ele>
            </trkpt>
            <trkpt lat="-37.8161388" lon="176.5131524">
                <ele>5.2</ele>
            </trkpt>
            <trkpt lat="-37.8160985" lon="176.5133455">
                <ele>7</ele>
            </trkpt>
            <trkpt lat="-37.8160752" lon="176.5134528">
                <ele>7</ele>
            </trkpt>
            <trkpt lat="-37.8160307" lon="176.5136674">
                <ele>7.8</ele>
            </trkpt>
            <trkpt lat="-37.8159714" lon="176.5140161">
                <ele>9</ele>
            </trkpt>
            <trkpt lat="-37.8159206" lon="176.5143031">
                <ele>9.2</ele>
            </trkpt>
            <trkpt lat="-37.8158845" lon="176.5145713">
                <ele>9.5</ele>
            </trkpt>
            <trkpt lat="-37.8158443" lon="176.5149039">
                <ele>10.8</ele>
            </trkpt>
            <trkpt lat="-37.8158231" lon="176.5151748">
                <ele>11</ele>
            </trkpt>
            <trkpt lat="-37.8158019" lon="176.5154591">
                <ele>11.4</ele>
            </trkpt>
            <trkpt lat="-37.8157934" lon="176.5156925">
                <ele>11.7</ele>
            </trkpt>
            <trkpt lat="-37.8157849" lon="176.5159419">
                <ele>12</ele>
            </trkpt>
            <trkpt lat="-37.8157807" lon="176.5162423">
                <ele>12.5</ele>
            </trkpt>
            <trkpt lat="-37.8157807" lon="176.5165588">
                <ele>13</ele>
            </trkpt>
            <trkpt lat="-37.8157934" lon="176.5168995">
                <ele>13.8</ele>
            </trkpt>
            <trkpt lat="-37.8158146" lon="176.5172374">
                <ele>14.5</ele>
            </trkpt>
            <trkpt lat="-37.8158316" lon="176.5174788">
                <ele>14.2</ele>
            </trkpt>
            <trkpt lat="-37.8158909" lon="176.5180582">
                <ele>14</ele>
            </trkpt>
            <trkpt lat="-37.816035" lon="176.519646">
                <ele>14.8</ele>
            </trkpt>
            <trkpt lat="-37.8161028" lon="176.5203917">
                <ele>16</ele>
            </trkpt>
            <trkpt lat="-37.8170245" lon="176.5305573">
                <ele>13.8</ele>
            </trkpt>
            <trkpt lat="-37.8170563" lon="176.5308899">
                <ele>13.2</ele>
            </trkpt>
            <trkpt lat="-37.8172258" lon="176.5327218">
                <ele>11.6</ele>
            </trkpt>
            <trkpt lat="-37.817266" lon="176.5330464">
                <ele>11.2</ele>
            </trkpt>
            <trkpt lat="-37.8173084" lon="176.5333763">
                <ele>11.5</ele>
            </trkpt>
            <trkpt lat="-37.8173593" lon="176.5337116">
                <ele>11.8</ele>
            </trkpt>
            <trkpt lat="-37.8174271" lon="176.5340334">
                <ele>11</ele>
            </trkpt>
            <trkpt lat="-37.8174991" lon="176.534366">
                <ele>11.2</ele>
            </trkpt>
            <trkpt lat="-37.8175775" lon="176.5346906">
                <ele>10.5</ele>
            </trkpt>
            <trkpt lat="-37.8176602" lon="176.5350071">
                <ele>11</ele>
            </trkpt>
            <trkpt lat="-37.817747" lon="176.5353262">
                <ele>11.2</ele>
            </trkpt>
            <trkpt lat="-37.8183085" lon="176.5372092">
                <ele>12.5</ele>
            </trkpt>
            <trkpt lat="-37.8206011" lon="176.5448937">
                <ele>9.5</ele>
            </trkpt>
            <trkpt lat="-37.8211244" lon="176.5466988">
                <ele>10.5</ele>
            </trkpt>
            <trkpt lat="-37.8213151" lon="176.5474525">
                <ele>11</ele>
            </trkpt>
            <trkpt lat="-37.821421" lon="176.5478897">
                <ele>11.5</ele>
            </trkpt>
            <trkpt lat="-37.8215248" lon="176.5485817">
                <ele>12.2</ele>
            </trkpt>
            <trkpt lat="-37.8215926" lon="176.5490967">
                <ele>12.3</ele>
            </trkpt>
            <trkpt lat="-37.8216456" lon="176.5499792">
                <ele>12.4</ele>
            </trkpt>
            <trkpt lat="-37.8216583" lon="176.5505853">
                <ele>12.4</ele>
            </trkpt>
            <trkpt lat="-37.8216498" lon="176.55128">
                <ele>12.5</ele>
            </trkpt>
            <trkpt lat="-37.821582" lon="176.5573767">
                <ele>11.5</ele>
            </trkpt>
            <trkpt lat="-37.8215418" lon="176.5607107">
                <ele>10.5</ele>
            </trkpt>
            <trkpt lat="-37.8214846" lon="176.5650746">
                <ele>10.9</ele>
            </trkpt>
            <trkpt lat="-37.8214846" lon="176.565139">
                <ele>10.9</ele>
            </trkpt>
            <trkpt lat="-37.821402" lon="176.5726331">
                <ele>11.5</ele>
            </trkpt>
            <trkpt lat="-37.8213596" lon="176.5755486">
                <ele>12.5</ele>
            </trkpt>
            <trkpt lat="-37.8213066" lon="176.5800011">
                <ele>11.5</ele>
            </trkpt>
            <trkpt lat="-37.8213108" lon="176.5807763">
                <ele>12.5</ele>
            </trkpt>
            <trkpt lat="-37.8213193" lon="176.5811598">
                <ele>13</ele>
            </trkpt>
            <trkpt lat="-37.8213447" lon="176.5814602">
                <ele>14</ele>
            </trkpt>
            <trkpt lat="-37.8214316" lon="176.582053">
                <ele>15.2</ele>
            </trkpt>
            <trkpt lat="-37.8215651" lon="176.5826458">
                <ele>17.5</ele>
            </trkpt>
            <trkpt lat="-37.8216943" lon="176.5830266">
                <ele>18.8</ele>
            </trkpt>
            <trkpt lat="-37.8218893" lon="176.5834263">
                <ele>19.2</ele>
            </trkpt>
            <trkpt lat="-37.8222177" lon="176.583952">
                <ele>20</ele>
            </trkpt>
            <trkpt lat="-37.8225143" lon="176.5843436">
                <ele>18.5</ele>
            </trkpt>
            <trkpt lat="-37.8228808" lon="176.5847084">
                <ele>18.2</ele>
            </trkpt>
            <trkpt lat="-37.8233342" lon="176.5850115">
                <ele>17.5</ele>
            </trkpt>
            <trkpt lat="-37.8241012" lon="176.585395">
                <ele>17</ele>
            </trkpt>
            <trkpt lat="-37.8258258" lon="176.5860334">
                <ele>21</ele>
            </trkpt>
            <trkpt lat="-37.8262453" lon="176.5862077">
                <ele>22.5</ele>
            </trkpt>
            <trkpt lat="-37.827313" lon="176.5866959">
                <ele>25.2</ele>
            </trkpt>
            <trkpt lat="-37.8299315" lon="176.5879163">
                <ele>30.8</ele>
            </trkpt>
            <trkpt lat="-37.8310289" lon="176.5884367">
                <ele>33.8</ele>
            </trkpt>
            <trkpt lat="-37.8312153" lon="176.5885332">
                <ele>34.5</ele>
            </trkpt>
            <trkpt lat="-37.8313763" lon="176.5886351">
                <ele>34.8</ele>
            </trkpt>
            <trkpt lat="-37.8315331" lon="176.5887317">
                <ele>35.2</ele>
            </trkpt>
            <trkpt lat="-37.8316835" lon="176.5888524">
                <ele>35.8</ele>
            </trkpt>
            <trkpt lat="-37.8318191" lon="176.5889704">
                <ele>36.2</ele>
            </trkpt>
            <trkpt lat="-37.8320182" lon="176.5891904">
                <ele>36.5</ele>
            </trkpt>
            <trkpt lat="-37.8323529" lon="176.5897">
                <ele>37.5</ele>
            </trkpt>
            <trkpt lat="-37.8335181" lon="176.5917787">
                <ele>37.2</ele>
            </trkpt>
            <trkpt lat="-37.8337638" lon="176.592173">
                <ele>36.2</ele>
            </trkpt>
            <trkpt lat="-37.833857" lon="176.5923205">
                <ele>35.2</ele>
            </trkpt>
            <trkpt lat="-37.8345285" lon="176.5933344">
                <ele>24.5</ele>
            </trkpt>
            <trkpt lat="-37.8346366" lon="176.5935194">
                <ele>22.2</ele>
            </trkpt>
            <trkpt lat="-37.834715" lon="176.5936723">
                <ele>20.2</ele>
            </trkpt>
            <trkpt lat="-37.8347806" lon="176.5938279">
                <ele>18.5</ele>
            </trkpt>
            <trkpt lat="-37.8348399" lon="176.5940076">
                <ele>17.2</ele>
            </trkpt>
            <trkpt lat="-37.8348865" lon="176.5942034">
                <ele>16</ele>
            </trkpt>
            <trkpt lat="-37.8349077" lon="176.5943992">
                <ele>14.5</ele>
            </trkpt>
            <trkpt lat="-37.8349141" lon="176.5945923">
                <ele>13.5</ele>
            </trkpt>
            <trkpt lat="-37.834912" lon="176.594764">
                <ele>12.8</ele>
            </trkpt>
            <trkpt lat="-37.8348929" lon="176.5950188">
                <ele>11.5</ele>
            </trkpt>
            <trkpt lat="-37.834859" lon="176.5953004">
                <ele>11.5</ele>
            </trkpt>
            <trkpt lat="-37.8348357" lon="176.5955177">
                <ele>9</ele>
            </trkpt>
            <trkpt lat="-37.8347997" lon="176.5958691">
                <ele>8.2</ele>
            </trkpt>
            <trkpt lat="-37.8347806" lon="176.5961426">
                <ele>7.8</ele>
            </trkpt>
            <trkpt lat="-37.83477" lon="176.5964189">
                <ele>7.6</ele>
            </trkpt>
            <trkpt lat="-37.8347785" lon="176.596714">
                <ele>7.5</ele>
            </trkpt>
            <trkpt lat="-37.8348018" lon="176.5970063">
                <ele>7.3</ele>
            </trkpt>
            <trkpt lat="-37.8348421" lon="176.5973067">
                <ele>7.2</ele>
            </trkpt>
            <trkpt lat="-37.8348971" lon="176.5976179">
                <ele>7</ele>
            </trkpt>
            <trkpt lat="-37.8349734" lon="176.5979344">
                <ele>7.8</ele>
            </trkpt>
            <trkpt lat="-37.8349946" lon="176.5980041">
                <ele>8.2</ele>
            </trkpt>
            <trkpt lat="-37.8350645" lon="176.5982616">
                <ele>10</ele>
            </trkpt>
            <trkpt lat="-37.8352933" lon="176.5990314">
                <ele>12</ele>
            </trkpt>
            <trkpt lat="-37.8354331" lon="176.5995947">
                <ele>13.5</ele>
            </trkpt>
            <trkpt lat="-37.8354945" lon="176.6000533">
                <ele>15</ele>
            </trkpt>
            <trkpt lat="-37.8355072" lon="176.6004717">
                <ele>15.1</ele>
            </trkpt>
            <trkpt lat="-37.8354246" lon="176.6047177">
                <ele>15.8</ele>
            </trkpt>
            <trkpt lat="-37.835414" lon="176.604943">
                <ele>16.2</ele>
            </trkpt>
            <trkpt lat="-37.8354034" lon="176.6051683">
                <ele>16.8</ele>
            </trkpt>
            <trkpt lat="-37.835378" lon="176.6053829">
                <ele>17</ele>
            </trkpt>
            <trkpt lat="-37.8353462" lon="176.605576">
                <ele>16.8</ele>
            </trkpt>
            <trkpt lat="-37.8352954" lon="176.6058227">
                <ele>16.2</ele>
            </trkpt>
            <trkpt lat="-37.8352403" lon="176.6060534">
                <ele>16.5</ele>
            </trkpt>
            <trkpt lat="-37.8351789" lon="176.6062653">
                <ele>16.8</ele>
            </trkpt>
            <trkpt lat="-37.8347785" lon="176.6074696">
                <ele>12.8</ele>
            </trkpt>
            <trkpt lat="-37.8347065" lon="176.607711">
                <ele>11</ele>
            </trkpt>
            <trkpt lat="-37.8346345" lon="176.6079792">
                <ele>10</ele>
            </trkpt>
            <trkpt lat="-37.8345815" lon="176.6082448">
                <ele>9.1</ele>
            </trkpt>
            <trkpt lat="-37.834537" lon="176.6085479">
                <ele>8</ele>
            </trkpt>
            <trkpt lat="-37.8345201" lon="176.6090173">
                <ele>7</ele>
            </trkpt>
            <trkpt lat="-37.8345561" lon="176.6095001">
                <ele>7.8</ele>
            </trkpt>
            <trkpt lat="-37.8346154" lon="176.6098648">
                <ele>8.5</ele>
            </trkpt>
            <trkpt lat="-37.8347256" lon="176.6102538">
                <ele>8.8</ele>
            </trkpt>
            <trkpt lat="-37.834787" lon="176.6104388">
                <ele>8.2</ele>
            </trkpt>
            <trkpt lat="-37.8348887" lon="176.6107151">
                <ele>7.5</ele>
            </trkpt>
            <trkpt lat="-37.8351111" lon="176.6112515">
                <ele>8.2</ele>
            </trkpt>
            <trkpt lat="-37.8376848" lon="176.6171658">
                <ele>9.5</ele>
            </trkpt>
            <trkpt lat="-37.8395616" lon="176.6215056">
                <ele>12</ele>
            </trkpt>
            <trkpt lat="-37.8408834" lon="176.6246036">
                <ele>11.5</ele>
            </trkpt>
            <trkpt lat="-37.8428194" lon="176.6291767">
                <ele>20.5</ele>
            </trkpt>
            <trkpt lat="-37.8434739" lon="176.6306949">
                <ele>18.2</ele>
            </trkpt>
            <trkpt lat="-37.8436391" lon="176.6310731">
                <ele>18.5</ele>
            </trkpt>
            <trkpt lat="-37.8438615" lon="176.6314995">
                <ele>20</ele>
            </trkpt>
            <trkpt lat="-37.8443783" lon="176.6324356">
                <ele>19.8</ele>
            </trkpt>
            <trkpt lat="-37.8444779" lon="176.6326475">
                <ele>18.5</ele>
            </trkpt>
            <trkpt lat="-37.8447024" lon="176.6331223">
                <ele>15.8</ele>
            </trkpt>
            <trkpt lat="-37.8447956" lon="176.6333449">
                <ele>14.2</ele>
            </trkpt>
            <trkpt lat="-37.844965" lon="176.6337821">
                <ele>14.2</ele>
            </trkpt>
            <trkpt lat="-37.8450137" lon="176.6339028">
                <ele>9</ele>
            </trkpt>
            <trkpt lat="-37.8457529" lon="176.6359198">
                <ele>8.8</ele>
            </trkpt>
            <trkpt lat="-37.8467865" lon="176.638779">
                <ele>15</ele>
            </trkpt>
            <trkpt lat="-37.84886" lon="176.6439074">
                <ele>18.8</ele>
            </trkpt>
            <trkpt lat="-37.849309" lon="176.6451037">
                <ele>15.2</ele>
            </trkpt>
            <trkpt lat="-37.8526786" lon="176.6541991">
                <ele>28.8</ele>
            </trkpt>
            <trkpt lat="-37.8538583" lon="176.6573212">
                <ele>28.5</ele>
            </trkpt>
            <trkpt lat="-37.8546524" lon="176.6593194">
                <ele>26.2</ele>
            </trkpt>
            <trkpt lat="-37.8548409" lon="176.6597646">
                <ele>24</ele>
            </trkpt>
            <trkpt lat="-37.8550569" lon="176.6602018">
                <ele>23</ele>
            </trkpt>
            <trkpt lat="-37.8552327" lon="176.6605157">
                <ele>21.8</ele>
            </trkpt>
            <trkpt lat="-37.8558701" lon="176.6615483">
                <ele>15</ele>
            </trkpt>
            <trkpt lat="-37.8562641" lon="176.6622564">
                <ele>13.9</ele>
            </trkpt>
            <trkpt lat="-37.8565436" lon="176.6627982">
                <ele>13.9</ele>
            </trkpt>
            <trkpt lat="-37.8567829" lon="176.6633508">
                <ele>14</ele>
            </trkpt>
            <trkpt lat="-37.8572848" lon="176.6648877">
                <ele>24</ele>
            </trkpt>
            <trkpt lat="-37.8575072" lon="176.6657594">
                <ele>26</ele>
            </trkpt>
            <trkpt lat="-37.8576088" lon="176.6661564">
                <ele>26.3</ele>
            </trkpt>
            <trkpt lat="-37.857685" lon="176.6664809">
                <ele>26.5</ele>
            </trkpt>
            <trkpt lat="-37.8579709" lon="176.6679186">
                <ele>19.2</ele>
            </trkpt>
            <trkpt lat="-37.8580218" lon="176.6681412">
                <ele>18.9</ele>
            </trkpt>
            <trkpt lat="-37.8580811" lon="176.6683611">
                <ele>18.5</ele>
            </trkpt>
            <trkpt lat="-37.8581467" lon="176.6685784">
                <ele>19.2</ele>
            </trkpt>
            <trkpt lat="-37.8592712" lon="176.6717702">
                <ele>17</ele>
            </trkpt>
            <trkpt lat="-37.8598324" lon="176.6734359">
                <ele>18</ele>
            </trkpt>
            <trkpt lat="-37.8602898" lon="176.6747904">
                <ele>21.5</ele>
            </trkpt>
            <trkpt lat="-37.8608785" lon="176.6764909">
                <ele>22</ele>
            </trkpt>
            <trkpt lat="-37.8622126" lon="176.680246">
                <ele>25.8</ele>
            </trkpt>
            <trkpt lat="-37.8622994" lon="176.6804552">
                <ele>25.5</ele>
            </trkpt>
            <trkpt lat="-37.8623926" lon="176.6806617">
                <ele>25.2</ele>
            </trkpt>
            <trkpt lat="-37.86249" lon="176.6808414">
                <ele>24.5</ele>
            </trkpt>
            <trkpt lat="-37.8625916" lon="176.6810292">
                <ele>23</ele>
            </trkpt>
            <trkpt lat="-37.8626996" lon="176.6812143">
                <ele>21.8</ele>
            </trkpt>
            <trkpt lat="-37.863212" lon="176.6821209">
                <ele>14</ele>
            </trkpt>
            <trkpt lat="-37.8633137" lon="176.6823167">
                <ele>12</ele>
            </trkpt>
            <trkpt lat="-37.8634026" lon="176.6824991">
                <ele>11.6</ele>
            </trkpt>
            <trkpt lat="-37.863481" lon="176.68266">
                <ele>11.3</ele>
            </trkpt>
            <trkpt lat="-37.8634958" lon="176.6826922">
                <ele>11.2</ele>
            </trkpt>
            <trkpt lat="-37.8635233" lon="176.6827592">
                <ele>11</ele>
            </trkpt>
            <trkpt lat="-37.8635784" lon="176.6828853">
                <ele>10.5</ele>
            </trkpt>
            <trkpt lat="-37.8636652" lon="176.6830865">
                <ele>9.5</ele>
            </trkpt>
            <trkpt lat="-37.8637372" lon="176.6832715">
                <ele>8.8</ele>
            </trkpt>
            <trkpt lat="-37.8638219" lon="176.6834942">
                <ele>9</ele>
            </trkpt>
            <trkpt lat="-37.8638939" lon="176.683698">
                <ele>8.8</ele>
            </trkpt>
            <trkpt lat="-37.8639574" lon="176.6839072">
                <ele>8.2</ele>
            </trkpt>
            <trkpt lat="-37.8640209" lon="176.6841137">
                <ele>7.8</ele>
            </trkpt>
            <trkpt lat="-37.8640866" lon="176.684331">
                <ele>7.8</ele>
            </trkpt>
            <trkpt lat="-37.8643746" lon="176.6853771">
                <ele>7.8</ele>
            </trkpt>
            <trkpt lat="-37.8644593" lon="176.6857016">
                <ele>10</ele>
            </trkpt>
            <trkpt lat="-37.8646117" lon="176.6862515">
                <ele>16.5</ele>
            </trkpt>
            <trkpt lat="-37.8655201" lon="176.6896766">
                <ele>28</ele>
            </trkpt>
            <trkpt lat="-37.8661808" lon="176.6920638">
                <ele>28.2</ele>
            </trkpt>
            <trkpt lat="-37.8663481" lon="176.6926298">
                <ele>28.2</ele>
            </trkpt>
            <trkpt lat="-37.8665535" lon="176.6932574">
                <ele>22.5</ele>
            </trkpt>
            <trkpt lat="-37.8668076" lon="176.6939896">
                <ele>17</ele>
            </trkpt>
            <trkpt lat="-37.8669558" lon="176.6944188">
                <ele>15.2</ele>
            </trkpt>
            <trkpt lat="-37.8669812" lon="176.6944966">
                <ele>15.2</ele>
            </trkpt>
            <trkpt lat="-37.8670426" lon="176.6946709">
                <ele>15</ele>
            </trkpt>
            <trkpt lat="-37.867176" lon="176.6950598">
                <ele>13.8</ele>
            </trkpt>
            <trkpt lat="-37.8675021" lon="176.6959906">
                <ele>15</ele>
            </trkpt>
            <trkpt lat="-37.8700218" lon="176.703262">
                <ele>31</ele>
            </trkpt>
            <trkpt lat="-37.8711905" lon="176.7069393">
                <ele>24</ele>
            </trkpt>
            <trkpt lat="-37.8718617" lon="176.7088678">
                <ele>20.8</ele>
            </trkpt>
            <trkpt lat="-37.8725033" lon="176.7106998">
                <ele>20</ele>
            </trkpt>
            <trkpt lat="-37.8727467" lon="176.7113489">
                <ele>23</ele>
            </trkpt>
            <trkpt lat="-37.8735132" lon="176.7135698">
                <ele>20.5</ele>
            </trkpt>
            <trkpt lat="-37.8750249" lon="176.7179579">
                <ele>23.2</ele>
            </trkpt>
            <trkpt lat="-37.8783065" lon="176.7273161">
                <ele>19.8</ele>
            </trkpt>
            <trkpt lat="-37.8784695" lon="176.7277694">
                <ele>20.2</ele>
            </trkpt>
            <trkpt lat="-37.8798456" lon="176.7316425">
                <ele>22</ele>
            </trkpt>
            <trkpt lat="-37.8806077" lon="176.7337614">
                <ele>22.6</ele>
            </trkpt>
            <trkpt lat="-37.8808385" lon="176.7344213">
                <ele>22.8</ele>
            </trkpt>
            <trkpt lat="-37.8810629" lon="176.7349926">
                <ele>23</ele>
            </trkpt>
            <trkpt lat="-37.8813826" lon="176.7357758">
                <ele>23.8</ele>
            </trkpt>
            <trkpt lat="-37.8814355" lon="176.7359099">
                <ele>23.8</ele>
            </trkpt>
            <trkpt lat="-37.8816387" lon="176.7364168">
                <ele>24</ele>
            </trkpt>
            <trkpt lat="-37.8818504" lon="176.7368862">
                <ele>25</ele>
            </trkpt>
            <trkpt lat="-37.882077" lon="176.7374173">
                <ele>25.5</ele>
            </trkpt>
            <trkpt lat="-37.8821913" lon="176.7377257">
                <ele>26.8</ele>
            </trkpt>
            <trkpt lat="-37.8822294" lon="176.7378277">
                <ele>27</ele>
            </trkpt>
            <trkpt lat="-37.8822929" lon="176.7379993">
                <ele>26.8</ele>
            </trkpt>
            <trkpt lat="-37.882439" lon="176.7384741">
                <ele>26.2</ele>
            </trkpt>
            <trkpt lat="-37.8826634" lon="176.7391902">
                <ele>25.2</ele>
            </trkpt>
            <trkpt lat="-37.8827798" lon="176.7396408">
                <ele>24.8</ele>
            </trkpt>
            <trkpt lat="-37.8831545" lon="176.7407915">
                <ele>23.5</ele>
            </trkpt>
            <trkpt lat="-37.8833958" lon="176.7415318">
                <ele>28.2</ele>
            </trkpt>
            <trkpt lat="-37.8835906" lon="176.7421246">
                <ele>30</ele>
            </trkpt>
            <trkpt lat="-37.8839378" lon="176.7431599">
                <ele>27.2</ele>
            </trkpt>
            <trkpt lat="-37.884014" lon="176.7433906">
                <ele>26.2</ele>
            </trkpt>
            <trkpt lat="-37.8841029" lon="176.7436534">
                <ele>25.8</ele>
            </trkpt>
            <trkpt lat="-37.8841685" lon="176.7438143">
                <ele>25.5</ele>
            </trkpt>
            <trkpt lat="-37.8842469" lon="176.7439994">
                <ele>25.2</ele>
            </trkpt>
            <trkpt lat="-37.8843527" lon="176.7442489">
                <ele>25.5</ele>
            </trkpt>
            <trkpt lat="-37.8844247" lon="176.7444474">
                <ele>25.2</ele>
            </trkpt>
            <trkpt lat="-37.8844755" lon="176.7446217">
                <ele>24.5</ele>
            </trkpt>
            <trkpt lat="-37.8845178" lon="176.7448041">
                <ele>23.5</ele>
            </trkpt>
            <trkpt lat="-37.884539" lon="176.7449597">
                <ele>22.2</ele>
            </trkpt>
            <trkpt lat="-37.8845581" lon="176.7451072">
                <ele>21</ele>
            </trkpt>
            <trkpt lat="-37.8845665" lon="176.7452279">
                <ele>20</ele>
            </trkpt>
            <trkpt lat="-37.8845729" lon="176.7457214">
                <ele>16</ele>
            </trkpt>
            <trkpt lat="-37.8845729" lon="176.7459199">
                <ele>14.8</ele>
            </trkpt>
            <trkpt lat="-37.8845771" lon="176.7460513">
                <ele>14.2</ele>
            </trkpt>
            <trkpt lat="-37.8845771" lon="176.7461237">
                <ele>14.2</ele>
            </trkpt>
            <trkpt lat="-37.884594" lon="176.7462605">
                <ele>14.1</ele>
            </trkpt>
            <trkpt lat="-37.8846258" lon="176.7464617">
                <ele>14</ele>
            </trkpt>
            <trkpt lat="-37.8846681" lon="176.7466334">
                <ele>13.8</ele>
            </trkpt>
            <trkpt lat="-37.8847105" lon="176.7467782">
                <ele>13.6</ele>
            </trkpt>
            <trkpt lat="-37.8847676" lon="176.7469123">
                <ele>13.5</ele>
            </trkpt>
            <trkpt lat="-37.8848523" lon="176.7470866">
                <ele>13</ele>
            </trkpt>
            <trkpt lat="-37.8849666" lon="176.7472717">
                <ele>12.5</ele>
            </trkpt>
            <trkpt lat="-37.885083" lon="176.747438">
                <ele>12</ele>
            </trkpt>
            <trkpt lat="-37.8855826" lon="176.7480522">
                <ele>12.2</ele>
            </trkpt>
            <trkpt lat="-37.8858896" lon="176.7484412">
                <ele>12</ele>
            </trkpt>
            <trkpt lat="-37.8860441" lon="176.748645">
                <ele>11.8</ele>
            </trkpt>
            <trkpt lat="-37.8861648" lon="176.7488274">
                <ele>11.5</ele>
            </trkpt>
            <trkpt lat="-37.886277" lon="176.7490205">
                <ele>12.2</ele>
            </trkpt>
            <trkpt lat="-37.886368" lon="176.7492002">
                <ele>12.4</ele>
            </trkpt>
            <trkpt lat="-37.8864442" lon="176.7493692">
                <ele>12.5</ele>
            </trkpt>
            <trkpt lat="-37.8864971" lon="176.7494953">
                <ele>12.6</ele>
            </trkpt>
            <trkpt lat="-37.8865543" lon="176.7496321">
                <ele>12.8</ele>
            </trkpt>
            <trkpt lat="-37.8866157" lon="176.7497957">
                <ele>12.5</ele>
            </trkpt>
            <trkpt lat="-37.8866813" lon="176.7500237">
                <ele>12.2</ele>
            </trkpt>
            <trkpt lat="-37.8867321" lon="176.7502248">
                <ele>12</ele>
            </trkpt>
            <trkpt lat="-37.8867533" lon="176.7503697">
                <ele>11.9</ele>
            </trkpt>
            <trkpt lat="-37.8869755" lon="176.7514023">
                <ele>11.5</ele>
            </trkpt>
            <trkpt lat="-37.8875894" lon="176.7544976">
                <ele>7.8</ele>
            </trkpt>
            <trkpt lat="-37.8876635" lon="176.7548355">
                <ele>7</ele>
            </trkpt>
            <trkpt lat="-37.8881589" lon="176.7572442">
                <ele>5</ele>
            </trkpt>
            <trkpt lat="-37.8882478" lon="176.757676">
                <ele>5.6</ele>
            </trkpt>
            <trkpt lat="-37.8884404" lon="176.758596">
                <ele>7</ele>
            </trkpt>
            <trkpt lat="-37.8887346" lon="176.7599988">
                <ele>9</ele>
            </trkpt>
            <trkpt lat="-37.8887833" lon="176.7602322">
                <ele>10</ele>
            </trkpt>
            <trkpt lat="-37.888705" lon="176.7602643">
                <ele>9.5</ele>
            </trkpt>
            <trkpt lat="-37.8882668" lon="176.7607605">
                <ele>8</ele>
            </trkpt>
            <trkpt lat="-37.8879324" lon="176.7610636">
                <ele>6.8</ele>
            </trkpt>
            <trkpt lat="-37.8877228" lon="176.7612514">
                <ele>7</ele>
            </trkpt>
            <trkpt lat="-37.887056" lon="176.7616457">
                <ele>8.5</ele>
            </trkpt>
            <trkpt lat="-37.8869417" lon="176.761694">
                <ele>8</ele>
            </trkpt>
            <trkpt lat="-37.8868358" lon="176.7616457">
                <ele>8.1</ele>
            </trkpt>
            <trkpt lat="-37.8867617" lon="176.7615813">
                <ele>8.2</ele>
            </trkpt>
            <trkpt lat="-37.8866834" lon="176.7614686">
                <ele>8</ele>
            </trkpt>
            <trkpt lat="-37.8866997" lon="176.7614152">
                <ele>8</ele>
            </trkpt>
            <extensions>
                <osmand:route>
                    <segment id="86575868" length="6" startTrkptIdx="0" segmentTime="26.26" speed="8.33" turnType="C" turnAngle="" types="0,1,2,3" pointTypes=";;4;4;4;" names=""/>
                    <segment id="1414983418" length="3" startTrkptIdx="5" segmentTime="7.82" speed="26.07" turnType="TL" turnAngle="-83.73" types="5,6,7,8,9,10,11" pointTypes=";;" names="168,169,170,171,172,173,174,175,176"/>
                    <segment id="1414983419" length="2" startTrkptIdx="7" segmentTime="1.79" speed="26.07" turnType="" turnAngle="" types="12,5,6,7,8,9,10,11" pointTypes="" names="168,169,170,171,172,173,174,175,176"/>
                    <segment id="576933103" length="81" startTrkptIdx="8" segmentTime="188.41" speed="26.07" turnType="" turnAngle="" types="5,6,7,8,9,10,11" pointTypes="14;;;;;;;;;;;;;;;;;4;;;;;;;;;;;;;;;4;;4;15;14;13;4;;;;4;4;13;4;;;4;14;14;15;14;14;13;;;;;;;;;4;13;13;;;;;;;;;;;;;;;" names="168,169,170,171,172,173,174,175,176"/>
                    <segment id="922301164" length="2" startTrkptIdx="88" segmentTime="1.29" speed="26.07" turnType="" turnAngle="" types="5,16,7,17,18,9,10,19" pointTypes="4;" names="168,169,170,171,172,173,174,175,176"/>
                    <segment id="687273333" length="2" startTrkptIdx="89" segmentTime="2.10" speed="26.07" turnType="" turnAngle="" types="12,5,16,7,17,18,9,10,19" pointTypes="" names="168,169,170,171,172,173,174,175,176"/>
                    <segment id="922301165" length="2" startTrkptIdx="90" segmentTime="1.71" speed="26.07" turnType="" turnAngle="" types="5,16,7,17,18,9,10,19" pointTypes="13;20,21" names="168,169,170,171,172,173,174,175,176"/>
                    <segment id="71724816" length="80" startTrkptIdx="91" segmentTime="171.68" speed="24.56" turnType="" turnAngle="" types="5,6,7,22,8,9,10,11" pointTypes="20,21,4;;;;;;;;;;;;4;4;4;;;;;;;;;;;;;4;4;13;4;4;4;;;14;14;4;4;;4;;13;14;15;;;15;15;15;14;14;;15;;15;15;14;15;14;14;14;14;13;13;13;13;13;13;4;4;;;;;;4;4;23,21,15;" names="168,169,170,171,172,173,174,175,176"/>
                    <segment id="590736971" length="8" startTrkptIdx="170" segmentTime="23.80" speed="26.07" turnType="TL" turnAngle="-95.00" types="24,6,7,8,25,26,27,9,10,11,28,29,30,31,32,33,34,35,36,37,38,39,40,41,42,43,44,45,46,47,48,49" pointTypes=";50,4;50,4;;" names="178,179,180,181,182,183,184,185,186,187,188,189,169,170,171,172,173,174,175,176,190,191,192,193,194,195,196"/>
                    <segment id="1320074016" length="2" startTrkptIdx="177" segmentTime="1.16" speed="26.07" turnType="" turnAngle="" types="24,6,7,18,25,51,9,10,19,28,29,30,52,53,54,55,56,39,40,41,57,58,59,60,61" pointTypes=";62,13" names="178,179,180,197,183,198,186,199,200,169,170,171,172,173,174,175,176,190,191,201,202,203"/>
                    <segment id="965879901" length="4" startTrkptIdx="178" segmentTime="12.10" speed="26.07" turnType="" turnAngle="" types="24,7,63,8,25,51,11,28,29,30,52,53,54,55,56,39,40,41,57,58,59,60,61" pointTypes=";50,4;;" names="178,179,180,197,183,198,186,199,200,190,191,201,202,203"/>
                    <segment id="965879901" length="6" startTrkptIdx="181" segmentTime="13.88" speed="7.29" turnType="" turnAngle="" types="24,7,63,8,25,51,11,28,29,30,52,53,54,55,56,39,40,41,57,58,59,60,61" pointTypes=";50,4;;20,21" names="178,179,180,197,183,198,186,199,200,190,191,201,202,203"/>
                    <segment id="965879898" length="23" startTrkptIdx="186" segmentTime="5.08" speed="26.07" turnType="RNLB2" turnAngle="131.22" types="24,64,6,7,8,25,26,27,11,28,29,30,31,32,33,34,35,36,37,38,39,40,41,42,43,44,45,46,47,48,49" pointTypes=";;50,4;50,4;;;;;50,4;;;;;;;;;;;;;65,66;65,66" names="204,179,180,181,182,183,184,185,186,187,188,189,190,191,192,193,194,195,196"/>
                    <segment id="965879903" length="9" startTrkptIdx="208" segmentTime="16.47" speed="26.07" turnType="" turnAngle="" types="24,6,7,63,8,25,9,10,11,28,29,30,39,40,41" pointTypes=";;;;;;;;" names="205,206,183,207,169,170,171,172,173,174,175,176,208,209"/>
                    <segment id="918074944" length="44" startTrkptIdx="216" segmentTime="112.78" speed="26.07" turnType="" turnAngle="" types="24,6,7,8,25,26,9,10,11,28,29,30,31,32,33,54,55,56,39,40,41,42,43,44,59,60,61" pointTypes=";4;4;;;;;;;;;4;;;4;4;4;;;;;;;;;;;;;4;4;4;13;;;;;;4;;;;" names="205,210,206,211,183,184,207,212,213,169,170,171,172,173,174,175,176,208,209,214,215,216"/>
                    <segment id="1083453175" length="8" startTrkptIdx="259" segmentTime="6.80" speed="20.06" turnType="" turnAngle="" types="24,6,7,67,22,8,25,26,9,10,11,28,29,30,31,32,33,54,55,56,39,40,41,42,43,44,59,60,61" pointTypes=";4;" names="205,210,206,211,183,184,207,212,213,169,170,171,172,173,174,175,176,208,209,214,215,216"/>
                    <segment id="918074945" length="2" startTrkptIdx="266" segmentTime="0.25" speed="26.07" turnType="" turnAngle="" types="12,24,6,7,18,25,26,9,10,19,28,29,30,31,32,33,54,55,56,39,40,41,42,43,44,59,60,61" pointTypes="" names="205,210,206,211,183,184,207,212,213,169,170,171,172,173,174,175,176,208,209,214,215,216"/>
                    <segment id="590736972" length="29" startTrkptIdx="267" segmentTime="78.39" speed="26.07" turnType="" turnAngle="" types="24,6,7,8,25,26,9,10,11,28,29,30,31,32,33,54,55,56,39,40,41,42,43,44,59,60,61" pointTypes=";;;;;;;;;;;;4;4;;4;13;;;;;;;;;;;;" names="205,210,206,211,183,184,207,212,213,169,170,171,172,173,174,175,176,208,209,214,215,216"/>
                    <segment id="590736972" length="15" startTrkptIdx="295" segmentTime="81.82" speed="26.07" turnType="" turnAngle="" types="24,6,7,8,25,26,9,10,11,28,29,30,31,32,33,54,55,56,39,40,41,42,43,44,59,60,61" pointTypes=";;;;;;;;;;;;13;;" names="205,210,206,211,183,184,207,212,213,169,170,171,172,173,174,175,176,208,209,214,215,216"/>
                    <segment id="917202350" length="2" startTrkptIdx="309" segmentTime="0.45" speed="26.07" turnType="" turnAngle="" types="12,24,6,7,18,25,26,9,10,19,28,29,30,31,32,33,54,55,56,39,40,41,42,43,44,59,60,61" pointTypes="" names="205,210,206,211,183,184,207,212,213,169,170,171,172,173,174,175,176,208,209,214,215,216"/>
                    <segment id="917202349" length="6" startTrkptIdx="310" segmentTime="52.54" speed="26.07" turnType="" turnAngle="" types="24,6,7,8,25,26,9,10,11,28,29,30,31,32,33,54,55,56,39,40,41,42,43,44,59,60,61" pointTypes="4;;4;;" names="205,210,206,211,183,184,207,212,213,169,170,171,172,173,174,175,176,208,209,214,215,216"/>
                    <segment id="774880195" length="2" startTrkptIdx="315" segmentTime="4.68" speed="26.07" turnType="C" turnAngle="0.27" types="24,6,7,18,25,26,19,28,29,30,31,32,33,54,55,56,39,40,41,42,43,44,59,60,61" pointTypes="" names="205,210,206,211,183,184,207,212,213,208,209,214,215,216"/>
                    <segment id="774880193" length="2" startTrkptIdx="316" segmentTime="1.65" speed="26.07" turnType="" turnAngle="" types="24,6,7,8,25,26,11,28,29,30,31,32,33,54,55,56,39,40,41,42,43,44,59,60,61" pointTypes=";" names="205,210,206,211,183,184,207,212,213,208,209,214,215,216,217,218"/>
                    <segment id="774880194" length="2" startTrkptIdx="317" segmentTime="1.27" speed="26.07" turnType="" turnAngle="" types="24,68,69,70,7,8,71,25,26,11,28,29,30,31,32,33,54,55,56,39,40,41,42,43,44,59,60,61" pointTypes=";" names="205,210,206,211,183,184,207,212,213,208,209,214,215,216,219,220"/>
                    <segment id="17158674" length="19" startTrkptIdx="318" segmentTime="80.69" speed="26.07" turnType="" turnAngle="" types="24,6,7,8,25,26,11,28,29,30,31,32,33,54,55,56,39,40,41,42,43,44,59,60,61" pointTypes=";;;;;;;4;13;;;;;;;;;;" names="205,210,206,211,183,184,207,212,213,208,209,214,215,216"/>
                    <segment id="1364910086" length="3" startTrkptIdx="336" segmentTime="14.63" speed="18.85" turnType="" turnAngle="" types="24,6,72,22,18,25,26,19,28,29,30,31,32,33,54,55,56,39,40,41,42,43,44,59,60,61" pointTypes=";4" names="205,210,206,211,183,184,207,212,213,208,209,214,215,216"/>
                    <segment id="1364910087" length="2" startTrkptIdx="338" segmentTime="2.10" speed="18.85" turnType="" turnAngle="" types="24,68,73,74,72,22,18,75,25,26,19,28,29,30,31,32,33,54,55,56,39,40,41,42,43,44,59,60,61" pointTypes="" names="205,210,206,211,183,184,207,212,213,208,209,214,215,216"/>
                    <segment id="140814287" length="8" startTrkptIdx="339" segmentTime="86.65" speed="7.97" turnType="" turnAngle="" types="24,6,72,22,18,25,26,19,28,29,30,31,32,33,54,55,56,39,40,41,42,43,44,59,60,61" pointTypes=";;76,77;78,79,80,77;;4;;" names="205,210,206,211,183,184,207,212,213,208,209,214,215,216"/>
                    <segment id="140814286" length="3" startTrkptIdx="346" segmentTime="6.75" speed="26.07" turnType="" turnAngle="" types="24,6,7,18,25,26,19,28,29,30,31,32,33,54,55,56,39,40,41,42,43,44,59,60,61" pointTypes=";;4" names="205,210,206,211,183,184,207,212,213,208,209,214,215,216"/>
                    <segment id="497742986" length="2" startTrkptIdx="348" segmentTime="0.91" speed="26.07" turnType="" turnAngle="" types="12,24,6,7,81,18,25,26,19,28,29,30,31,32,33,54,55,56,39,40,41,42,43,44,59,60,61" pointTypes="" names="205,210,206,211,183,184,207,212,213,208,209,214,215,216"/>
                    <segment id="497742984" length="3" startTrkptIdx="349" segmentTime="20.68" speed="26.07" turnType="" turnAngle="" types="24,6,7,18,25,26,19,28,29,30,31,32,33,54,55,56,39,40,41,42,43,44,59,60,61" pointTypes=";;" names="205,210,206,211,183,184,207,212,213,208,209,214,215,216"/>
                    <segment id="1364910083" length="2" startTrkptIdx="351" segmentTime="5.77" speed="16.44" turnType="" turnAngle="" types="24,6,82,18,25,26,19,28,29,30,31,32,33,54,55,56,39,40,41,42,43,44,59,60,61" pointTypes=";" names="205,210,206,211,183,184,207,212,213,208,209,214,215,216"/>
                    <segment id="1364910082" length="2" startTrkptIdx="352" segmentTime="3.27" speed="16.44" turnType="" turnAngle="" types="24,6,82,18,25,26,19,28,29,30,31,32,33,54,55,56,39,40,41,42,43,44,59,60,61" pointTypes=";83" names="205,210,206,211,183,184,207,212,213,208,209,214,215,216,221,220"/>
                    <segment id="34046266" length="3" startTrkptIdx="353" segmentTime="4.16" speed="16.44" turnType="" turnAngle="" types="24,84,82,22,18,75,71,25,26,85,86,19,28,29,30,31,32,33,54,55,56,36,37,38,87,88,89,90,91,92,39,40,41,42,43,44,59,60,61,47,48,49,93,94,95,96,97,98" pointTypes="83;4;4" names="205,222,223,224,225,226,183,184,227,228,229,230,213,231,232,233,234,235,236,237,238,216,239,240,241,242,221,243,220,218,244"/>
                    <segment id="1364910080" length="2" startTrkptIdx="355" segmentTime="9.16" speed="16.44" turnType="C" turnAngle="0.60" types="24,6,82,18,25,26,19,28,29,30,31,32,33,54,55,56,39,40,41,42,43,44,59,60,61" pointTypes=";" names="205,210,206,211,183,184,207,212,213,208,209,214,215,216,245,218"/>
                    <segment id="34046267" length="23" startTrkptIdx="356" segmentTime="71.81" speed="26.07" turnType="" turnAngle="" types="24,6,7,18,25,26,19,28,29,30,31,32,33,54,55,56,39,40,41,42,43,44,59,60,61" pointTypes=";;;;;;;;;;4;13;4;4;4;4;;;;;;4;15" names="205,210,206,211,183,184,207,212,213,208,209,214,215,216"/>
                    <segment id="497742961" length="2" startTrkptIdx="378" segmentTime="1.10" speed="26.07" turnType="" turnAngle="" types="12,24,6,7,18,25,26,19,28,29,30,31,32,33,54,55,56,39,40,41,42,43,44,59,60,61" pointTypes="" names="205,210,206,211,183,184,207,212,213,208,209,214,215,216"/>
                    <segment id="497742968" length="71" startTrkptIdx="379" segmentTime="167.29" speed="26.07" turnType="" turnAngle="" types="24,6,7,18,25,26,19,28,29,30,31,32,33,54,55,56,39,40,41,42,43,44,59,60,61" pointTypes=";;;;;;;;;;;4;;;;;;;;4;;;;;;;4;4;;13;13;14;15;15;15;15;15;13;4;;;;;;;;;;;;4;;4;4;;;;;;;;;;4;4;4;;;;;" names="205,210,206,211,183,184,207,212,213,208,209,214,215,216"/>
                    <segment id="140814291" length="2" startTrkptIdx="449" segmentTime="6.20" speed="18.85" turnType="" turnAngle="" types="24,6,72,18,25,26,19,28,29,30,31,32,33,54,55,56,39,40,41,42,43,44,59,60,61" pointTypes=";" names="205,210,206,211,183,184,207,212,213,208,209,214,215,216"/>
                    <segment id="819975423" length="2" startTrkptIdx="450" segmentTime="0.62" speed="18.85" turnType="" turnAngle="" types="24,6,72,18,25,26,19,28,29,30,31,32,33,54,55,56,39,40,41,42,43,44,59,60,61" pointTypes="" names="205,210,206,211,183,184,207,212,213,208,209,214,215,216"/>
                    <segment id="819975425" length="3" startTrkptIdx="451" segmentTime="26.04" speed="18.85" turnType="" turnAngle="" types="24,6,72,18,25,26,19,28,29,30,31,32,33,54,55,56,39,40,41,42,43,44,59,60,61" pointTypes=";;" names="205,210,206,211,183,184,207,212,213,208,209,214,215,216"/>
                    <segment id="819975424" length="3" startTrkptIdx="453" segmentTime="1.95" speed="18.85" turnType="" turnAngle="" types="24,6,72,18,25,26,19,28,29,30,31,32,33,54,55,56,39,40,41,42,43,44,59,60,61" pointTypes="" names="205,210,206,211,183,184,207,212,213,208,209,214,215,216"/>
                    <segment id="140814292" length="30" startTrkptIdx="455" segmentTime="76.31" speed="26.07" turnType="" turnAngle="" types="24,6,7,8,25,26,11,28,29,30,31,32,33,54,55,56,39,40,41,42,43,44,59,60,61" pointTypes=";;;;;;;;;;;;;;;;;4;4;13;;4;;;;4;4;4;14;" names="205,210,206,211,183,184,207,212,213,208,209,214,215,216"/>
                    <segment id="497742981" length="2" startTrkptIdx="484" segmentTime="1.28" speed="26.07" turnType="" turnAngle="" types="12,24,6,7,81,18,25,26,19,28,29,30,31,32,33,54,55,56,39,40,41,42,43,44,59,60,61" pointTypes="" names="205,210,206,211,183,184,207,212,213,208,209,214,215,216"/>
                    <segment id="838461858" length="2" startTrkptIdx="485" segmentTime="0.88" speed="26.07" turnType="" turnAngle="" types="24,6,7,18,25,26,19,28,29,30,31,32,33,54,55,56,39,40,41,42,43,44,59,60,61" pointTypes=";" names="205,210,206,211,183,184,207,212,213,208,209,214,215,216"/>
                    <segment id="497742966" length="17" startTrkptIdx="486" segmentTime="37.69" speed="26.07" turnType="" turnAngle="" types="24,6,7,8,25,26,11,28,29,30,31,32,33,54,55,56,39,40,41,42,43,44,59,60,61" pointTypes=";;;;;;;;;;;;;;;;" names="205,210,206,211,183,184,207,212,213,208,209,214,215,216"/>
                    <segment id="983393699" length="5" startTrkptIdx="502" segmentTime="22.93" speed="9.02" turnType="" turnAngle="" types="24,6,7,8,25,26,11,28,29,30,31,32,33,54,55,56,39,40,41,42,43,44,59,60,61" pointTypes=";23,21;;20,99,100" names="205,210,206,211,183,184,207,212,213,208,209,214,215,216"/>
                    <segment id="983393700" length="3" startTrkptIdx="506" segmentTime="7.62" speed="26.07" turnType="TR" turnAngle="79.11" types="24,6,7,8,25,26,11,28,29,30,31,32,33,54,55,56,39,40,41,42,43,44,59,60,61" pointTypes=";;" names="205,210,206,211,183,184,207,212,213,208,209,214,215,216"/>
                    <segment id="27186666" length="16" startTrkptIdx="508" segmentTime="46.94" speed="26.07" turnType="" turnAngle="" types="24,6,7,8,25,26,11,28,29,30,31,32,33,54,55,56,39,40,41,42,43,44,59,60,61" pointTypes=";;;;;4;;4;4;4;14;13;4;4;;" names="205,210,206,211,183,184,207,212,213,208,209,214,215,216"/>
                    <segment id="1091206324" length="15" startTrkptIdx="523" segmentTime="25.15" speed="26.07" turnType="" turnAngle="" types="24,68,73,74,7,22,8,25,26,11,28,29,30,31,32,33,54,55,56,39,40,41,42,43,44,59,60,61" pointTypes="15;14;15;15;;14;14;15;14;15;;14;14;4;4" names="205,210,206,211,183,184,207,212,213,208,209,214,215,216"/>
                    <segment id="1091206324" length="19" startTrkptIdx="537" segmentTime="32.17" speed="26.07" turnType="" turnAngle="" types="24,68,73,74,7,22,8,25,26,11,28,29,30,31,32,33,54,55,56,39,40,41,42,43,44,59,60,61" pointTypes="4;13;14;;;15;14;13;13;13;13;14;13;23,102,7,13;15;101;15;7,15;" names="205,210,206,211,183,184,207,212,213,208,209,214,215,216"/>
                    <segment id="1091206345" length="6" startTrkptIdx="555" segmentTime="5.48" speed="26.07" turnType="" turnAngle="" types="24,68,73,74,7,103,22,18,25,26,19,28,29,30,31,32,33,54,55,56,39,40,41,42,43,44,59,60,61" pointTypes=";15;15;13;13;" names="205,210,206,211,183,184,207,212,213,208,209,214,215,216"/>
                    <segment id="1091206344" length="29" startTrkptIdx="560" segmentTime="26.67" speed="26.07" turnType="" turnAngle="" types="24,68,73,74,7,22,18,25,26,19,28,29,30,31,32,33,54,55,56,39,40,41,42,43,44,59,60,61" pointTypes="4;14;13;14;13;13;4;4;4;14;;;;;;;;;;;101;;14;13;4;13;13;13;" names="205,210,206,211,183,184,207,212,213,208,209,214,215,216"/>
                    <segment id="1091206342" length="14" startTrkptIdx="588" segmentTime="14.63" speed="15.24" turnType="" turnAngle="" types="24,68,73,74,7,104,22,18,25,26,19,28,29,30,31,32,33,54,55,56,39,40,41,42,43,44,59,60,61" pointTypes="13;;;;;4;15;;15;14;14;15;4;" names="205,210,206,211,183,184,207,212,213,208,209,214,215,216"/>
                    <segment id="1091206343" length="3" startTrkptIdx="601" segmentTime="6.35" speed="26.07" turnType="" turnAngle="" types="24,68,73,74,7,22,18,25,26,19,28,29,30,31,32,33,54,55,56,39,40,41,42,43,44,59,60,61" pointTypes="4;" names="205,210,206,211,183,184,207,212,213,208,209,214,215,216"/>
                    <segment id="1091206341" length="9" startTrkptIdx="603" segmentTime="8.79" speed="26.07" turnType="" turnAngle="" types="24,68,73,74,7,105,22,18,25,26,19,28,29,30,31,32,33,54,55,56,39,40,41,42,43,44,59,60,61" pointTypes="13;15;101;101;;;;;" names="205,210,206,211,183,184,207,212,213,208,209,214,215,216"/>
                    <segment id="1091206340" length="4" startTrkptIdx="611" segmentTime="4.32" speed="26.07" turnType="" turnAngle="" types="24,68,73,74,7,22,18,25,26,19,28,29,30,31,32,33,54,55,56,39,40,41,42,43,44,59,60,61" pointTypes=";101;15;" names="205,210,206,211,183,184,207,212,213,208,209,214,215,216"/>
                    <segment id="1091206339" length="10" startTrkptIdx="614" segmentTime="7.73" speed="26.07" turnType="" turnAngle="" types="24,68,73,74,7,106,22,18,25,26,19,28,29,30,31,32,33,54,55,56,39,40,41,42,43,44,59,60,61" pointTypes=";;13;13;13;;101;15;;" names="205,210,206,211,183,184,207,212,213,208,209,214,215,216"/>
                    <segment id="1091206338" length="4" startTrkptIdx="623" segmentTime="4.08" speed="26.07" turnType="" turnAngle="" types="24,68,73,74,7,22,18,25,26,19,28,29,30,31,32,33,54,55,56,39,40,41,42,43,44,59,60,61" pointTypes="4;;;" names="205,210,206,211,183,184,207,212,213,208,209,214,215,216"/>
                    <segment id="1091206337" length="12" startTrkptIdx="626" segmentTime="7.98" speed="26.07" turnType="" turnAngle="" types="24,68,73,74,7,106,22,18,25,26,19,28,29,30,31,32,33,54,55,56,39,40,41,42,43,44,59,60,61" pointTypes="13;13;13;;15;;101;;;;;" names="205,210,206,211,183,184,207,212,213,208,209,214,215,216"/>
                    <segment id="1091206336" length="7" startTrkptIdx="637" segmentTime="6.43" speed="26.07" turnType="" turnAngle="" types="24,68,73,74,7,22,18,25,26,19,28,29,30,31,32,33,54,55,56,39,40,41,42,43,44,59,60,61" pointTypes="101;;;101;14;14;" names="205,210,206,211,183,184,207,212,213,208,209,214,215,216"/>
                    <segment id="1091206335" length="6" startTrkptIdx="643" segmentTime="4.82" speed="26.07" turnType="" turnAngle="" types="24,68,73,74,7,106,22,18,25,26,19,28,29,30,31,32,33,54,55,56,39,40,41,42,43,44,59,60,61" pointTypes="13;14;101;;;" names="205,210,206,211,183,184,207,212,213,208,209,214,215,216"/>
                    <segment id="1091206334" length="10" startTrkptIdx="648" segmentTime="8.95" speed="26.07" turnType="" turnAngle="" types="24,68,73,74,7,22,18,25,26,19,28,29,30,31,32,33,54,55,56,39,40,41,42,43,44,59,60,61" pointTypes=";;;;15;4;4;4;4;" names="205,210,206,211,183,184,207,212,213,208,209,214,215,216"/>
                    <segment id="1091206333" length="9" startTrkptIdx="657" segmentTime="7.26" speed="26.07" turnType="" turnAngle="" types="24,68,73,74,7,106,22,18,25,26,19,28,29,30,31,32,33,54,55,56,39,40,41,42,43,44,59,60,61" pointTypes="14;;;;;101;;;" names="205,210,206,211,183,184,207,212,213,208,209,214,215,216"/>
                    <segment id="1091206332" length="10" startTrkptIdx="665" segmentTime="10.45" speed="26.07" turnType="" turnAngle="" types="24,68,73,74,7,22,18,25,26,19,28,29,30,31,32,33,54,55,56,39,40,41,42,43,44,59,60,61" pointTypes=";;13;14;;;101;;;" names="205,210,206,211,183,184,207,212,213,208,209,214,215,216"/>
                    <segment id="1091206331" length="3" startTrkptIdx="674" segmentTime="2.48" speed="15.24" turnType="" turnAngle="" types="24,68,73,74,7,104,22,8,25,26,11,28,29,30,31,32,33,54,55,56,39,40,41,42,43,44,59,60,61" pointTypes=";14;" names="205,210,206,211,183,184,207,212,213,208,209,214,215,216"/>
                    <segment id="1091206323" length="5" startTrkptIdx="676" segmentTime="3.92" speed="15.24" turnType="" turnAngle="" types="24,68,73,74,7,104,22,8,25,26,11,28,29,30,31,32,33,54,55,56,39,40,41,42,43,44,59,60,61" pointTypes="14;;101;;" names="205,210,206,211,183,184,207,212,213,208,209,214,215,216"/>
                    <segment id="542376768" length="24" startTrkptIdx="680" segmentTime="40.09" speed="26.07" turnType="" turnAngle="" types="24,68,73,74,7,107,22,8,25,26,11,28,29,30,31,32,33,54,55,56,39,40,41,42,43,44,59,60,61" pointTypes=";;;;13;;4;4;4;13;13;15;14;;4;4;14,108;14;4;13;13;4;;" names="205,210,206,211,183,184,207,212,213,208,209,214,215,216"/>
                    <segment id="542376766" length="10" startTrkptIdx="703" segmentTime="39.39" speed="26.07" turnType="" turnAngle="" types="24,6,7,107,22,8,25,26,11,28,29,30,31,32,33,54,55,56,39,40,41,42,43,44,59,60,61" pointTypes=";;;;;;;;4;" names="205,210,206,211,183,184,207,212,213,208,209,214,215,216"/>
                    <segment id="542376767" length="19" startTrkptIdx="712" segmentTime="34.06" speed="26.07" turnType="" turnAngle="" types="24,68,69,70,7,22,8,25,26,11,28,29,30,31,32,33,54,55,56,39,40,41,42,43,44,59,60,61" pointTypes="13;;;;;;;;;;;;;;;;;;" names="205,210,206,211,183,184,207,212,213,208,209,214,215,216"/>
                    <segment id="542376767" length="14" startTrkptIdx="730" segmentTime="42.57" speed="26.07" turnType="" turnAngle="" types="24,68,69,70,7,22,8,25,26,11,28,29,30,31,32,33,54,55,56,39,40,41,42,43,44,59,60,61" pointTypes=";;;;;;13;;;;;;;" names="205,210,206,211,183,184,207,212,213,208,209,214,215,216"/>
                    <segment id="497742975" length="3" startTrkptIdx="743" segmentTime="3.16" speed="26.07" turnType="" turnAngle="" types="24,6,7,22,8,25,26,11,28,29,30,31,32,33,54,55,56,39,40,41,42,43,44,59,60,61" pointTypes=";" names="205,210,206,211,183,184,207,212,213,208,209,214,215,216"/>
                    <segment id="497742964" length="2" startTrkptIdx="745" segmentTime="2.03" speed="26.07" turnType="" turnAngle="" types="12,24,6,7,22,18,25,26,19,28,29,30,31,32,33,54,55,56,39,40,41,42,43,44,59,60,61" pointTypes="" names="205,210,206,211,183,184,207,212,213,208,209,214,215,216"/>
                    <segment id="229656248" length="37" startTrkptIdx="746" segmentTime="73.67" speed="26.07" turnType="" turnAngle="" types="24,6,7,22,18,25,26,19,28,29,30,31,32,33,54,55,56,39,40,41,42,43,44,59,60,61" pointTypes=";;13;;;;;;;;;;;;;;;;13;4;;;;;;;;;;;;;;;;;" names="205,210,206,211,183,184,207,212,213,208,209,214,215,216"/>
                    <segment id="229656249" length="73" startTrkptIdx="782" segmentTime="92.54" speed="26.07" turnType="" turnAngle="" types="24,68,69,70,7,22,18,25,26,19,28,29,30,31,32,33,54,55,56,39,40,41,42,43,44,59,60,61" pointTypes=";;;;;;;;;;;;;;;;;;4;;;;;;;;;;;;;;;;;;;;;;;;;;;;;;;;;;;;;;;;;;;;;;;;;;;;;;" names="205,210,206,211,183,184,207,212,213,208,209,214,215,216"/>
                    <segment id="884559454" length="5" startTrkptIdx="854" segmentTime="3.98" speed="26.07" turnType="" turnAngle="" types="24,6,7,22,18,25,26,19,28,29,30,31,32,33,54,55,56,39,40,41,42,43,44,59,60,61" pointTypes=";;;;" names="205,210,206,211,183,184,207,212,213,208,209,214,215,216"/>
                    <segment id="884559455" length="2" startTrkptIdx="858" segmentTime="1.36" speed="26.07" turnType="" turnAngle="" types="12,24,6,7,22,18,25,26,19,28,29,30,31,32,33,54,55,56,39,40,41,42,43,44,59,60,61" pointTypes="" names="205,210,206,211,183,184,207,212,213,208,209,214,215,216"/>
                    <segment id="229655359" length="3" startTrkptIdx="859" segmentTime="6.32" speed="26.07" turnType="" turnAngle="" types="24,6,7,22,18,25,26,19,28,29,30,31,32,33,54,55,56,39,40,41,42,43,44,59,60,61" pointTypes="14;4;" names="205,210,206,211,183,184,207,212,213,208,209,214,215,216"/>
                    <segment id="229655360" length="8" startTrkptIdx="861" segmentTime="23.14" speed="26.07" turnType="" turnAngle="" types="24,68,73,74,7,22,18,25,26,19,28,29,30,31,32,33,54,55,56,39,40,41,42,43,44,59,60,61" pointTypes="4;4;4;;;;;" names="205,210,206,211,183,184,207,212,213,208,209,214,215,216"/>
                    <segment id="884559447" length="14" startTrkptIdx="868" segmentTime="15.70" speed="26.07" turnType="" turnAngle="" types="24,6,7,22,18,25,26,19,28,29,30,31,32,33,54,55,56,39,40,41,42,43,44,59,60,61" pointTypes=";;;;13;13;4;4;4;;4;;;" names="205,210,206,211,183,184,207,212,213,208,209,214,215,216"/>
                    <segment id="884559447" length="2" startTrkptIdx="881" segmentTime="0.73" speed="26.07" turnType="" turnAngle="" types="24,6,7,22,18,25,26,19,28,29,30,31,32,33,54,55,56,39,40,41,42,43,44,59,60,61" pointTypes=";" names="205,210,206,211,183,184,207,212,213,208,209,214,215,216"/>
                    <segment id="884559448" length="2" startTrkptIdx="882" segmentTime="2.82" speed="26.07" turnType="" turnAngle="" types="12,24,6,7,22,18,25,26,19,28,29,30,31,32,33,54,55,56,39,40,41,42,43,44,59,60,61" pointTypes="" names="205,210,206,211,183,184,207,212,213,208,209,214,215,216"/>
                    <segment id="694266317" length="21" startTrkptIdx="883" segmentTime="23.53" speed="26.07" turnType="" turnAngle="" types="24,6,7,22,18,25,26,19,28,29,30,31,32,33,54,55,56,39,40,41,42,43,44,59,60,61" pointTypes=";4;;;;;4;4;4;4;;;4;4;;;;;;;" names="205,210,206,211,183,184,207,212,213,208,209,214,215,216"/>
                    <segment id="694266316" length="2" startTrkptIdx="903" segmentTime="2.50" speed="26.07" turnType="" turnAngle="" types="12,24,6,7,22,18,25,26,19,28,29,30,31,32,33,54,55,56,39,40,41,42,43,44,59,60,61" pointTypes="" names="205,210,206,211,183,184,207,212,213,208,209,214,215,216"/>
                    <segment id="227440995" length="4" startTrkptIdx="904" segmentTime="3.78" speed="26.07" turnType="" turnAngle="" types="24,6,7,22,18,25,26,19,28,29,30,31,32,33,54,55,56,39,40,41,42,43,44,59,60,61" pointTypes=";101;;" names="205,210,206,211,183,184,207,212,213,208,209,214,215,216"/>
                    <segment id="227441290" length="39" startTrkptIdx="907" segmentTime="40.02" speed="26.07" turnType="" turnAngle="" types="24,68,73,74,7,22,18,25,26,19,28,29,30,31,32,33,54,55,56,39,40,41,42,43,44,59,60,61" pointTypes=";13;13;13;14;14;14;4;13;13;4;;;13;13;4;4;14;101;15;14;13;13;13;15;13;4;4;4;;;;;;;;;;" names="205,210,206,211,183,184,207,212,213,208,209,214,215,216"/>
                    <segment id="227441888" length="17" startTrkptIdx="945" segmentTime="36.97" speed="26.07" turnType="" turnAngle="" types="24,6,7,18,25,26,19,28,29,30,31,32,33,54,55,56,39,40,41,42,43,44,59,60,61" pointTypes=";;;;;;;;;;;;;;;;" names="205,210,206,211,183,184,207,212,213,208,209,214,215,216"/>
                    <segment id="892509010" length="22" startTrkptIdx="961" segmentTime="29.22" speed="26.07" turnType="" turnAngle="" types="24,68,69,70,7,18,25,26,19,28,29,30,31,32,33,54,55,56,39,40,41,42,43,44,59,60,61" pointTypes="13;15;15;13;4;13;13;13;;;;;;;4;14;14;15;;13;4;" names="205,210,206,211,183,184,207,212,213,208,209,214,215,216"/>
                    <segment id="892509011" length="2" startTrkptIdx="982" segmentTime="1.71" speed="26.07" turnType="" turnAngle="" types="24,84,73,70,7,18,75,25,26,19,28,29,30,31,32,33,54,55,56,39,40,41,42,43,44,59,60,61" pointTypes="4;" names="205,210,206,211,183,184,207,212,213,208,209,214,215,216"/>
                    <segment id="227441889" length="47" startTrkptIdx="983" segmentTime="84.80" speed="26.07" turnType="C" turnAngle="-2.57" types="24,68,69,70,7,22,18,25,26,19,28,29,30,31,32,33,54,55,56,39,40,41,42,43,44,59,60,61" pointTypes=";;;13;13;;;;;;;;;;;;;;;;4;;;;;;;;;;;;;;;;;;;;;;;;;;" names="205,210,206,211,183,184,207,212,213,208,209,214,215,216"/>
                    <segment id="812894638" length="2" startTrkptIdx="1029" segmentTime="3.57" speed="26.07" turnType="" turnAngle="" types="24,6,7,22,8,25,26,11,28,29,30,31,32,33,54,55,56,39,40,41,42,43,44,59,60,61" pointTypes=";" names="205,210,206,211,183,184,207,212,213,208,209,214,215,216"/>
                    <segment id="1232563174" length="2" startTrkptIdx="1030" segmentTime="1.74" speed="26.07" turnType="" turnAngle="" types="24,6,7,22,8,25,26,11,28,29,30,31,32,33,54,55,56,39,40,41,42,43,44,59,60,61" pointTypes=";" names="205,210,206,211,183,184,207,212,213,208,209,214,215,216,217,218"/>
                    <segment id="874474424" length="4" startTrkptIdx="1031" segmentTime="2.31" speed="26.07" turnType="" turnAngle="" types="24,6,7,22,8,25,26,11,28,29,30,31,32,33,54,55,56,39,40,41,42,43,44,59,60,61" pointTypes=";;;" names="205,210,206,211,183,184,207,212,213,208,209,214,215,216,246,220"/>
                    <segment id="874474423" length="5" startTrkptIdx="1034" segmentTime="3.90" speed="26.07" turnType="" turnAngle="" types="12,24,6,7,22,8,25,26,11,28,29,30,31,32,33,54,55,56,39,40,41,42,43,44,59,60,61" pointTypes="" names="205,210,206,211,183,184,207,212,213,208,209,214,215,216,247"/>
                    <segment id="812894639" length="10" startTrkptIdx="1038" segmentTime="8.90" speed="26.07" turnType="" turnAngle="" types="24,6,7,22,8,25,26,11,28,29,30,31,32,33,54,55,56,39,40,41,42,43,44,59,60,61" pointTypes=";101;;13;;;;;;" names="205,210,206,211,183,184,207,212,213,208,209,214,215,216"/>
                    <segment id="1232563170" length="5" startTrkptIdx="1047" segmentTime="3.27" speed="26.07" turnType="" turnAngle="" types="24,6,7,22,8,25,26,11,28,29,30,31,32,33,54,55,56,39,40,41,42,43,44,59,60,61" pointTypes=";;;;" names="205,210,206,211,183,184,207,212,213,208,209,214,215,216"/>
                    <segment id="1232563171" length="2" startTrkptIdx="1051" segmentTime="1.29" speed="26.07" turnType="" turnAngle="" types="24,68,73,74,7,22,8,75,25,26,11,28,29,30,31,32,33,54,55,56,39,40,41,42,43,44,59,60,61" pointTypes=";" names="205,210,206,211,183,184,207,212,213,208,209,214,215,216"/>
                    <segment id="1232563172" length="3" startTrkptIdx="1052" segmentTime="3.02" speed="26.07" turnType="C" turnAngle="2.99" types="24,68,69,70,7,22,8,109,25,26,11,28,29,30,31,32,33,54,55,56,39,40,41,42,43,44,59,60,61" pointTypes="4;4;" names="205,210,206,211,183,184,207,212,213,208,209,214,215,216"/>
                    <segment id="228009241" length="51" startTrkptIdx="1054" segmentTime="78.37" speed="26.07" turnType="" turnAngle="" types="24,6,7,22,8,25,26,11,28,29,30,31,32,33,54,55,56,39,40,41,42,43,44,59,60,61" pointTypes=";;;;;;;;;4;14;14;14;13;14;13;14;14;13;13;14;;;;;;;;;;4;4;14;4;4;;;;;4;4;4;;4;13;15;14;13;;;" names="205,210,206,211,183,184,207,212,213,208,209,214,215,216"/>
                    <segment id="1232563157" length="2" startTrkptIdx="1104" segmentTime="1.61" speed="26.07" turnType="" turnAngle="" types="24,68,73,74,7,22,8,75,25,26,11,28,29,30,31,32,33,54,55,56,39,40,41,42,43,44,59,60,61" pointTypes=";" names="205,210,206,211,183,184,207,212,213,208,209,214,215,216"/>
                    <segment id="1232563159" length="2" startTrkptIdx="1105" segmentTime="1.47" speed="26.07" turnType="C" turnAngle="1.05" types="24,6,7,22,8,25,26,11,28,29,30,31,32,33,54,55,56,39,40,41,42,43,44,59,60,61" pointTypes=";" names="205,210,206,211,183,184,207,212,213,208,209,214,215,216"/>
                    <segment id="1232563160" length="2" startTrkptIdx="1106" segmentTime="3.79" speed="26.07" turnType="" turnAngle="" types="24,68,69,70,7,22,8,109,25,26,11,28,29,30,31,32,33,54,55,56,39,40,41,42,43,44,59,60,61" pointTypes=";" names="205,210,206,211,183,184,207,212,213,208,209,214,215,216"/>
                    <segment id="1232563156" length="4" startTrkptIdx="1107" segmentTime="5.67" speed="26.07" turnType="" turnAngle="" types="24,6,7,22,8,25,26,11,28,29,30,31,32,33,54,55,56,39,40,41,42,43,44,59,60,61" pointTypes=";;;" names="205,210,206,211,183,184,207,212,213,208,209,214,215,216"/>
                    <segment id="1232563161" length="9" startTrkptIdx="1110" segmentTime="5.32" speed="26.07" turnType="" turnAngle="" types="24,6,7,110,22,8,25,26,11,28,29,30,31,32,33,54,55,56,39,40,41,42,43,44,59,60,61" pointTypes=";;;4;13;13;13;4;" names="205,210,206,211,183,184,207,212,213,208,209,214,215,216"/>
                    <segment id="653304348" length="2" startTrkptIdx="1118" segmentTime="1.45" speed="26.07" turnType="" turnAngle="" types="12,24,6,7,22,18,25,26,19,28,29,30,31,32,33,54,55,56,39,40,41,42,43,44,59,60,61" pointTypes="" names="205,210,206,211,183,184,207,212,213,208,209,214,215,216,248"/>
                    <segment id="1232563162" length="3" startTrkptIdx="1119" segmentTime="3.49" speed="26.07" turnType="" turnAngle="" types="24,6,7,22,8,25,26,11,28,29,30,31,32,33,54,55,56,39,40,41,42,43,44,59,60,61" pointTypes="13;14;" names="205,210,206,211,183,184,207,212,213,208,209,214,215,216"/>
                    <segment id="1232563163" length="11" startTrkptIdx="1121" segmentTime="9.93" speed="17.65" turnType="" turnAngle="" types="24,6,7,111,22,8,25,26,11,28,29,30,31,32,33,54,55,56,39,40,41,42,43,44,59,60,61" pointTypes="15;15;14;13;13;13;;;4;;" names="205,210,206,211,183,184,207,212,213,208,209,214,215,216"/>
                    <segment id="1232563165" length="5" startTrkptIdx="1131" segmentTime="5.94" speed="26.07" turnType="" turnAngle="" types="24,6,7,22,8,25,26,11,28,29,30,31,32,33,54,55,56,39,40,41,42,43,44,59,60,61" pointTypes=";;;;" names="205,210,206,211,183,184,207,212,213,208,209,214,215,216"/>
                    <segment id="1232563168" length="14" startTrkptIdx="1135" segmentTime="5.62" speed="20.06" turnType="" turnAngle="" types="24,6,7,67,22,8,25,26,11,28,29,30,31,32,33,54,55,56,39,40,41,42,43,44,59,60,61" pointTypes=";;;;;;;;;;;;;" names="205,210,206,211,183,184,207,212,213,208,209,214,215,216"/>
                    <segment id="1232563166" length="3" startTrkptIdx="1148" segmentTime="1.44" speed="20.06" turnType="" turnAngle="" types="24,6,7,67,22,8,25,26,11,28,29,30,31,32,33,54,55,56,39,40,41,42,43,44,59,60,61" pointTypes=";;" names="205,210,206,211,183,184,207,212,213,208,209,214,215,216"/>
                    <segment id="1232563167" length="5" startTrkptIdx="1150" segmentTime="1.88" speed="26.07" turnType="" turnAngle="" types="24,68,69,70,7,22,8,109,25,26,11,28,29,30,31,32,33,54,55,56,39,40,41,42,43,44,59,60,61" pointTypes="" names="205,210,206,211,183,184,207,212,213,208,209,214,215,216"/>
                    <segment id="1363071805" length="10" startTrkptIdx="1154" segmentTime="18.64" speed="12.09" turnType="" turnAngle="" types="24,63,8,25,11,28,29,30,31,32,33,39,40,41,42,43,44" pointTypes=";65,112;65,112;65,112;65,112;65,66;;;20,21,50,4" names="205,210,206,183,207,212,208,209,215"/>
                    <segment id="1363071804" length="2" startTrkptIdx="1163" segmentTime="0.39" speed="26.07" turnType="RNLB2" turnAngle="86.03" types="24,64,8,25,26,11,28,29,30,31,32,33,54,55,56,39,40,41,42,43,44,59,60,61" pointTypes="" names="205,210,206,211,183,184,207,212,213,208,209,214,215,216"/>
                    <segment id="1363071804" length="8" startTrkptIdx="1164" segmentTime="2.10" speed="26.07" turnType="" turnAngle="" types="24,64,8,25,26,11,28,29,30,31,32,33,54,55,56,39,40,41,42,43,44,59,60,61" pointTypes=";;;;50,4;62,13;50,4;" names="205,210,206,211,183,184,207,212,213,208,209,214,215,216"/>
                    <segment id="1363071807" length="7" startTrkptIdx="1171" segmentTime="8.11" speed="26.07" turnType="" turnAngle="" types="24,63,8,25,11,28,29,30,31,32,33,39,40,41,42,43,44" pointTypes=";65,112;65,112;65,112;65,112;65,112;65,113" names="205,210,206,183,207,212,208,209,215"/>
                    <segment id="653304349" length="5" startTrkptIdx="1177" segmentTime="6.68" speed="26.07" turnType="" turnAngle="" types="24,6,7,22,8,25,26,11,28,29,30,31,32,33,54,55,56,39,40,41,42,43,44,59,60,61" pointTypes="62,13;50,4;50,4;114,14;" names="205,210,206,211,183,184,207,212,213,208,209,214,215,216"/>
                    <segment id="228009236" length="24" startTrkptIdx="1181" segmentTime="29.66" speed="26.07" turnType="" turnAngle="" types="24,68,73,74,7,22,8,25,26,11,28,29,30,31,32,33,54,55,56,39,40,41,42,43,44,59,60,61" pointTypes="14;14;15;14;;;13;15;15;15;15;13;13;13;4;4;4;;;;;;;" names="205,210,206,211,183,184,207,212,213,208,209,214,215,216"/>
                    <segment id="228009236" length="5" startTrkptIdx="1204" segmentTime="3.99" speed="26.07" turnType="" turnAngle="" types="24,68,73,74,7,22,8,25,26,11,28,29,30,31,32,33,54,55,56,39,40,41,42,43,44,59,60,61" pointTypes=";;;;" names="205,210,206,211,183,184,207,212,213,208,209,214,215,216"/>
                    <segment id="115698203" length="21" startTrkptIdx="1208" segmentTime="30.01" speed="26.07" turnType="" turnAngle="" types="24,6,7,22,18,25,26,19,28,29,30,31,32,33,54,55,56,39,40,41,42,43,44,59,60,61" pointTypes=";;;;;;;4;13;13;14;13;13;4;;;" names="205,210,206,211,183,184,207,212,213,208,209,214,215,216"/>
                    <segment id="228009237" length="23" startTrkptIdx="1228" segmentTime="55.51" speed="12.06" turnType="" turnAngle="" types="24,6,72,22,18,25,26,19,28,29,30,31,32,33,54,55,56,39,40,41,42,43,44,59,60,61" pointTypes="65,119;65,120;65,119;65,118;65,112;65,112;50,4;62,13;50,4;62,13;114,14;50,4;115,117;50,4;115,116;50,4;62,13;50,4;;;65,112;;" names="205,210,206,211,183,184,207,212,213,208,209,214,215,216"/>
                    <segment id="819974394" length="2" startTrkptIdx="1250" segmentTime="6.33" speed="18.85" turnType="" turnAngle="" types="24,6,72,22,8,25,26,11,28,29,30,31,32,33,54,55,56,39,40,41,42,43,44,59,60,61" pointTypes=";" names="205,210,206,211,183,184,207,212,213,208,209,214,215,216"/>
                    <segment id="228009239" length="4" startTrkptIdx="1251" segmentTime="4.88" speed="18.85" turnType="C" turnAngle="1.08" types="24,68,72,8,25,26,11,28,29,30,31,32,33,54,55,56,39,40,41,42,43,44,59,60,61" pointTypes=";;" names="205,210,206,211,183,184,207,212,213,208,209,214,215,216,217"/>
                    <segment id="115698200" length="3" startTrkptIdx="1254" segmentTime="2.29" speed="18.85" turnType="" turnAngle="" types="24,68,69,70,72,8,71,25,26,11,28,29,30,31,32,33,54,55,56,39,40,41,42,43,44,59,60,61" pointTypes="13;13;" names="205,210,206,211,183,184,207,212,213,208,209,214,215,216,249,220"/>
                    <segment id="819974393" length="5" startTrkptIdx="1256" segmentTime="4.65" speed="18.85" turnType="" turnAngle="" types="24,6,72,8,25,26,11,28,29,30,31,32,33,54,55,56,39,40,41,42,43,44,59,60,61" pointTypes="13;13;13;4;" names="205,210,206,211,183,184,207,212,213,208,209,214,215,216"/>
                    <segment id="228008726" length="6" startTrkptIdx="1260" segmentTime="8.63" speed="26.07" turnType="" turnAngle="" types="24,6,7,18,25,26,19,28,29,30,31,32,33,54,55,56,39,40,41,42,43,44,59,60,61" pointTypes=";;;" names="205,210,206,211,183,184,207,212,213,208,209,214,215,216"/>
                    <segment id="37122408" length="4" startTrkptIdx="1265" segmentTime="12.35" speed="26.07" turnType="" turnAngle="" types="24,68,69,70,7,22,18,25,26,19,28,29,30,31,32,33,54,55,56,39,40,41,42,43,44,59,60,61" pointTypes=";;;" names="205,210,206,211,183,184,207,212,213,208,209,214,215,216"/>
                    <segment id="37122405" length="2" startTrkptIdx="1268" segmentTime="1.69" speed="26.07" turnType="" turnAngle="" types="24,6,7,63,8,121,25,11,28,29,30,31,32,33,39,40,41,42,43,44" pointTypes=";13" names="205,210,206,183,207,212,208,209,215"/>
                    <segment id="37122405" length="7" startTrkptIdx="1269" segmentTime="15.83" speed="9.60" turnType="C" turnAngle="6.27" types="24,6,7,63,8,121,25,11,28,29,30,31,32,33,39,40,41,42,43,44" pointTypes="13;13;13;;;20,21,4" names="205,210,206,183,207,212,208,209,215"/>
                    <segment id="1103388519" length="2" startTrkptIdx="1275" segmentTime="0.04" speed="26.07" turnType="RNLB2" turnAngle="64.79" types="24,64,6,7,18,25,19,28,29,30,39,40,41" pointTypes="" names="250,206,183,207,208,209"/>
                    <segment id="818510182" length="8" startTrkptIdx="1276" segmentTime="2.19" speed="26.07" turnType="" turnAngle="" types="24,64,6,7,8,11" pointTypes=";;;4;13;13;4" names="250"/>
                    <segment id="818510181" length="2" startTrkptIdx="1283" segmentTime="0.33" speed="26.07" turnType="" turnAngle="" types="24,64,6,7,18,25,19,28,29,30,31,32,33,39,40,41,42,43,44" pointTypes="" names="250,210,206,183,207,212,208,209,215"/>
                    <segment id="37122406" length="5" startTrkptIdx="1284" segmentTime="2.23" speed="26.07" turnType="" turnAngle="" types="24,6,7,63,18,25,19,28,29,30,31,32,33,39,40,41,42,43,44" pointTypes="" names="256,257,258,259,183,260,261,262,263,264,265"/>
                    <segment id="1103388520" length="3" startTrkptIdx="1288" segmentTime="2.15" speed="26.07" turnType="" turnAngle="" types="24,16,7,63,18,25,19,28,29,30,31,32,33,39,40,41,42,43,44" pointTypes=";;" names="256,257,258,259,183,260,261,262,263,264,265"/>
                    <segment id="876323709" length="2" startTrkptIdx="1290" segmentTime="1.59" speed="26.07" turnType="" turnAngle="" types="24,6,7,22,18,25,26,19,28,29,30,31,32,33,54,55,56,39,40,41,42,43,44,59,60,61" pointTypes="4;" names="257,258,259,266,183,184,260,261,267,262,263,268,264,269"/>
                    <segment id="876323710" length="2" startTrkptIdx="1291" segmentTime="0.51" speed="26.07" turnType="" turnAngle="" types="12,24,6,7,22,18,25,26,19,28,29,30,31,32,33,54,55,56,39,40,41,42,43,44,59,60,61" pointTypes="" names="257,258,259,266,183,184,260,261,267,262,263,268,264,269"/>
                    <segment id="810568612" length="3" startTrkptIdx="1292" segmentTime="2.45" speed="26.07" turnType="" turnAngle="" types="24,6,7,22,18,25,26,19,28,29,30,31,32,33,54,55,56,39,40,41,42,43,44,59,60,61" pointTypes="4;;" names="257,258,259,266,183,184,260,261,267,262,263,268,264,269"/>
                    <segment id="115698199" length="40" startTrkptIdx="1294" segmentTime="40.24" speed="26.07" turnType="" turnAngle="" types="24,6,7,22,18,25,26,19,28,29,30,31,32,33,54,55,56,39,40,41,42,43,44,59,60,61" pointTypes=";;;13;14;15;14;15;14;13;13;4;4;;4;;;;;;;;;;;;;;;13;15;;101;15;13;14;;101;15;" names="257,258,259,266,183,184,260,261,267,262,263,268,264,269"/>
                    <segment id="228008734" length="3" startTrkptIdx="1333" segmentTime="3.14" speed="18.85" turnType="" turnAngle="" types="24,6,72,22,18,25,26,19,28,29,30,31,32,33,54,55,56,39,40,41,42,43,44,59,60,61" pointTypes="13;;" names="257,258,259,266,183,184,260,261,267,262,263,268,264,269"/>
                    <segment id="228008716" length="8" startTrkptIdx="1335" segmentTime="14.48" speed="5.83" turnType="" turnAngle="" types="24,6,72,63,18,122,25,19,28,29,30,31,32,33,39,40,41,42,43,44" pointTypes=";4;;;;4;20,21;4" names="257,258,259,183,260,261,262,263,264"/>
                    <segment id="818616735" length="4" startTrkptIdx="1342" segmentTime="0.75" speed="18.85" turnType="RNLB3" turnAngle="57.53" types="24,64,6,72,18,25,19,28,29,30,31,32,33,39,40,41,42,43,44" pointTypes="" names="270,258,259,183,260,261,262,263,264"/>
                    <segment id="818616734" length="3" startTrkptIdx="1345" segmentTime="0.31" speed="18.85" turnType="" turnAngle="" types="24,64,6,72,18,25,19,28,29,30,31,32,33,39,40,41,42,43,44" pointTypes="" names="270,258,259,183,260,261,262,263,264"/>
                    <segment id="818616733" length="6" startTrkptIdx="1347" segmentTime="1.41" speed="18.85" turnType="" turnAngle="" types="24,64,6,72,18,25,19,28,29,30,31,32,33,39,40,41,42,43,44" pointTypes=";;;;;" names="270,258,259,183,260,261,262,263,264"/>
                    <segment id="1458916975" length="2" startTrkptIdx="1352" segmentTime="0.23" speed="18.85" turnType="" turnAngle="" types="24,64,6,72,18,25,19,28,29,30,39,40,41" pointTypes=";" names="270,259,183,260,262,263"/>
                    <segment id="1046396537" length="3" startTrkptIdx="1353" segmentTime="1.58" speed="18.85" turnType="" turnAngle="" types="24,6,72,63,18,25,19,28,29,30,31,32,33,39,40,41,42,43,44" pointTypes=";" names="271,257,258,259,183,260,261,262,263,264,265"/>
                    <segment id="228008725" length="6" startTrkptIdx="1355" segmentTime="2.85" speed="18.85" turnType="" turnAngle="" types="24,6,72,63,18,25,19,28,29,30,31,32,33,39,40,41,42,43,44" pointTypes="" names="257,258,259,183,260,261,262,263,264"/>
                    <segment id="115698202" length="3" startTrkptIdx="1360" segmentTime="3.44" speed="18.85" turnType="" turnAngle="" types="24,6,72,22,18,25,26,19,28,29,30,31,32,33,54,55,56,39,40,41,42,43,44,59,60,61" pointTypes=";;" names="257,258,259,266,183,184,260,261,267,262,263,268,264,269"/>
                    <segment id="34047473" length="4" startTrkptIdx="1362" segmentTime="49.88" speed="26.07" turnType="" turnAngle="" types="24,6,7,18,25,26,19,28,29,30,31,32,33,54,55,56,39,40,41,42,43,44,59,60,61" pointTypes=";13;4;" names="257,258,259,266,183,184,260,261,267,262,263,268,264,269"/>
                    <segment id="27054709" length="12" startTrkptIdx="1365" segmentTime="14.92" speed="8.60" turnType="" turnAngle="" types="24,6,7,63,8,123,25,11,28,29,30,31,32,33,39,40,41,42,43,44" pointTypes=";4;13;4;13;14;13;14;14;13;20,21,13;13" names="257,258,259,183,260,261,262,263,264"/>
                    <segment id="1458916445" length="3" startTrkptIdx="1376" segmentTime="0.44" speed="26.07" turnType="RNLB2" turnAngle="61.23" types="24,64,6,7,8,25,11,28,29,30,31,32,33,39,40,41,42,43,44" pointTypes=";13;13" names="258,259,183,260,261,262,263,264"/>
                    <segment id="27054711" length="7" startTrkptIdx="1378" segmentTime="1.61" speed="26.07" turnType="" turnAngle="" types="24,64,6,7,8,25,11,28,29,30,31,32,33,39,40,41,42,43,44" pointTypes=";13;13;13;13;13;13" names="258,259,183,260,261,262,263,264"/>
                    <segment id="830850412" length="2" startTrkptIdx="1384" segmentTime="0.15" speed="26.07" turnType="" turnAngle="" types="24,64,6,7,18,25,19,28,29,30,31,32,33,39,40,41,42,43,44" pointTypes=";13" names="258,259,183,260,261,262,263,264"/>
                    <segment id="28407358" length="6" startTrkptIdx="1385" segmentTime="2.53" speed="26.07" turnType="" turnAngle="" types="24,6,7,63,8,25,11,28,29,30,31,32,33,39,40,41,42,43,44" pointTypes=";14;14;14;13;13" names="257,258,259,183,260,261,262,263,264"/>
                    <segment id="392367775" length="4" startTrkptIdx="1390" segmentTime="1.59" speed="26.07" turnType="" turnAngle="" types="12,24,6,7,63,8,25,11,28,29,30,31,32,33,39,40,41,42,43,44" pointTypes="" names="257,258,259,183,260,261,262,263,264"/>
                    <segment id="392367774" length="2" startTrkptIdx="1393" segmentTime="0.21" speed="26.07" turnType="" turnAngle="" types="12,24,84,73,70,7,22,18,25,26,19,28,29,30,31,32,33,54,55,56,39,40,41,42,43,44,59,60,61" pointTypes="" names="257,258,259,266,183,184,260,261,267,262,263,268,264,269"/>
                    <segment id="228008720" length="2" startTrkptIdx="1394" segmentTime="4.67" speed="26.07" turnType="" turnAngle="" types="24,84,73,70,7,22,18,25,26,19,28,29,30,31,32,33,54,55,56,39,40,41,42,43,44,59,60,61" pointTypes=";" names="257,258,259,266,183,184,260,261,267,262,263,268,264,269"/>
                    <segment id="228008717" length="14" startTrkptIdx="1395" segmentTime="16.94" speed="26.07" turnType="" turnAngle="" types="24,6,7,22,18,25,26,19,28,29,30,31,32,33,54,55,56,39,40,41,42,43,44,59,60,61" pointTypes=";4;13;4;4;;;;13;;;;;" names="257,258,259,266,183,184,260,261,267,262,263,268,264,269"/>
                    <segment id="812576203" length="9" startTrkptIdx="1408" segmentTime="8.63" speed="26.07" turnType="" turnAngle="" types="24,6,7,22,18,25,26,19,28,29,30,31,32,33,54,55,56,39,40,41,42,43,44,59,60,61" pointTypes=";4;13;13;14;13;4;" names="257,258,259,266,183,184,260,261,267,262,263,268,264,269"/>
                    <segment id="34047381" length="4" startTrkptIdx="1416" segmentTime="2.32" speed="26.07" turnType="" turnAngle="" types="24,84,7,18,25,26,19,28,29,30,31,32,33,54,55,56,39,40,41,42,43,44,59,60,61" pointTypes="4;;;" names="257,258,259,266,183,184,260,261,267,262,263,268,264,269"/>
                    <segment id="34047383" length="10" startTrkptIdx="1419" segmentTime="13.26" speed="6.41" turnType="" turnAngle="" types="24,6,7,63,18,121,25,19,28,29,30,31,32,33,39,40,41,42,43,44" pointTypes=";4;;;;;;;20,21" names="257,258,259,183,260,261,262,263,264"/>
                    <segment id="1458916513" length="2" startTrkptIdx="1428" segmentTime="0.02" speed="26.07" turnType="RNLB2" turnAngle="31.17" types="24,64,6,7,18,25,19,28,29,30,31,32,33,39,40,41,42,43,44" pointTypes="" names="258,259,183,260,261,262,263,264"/>
                    <segment id="392378557" length="6" startTrkptIdx="1429" segmentTime="0.80" speed="26.07" turnType="" turnAngle="" types="24,64,6,7,18,25,19,28,29,30,31,32,33,39,40,41,42,43,44" pointTypes="" names="258,259,183,260,261,262,263,264"/>
                    <segment id="1458916512" length="2" startTrkptIdx="1434" segmentTime="0.24" speed="26.07" turnType="" turnAngle="" types="24,64,6,7,18,25,19,28,29,30,31,32,33,39,40,41,42,43,44" pointTypes=";" names="258,259,183,260,261,262,263,264"/>
                    <segment id="27212974" length="4" startTrkptIdx="1435" segmentTime="5.20" speed="26.07" turnType="" turnAngle="" types="24,6,7,63,18,25,19,28,29,30,31,32,33,39,40,41,42,43,44" pointTypes=";;;4" names="257,258,259,183,260,261,262,263,264"/>
                    <segment id="228008733" length="2" startTrkptIdx="1438" segmentTime="4.09" speed="26.07" turnType="" turnAngle="" types="24,16,7,63,18,25,19,28,29,30,31,32,33,39,40,41,42,43,44" pointTypes=";4" names="257,258,259,183,260,261,262,263,264"/>
                    <segment id="803894525" length="11" startTrkptIdx="1439" segmentTime="19.79" speed="26.07" turnType="" turnAngle="" types="24,6,7,22,18,25,26,19,28,29,30,31,32,33,54,55,56,39,40,41,42,43,44,59,60,61" pointTypes=";;;;;;;;;;" names="257,258,259,266,183,184,260,261,267,262,263,268,264,269"/>
                    <segment id="115698201" length="7" startTrkptIdx="1449" segmentTime="19.28" speed="26.07" turnType="KR" turnAngle="4.72" types="24,6,7,22,18,25,26,19,28,29,30,31,32,33,54,55,56,39,40,41,42,43,44,59,60,61" pointTypes="4;4;;;;13;" names="257,258,259,266,183,184,260,261,267,262,263,268,264,269"/>
                    <segment id="958382765" length="2" startTrkptIdx="1455" segmentTime="0.25" speed="26.07" turnType="" turnAngle="" types="12,24,6,7,22,18,25,26,19,28,29,30,31,32,33,54,55,56,39,40,41,42,43,44,59,60,61" pointTypes="" names="257,258,259,266,183,184,260,261,267,262,263,268,264,269"/>
                    <segment id="958382764" length="8" startTrkptIdx="1456" segmentTime="16.51" speed="26.07" turnType="" turnAngle="" types="24,6,7,22,18,25,26,19,28,29,30,31,32,33,54,55,56,39,40,41,42,43,44,59,60,61" pointTypes="4;13;13;;15;13;14;" names="257,258,259,266,183,184,260,261,267,262,263,268,264,269"/>
                    <segment id="228008721" length="5" startTrkptIdx="1463" segmentTime="11.54" speed="13.89" turnType="" turnAngle="" types="24,6,124,22,8,25,26,11,28,29,30,31,32,33,54,55,56,39,40,41,42,43,44,59,60,61" pointTypes="13;4;4;;" names="257,258,259,266,183,184,260,261,267,262,263,268,264,269"/>
                    <segment id="1103144855" length="4" startTrkptIdx="1467" segmentTime="6.17" speed="13.89" turnType="" turnAngle="" types="24,84,125,74,124,22,8,126,25,26,11,28,29,30,31,32,33,54,55,56,39,40,41,42,43,44,59,60,61" pointTypes=";;" names="257,258,259,266,183,184,260,261,267,262,263,268,264,269"/>
                    <segment id="1103144854" length="2" startTrkptIdx="1470" segmentTime="0.68" speed="13.89" turnType="" turnAngle="" types="24,127,125,70,124,22,8,126,25,26,11,28,29,30,31,32,33,54,55,56,39,40,41,42,43,44,59,60,61" pointTypes=";" names="257,258,259,266,183,184,260,261,267,262,263,268,264,269"/>
                    <segment id="374405015" length="6" startTrkptIdx="1471" segmentTime="22.80" speed="1.71" turnType="" turnAngle="" types="24,68,124,63,8,128,25,11,28,29,30,31,32,33,39,40,41,42,43,44" pointTypes=";4;115,116" names="257,258,259,183,260,261,262,263,264"/>
                    <segment id="701263666" length="5" startTrkptIdx="1476" segmentTime="0.54" speed="13.89" turnType="RNLB2" turnAngle="43.91" types="24,6,124,8,25,11,64,28,29,30,31,32,33,39,40,41,42,43,44" pointTypes="" names="258,259,183,260,261,262,263,264"/>
                    <segment id="392378555" length="8" startTrkptIdx="1480" segmentTime="1.67" speed="13.89" turnType="" turnAngle="" types="24,6,124,8,25,11,64,28,29,30,31,32,33,39,40,41,42,43,44" pointTypes=";;;;;;13" names="258,259,183,260,261,262,263,264"/>
                    <segment id="1056559843" length="3" startTrkptIdx="1487" segmentTime="21.53" speed="0.99" turnType="" turnAngle="" types="24,6,124,63,8,25,11,28,29,30,31,32,33,39,40,41,42,43,44" pointTypes=";115,116,4;129,130,131,132,133,4" names="272,257,258,259,183,260,261,262,263,264,265"/>
                    <segment id="374405023" length="18" startTrkptIdx="1489" segmentTime="50.95" speed="4.35" turnType="RNLB3" turnAngle="66.37" types="24,6,124,63,8,134,25,11,64,28,29,30,31,32,33,39,40,41,42,43,44" pointTypes="129,130,131,132,133;;4;4;4;;4;;;;;;;;115,116;135;83;" names="273,257,258,259,183,260,261,262,263,264,274"/>
                    <segment id="617975615" length="4" startTrkptIdx="1506" segmentTime="1.40" speed="13.89" turnType="" turnAngle="" types="24,6,124,63,8,136,25,11,64,28,29,30,31,32,33,39,40,41,42,43,44" pointTypes=";;;" names="258,259,183,260,261,262,263,264"/>
                    <segment id="617975614" length="4" startTrkptIdx="1509" segmentTime="1.90" speed="13.89" turnType="" turnAngle="" types="12,24,6,124,63,8,136,25,11,64,28,29,30,31,32,33,39,40,41,42,43,44" pointTypes="" names="258,259,183,260,261,262,263,264"/>
                    <segment id="701263667" length="6" startTrkptIdx="1512" segmentTime="22.74" speed="1.68" turnType="" turnAngle="" types="24,6,124,63,8,136,25,11,64,28,29,30,31,32,33,39,40,41,42,43,44" pointTypes=";;115,116;135" names="258,259,183,260,261,262,263,264"/>
                    <segment id="701527194" length="6" startTrkptIdx="1517" segmentTime="1.37" speed="13.89" turnType="" turnAngle="" types="24,68,124,63,8,137,25,11,64,28,29,30,31,32,33,39,40,41,42,43,44" pointTypes="" names="258,259,183,260,261,262,263,264"/>
                    <segment id="27212747" length="9" startTrkptIdx="1522" segmentTime="3.21" speed="13.89" turnType="" turnAngle="" types="24,68,124,63,8,25,11,64,28,29,30,31,32,33,39,40,41,42,43,44" pointTypes=";4;13;14;14;14;13;4;4" names="258,259,183,260,261,262,263,264"/>
                    <segment id="1103050407" length="2" startTrkptIdx="1530" segmentTime="0.05" speed="13.89" turnType="" turnAngle="" types="24,68,124,63,8,25,11,64,28,29,30,31,32,33,39,40,41,42,43,44" pointTypes="" names="258,259,183,260,261,262,263,264"/>
                    <segment id="1103106293" length="4" startTrkptIdx="1531" segmentTime="2.48" speed="13.89" turnType="" turnAngle="" types="24,6,124,63,8,25,11,28,29,30,31,32,33,39,40,41,42,43,44" pointTypes=";4;4" names="271,257,258,259,183,260,261,262,263,264,265"/>
                    <segment id="1056559842" length="3" startTrkptIdx="1534" segmentTime="4.68" speed="13.89" turnType="" turnAngle="" types="24,16,124,63,8,25,11,28,29,30,31,32,33,39,40,41,42,43,44" pointTypes=";;" names="271,257,258,259,183,260,261,262,263,264,265"/>
                    <segment id="27212753" length="10" startTrkptIdx="1536" segmentTime="8.01" speed="26.07" turnType="" turnAngle="" types="24,6,7,63,8,25,11,28,29,30,31,32,33,39,40,41,42,43,44" pointTypes=";;;;;4;4;;;4" names="257,258,259,183,260,261,262,263,264"/>
                    <segment id="146443707" length="19" startTrkptIdx="1545" segmentTime="51.86" speed="26.07" turnType="" turnAngle="" types="24,6,7,8,25,26,11,28,29,30,31,32,33,54,55,56,39,40,41,42,43,44,59,60,61" pointTypes=";;;4;4;4;13;13;;;;;4;4;;;;;138" names="257,258,259,266,183,184,260,261,267,262,263,268,264,269"/>
                    <segment id="112941451" length="4" startTrkptIdx="1563" segmentTime="6.84" speed="23.67" turnType="TRU" turnAngle="164.75" types="139,63,18,19,28,29,30,39,40,41" pointTypes="138;;;4" names="275,258,260,263"/>
                    <segment id="190383213" length="2" startTrkptIdx="1566" segmentTime="5.03" speed="23.67" turnType="" turnAngle="" types="139,63,18,19,28,29,30,39,40,41" pointTypes=";4" names="258,260,263"/>
                    <segment id="877661455" length="4" startTrkptIdx="1567" segmentTime="11.19" speed="2.52" turnType="TSLL" turnAngle="-15.48" types="139,16,124,63,18,19,28,29,30,39,40,41" pointTypes=";13;20,21,13;13" names="258,260,263"/>
                    <segment id="146443704" length="3" startTrkptIdx="1570" segmentTime="11.60" speed="1.92" turnType="TL" turnAngle="-65.22" types="5,124,63,8,11" pointTypes=";20,21,15;14" names="276"/>
                    <segment id="112941450" length="10" startTrkptIdx="1572" segmentTime="26.90" speed="13.89" turnType="TL" turnAngle="-88.91" types="140,124,8,11" pointTypes=";;;;;4;;;;" names="277"/>
                    <segment id="146582505" length="20" startTrkptIdx="1581" segmentTime="51.05" speed="9.72" turnType="" turnAngle="" types="140,8,11" pointTypes=";;;;;;;;;;;;;4;4;;;13;;" names="277"/>
                    <segment id="112947609" length="16" startTrkptIdx="1600" segmentTime="21.50" speed="9.72" turnType="" turnAngle="" types="140,22,8,11" pointTypes=";13;4;;;;4;;;;4;13;13;13;4;4" names="277"/>
                    <segment id="112947808" length="13" startTrkptIdx="1615" segmentTime="36.37" speed="8.33" turnType="TL" turnAngle="-98.11" types="0,22,18,19" pointTypes=";;;;;;;;;;;;" names="278"/>
                    <segment id="112947808" length="13" startTrkptIdx="1627" segmentTime="36.37" speed="8.33" turnType="C" turnAngle="" types="0,22,18,19" pointTypes=";;;;;;;;;;;;" names="278"/>
                    <segment id="112947609" length="16" startTrkptIdx="1639" segmentTime="21.50" speed="9.72" turnType="TR" turnAngle="98.11" types="140,22,8,11" pointTypes="4;4;13;13;13;4;;;;4;;;;4;13;" names="277"/>
                    <segment id="146582505" length="20" startTrkptIdx="1654" segmentTime="51.05" speed="9.72" turnType="" turnAngle="" types="140,8,11" pointTypes=";;13;;;4;4;;;;;;;;;;;;;" names="277"/>
                    <segment id="112941450" length="10" startTrkptIdx="1673" segmentTime="26.90" speed="13.89" turnType="" turnAngle="" types="140,124,8,11" pointTypes=";;;;4;;;;;" names="277"/>
                    <segment id="877661459" length="2" startTrkptIdx="1682" segmentTime="1.40" speed="9.72" turnType="" turnAngle="" types="140,8,11" pointTypes="" names="276"/>
                    <segment id="877661457" length="4" startTrkptIdx="1683" segmentTime="3.17" speed="13.89" turnType="TR" turnAngle="109.60" types="5,124,63,8,11" pointTypes=";;;" names="276"/>
                    <segment id="877661458" length="2" startTrkptIdx="1686" segmentTime="0.61" speed="12.50" turnType="" turnAngle="" types="5,22,8,11" pointTypes="14;" names="276"/>
                    <segment id="112941443" length="2" startTrkptIdx="1687" segmentTime="3.34" speed="13.89" turnType="" turnAngle="" types="12,5,6,124,22,8,11" pointTypes="" names="276"/>
                    <segment id="112941445" length="4" startTrkptIdx="1688" segmentTime="17.20" speed="5.82" turnType="" turnAngle="" types="5,6,124,22,8,11" pointTypes=";;23,21;" names="276"/>
                    <segment id="146582503" length="18" startTrkptIdx="1691" segmentTime="41.45" speed="13.89" turnType="TR" turnAngle="83.74" types="141,5,6,124,8,11" pointTypes=";;;;4;4;4;4;14;4;4;4;;13;13;13;4;14" names="279"/>
                    <segment id="190383165" length="11" startTrkptIdx="1708" segmentTime="15.48" speed="8.38" turnType="" turnAngle="" types="139,6,63,18,19" pointTypes=";14;4;;;;;20,21;4;13;13" names="279"/>
                    <segment id="701527193" length="5" startTrkptIdx="1718" segmentTime="7.51" speed="26.07" turnType="" turnAngle="" types="24,6,7,18,25,26,19,28,29,30,31,32,33,54,55,56,39,40,41,42,43,44,59,60,61" pointTypes=";;;;" names="257,258,259,266,183,184,260,261,267,262,263,268,264,269"/>
                    <segment id="1206745977" length="4" startTrkptIdx="1722" segmentTime="5.30" speed="26.07" turnType="" turnAngle="" types="24,6,7,18,25,26,19,28,29,30,31,32,33,54,55,56,39,40,41,42,43,44,59,60,61" pointTypes=";;;" names="257,258,259,266,183,184,260,261,267,262,263,268,264,269"/>
                    <segment id="190383164" length="2" startTrkptIdx="1725" segmentTime="12.13" speed="26.07" turnType="" turnAngle="" types="12,24,6,7,8,25,26,11,142,28,29,30,31,32,33,54,55,56,39,40,41,42,43,44,59,60,61" pointTypes="" names="257,258,259,266,183,184,260,261,267,262,263,268,264,269,280"/>
                    <segment id="877375329" length="15" startTrkptIdx="1726" segmentTime="31.37" speed="26.07" turnType="" turnAngle="" types="24,16,7,63,18,25,19,28,29,30,31,32,33,39,40,41,42,43,44" pointTypes=";;;;;;;;;;;4;;4;" names="257,258,259,183,260,261,262,263,264"/>
                    <segment id="182650747" length="68" startTrkptIdx="1740" segmentTime="118.48" speed="26.07" turnType="" turnAngle="" types="24,6,7,63,18,25,19,28,29,30,31,32,33,39,40,41,42,43,44" pointTypes=";;4;;4;;4;4;;;4;;;;;;;;4;4;;4;4;13;13;13;4;4;13;4;;;;;;;;;4;;;;;;;;;4;;;;;4;;4;;;4;;;;;;4;4;;" names="257,258,259,183,260,261,262,263,264"/>
                    <segment id="825102818" length="8" startTrkptIdx="1807" segmentTime="14.66" speed="8.29" turnType="" turnAngle="" types="24,6,63,8,25,11,28,29,30,31,32,33,39,40,41,42,43,44" pointTypes=";;;;;;20,21" names="257,258,259,183,260,261,262,263,264"/>
                    <segment id="1074972635" length="3" startTrkptIdx="1814" segmentTime="0.71" speed="26.07" turnType="RNLB1" turnAngle="36.05" types="24,64,6,143,63,18,25,19,28,29,30,31,32,33,39,40,41,42,43,44" pointTypes="" names="281,258,259,183,260,261,262,263,264"/>
                    <segment id="825102820" length="4" startTrkptIdx="1816" segmentTime="2.86" speed="26.07" turnType="" turnAngle="" types="144,145,24,6,143,63,18,25,19,28,29,30,31,32,33,39,40,41,42,43,44" pointTypes=";;;" names="257,258,259,183,260,261,262,263,264"/>
                    <segment id="825102822" length="9" startTrkptIdx="1819" segmentTime="5.85" speed="26.07" turnType="" turnAngle="" types="144,145,24,6,143,63,18,25,19,28,29,30,31,32,33,39,40,41,42,43,44" pointTypes=";;;;;;4;" names="257,258,259,183,260,261,262,263,264"/>
                    <segment id="1119113109" length="9" startTrkptIdx="1827" segmentTime="4.20" speed="26.07" turnType="" turnAngle="" types="144,145,24,68,143,63,18,25,19,28,29,30,31,32,33,39,40,41,42,43,44" pointTypes=";;;;;;;;" names="257,258,259,183,260,261,262,263,264"/>
                    <segment id="825102823" length="2" startTrkptIdx="1835" segmentTime="1.03" speed="26.07" turnType="" turnAngle="" types="144,12,145,24,68,143,63,18,25,19,28,29,30,31,32,33,39,40,41,42,43,44" pointTypes="" names="257,258,259,183,260,261,262,263,264"/>
                    <segment id="825102824" length="5" startTrkptIdx="1836" segmentTime="36.26" speed="0.91" turnType="" turnAngle="" types="144,145,24,68,143,63,18,146,25,19,28,29,30,31,32,33,39,40,41,42,43,44" pointTypes=";115,116;129,147,132;;" names="257,258,259,183,260,261,262,263,264"/>
                    <segment id="1119113120" length="2" startTrkptIdx="1840" segmentTime="0.59" speed="26.07" turnType="" turnAngle="" types="144,145,148,6,143,63,18,25,19,28,29,30,31,32,33,39,40,41,42,43,44" pointTypes="" names="257,258,259,183,260,261,262,263,264"/>
                    <segment id="825102826" length="3" startTrkptIdx="1841" segmentTime="20.97" speed="1.20" turnType="" turnAngle="" types="144,12,145,148,6,143,63,18,25,19,28,29,30,31,32,33,39,40,41,42,43,44" pointTypes=";115,116" names="257,258,259,183,260,261,262,263,264"/>
                    <segment id="825102825" length="5" startTrkptIdx="1843" segmentTime="0.32" speed="26.07" turnType="" turnAngle="" types="148,6,143,63,18,25,19,28,29,30,31,32,33,39,40,41,42,43,44" pointTypes="" names="257,258,259,183,260,261,262,263,264"/>
                    <segment id="1119113122" length="5" startTrkptIdx="1847" segmentTime="0.39" speed="26.07" turnType="" turnAngle="" types="148,6,143,63,18,25,19,28,29,30,31,32,33,39,40,41,42,43,44" pointTypes="" names="257,258,259,183,260,261,262,263,264"/>
                    <segment id="1119113123" length="6" startTrkptIdx="1851" segmentTime="24.82" speed="10.32" turnType="" turnAngle="" types="144,145,148,6,143,63,18,19" pointTypes=";129,147,132;4;" names=""/>
                    <segment id="391966318" length="2" startTrkptIdx="1856" segmentTime="6.10" speed="21.26" turnType="" turnAngle="" types="144,145,149,6,143,150,63,8,151,26,11,31,32,33,34,35,36,37,38,42,43,44,45,46,47,48,49" pointTypes=";" names="282,283,284,285,286,287,288,184,289,290,291,292,293,294,295,296,297"/>
                    <segment id="701027461" length="7" startTrkptIdx="1857" segmentTime="38.31" speed="26.07" turnType="" turnAngle="" types="144,145,149,6,143,7,63,8,151,26,11,31,32,33,34,35,36,37,38,42,43,44,45,46,47,48,49" pointTypes=";;;;;4;138" names="282,283,284,285,286,287,288,184,289,290,291,292,293,294,295,296,297"/>
                    <segment id="495343425" length="23" startTrkptIdx="1863" segmentTime="69.11" speed="26.07" turnType="" turnAngle="" types="144,145,149,6,143,7,63,8,151,26,11,31,32,33,34,35,36,37,38,42,43,44,45,46,47,48,49" pointTypes="138;;;;;;4;;;;;;;;;4;;4;4;;;4;138" names="282,283,284,285,286,287,288,184,289,290,291,292,293,294,295,296,297"/>
                    <segment id="495343425" length="28" startTrkptIdx="1885" segmentTime="95.73" speed="26.07" turnType="" turnAngle="" types="144,145,149,6,143,7,63,8,151,26,11,31,32,33,34,35,36,37,38,42,43,44,45,46,47,48,49" pointTypes="138;;;;4;;;;;4;4;;;;;;;4;4;;;;4;;;;;138" names="282,283,284,285,286,287,288,184,289,290,291,292,293,294,295,296,297"/>
                    <segment id="145662287" length="5" startTrkptIdx="1912" segmentTime="8.41" speed="26.07" turnType="" turnAngle="" types="144,145,149,6,143,7,63,8,152,151,26,11,31,32,33,34,35,36,37,38,42,43,44,45,46,47,48,49" pointTypes="138;;;4;4" names="282,298,284,285,286,287,288,184,289,290,291,292,293,294,295,296,297"/>
                    <segment id="769181638" length="5" startTrkptIdx="1916" segmentTime="8.54" speed="26.07" turnType="" turnAngle="" types="144,145,149,6,143,7,63,8,152,151,26,11,31,32,33,34,35,36,37,38,42,43,44,45,46,47,48,49" pointTypes=";4" names="298,284,285,286,287,288,184,289,290,291,292,293,294,295,296,297"/>
                    <segment id="325129202" length="2" startTrkptIdx="1920" segmentTime="3.55" speed="26.07" turnType="" turnAngle="" types="144,12,145,149,6,143,7,63,8,152,151,26,11,31,32,33,34,35,36,37,38,42,43,44,45,46,47,48,49" pointTypes="" names="298,284,285,286,287,288,184,289,290,291,292,293,294,295,296,297"/>
                    <segment id="325129166" length="2" startTrkptIdx="1921" segmentTime="5.60" speed="26.07" turnType="" turnAngle="" types="144,145,149,6,143,7,63,8,152,151,26,11,31,32,33,34,35,36,37,38,42,43,44,45,46,47,48,49" pointTypes=";" names="298,284,285,286,287,288,184,289,290,291,292,293,294,295,296,297"/>
                    <segment id="325129194" length="2" startTrkptIdx="1922" segmentTime="0.88" speed="26.07" turnType="" turnAngle="" types="144,12,145,149,6,143,7,63,8,152,151,26,11,31,32,33,34,35,36,37,38,42,43,44,45,46,47,48,49" pointTypes="" names="298,284,285,286,287,288,184,289,290,291,292,293,294,295,296,297"/>
                    <segment id="1107918775" length="4" startTrkptIdx="1923" segmentTime="13.68" speed="28.48" turnType="" turnAngle="" types="144,145,149,6,143,153,63,8,152,151,26,11,31,32,33,34,35,36,37,38,42,43,44,45,46,47,48,49" pointTypes=";;4;13" names="282,298,284,285,286,287,288,184,289,290,291,292,293,294,295,296,297"/>
                    <segment id="1107918776" length="2" startTrkptIdx="1926" segmentTime="2.87" speed="28.48" turnType="" turnAngle="" types="144,145,149,68,143,153,63,8,152,154,151,26,11,31,32,33,34,35,36,37,38,42,43,44,45,46,47,48,49" pointTypes=";4" names="282,298,284,285,286,287,288,184,289,290,291,292,293,294,295,296,297"/>
                    <segment id="1097664593" length="10" startTrkptIdx="1927" segmentTime="21.11" speed="28.48" turnType="" turnAngle="" types="144,145,149,6,143,153,63,8,152,151,26,11,31,32,33,34,35,36,37,38,42,43,44,45,46,47,48,49" pointTypes=";;;4;;;4" names="282,298,284,285,286,287,288,184,289,290,291,292,293,294,295,296,297"/>
                    <segment id="199773069" length="19" startTrkptIdx="1936" segmentTime="146.51" speed="28.48" turnType="" turnAngle="" types="144,145,149,6,155,153,63,8,152,151,26,11,31,32,33,34,35,36,37,38,42,43,44,45,46,47,48,49" pointTypes=";;;;;;;50,4;;65,112;50,4;;;;;;;;138" names="282,298,284,285,286,287,288,184,289,290,291,292,293,294,295,296,297"/>
                    <segment id="199773069" length="2" startTrkptIdx="1954" segmentTime="2.88" speed="28.48" turnType="" turnAngle="" types="144,145,149,6,155,153,63,8,152,151,26,11,31,32,33,34,35,36,37,38,42,43,44,45,46,47,48,49" pointTypes="138;" names="282,298,284,285,286,287,288,184,289,290,291,292,293,294,295,296,297"/>
                    <segment id="199773069" length="24" startTrkptIdx="1955" segmentTime="69.70" speed="28.48" turnType="" turnAngle="" types="144,145,149,6,155,153,63,8,152,151,26,11,31,32,33,34,35,36,37,38,42,43,44,45,46,47,48,49" pointTypes=";50,4;;;;;;;;;;;50,4;50,4;;;50,4;50,4;50,4;;50,4;;;" names="282,298,284,285,286,287,288,184,289,290,291,292,293,294,295,296,297"/>
                    <segment id="199773070" length="2" startTrkptIdx="1978" segmentTime="6.48" speed="28.48" turnType="" turnAngle="" types="144,12,145,149,6,155,153,63,8,152,151,26,11,31,32,33,34,35,36,37,38,42,43,44,45,46,47,48,49" pointTypes="" names="298,284,285,286,287,288,184,289,290,291,292,293,294,295,296,297"/>
                    <segment id="199773068" length="29" startTrkptIdx="1979" segmentTime="145.51" speed="28.48" turnType="" turnAngle="" types="144,145,149,6,155,153,63,8,152,151,26,11,31,32,33,34,35,36,37,38,42,43,44,45,46,47,48,49" pointTypes=";;;;;;;;;;;;;;;;;;;;;;;;;;156;;138" names="298,284,285,286,287,288,184,289,290,291,292,293,294,295,296,297"/>
                    <segment id="199773068" length="12" startTrkptIdx="2007" segmentTime="75.24" speed="28.48" turnType="" turnAngle="" types="144,145,149,6,155,153,63,8,152,151,26,11,31,32,33,34,35,36,37,38,42,43,44,45,46,47,48,49" pointTypes="138;;;;;;;;" names="298,284,285,286,287,288,184,289,290,291,292,293,294,295,296,297"/>
                    <segment id="199773065" length="2" startTrkptIdx="2018" segmentTime="1.98" speed="28.48" turnType="" turnAngle="" types="144,12,145,149,6,155,153,63,8,152,151,26,11,31,32,33,34,35,36,37,38,42,43,44,45,46,47,48,49" pointTypes="" names="298,284,285,286,287,288,184,289,290,291,292,293,294,295,296,297"/>
                    <segment id="145662270" length="3" startTrkptIdx="2019" segmentTime="11.38" speed="26.07" turnType="" turnAngle="" types="144,145,149,6,155,7,63,8,152,151,26,11,31,32,33,34,35,36,37,38,42,43,44,45,46,47,48,49" pointTypes=";;" names="298,284,285,286,287,288,184,289,290,291,292,293,294,295,296,297"/>
                    <segment id="145662282" length="2" startTrkptIdx="2021" segmentTime="2.48" speed="26.07" turnType="" turnAngle="" types="144,12,145,149,6,143,7,63,8,152,151,26,11,31,32,33,34,35,36,37,38,42,43,44,45,46,47,48,49" pointTypes="" names="298,284,285,286,287,288,184,289,290,291,292,293,294,295,296,297"/>
                    <segment id="145662265" length="4" startTrkptIdx="2022" segmentTime="9.04" speed="26.07" turnType="" turnAngle="" types="144,145,149,6,143,7,63,8,152,151,26,11,31,32,33,34,35,36,37,38,42,43,44,45,46,47,48,49" pointTypes=";;;4" names="298,284,285,286,287,288,184,289,290,291,292,293,294,295,296,297"/>
                    <segment id="769181620" length="4" startTrkptIdx="2025" segmentTime="5.42" speed="26.07" turnType="" turnAngle="" types="144,145,149,6,143,7,63,8,152,121,151,26,11,31,32,33,34,35,36,37,38,42,43,44,45,46,47,48,49" pointTypes=";;4;" names="298,284,285,286,287,288,184,289,290,291,292,293,294,295,296,297"/>
                    <segment id="769181616" length="9" startTrkptIdx="2028" segmentTime="14.79" speed="6.68" turnType="" turnAngle="" types="144,145,149,6,143,7,63,18,152,121,151,26,19,31,32,33,34,35,36,37,38,42,43,44,45,46,47,48,49" pointTypes=";;;;157,130,158,132,159;;;20,21" names="298,284,285,286,287,288,184,289,290,291,292,293,294,295,296,297"/>
                    <segment id="973325629" length="5" startTrkptIdx="2036" segmentTime="0.88" speed="26.07" turnType="RNLB1" turnAngle="-18.33" types="160,161,24,64,6,143,7,18,151,26,19,31,32,33,54,55,56,42,43,44,59,60,61" pointTypes="" names="299,284,285,286,288,184,289,300,292,293,294,301"/>
                    <segment id="461110618" length="10" startTrkptIdx="2040" segmentTime="6.75" speed="22.21" turnType="" turnAngle="" types="162,6,143,7,63,8,151,26,11,31,32,33,54,55,56,42,43,44,59,60,61" pointTypes=";;157,130,158,132,159;;;;;;;" names="302,283,284,285,286,288,184,289,300,292,293,294,301,303"/>
                    <segment id="769181632" length="7" startTrkptIdx="2049" segmentTime="6.16" speed="26.07" turnType="" turnAngle="" types="162,16,7,63,8,151,26,11,31,32,33,54,55,56,42,43,44,59,60,61" pointTypes=";;;;;4;" names="283,284,285,286,288,184,289,300,292,293,294,301"/>
                    <segment id="495335938" length="22" startTrkptIdx="2055" segmentTime="15.49" speed="26.07" turnType="" turnAngle="" types="162,7,110,105,8,151,26,85,11,31,32,33,54,55,56,36,37,38,42,43,44,59,60,61,47,48,49" pointTypes=";;;;;;;;;;;4;;;;;;;;;4;78,79,80,77,4" names="283,284,285,286,304,288,184,227,289,300,291,292,293,294,305,301,297"/>
                    <segment id="769181631" length="16" startTrkptIdx="2076" segmentTime="86.68" speed="18.55" turnType="" turnAngle="" types="162,7,18,151,26,85,19,31,32,33,54,55,56,36,37,38,42,43,44,59,60,61,47,48,49" pointTypes="78,79,80,77;4;;;;;;;;;4;;;4" names="283,284,285,286,304,288,184,227,289,300,291,292,293,294,305,301,297"/>
                    <segment id="1458920713" length="4" startTrkptIdx="2091" segmentTime="2.69" speed="26.07" turnType="" turnAngle="" types="162,7,18,151,26,85,19,31,32,33,54,55,56,36,37,38,42,43,44,59,60,61,47,48,49" pointTypes=";;4;4" names="283,284,285,286,304,288,184,227,289,300,291,292,293,294,305,301,297"/>
                    <segment id="291574228" length="2" startTrkptIdx="2094" segmentTime="7.55" speed="26.07" turnType="" turnAngle="" types="162,7,18,151,26,85,19,31,32,33,54,55,56,36,37,38,42,43,44,59,60,61,47,48,49" pointTypes=";4" names="283,284,285,286,304,288,184,227,289,300,291,292,293,294,305,301,297"/>
                    <segment id="291574228" length="28" startTrkptIdx="2095" segmentTime="99.98" speed="26.07" turnType="" turnAngle="" types="162,7,18,151,26,85,19,31,32,33,54,55,56,36,37,38,42,43,44,59,60,61,47,48,49" pointTypes="4;;;;;;;;;;;;;;4;4;4;4;4;4;;;;;4;;" names="283,284,285,286,304,288,184,227,289,300,291,292,293,294,305,301,297"/>
                    <segment id="866794460" length="2" startTrkptIdx="2122" segmentTime="0.47" speed="26.07" turnType="" turnAngle="" types="12,162,7,18,151,26,85,19,31,32,33,54,55,56,36,37,38,42,43,44,59,60,61,47,48,49" pointTypes="" names="283,284,285,286,304,288,184,227,289,300,291,292,293,294,305,301,297"/>
                    <segment id="866794459" length="43" startTrkptIdx="2123" segmentTime="83.54" speed="26.07" turnType="" turnAngle="" types="162,7,8,151,26,85,11,31,32,33,54,55,56,36,37,38,42,43,44,59,60,61,47,48,49" pointTypes=";;;;;4;4;;;;;;;;;;;;;4;;4;;;;;;;4;4;;;;;4;4;;13;13;;;" names="283,284,285,286,304,288,184,227,289,300,291,292,293,294,305,301,297"/>
                    <segment id="825616558" length="2" startTrkptIdx="2165" segmentTime="0.34" speed="26.07" turnType="" turnAngle="" types="12,162,7,8,151,26,85,11,31,32,33,54,55,56,36,37,38,42,43,44,59,60,61,47,48,49" pointTypes="" names="283,284,285,286,304,288,184,227,289,300,291,292,293,294,305,301,297"/>
                    <segment id="866794465" length="12" startTrkptIdx="2166" segmentTime="32.65" speed="26.07" turnType="" turnAngle="" types="162,7,8,151,26,85,11,31,32,33,54,55,56,36,37,38,42,43,44,59,60,61,47,48,49" pointTypes=";;;;;;;;;;;4" names="283,284,285,286,304,288,184,227,289,300,291,292,293,294,305,301,297"/>
                    <segment id="866794466" length="2" startTrkptIdx="2177" segmentTime="0.35" speed="26.07" turnType="" turnAngle="" types="12,162,7,8,151,26,85,11,31,32,33,54,55,56,36,37,38,42,43,44,59,60,61,47,48,49" pointTypes="" names="283,284,285,286,304,288,184,227,289,300,291,292,293,294,305,301,297"/>
                    <segment id="825616560" length="38" startTrkptIdx="2178" segmentTime="110.37" speed="26.07" turnType="" turnAngle="" types="162,7,18,151,26,85,19,31,32,33,54,55,56,36,37,38,42,43,44,59,60,61,47,48,49" pointTypes=";4;;;;;;;;;4;4;;;;;;;;;;;;;;;;;;;;;;;;;;" names="283,284,285,286,304,288,184,227,289,300,291,292,293,294,305,301,297"/>
                    <segment id="218940378" length="2" startTrkptIdx="2215" segmentTime="0.67" speed="26.07" turnType="" turnAngle="" types="12,162,7,18,151,26,85,19,31,32,33,54,55,56,36,37,38,42,43,44,59,60,61,47,48,49" pointTypes="" names="283,284,285,286,304,288,184,227,289,300,291,292,293,294,305,301,297"/>
                    <segment id="821628684" length="2" startTrkptIdx="2216" segmentTime="0.37" speed="26.07" turnType="" turnAngle="" types="162,7,18,151,26,85,19,31,32,33,54,55,56,36,37,38,42,43,44,59,60,61,47,48,49" pointTypes="13;" names="283,284,285,286,304,288,184,227,289,300,291,292,293,294,305,301,297"/>
                    <segment id="821628680" length="3" startTrkptIdx="2217" segmentTime="1.95" speed="26.07" turnType="C" turnAngle="0.67" types="162,7,18,151,26,85,19,31,32,33,54,55,56,36,37,38,42,43,44,59,60,61,47,48,49" pointTypes=";13;" names="283,284,285,286,304,288,184,227,289,300,291,292,293,294,305,301,297"/>
                    <segment id="821628681" length="10" startTrkptIdx="2219" segmentTime="8.63" speed="26.07" turnType="" turnAngle="" types="162,7,18,151,26,85,19,31,32,33,54,55,56,36,37,38,42,43,44,59,60,61,47,48,49" pointTypes="13;4;13;;13;;;13;;" names="283,284,285,286,304,288,184,227,289,300,291,292,293,294,305,301,297"/>
                    <segment id="218940381" length="43" startTrkptIdx="2228" segmentTime="231.60" speed="26.07" turnType="" turnAngle="" types="162,7,8,151,26,85,11,31,32,33,54,55,56,36,37,38,42,43,44,59,60,61,47,48,49" pointTypes=";4;;;;4;;;;;;;;;;4;;;;;;4;4;;;;;;;;;;;;4;4;13;4;13;13;4;4;" names="283,284,285,286,304,288,184,227,289,300,291,292,293,294,305,301,297"/>
                    <segment id="488358147" length="31" startTrkptIdx="2270" segmentTime="70.43" speed="26.07" turnType="" turnAngle="" types="162,7,8,151,26,85,11,31,32,33,54,55,56,36,37,38,42,43,44,59,60,61,47,48,49" pointTypes=";;;;4;13;4;4;4;4;4;4;4;4;4;4;;;;;;;;;;;;;;;" names="283,284,285,286,304,288,184,227,289,300,291,292,293,294,305,301,297"/>
                    <segment id="488358148" length="2" startTrkptIdx="2300" segmentTime="0.74" speed="26.07" turnType="" turnAngle="" types="12,162,6,7,8,151,26,85,11,31,32,33,54,55,56,36,37,38,42,43,44,59,60,61,47,48,49" pointTypes="" names="283,284,285,286,304,288,184,227,289,300,291,292,293,294,305,301,297"/>
                    <segment id="218940384" length="47" startTrkptIdx="2301" segmentTime="141.41" speed="26.07" turnType="" turnAngle="" types="162,7,8,151,26,85,11,31,32,33,54,55,56,36,37,38,42,43,44,59,60,61,47,48,49" pointTypes=";;;;;;;13;14;20,102,7,15;4;4;13;4;;13;;4;;;4;4;;;;;;;4;4;;;;4;;;;4;;;13;;;;;;" names="283,284,285,286,304,288,184,227,289,300,291,292,293,294,305,301,297"/>
                    <segment id="488358157" length="2" startTrkptIdx="2347" segmentTime="0.46" speed="26.07" turnType="" turnAngle="" types="12,162,7,18,151,26,85,19,31,32,33,54,55,56,36,37,38,42,43,44,59,60,61,47,48,49" pointTypes="" names="283,284,285,286,304,288,184,227,289,300,291,292,293,294,305,301,297"/>
                    <segment id="488358158" length="13" startTrkptIdx="2348" segmentTime="107.05" speed="26.07" turnType="" turnAngle="" types="162,7,8,151,26,85,11,31,32,33,54,55,56,36,37,38,42,43,44,59,60,61,47,48,49" pointTypes="4;;;4;;;;;;;;" names="283,284,285,286,304,288,184,227,289,300,291,292,293,294,305,301,297"/>
                    <segment id="488358158" length="2" startTrkptIdx="2360" segmentTime="2.18" speed="26.07" turnType="" turnAngle="" types="162,7,8,151,26,85,11,31,32,33,54,55,56,36,37,38,42,43,44,59,60,61,47,48,49" pointTypes=";" names="283,284,285,286,304,288,184,227,289,300,291,292,293,294,305,301,297"/>
                    <segment id="218940382" length="2" startTrkptIdx="2361" segmentTime="2.12" speed="26.07" turnType="" turnAngle="" types="12,162,7,8,151,26,85,11,31,32,33,54,55,56,36,37,38,42,43,44,59,60,61,47,48,49" pointTypes="" names="283,284,285,286,304,288,184,227,289,300,291,292,293,294,305,301,297"/>
                    <segment id="488358167" length="34" startTrkptIdx="2362" segmentTime="81.23" speed="26.07" turnType="" turnAngle="" types="162,7,8,151,26,85,11,31,32,33,54,55,56,36,37,38,42,43,44,59,60,61,47,48,49" pointTypes="14;4;4;;;;;13;;;4;;4;;;;;;;;;;;;;;;;;;;4;;" names="283,284,285,286,304,288,184,227,289,300,291,292,293,294,305,301,297"/>
                    <segment id="488358168" length="2" startTrkptIdx="2395" segmentTime="1.15" speed="26.07" turnType="" turnAngle="" types="12,162,6,7,8,151,26,85,11,31,32,33,54,55,56,36,37,38,42,43,44,59,60,61,47,48,49" pointTypes="" names="283,284,285,286,304,288,184,227,289,300,291,292,293,294,305,301,297"/>
                    <segment id="863983571" length="9" startTrkptIdx="2396" segmentTime="31.53" speed="26.07" turnType="" turnAngle="" types="162,7,8,151,26,85,11,31,32,33,54,55,56,36,37,38,42,43,44,59,60,61,47,48,49" pointTypes="101;13;;;;;;;" names="283,284,285,286,304,288,184,227,289,300,291,292,293,294,305,301,297"/>
                    <segment id="863983570" length="2" startTrkptIdx="2404" segmentTime="0.64" speed="26.07" turnType="" turnAngle="" types="12,162,7,18,151,26,85,19,31,32,33,54,55,56,36,37,38,42,43,44,59,60,61,47,48,49" pointTypes="" names="283,284,285,286,304,288,184,227,289,300,291,292,293,294,305,301,297"/>
                    <segment id="193610074" length="13" startTrkptIdx="2405" segmentTime="135.96" speed="26.07" turnType="" turnAngle="" types="162,7,8,151,26,85,11,31,32,33,54,55,56,36,37,38,42,43,44,59,60,61,47,48,49" pointTypes=";4;4;;;;13;;;;;;" names="283,284,285,286,304,288,184,227,289,300,291,292,293,294,305,301,297"/>
                    <segment id="193610074" length="5" startTrkptIdx="2417" segmentTime="15.39" speed="26.07" turnType="" turnAngle="" types="162,7,8,151,26,85,11,31,32,33,54,55,56,36,37,38,42,43,44,59,60,61,47,48,49" pointTypes=";;;4;4" names="283,284,285,286,304,288,184,227,289,300,291,292,293,294,305,301,297"/>
                    <segment id="193610074" length="14" startTrkptIdx="2421" segmentTime="23.39" speed="26.07" turnType="" turnAngle="" types="162,7,8,151,26,85,11,31,32,33,54,55,56,36,37,38,42,43,44,59,60,61,47,48,49" pointTypes="4;;4;;13;4;;;;;;14;13;" names="283,284,285,286,304,288,184,227,289,300,291,292,293,294,305,301,297"/>
                    <segment id="148177321" length="37" startTrkptIdx="2434" segmentTime="49.54" speed="16.44" turnType="" turnAngle="" types="162,6,82,8,151,26,85,11,31,32,33,54,55,56,36,37,38,42,43,44,59,60,61,47,48,49" pointTypes=";;;;;;;;;;;;;;;;;;;;;;;;;;;;13;4;;;;;;;" names="306,284,285,286,304,288,184,227,289,300,291,292,293,294,305,301,297"/>
                    <segment id="27008762" length="6" startTrkptIdx="2470" segmentTime="38.70" speed="16.44" turnType="" turnAngle="" types="141,163,6,82,8,11" pointTypes=";;;4;4;" names="306"/>
                    <segment id="392346558" length="3" startTrkptIdx="2475" segmentTime="7.46" speed="16.44" turnType="" turnAngle="" types="141,163,6,82,8,11" pointTypes=";;" names="306"/>
                    <segment id="392346559" length="2" startTrkptIdx="2477" segmentTime="7.75" speed="16.44" turnType="" turnAngle="" types="141,163,6,82,8,11" pointTypes=";" names="306"/>
                    <segment id="822275943" length="2" startTrkptIdx="2478" segmentTime="1.29" speed="16.44" turnType="" turnAngle="" types="141,163,6,82,8,11" pointTypes=";" names="306"/>
                    <segment id="1320020635" length="7" startTrkptIdx="2479" segmentTime="29.29" speed="8.33" turnType="TL" turnAngle="-65.89" types="0,8,11" pointTypes=";14;4;4;;;" names=""/>
                    <segment id="281273655" length="4" startTrkptIdx="2485" segmentTime="4.28" speed="8.33" turnType="TSLL" turnAngle="-38.23" types="0,164,165" pointTypes=";;;" names=""/>
                    <segment id="281273655" length="2" startTrkptIdx="2488" segmentTime="0.60" speed="8.33" turnType="TL" turnAngle="-57.07" types="0,164,165" pointTypes=";" names=""/>
                </osmand:route>
                <osmand:types>
                    <type t="highway" v="service"/>
                    <type t="surface" v="unpaved"/>
                    <type t="vehicle" v="yes"/>
                    <type t="osmand_highway_integrity_brouting" v="4"/>
                    <type t="osmand_ele_decline_1" v="1"/>
                    <type t="highway" v="tertiary"/>
                    <type t="lanes" v="2"/>
                    <type t="maxspeed" v="100"/>
                    <type t="surface" v="asphalt"/>
                    <type t="route_bicycle" v=""/>
                    <type t="network" v="ncn"/>
                    <type t="osmand_highway_integrity_brouting" v="0"/>
                    <type t="bridge" v="yes"/>
                    <type t="osmand_ele_decline_3" v="1"/>
                    <type t="osmand_ele_decline_5" v="1"/>
                    <type t="osmand_ele_decline_7" v="1"/>
                    <type t="lanes" v="1"/>
                    <type t="oneway" v="alternating"/>
                    <type t="surface" v="paved"/>
                    <type t="osmand_highway_integrity_brouting" v="1"/>
                    <type t="direction" v="forward"/>
                    <type t="highway" v="give_way"/>
                    <type t="oneway" v="no"/>
                    <type t="direction" v="backward"/>
                    <type t="highway" v="trunk"/>
                    <type t="route_road_1_network" v="nz:sh"/>
                    <type t="route_road_2_network" v="nz:sh"/>
                    <type t="route_road_3_network" v="nz:touring:teh"/>
                    <type t="route_road_1_shield_color" v="red"/>
                    <type t="route_road_1_shield_shape" v="cshield"/>
                    <type t="route_road_1_shield_order" v="1"/>
                    <type t="route_road_2_shield_color" v="red"/>
                    <type t="route_road_2_shield_shape" v="cshield"/>
                    <type t="route_road_2_shield_order" v="1"/>
                    <type t="route_road_3_shield_color" v="white"/>
                    <type t="route_road_3_shield_shape" v="pentagon"/>
                    <type t="route_road_4_shield_color" v="red"/>
                    <type t="route_road_4_shield_shape" v="cshield"/>
                    <type t="route_road_4_shield_order" v="1"/>
                    <type t="road_shield_color_1" v="red"/>
                    <type t="road_shield_shape_1" v="cshield"/>
                    <type t="road_shield_order_1" v="1"/>
                    <type t="road_shield_color_2" v="red"/>
                    <type t="road_shield_shape_2" v="cshield"/>
                    <type t="road_shield_order_2" v="1"/>
                    <type t="road_shield_color_3" v="white"/>
                    <type t="road_shield_shape_3" v="pentagon"/>
                    <type t="road_shield_color_4" v="red"/>
                    <type t="road_shield_shape_4" v="cshield"/>
                    <type t="road_shield_order_4" v="1"/>
                    <type t="osmand_ele_decline_max" v="1"/>
                    <type t="route_road_2_network" v="nz:touring:teh"/>
                    <type t="route_road_2_shield_color" v="white"/>
                    <type t="route_road_2_shield_shape" v="pentagon"/>
                    <type t="route_road_3_shield_color" v="red"/>
                    <type t="route_road_3_shield_shape" v="cshield"/>
                    <type t="route_road_3_shield_order" v="1"/>
                    <type t="road_shield_color_2" v="white"/>
                    <type t="road_shield_shape_2" v="pentagon"/>
                    <type t="road_shield_color_3" v="red"/>
                    <type t="road_shield_shape_3" v="cshield"/>
                    <type t="road_shield_order_3" v="1"/>
                    <type t="osmand_ele_decline_max" v="3"/>
                    <type t="oneway" v="yes"/>
                    <type t="junction" v="roundabout"/>
                    <type t="osmand_ele_incline_" v="1"/>
                    <type t="osmand_ele_incline_max" v="3"/>
                    <type t="maxspeed:advisory" v="75"/>
                    <type t="lanes" v="3"/>
                    <type t="lanes:backward" v="1"/>
                    <type t="lanes:forward" v="2"/>
                    <type t="turn:lanes:forward" v="none|right"/>
                    <type t="maxspeed" v="70"/>
                    <type t="lanes:backward" v="2"/>
                    <type t="lanes:forward" v="1"/>
                    <type t="turn:lanes:backward" v="none|right"/>
                    <type t="crossing:barrier" v="no"/>
                    <type t="railway" v="level_crossing"/>
                    <type t="crossing:barrier" v="half"/>
                    <type t="crossing:bell" v="yes"/>
                    <type t="crossing:light" v="yes"/>
                    <type t="maxweight:signed" v="no"/>
                    <type t="maxspeed" v="60"/>
                    <type t="highway" v="milestone"/>
                    <type t="lanes" v="4"/>
                    <type t="route_road_3_network" v="nz:sh"/>
                    <type t="route_road_4_network" v="nz:sh"/>
                    <type t="route_road_5_shield_color" v="red"/>
                    <type t="route_road_5_shield_shape" v="cshield"/>
                    <type t="route_road_5_shield_order" v="1"/>
                    <type t="route_road_6_shield_color" v="red"/>
                    <type t="route_road_6_shield_shape" v="cshield"/>
                    <type t="route_road_6_shield_order" v="1"/>
                    <type t="road_shield_color_5" v="red"/>
                    <type t="road_shield_shape_5" v="cshield"/>
                    <type t="road_shield_order_5" v="1"/>
                    <type t="road_shield_color_6" v="red"/>
                    <type t="road_shield_shape_6" v="cshield"/>
                    <type t="road_shield_order_6" v="1"/>
                    <type t="highway" v="stop"/>
                    <type t="stop" v="minor"/>
                    <type t="osmand_ele_decline_11" v="1"/>
                    <type t="highway" v="speed_camera"/>
                    <type t="maxspeed:advisory:forward" v="75"/>
                    <type t="maxspeed:advisory" v="55"/>
                    <type t="maxspeed:advisory:forward" v="65"/>
                    <type t="maxspeed:advisory:forward" v="55"/>
                    <type t="maxspeed:conditional" v="80 @ wet"/>
                    <type t="highway" v="emergency_bay"/>
                    <type t="turn:lanes:forward" v="left|none"/>
                    <type t="maxspeed:advisory:backward" v="75"/>
                    <type t="maxspeed:advisory" v="65"/>
                    <type t="osmand_ele_incline_max" v="1"/>
                    <type t="osmand_ele_incline_max" v="7"/>
                    <type t="osmand_ele_decline_max" v="5"/>
                    <type t="highway" v="traffic_signals"/>
                    <type t="traffic_signals:direction" v="forward"/>
                    <type t="traffic_signals:direction" v="backward"/>
                    <type t="osmand_ele_incline_max" v="5"/>
                    <type t="osmand_ele_incline_max" v="11"/>
                    <type t="osmand_ele_incline_max" v="13"/>
                    <type t="turn:lanes" v="left;through|through;right"/>
                    <type t="turn:lanes" v="left;slight_left|through;right"/>
                    <type t="turn:lanes:forward" v="left;through|through;right"/>
                    <type t="maxspeed" v="50"/>
                    <type t="lanes:backward" v="3"/>
                    <type t="turn:lanes:backward" v="left;through|through|right"/>
                    <type t="lanes" v="5"/>
                    <type t="turn:lanes" v="left;through|through|right"/>
                    <type t="crossing" v="traffic_signals"/>
                    <type t="crossing:island" v="no"/>
                    <type t="crossing:markings" v="lines"/>
                    <type t="highway" v="crossing"/>
                    <type t="tactile_paving" v="yes"/>
                    <type t="turn:lanes" v="left;through;right|right"/>
                    <type t="cycleway" v="asl"/>
                    <type t="turn:lanes" v="through;right|right"/>
                    <type t="turn:lanes" v="left;through|through;right|right"/>
                    <type t="highway" v="motorway_junction"/>
                    <type t="highway" v="trunk_link"/>
                    <type t="highway" v="residential"/>
                    <type t="cycleway:both" v="no"/>
                    <type t="sidewalk" v="yes"/>
                    <type t="lit" v="yes"/>
                    <type t="bicycle" v="no"/>
                    <type t="foot" v="no"/>
                    <type t="turn:lanes" v="left|left;through|through"/>
                    <type t="crossing:signals" v="yes"/>
                    <type t="highway" v="motorway_link"/>
                    <type t="highway" v="motorway"/>
                    <type t="maxspeed" v="80"/>
                    <type t="route_road_1_network" v="nz:touring:pch"/>
                    <type t="toll" v="yes"/>
                    <type t="maxspeed" v="110"/>
                    <type t="turn:lanes" v="merge_to_right|none|none"/>
                    <type t="lit" v="no"/>
                    <type t="highway" v="toll_gantry"/>
                    <type t="crossing" v="unmarked"/>
                    <type t="crossing:markings" v="no"/>
                    <type t="tactile_paving" v="no"/>
                    <type t="bicycle" v="yes"/>
                    <type t="foot" v="yes"/>
                    <type t="highway" v="primary"/>
                    <type t="highway" v="secondary"/>
                    <type t="surface" v="compacted"/>
                    <type t="osmand_highway_integrity_brouting" v="2"/>
                    <type t="name" v=""/>
                    <type t="ref" v=""/>
                    <type t="name" v="Horahora Road"/>
                    <type t="route_bicycle_1" v=""/>
                    <type t="route_bicycle_1_name" v="Matamata Waikato River link TA"/>
                    <type t="route_bicycle_1_network" v="ncn"/>
                    <type t="route_bicycle_1_osmc_background" v="white_4"/>
                    <type t="route_bicycle_1_osmc_stub_name" v="."/>
                    <type t="route_bicycle_1_osmc_text" v="MWRTA"/>
                    <type t="route_bicycle_1_osmc_textcolor" v="black"/>
                    <type t="route_bicycle_1_relation_id" v="8323505"/>
                    <type t="direction" v=""/>
                    <type t="name" v="State Highway 1"/>
                    <type t="ref" v="SH 1"/>
                    <type t="road_name_1" v="State Highway 1 North"/>
                    <type t="road_name_2" v="State Highway 1 North"/>
                    <type t="road_name_3" v="Thermal Explorer Highway"/>
                    <type t="road_network_1" v="nz:sh"/>
                    <type t="road_network_2" v="nz:sh"/>
                    <type t="road_network_3" v="nz:touring:teh"/>
                    <type t="road_ref_1" v="1"/>
                    <type t="road_ref_2" v="1"/>
                    <type t="road_ref_3" v=""/>
                    <type t="road_ref_4" v="1"/>
                    <type t="route_road_1_name" v="State Highway 1 North"/>
                    <type t="route_road_1_ref" v="1"/>
                    <type t="route_road_2_name" v="State Highway 1 North"/>
                    <type t="route_road_2_ref" v="1"/>
                    <type t="route_road_3_name" v="Thermal Explorer Highway"/>
                    <type t="route_road_3_ref" v=""/>
                    <type t="route_road_4_ref" v="1"/>
                    <type t="road_name_2" v="Thermal Explorer Highway"/>
                    <type t="road_network_2" v="nz:touring:teh"/>
                    <type t="road_ref_2" v=""/>
                    <type t="road_ref_3" v="1"/>
                    <type t="route_road_2_name" v="Thermal Explorer Highway"/>
                    <type t="route_road_2_ref" v=""/>
                    <type t="route_road_3_ref" v="1"/>
                    <type t="name" v="Piarere Roundabout"/>
                    <type t="name" v="State Highway 29"/>
                    <type t="road_name_1" v="State Highway 29"/>
                    <type t="road_ref_1" v="29"/>
                    <type t="route_road_1_name" v="State Highway 29"/>
                    <type t="route_road_1_ref" v="29"/>
                    <type t="ref" v="SH 29"/>
                    <type t="road_name_2" v="State Highway 29"/>
                    <type t="road_ref_2" v="29"/>
                    <type t="road_ref_3" v="29"/>
                    <type t="route_road_2_name" v="State Highway 29"/>
                    <type t="route_road_2_ref" v="29"/>
                    <type t="route_road_3_ref" v="29"/>
                    <type t="destination:forward" v="Hamilton"/>
                    <type t="destination:ref:forward" v="SH 29"/>
                    <type t="destination:backward" v="Rotorua;Tauranga"/>
                    <type t="destination:ref:backward" v="SH 29"/>
                    <type t="destination:backward" v="Hamilton"/>
                    <type t="ref" v="SH 27;SH 29"/>
                    <type t="road_name_1" v="State Highway 27"/>
                    <type t="road_name_2" v="State Highway 27"/>
                    <type t="road_name_3" v="State Highway 29"/>
                    <type t="road_name_4" v="State Highway 29"/>
                    <type t="road_network_3" v="nz:sh"/>
                    <type t="road_network_4" v="nz:sh"/>
                    <type t="road_ref_1" v="27"/>
                    <type t="road_ref_2" v="27"/>
                    <type t="road_ref_4" v="29"/>
                    <type t="road_ref_5" v="27"/>
                    <type t="road_ref_6" v="29"/>
                    <type t="route_road_1_name" v="State Highway 27"/>
                    <type t="route_road_1_ref" v="27"/>
                    <type t="route_road_2_name" v="State Highway 27"/>
                    <type t="route_road_2_ref" v="27"/>
                    <type t="route_road_3_name" v="State Highway 29"/>
                    <type t="route_road_4_name" v="State Highway 29"/>
                    <type t="route_road_4_ref" v="29"/>
                    <type t="route_road_5_ref" v="27"/>
                    <type t="route_road_6_ref" v="29"/>
                    <type t="destination:forward" v="Rotorua;Tauranga"/>
                    <type t="destination:ref:to:forward" v="SH 27"/>
                    <type t="destination:forward" v="Tauranga"/>
                    <type t="destination:backward" v="Tauranga"/>
                    <type t="bridge:name" v="Ruahihi Bridge"/>
                    <type t="bridge:name" v="Ōmanawa River Bridge"/>
                    <type t="destination:backward" v="Tauranga;Mount Manganui"/>
                    <type t="name" v="Tauriko Roundabout"/>
                    <type t="road_ref_1" v=""/>
                    <type t="road_network_1" v=""/>
                    <type t="route_road_1_ref" v=""/>
                    <type t="route_road_1_name" v=""/>
                    <type t="road_name_1" v=""/>
                    <type t="destination" v="Greerton;Mount Maunganui"/>
                    <type t="name" v="State Highway 29A"/>
                    <type t="ref" v="SH 29A"/>
                    <type t="road_name_1" v="State Highway 29A"/>
                    <type t="road_ref_1" v="29A"/>
                    <type t="road_ref_2" v="29A"/>
                    <type t="route_road_1_name" v="State Highway 29A"/>
                    <type t="route_road_1_ref" v="29A"/>
                    <type t="route_road_2_ref" v="29A"/>
                    <type t="destination:ref" v="SH 29A"/>
                    <type t="road_name_2" v="State Highway 29A"/>
                    <type t="road_ref_3" v="29A"/>
                    <type t="route_road_2_name" v="State Highway 29A"/>
                    <type t="route_road_3_ref" v="29A"/>
                    <type t="name" v="Barkes Corner Roundabout"/>
                    <type t="destination" v="Mount Maunganui"/>
                    <type t="destination" v="City Centre;Mount Maunganui"/>
                    <type t="destination" v="City Centre;Maungatapu;Mt Maunganui"/>
                    <type t="destination:lanes" v="City Centre;Maungatapu;Mt Maunganui|Mt Maunganui"/>
                    <type t="destination" v="Maungatapu"/>
                    <type t="name" v="Taipari Street"/>
                    <type t="name" v="Te Hono Street"/>
                    <type t="name" v="Rotary Park Access"/>
                    <type t="name" v="Maungatapu Road"/>
                    <type t="bridge:name" v="Maungatapu Bridge"/>
                    <type t="name" v="Baypark Roundabout"/>
                    <type t="destination" v="Rotorua;Whakatane"/>
                    <type t="name" v="State Highway 2"/>
                    <type t="ref" v="SH 2"/>
                    <type t="road_name_1" v="Pacific Coast Highway"/>
                    <type t="road_name_2" v="State Highway 2"/>
                    <type t="road_name_3" v="Tauranga Eastern Link"/>
                    <type t="road_network_1" v="nz:touring:pch"/>
                    <type t="road_ref_2" v="2"/>
                    <type t="road_ref_3" v="TEL"/>
                    <type t="road_ref_4" v="2"/>
                    <type t="route_road_1_name" v="Pacific Coast Highway"/>
                    <type t="route_road_2_name" v="State Highway 2"/>
                    <type t="route_road_2_ref" v="2"/>
                    <type t="route_road_3_name" v="Tauranga Eastern Link"/>
                    <type t="route_road_3_ref" v="TEL"/>
                    <type t="route_road_4_ref" v="2"/>
                    <type t="name" v="Tauranga Eastern Link"/>
                    <type t="name" v="Paengaroa Roundabout"/>
                    <type t="road_ref_3" v="2"/>
                    <type t="route_road_3_ref" v="2"/>
                    <type t="destination" v="Whakatane"/>
                    <type t="destination:ref" v="SH 2"/>
                    <type t="road_name_3" v="State Highway 2"/>
                    <type t="route_road_3_name" v="State Highway 2"/>
                    <type t="name" v="Arawa Street"/>
                    <type t="ref" v="029-0061"/>
                    <type t="ref" v="29A-0008-D"/>
                    <type t="name" v="Sandhurst Drive"/>
                    <type t="name" v="Bruce Road"/>
                    <type t="name" v="Domain Road"/>
                    <type t="name" v="Wairākei"/>
                    <type t="name" v="Tauranga Eastern Link Toll"/>
                    <type t="name" v="Rangiuru Business Park"/>
                </osmand:types>
            </extensions>
        </trkseg>
    </trk>
    <extensions>
        <osmand:show_arrows>false</osmand:show_arrows>
        <osmand:show_start_finish>false</osmand:show_start_finish>
        <osmand:vertical_exaggeration_scale>1.0</osmand:vertical_exaggeration_scale>
        <osmand:elevation_meters>1000.0</osmand:elevation_meters>
        <osmand:line_3d_visualization_by_type>none</osmand:line_3d_visualization_by_type>
        <osmand:line_3d_visualization_wall_color_type>upward_gradient</osmand:line_3d_visualization_wall_color_type>
        <osmand:line_3d_visualization_position_type>top</osmand:line_3d_visualization_position_type>
        <osmand:color>#32C759</osmand:color>
        <osmand:split_interval>0.0</osmand:split_interval>
        <osmand:split_type>no_split</osmand:split_type>
        <osmand:is_join_segments>false</osmand:is_join_segments>
        <osmand:points_groups>
            <group name="" color="#237BFF" icon="tourism_camp_site" background="square"/>
        </osmand:points_groups>
    </extensions>
</gpx>
