<?xml version="1.0" encoding="UTF-8" standalone="yes"?>
<gpx version="1.1" creator="OsmAnd Maps 5.3.3 (5380)" xmlns="http://www.topografix.com/GPX/1/1" xmlns:osmand="https://osmand.net/docs/technical/osmand-file-formats/osmand-gpx" xmlns:gpxtpx="https://www8.garmin.com/xmlschemas/TrackPointExtensionv1.xsd" xmlns:xsi="http://www.w3.org/2001/XMLSchema-instance" xsi:schemaLocation="http://www.topografix.com/GPX/1/1 https://www.topografix.com/GPX/1/1/gpx.xsd">
    <metadata>
        <name>2026-06-22 • Wairarapa - Wellington</name>
        <time>2026-06-21T06:16:23Z</time>
    </metadata>
    <wpt lat="-40.7253196" lon="175.6391251">
        <time>2026-06-21T03:56:34Z</time>
        <name>Pūkaha / Mount Bruce National Wildlife Centre Reserve</name>
        <extensions>
            <osmand:color>#EECC22</osmand:color>
            <osmand:background>circle</osmand:background>
            <osmand:address>Te Arapiki o Tawhaki, Palmerston North</osmand:address>
            <osmand:icon>special_star</osmand:icon>
        </extensions>
    </wpt>
    <wpt lat="-40.9032595" lon="176.2269098">
        <time>2026-06-21T06:16:23Z</time>
        <name>Castlepoint Freedom Camping</name>
        <extensions>
            <osmand:color>#237BFF</osmand:color>
            <osmand:background>square</osmand:background>
            <osmand:address>Jetty Road, Castlepoint</osmand:address>
            <osmand:icon>tourism_camp_site</osmand:icon>
        </extensions>
    </wpt>
    <wpt lat="-41.3118997" lon="174.7963107">
        <time>2026-06-22T21:12:25Z</time>
        <name>Freedom camping Evans Bay Marina (SC only)</name>
        <extensions>
            <osmand:color>#237BFF</osmand:color>
            <osmand:background>square</osmand:background>
            <osmand:address>Evans Bay Parade, Kilbirnie</osmand:address>
            <osmand:icon>tourism_camp_site</osmand:icon>
        </extensions>
    </wpt>
    <wpt lat="-41.0572688" lon="175.1941681">
        <time>2026-06-22T21:15:25Z</time>
        <name>Rivendell Film Set</name>
        <extensions>
            <osmand:color>#EECC22</osmand:color>
            <osmand:background>circle</osmand:background>
            <osmand:address>Swingbridge, Upper Hutt</osmand:address>
            <osmand:icon>special_star</osmand:icon>
        </extensions>
    </wpt>
    <wpt lat="-41.0109407" lon="175.545913">
        <time>2026-06-22T22:26:12Z</time>
        <name>Clareville Bakery</name>
        <extensions>
            <osmand:color>#EECC22</osmand:color>
            <osmand:background>circle</osmand:background>
            <osmand:address>State Highway 2</osmand:address>
            <osmand:icon>special_star</osmand:icon>
        </extensions>
    </wpt>
    <rte>
        <rtept lat="-40.8080898" lon="175.542522">
            <extensions>
                <osmand:profile>car</osmand:profile>
                <osmand:trkpt_idx>0</osmand:trkpt_idx>
                <osmand:color>#00000000</osmand:color>
            </extensions>
        </rtept>
        <rtept lat="-40.9032724" lon="176.2269022">
            <extensions>
                <osmand:profile>car</osmand:profile>
                <osmand:trkpt_idx>1521</osmand:trkpt_idx>
                <osmand:color>#00000000</osmand:color>
            </extensions>
        </rtept>
        <rtept lat="-41.3119014" lon="174.7962991">
            <extensions>
                <osmand:profile>car</osmand:profile>
                <osmand:trkpt_idx>5672</osmand:trkpt_idx>
                <osmand:color>#00000000</osmand:color>
            </extensions>
        </rtept>
    </rte>
    <trk>
        <name>2026-06-22 • Wairarapa - Wellington</name>
        <trkseg>
            <trkpt lat="-40.8080898" lon="175.542522">
                <ele>320</ele>
            </trkpt>
            <trkpt lat="-40.8086224" lon="175.5456501">
                <ele>320</ele>
            </trkpt>
            <trkpt lat="-40.8083991" lon="175.5469644">
                <ele>316.2</ele>
            </trkpt>
            <trkpt lat="-40.8083179" lon="175.5473185">
                <ele>315.8</ele>
            </trkpt>
            <trkpt lat="-40.808326" lon="175.5478737">
                <ele>315</ele>
            </trkpt>
            <trkpt lat="-40.8083889" lon="175.5483484">
                <ele>315.8</ele>
            </trkpt>
            <trkpt lat="-40.8083158" lon="175.5485442">
                <ele>314.5</ele>
            </trkpt>
            <trkpt lat="-40.8080418" lon="175.5491987">
                <ele>316</ele>
            </trkpt>
            <trkpt lat="-40.8078327" lon="175.5494186">
                <ele>314.5</ele>
            </trkpt>
            <trkpt lat="-40.8073271" lon="175.5496413">
                <ele>306.5</ele>
            </trkpt>
            <trkpt lat="-40.8070754" lon="175.5499068">
                <ele>304.8</ele>
            </trkpt>
            <trkpt lat="-40.8070713" lon="175.5499417">
                <ele>305</ele>
            </trkpt>
            <trkpt lat="-40.8067627" lon="175.5506417">
                <ele>304.2</ele>
            </trkpt>
            <trkpt lat="-40.8066084" lon="175.5514732">
                <ele>304.8</ele>
            </trkpt>
            <trkpt lat="-40.8066003" lon="175.5517548">
                <ele>304.5</ele>
            </trkpt>
            <trkpt lat="-40.8066775" lon="175.5519506">
                <ele>305.5</ele>
            </trkpt>
            <trkpt lat="-40.8070348" lon="175.5522913">
                <ele>311.5</ele>
            </trkpt>
            <trkpt lat="-40.8071688" lon="175.5526292">
                <ele>310.5</ele>
            </trkpt>
            <trkpt lat="-40.8074246" lon="175.553222">
                <ele>305.8</ele>
            </trkpt>
            <trkpt lat="-40.8076865" lon="175.5535412">
                <ele>306.2</ele>
            </trkpt>
            <trkpt lat="-40.807788" lon="175.553804">
                <ele>304.2</ele>
            </trkpt>
            <trkpt lat="-40.8080986" lon="175.5548447">
                <ele>304.8</ele>
            </trkpt>
            <trkpt lat="-40.808127" lon="175.5554187">
                <ele>304.2</ele>
            </trkpt>
            <trkpt lat="-40.8081656" lon="175.5557916">
                <ele>303.8</ele>
            </trkpt>
            <trkpt lat="-40.8082773" lon="175.5564138">
                <ele>305</ele>
            </trkpt>
            <trkpt lat="-40.8081961" lon="175.5567893">
                <ele>302.2</ele>
            </trkpt>
            <trkpt lat="-40.8079545" lon="175.5574438">
                <ele>298</ele>
            </trkpt>
            <trkpt lat="-40.8079139" lon="175.5579507">
                <ele>297.2</ele>
            </trkpt>
            <trkpt lat="-40.8079118" lon="175.5583182">
                <ele>297.1</ele>
            </trkpt>
            <trkpt lat="-40.8079321" lon="175.5584604">
                <ele>297</ele>
            </trkpt>
            <trkpt lat="-40.8080438" lon="175.5592999">
                <ele>296.2</ele>
            </trkpt>
            <trkpt lat="-40.8072419" lon="175.5603433">
                <ele>294.2</ele>
            </trkpt>
            <trkpt lat="-40.8069373" lon="175.5605981">
                <ele>293.8</ele>
            </trkpt>
            <trkpt lat="-40.8066856" lon="175.5608824">
                <ele>293</ele>
            </trkpt>
            <trkpt lat="-40.8064887" lon="175.5612043">
                <ele>292.8</ele>
            </trkpt>
            <trkpt lat="-40.8064481" lon="175.5616173">
                <ele>295.2</ele>
            </trkpt>
            <trkpt lat="-40.8063851" lon="175.5621645">
                <ele>299.2</ele>
            </trkpt>
            <trkpt lat="-40.8063628" lon="175.56243">
                <ele>301.5</ele>
            </trkpt>
            <trkpt lat="-40.8061801" lon="175.5635834">
                <ele>302</ele>
            </trkpt>
            <trkpt lat="-40.8061719" lon="175.5637899">
                <ele>301.8</ele>
            </trkpt>
            <trkpt lat="-40.8061456" lon="175.5639803">
                <ele>301</ele>
            </trkpt>
            <trkpt lat="-40.8060298" lon="175.5642217">
                <ele>298.8</ele>
            </trkpt>
            <trkpt lat="-40.8058227" lon="175.5644417">
                <ele>295.8</ele>
            </trkpt>
            <trkpt lat="-40.8057253" lon="175.5648413">
                <ele>295.5</ele>
            </trkpt>
            <trkpt lat="-40.8057334" lon="175.5655682">
                <ele>294.2</ele>
            </trkpt>
            <trkpt lat="-40.8058227" lon="175.5659035">
                <ele>293.2</ele>
            </trkpt>
            <trkpt lat="-40.8059628" lon="175.5662709">
                <ele>292.5</ele>
            </trkpt>
            <trkpt lat="-40.806107" lon="175.5666009">
                <ele>291</ele>
            </trkpt>
            <trkpt lat="-40.8062511" lon="175.56703">
                <ele>289.2</ele>
            </trkpt>
            <trkpt lat="-40.8064318" lon="175.5672848">
                <ele>289</ele>
            </trkpt>
            <trkpt lat="-40.8065475" lon="175.5675477">
                <ele>289.4</ele>
            </trkpt>
            <trkpt lat="-40.8067932" lon="175.5678695">
                <ele>290</ele>
            </trkpt>
            <trkpt lat="-40.8070043" lon="175.568288">
                <ele>288.5</ele>
            </trkpt>
            <trkpt lat="-40.8070531" lon="175.5685052">
                <ele>287</ele>
            </trkpt>
            <trkpt lat="-40.8070855" lon="175.5687279">
                <ele>284.8</ele>
            </trkpt>
            <trkpt lat="-40.8071505" lon="175.5688915">
                <ele>284</ele>
            </trkpt>
            <trkpt lat="-40.8079179" lon="175.5699509">
                <ele>288.2</ele>
            </trkpt>
            <trkpt lat="-40.8080945" lon="175.5702138">
                <ele>289.5</ele>
            </trkpt>
            <trkpt lat="-40.8080905" lon="175.5703586">
                <ele>287.8</ele>
            </trkpt>
            <trkpt lat="-40.8080194" lon="175.5705678">
                <ele>284</ele>
            </trkpt>
            <trkpt lat="-40.8080499" lon="175.5708119">
                <ele>282.2</ele>
            </trkpt>
            <trkpt lat="-40.8081818" lon="175.57152">
                <ele>277.2</ele>
            </trkpt>
            <trkpt lat="-40.8083605" lon="175.5718392">
                <ele>277.5</ele>
            </trkpt>
            <trkpt lat="-40.8087178" lon="175.5721289">
                <ele>278.2</ele>
            </trkpt>
            <trkpt lat="-40.8099136" lon="175.5737275">
                <ele>271.5</ele>
            </trkpt>
            <trkpt lat="-40.8099684" lon="175.5738321">
                <ele>271</ele>
            </trkpt>
            <trkpt lat="-40.8100029" lon="175.5739287">
                <ele>270.2</ele>
            </trkpt>
            <trkpt lat="-40.8100435" lon="175.5740735">
                <ele>269.5</ele>
            </trkpt>
            <trkpt lat="-40.810078" lon="175.5742076">
                <ele>269</ele>
            </trkpt>
            <trkpt lat="-40.8102587" lon="175.5751652">
                <ele>267.5</ele>
            </trkpt>
            <trkpt lat="-40.8103663" lon="175.5757311">
                <ele>265.5</ele>
            </trkpt>
            <trkpt lat="-40.8103521" lon="175.5761978">
                <ele>264.8</ele>
            </trkpt>
            <trkpt lat="-40.810348" lon="175.5762219">
                <ele>264.7</ele>
            </trkpt>
            <trkpt lat="-40.8103033" lon="175.5766162">
                <ele>264.5</ele>
            </trkpt>
            <trkpt lat="-40.8102932" lon="175.5768898">
                <ele>264.1</ele>
            </trkpt>
            <trkpt lat="-40.8103318" lon="175.5771017">
                <ele>263.8</ele>
            </trkpt>
            <trkpt lat="-40.8103987" lon="175.5773512">
                <ele>263.5</ele>
            </trkpt>
            <trkpt lat="-40.8105652" lon="175.5782175">
                <ele>262.5</ele>
            </trkpt>
            <trkpt lat="-40.810616" lon="175.5783677">
                <ele>262.8</ele>
            </trkpt>
            <trkpt lat="-40.8106931" lon="175.578526">
                <ele>263.2</ele>
            </trkpt>
            <trkpt lat="-40.810823" lon="175.5786842">
                <ele>263.2</ele>
            </trkpt>
            <trkpt lat="-40.8108779" lon="175.5787432">
                <ele>266</ele>
            </trkpt>
            <trkpt lat="-40.811022" lon="175.5789229">
                <ele>267.8</ele>
            </trkpt>
            <trkpt lat="-40.8110788" lon="175.5790624">
                <ele>269.5</ele>
            </trkpt>
            <trkpt lat="-40.8111073" lon="175.5792716">
                <ele>270.8</ele>
            </trkpt>
            <trkpt lat="-40.8110788" lon="175.5798161">
                <ele>274.2</ele>
            </trkpt>
            <trkpt lat="-40.8109144" lon="175.5804706">
                <ele>271.2</ele>
            </trkpt>
            <trkpt lat="-40.8108515" lon="175.5806985">
                <ele>269.5</ele>
            </trkpt>
            <trkpt lat="-40.8108758" lon="175.5808997">
                <ele>270</ele>
            </trkpt>
            <trkpt lat="-40.810955" lon="175.5811197">
                <ele>270.5</ele>
            </trkpt>
            <trkpt lat="-40.8111722" lon="175.5815649">
                <ele>273.5</ele>
            </trkpt>
            <trkpt lat="-40.8113082" lon="175.5819055">
                <ele>274.5</ele>
            </trkpt>
            <trkpt lat="-40.8113732" lon="175.5822301">
                <ele>273</ele>
            </trkpt>
            <trkpt lat="-40.811361" lon="175.5825064">
                <ele>270.2</ele>
            </trkpt>
            <trkpt lat="-40.8113407" lon="175.5830348">
                <ele>266.2</ele>
            </trkpt>
            <trkpt lat="-40.8113854" lon="175.583311">
                <ele>265.5</ele>
            </trkpt>
            <trkpt lat="-40.811493" lon="175.5835873">
                <ele>266.2</ele>
            </trkpt>
            <trkpt lat="-40.8118015" lon="175.5839896">
                <ele>268.5</ele>
            </trkpt>
            <trkpt lat="-40.8118969" lon="175.5842257">
                <ele>268.2</ele>
            </trkpt>
            <trkpt lat="-40.8121812" lon="175.5849203">
                <ele>265.2</ele>
            </trkpt>
            <trkpt lat="-40.8123517" lon="175.5852288">
                <ele>264.2</ele>
            </trkpt>
            <trkpt lat="-40.8125303" lon="175.5855533">
                <ele>262.5</ele>
            </trkpt>
            <trkpt lat="-40.8127049" lon="175.5857733">
                <ele>263.1</ele>
            </trkpt>
            <trkpt lat="-40.8129384" lon="175.5859798">
                <ele>263.8</ele>
            </trkpt>
            <trkpt lat="-40.8130602" lon="175.5861703">
                <ele>262.8</ele>
            </trkpt>
            <trkpt lat="-40.8130987" lon="175.5863687">
                <ele>260.5</ele>
            </trkpt>
            <trkpt lat="-40.8130886" lon="175.5864197">
                <ele>259.8</ele>
            </trkpt>
            <trkpt lat="-40.813052" lon="175.5866235">
                <ele>257.8</ele>
            </trkpt>
            <trkpt lat="-40.8118563" lon="175.5894721">
                <ele>249.2</ele>
            </trkpt>
            <trkpt lat="-40.8118401" lon="175.5897832">
                <ele>249.1</ele>
            </trkpt>
            <trkpt lat="-40.8118097" lon="175.5906469">
                <ele>248.5</ele>
            </trkpt>
            <trkpt lat="-40.8117975" lon="175.5907461">
                <ele>248.2</ele>
            </trkpt>
            <trkpt lat="-40.8117488" lon="175.5911484">
                <ele>248.3</ele>
            </trkpt>
            <trkpt lat="-40.8116148" lon="175.5918297">
                <ele>248.5</ele>
            </trkpt>
            <trkpt lat="-40.8115803" lon="175.5919343">
                <ele>249</ele>
            </trkpt>
            <trkpt lat="-40.8113894" lon="175.5925083">
                <ele>252.2</ele>
            </trkpt>
            <trkpt lat="-40.809469" lon="175.5960515">
                <ele>264.2</ele>
            </trkpt>
            <trkpt lat="-40.8088721" lon="175.5985004">
                <ele>265.2</ele>
            </trkpt>
            <trkpt lat="-40.8087401" lon="175.5987713">
                <ele>264</ele>
            </trkpt>
            <trkpt lat="-40.8081595" lon="175.599584">
                <ele>259</ele>
            </trkpt>
            <trkpt lat="-40.8081209" lon="175.5996966">
                <ele>259.1</ele>
            </trkpt>
            <trkpt lat="-40.8080742" lon="175.5999917">
                <ele>259.2</ele>
            </trkpt>
            <trkpt lat="-40.8080154" lon="175.6027678">
                <ele>254.5</ele>
            </trkpt>
            <trkpt lat="-40.8080742" lon="175.6029743">
                <ele>254</ele>
            </trkpt>
            <trkpt lat="-40.808192" lon="175.6031862">
                <ele>254.5</ele>
            </trkpt>
            <trkpt lat="-40.8084884" lon="175.6035483">
                <ele>256.8</ele>
            </trkpt>
            <trkpt lat="-40.8086346" lon="175.6039184">
                <ele>254.2</ele>
            </trkpt>
            <trkpt lat="-40.8088132" lon="175.6050771">
                <ele>248.5</ele>
            </trkpt>
            <trkpt lat="-40.8093065" lon="175.6077915">
                <ele>243</ele>
            </trkpt>
            <trkpt lat="-40.8098141" lon="175.6095967">
                <ele>242.2</ele>
            </trkpt>
            <trkpt lat="-40.8101775" lon="175.6105945">
                <ele>242.5</ele>
            </trkpt>
            <trkpt lat="-40.8102201" lon="175.6107393">
                <ele>243</ele>
            </trkpt>
            <trkpt lat="-40.8102526" lon="175.6108573">
                <ele>243.2</ele>
            </trkpt>
            <trkpt lat="-40.8102709" lon="175.610978">
                <ele>243.2</ele>
            </trkpt>
            <trkpt lat="-40.8103074" lon="175.6112704">
                <ele>245</ele>
            </trkpt>
            <trkpt lat="-40.8103703" lon="175.611611">
                <ele>247</ele>
            </trkpt>
            <trkpt lat="-40.8104069" lon="175.6117934">
                <ele>248</ele>
            </trkpt>
            <trkpt lat="-40.8104536" lon="175.6119356">
                <ele>248.5</ele>
            </trkpt>
            <trkpt lat="-40.8105307" lon="175.6120884">
                <ele>248.4</ele>
            </trkpt>
            <trkpt lat="-40.8108921" lon="175.6125095">
                <ele>248.2</ele>
            </trkpt>
            <trkpt lat="-40.810953" lon="175.612708">
                <ele>248.5</ele>
            </trkpt>
            <trkpt lat="-40.8109124" lon="175.6129333">
                <ele>249.8</ele>
            </trkpt>
            <trkpt lat="-40.8107926" lon="175.613046">
                <ele>250.5</ele>
            </trkpt>
            <trkpt lat="-40.8092253" lon="175.6137782">
                <ele>257</ele>
            </trkpt>
            <trkpt lat="-40.809132" lon="175.6139794">
                <ele>256.8</ele>
            </trkpt>
            <trkpt lat="-40.8091015" lon="175.6142664">
                <ele>255</ele>
            </trkpt>
            <trkpt lat="-40.8091157" lon="175.61616">
                <ele>252.2</ele>
            </trkpt>
            <trkpt lat="-40.8091238" lon="175.6171203">
                <ele>250.2</ele>
            </trkpt>
            <trkpt lat="-40.8091644" lon="175.6203631">
                <ele>247.2</ele>
            </trkpt>
            <trkpt lat="-40.8098222" lon="175.6206608">
                <ele>246</ele>
            </trkpt>
            <trkpt lat="-40.811022" lon="175.6212696">
                <ele>245.2</ele>
            </trkpt>
            <trkpt lat="-40.8114747" lon="175.6215754">
                <ele>244.5</ele>
            </trkpt>
            <trkpt lat="-40.8123436" lon="175.6223693">
                <ele>244.2</ele>
            </trkpt>
            <trkpt lat="-40.8126602" lon="175.6226349">
                <ele>243.2</ele>
            </trkpt>
            <trkpt lat="-40.8128856" lon="175.6227529">
                <ele>242.2</ele>
            </trkpt>
            <trkpt lat="-40.8131312" lon="175.6228387">
                <ele>241</ele>
            </trkpt>
            <trkpt lat="-40.8138904" lon="175.6229702">
                <ele>238.8</ele>
            </trkpt>
            <trkpt lat="-40.8237189" lon="175.624719">
                <ele>221.5</ele>
            </trkpt>
            <trkpt lat="-40.8244659" lon="175.6248853">
                <ele>222</ele>
            </trkpt>
            <trkpt lat="-40.8261139" lon="175.6254566">
                <ele>221.8</ele>
            </trkpt>
            <trkpt lat="-40.8267857" lon="175.6256899">
                <ele>221</ele>
            </trkpt>
            <trkpt lat="-40.8408047" lon="175.6309658">
                <ele>202.8</ele>
            </trkpt>
            <trkpt lat="-40.8429252" lon="175.6316176">
                <ele>199.8</ele>
            </trkpt>
            <trkpt lat="-40.8430895" lon="175.631682">
                <ele>199.5</ele>
            </trkpt>
            <trkpt lat="-40.843333" lon="175.6318">
                <ele>199</ele>
            </trkpt>
            <trkpt lat="-40.843751" lon="175.6320521">
                <ele>195.8</ele>
            </trkpt>
            <trkpt lat="-40.8454432" lon="175.6330231">
                <ele>190.8</ele>
            </trkpt>
            <trkpt lat="-40.8489371" lon="175.6350321">
                <ele>185.8</ele>
            </trkpt>
            <trkpt lat="-40.8589491" lon="175.64078">
                <ele>179.8</ele>
            </trkpt>
            <trkpt lat="-40.8596652" lon="175.6412038">
                <ele>179.2</ele>
            </trkpt>
            <trkpt lat="-40.8606166" lon="175.6417671">
                <ele>178.8</ele>
            </trkpt>
            <trkpt lat="-40.8657264" lon="175.6447202">
                <ele>174.8</ele>
            </trkpt>
            <trkpt lat="-40.8666391" lon="175.6451762">
                <ele>175</ele>
            </trkpt>
            <trkpt lat="-40.8693145" lon="175.647338">
                <ele>175.8</ele>
            </trkpt>
            <trkpt lat="-40.8702719" lon="175.6480703">
                <ele>175.2</ele>
            </trkpt>
            <trkpt lat="-40.8704706" lon="175.6482312">
                <ele>175.1</ele>
            </trkpt>
            <trkpt lat="-40.8706511" lon="175.6483921">
                <ele>175</ele>
            </trkpt>
            <trkpt lat="-40.8811222" lon="175.6575412">
                <ele>169.2</ele>
            </trkpt>
            <trkpt lat="-40.8813392" lon="175.6577316">
                <ele>167</ele>
            </trkpt>
            <trkpt lat="-40.8815582" lon="175.6578925">
                <ele>165.8</ele>
            </trkpt>
            <trkpt lat="-40.8817813" lon="175.6580266">
                <ele>164.2</ele>
            </trkpt>
            <trkpt lat="-40.881976" lon="175.6580937">
                <ele>163.2</ele>
            </trkpt>
            <trkpt lat="-40.8827709" lon="175.6583083">
                <ele>161.5</ele>
            </trkpt>
            <trkpt lat="-40.8829473" lon="175.6583807">
                <ele>161</ele>
            </trkpt>
            <trkpt lat="-40.8912854" lon="175.6608">
                <ele>151</ele>
            </trkpt>
            <trkpt lat="-40.891547" lon="175.6608832">
                <ele>151.8</ele>
            </trkpt>
            <trkpt lat="-40.8930292" lon="175.6613204">
                <ele>151</ele>
            </trkpt>
            <trkpt lat="-40.8936597" lon="175.6615108">
                <ele>150.8</ele>
            </trkpt>
            <trkpt lat="-40.8940227" lon="175.6616235">
                <ele>150.5</ele>
            </trkpt>
            <trkpt lat="-40.8943856" lon="175.6617603">
                <ele>149.5</ele>
            </trkpt>
            <trkpt lat="-40.8946107" lon="175.6618783">
                <ele>149.8</ele>
            </trkpt>
            <trkpt lat="-40.8948094" lon="175.6620178">
                <ele>149.8</ele>
            </trkpt>
            <trkpt lat="-40.8952818" lon="175.6624255">
                <ele>150</ele>
            </trkpt>
            <trkpt lat="-40.8954947" lon="175.6625757">
                <ele>149.5</ele>
            </trkpt>
            <trkpt lat="-40.8956487" lon="175.6626642">
                <ele>149</ele>
            </trkpt>
            <trkpt lat="-40.8958272" lon="175.6627393">
                <ele>148.9</ele>
            </trkpt>
            <trkpt lat="-40.8960765" lon="175.6627956">
                <ele>148.8</ele>
            </trkpt>
            <trkpt lat="-40.8963036" lon="175.6628385">
                <ele>148.8</ele>
            </trkpt>
            <trkpt lat="-40.8967253" lon="175.6628788">
                <ele>148.5</ele>
            </trkpt>
            <trkpt lat="-40.8975444" lon="175.6629512">
                <ele>147.2</ele>
            </trkpt>
            <trkpt lat="-40.8982804" lon="175.6630182">
                <ele>147</ele>
            </trkpt>
            <trkpt lat="-40.8984669" lon="175.6630424">
                <ele>146.9</ele>
            </trkpt>
            <trkpt lat="-40.8986879" lon="175.6630826">
                <ele>146.7</ele>
            </trkpt>
            <trkpt lat="-40.898992" lon="175.6631497">
                <ele>146.5</ele>
            </trkpt>
            <trkpt lat="-40.8999631" lon="175.6634393">
                <ele>146</ele>
            </trkpt>
            <trkpt lat="-40.9016093" lon="175.6639355">
                <ele>145.4</ele>
            </trkpt>
            <trkpt lat="-40.9016458" lon="175.6639463">
                <ele>145.4</ele>
            </trkpt>
            <trkpt lat="-40.9029412" lon="175.6643406">
                <ele>145</ele>
            </trkpt>
            <trkpt lat="-40.9031095" lon="175.6643915">
                <ele>144.9</ele>
            </trkpt>
            <trkpt lat="-40.9043299" lon="175.6647617">
                <ele>144</ele>
            </trkpt>
            <trkpt lat="-40.9065821" lon="175.6654429">
                <ele>143</ele>
            </trkpt>
            <trkpt lat="-40.9095478" lon="175.6663442">
                <ele>141</ele>
            </trkpt>
            <trkpt lat="-40.9097363" lon="175.6664005">
                <ele>140.9</ele>
            </trkpt>
            <trkpt lat="-40.9098052" lon="175.6664219">
                <ele>140.8</ele>
            </trkpt>
            <trkpt lat="-40.914522" lon="175.6678462">
                <ele>138</ele>
            </trkpt>
            <trkpt lat="-40.9152233" lon="175.6680581">
                <ele>139</ele>
            </trkpt>
            <trkpt lat="-40.9193702" lon="175.6693107">
                <ele>137</ele>
            </trkpt>
            <trkpt lat="-40.9202153" lon="175.6695655">
                <ele>137.8</ele>
            </trkpt>
            <trkpt lat="-40.9219157" lon="175.6700805">
                <ele>137</ele>
            </trkpt>
            <trkpt lat="-40.9237316" lon="175.6706277">
                <ele>138</ele>
            </trkpt>
            <trkpt lat="-40.9242687" lon="175.6707913">
                <ele>139</ele>
            </trkpt>
            <trkpt lat="-40.9252597" lon="175.6710944">
                <ele>138</ele>
            </trkpt>
            <trkpt lat="-40.92757" lon="175.6717971">
                <ele>137</ele>
            </trkpt>
            <trkpt lat="-40.9280624" lon="175.6719393">
                <ele>137.7</ele>
            </trkpt>
            <trkpt lat="-40.9288527" lon="175.672186">
                <ele>138.7</ele>
            </trkpt>
            <trkpt lat="-40.9290452" lon="175.672237">
                <ele>139</ele>
            </trkpt>
            <trkpt lat="-40.9292134" lon="175.6722584">
                <ele>139.2</ele>
            </trkpt>
            <trkpt lat="-40.9293816" lon="175.6722665">
                <ele>139.4</ele>
            </trkpt>
            <trkpt lat="-40.9295579" lon="175.6722477">
                <ele>139.7</ele>
            </trkpt>
            <trkpt lat="-40.9297241" lon="175.6722209">
                <ele>139.9</ele>
            </trkpt>
            <trkpt lat="-40.9313108" lon="175.6719178">
                <ele>142</ele>
            </trkpt>
            <trkpt lat="-40.9313554" lon="175.6719097">
                <ele>141.9</ele>
            </trkpt>
            <trkpt lat="-40.9317971" lon="175.6718239">
                <ele>141.2</ele>
            </trkpt>
            <trkpt lat="-40.9333169" lon="175.6715316">
                <ele>138.8</ele>
            </trkpt>
            <trkpt lat="-40.9345469" lon="175.6712419">
                <ele>136.5</ele>
            </trkpt>
            <trkpt lat="-40.9361476" lon="175.6710005">
                <ele>134</ele>
            </trkpt>
            <trkpt lat="-40.9365914" lon="175.6709012">
                <ele>132.8</ele>
            </trkpt>
            <trkpt lat="-40.9380036" lon="175.6706303">
                <ele>128.8</ele>
            </trkpt>
            <trkpt lat="-40.9392376" lon="175.6703943">
                <ele>124.5</ele>
            </trkpt>
            <trkpt lat="-40.9393166" lon="175.6703702">
                <ele>124.2</ele>
            </trkpt>
            <trkpt lat="-40.9394199" lon="175.6703487">
                <ele>124</ele>
            </trkpt>
            <trkpt lat="-40.9394949" lon="175.6703433">
                <ele>124</ele>
            </trkpt>
            <trkpt lat="-40.9395597" lon="175.6703407">
                <ele>123.9</ele>
            </trkpt>
            <trkpt lat="-40.9396671" lon="175.6703246">
                <ele>123.8</ele>
            </trkpt>
            <trkpt lat="-40.9397441" lon="175.6703004">
                <ele>123.6</ele>
            </trkpt>
            <trkpt lat="-40.939811" lon="175.670287">
                <ele>123.5</ele>
            </trkpt>
            <trkpt lat="-40.9417459" lon="175.6699249">
                <ele>119.8</ele>
            </trkpt>
            <trkpt lat="-40.9418938" lon="175.6698981">
                <ele>119.7</ele>
            </trkpt>
            <trkpt lat="-40.941987" lon="175.6698686">
                <ele>119.7</ele>
            </trkpt>
            <trkpt lat="-40.9425604" lon="175.6697613">
                <ele>119.5</ele>
            </trkpt>
            <trkpt lat="-40.9427326" lon="175.6697264">
                <ele>119.2</ele>
            </trkpt>
            <trkpt lat="-40.9434863" lon="175.669587">
                <ele>118.6</ele>
            </trkpt>
            <trkpt lat="-40.9438246" lon="175.6695172">
                <ele>118.2</ele>
            </trkpt>
            <trkpt lat="-40.9441002" lon="175.6694663">
                <ele>119</ele>
            </trkpt>
            <trkpt lat="-40.9447363" lon="175.6693348">
                <ele>116</ele>
            </trkpt>
            <trkpt lat="-40.9449065" lon="175.6693">
                <ele>116</ele>
            </trkpt>
            <trkpt lat="-40.9449288" lon="175.6693751">
                <ele>116</ele>
            </trkpt>
            <trkpt lat="-40.9450463" lon="175.6697935">
                <ele>116</ele>
            </trkpt>
            <trkpt lat="-40.9454292" lon="175.6711185">
                <ele>116</ele>
            </trkpt>
            <trkpt lat="-40.9455265" lon="175.6714672">
                <ele>115.5</ele>
            </trkpt>
            <trkpt lat="-40.9459235" lon="175.6729129">
                <ele>116</ele>
            </trkpt>
            <trkpt lat="-40.9459053" lon="175.6729209">
                <ele>116</ele>
            </trkpt>
            <trkpt lat="-40.9458891" lon="175.6729344">
                <ele>116</ele>
            </trkpt>
            <trkpt lat="-40.945877" lon="175.6729504">
                <ele>116</ele>
            </trkpt>
            <trkpt lat="-40.9458668" lon="175.6729746">
                <ele>116</ele>
            </trkpt>
            <trkpt lat="-40.9458628" lon="175.6729987">
                <ele>116</ele>
            </trkpt>
            <trkpt lat="-40.9458628" lon="175.6730229">
                <ele>116</ele>
            </trkpt>
            <trkpt lat="-40.9458688" lon="175.6730497">
                <ele>116</ele>
            </trkpt>
            <trkpt lat="-40.945881" lon="175.6730738">
                <ele>116</ele>
            </trkpt>
            <trkpt lat="-40.9458972" lon="175.6730899">
                <ele>116</ele>
            </trkpt>
            <trkpt lat="-40.9459175" lon="175.6731007">
                <ele>116</ele>
            </trkpt>
            <trkpt lat="-40.9459398" lon="175.6731033">
                <ele>116</ele>
            </trkpt>
            <trkpt lat="-40.94596" lon="175.673098">
                <ele>116</ele>
            </trkpt>
            <trkpt lat="-40.9459783" lon="175.6730846">
                <ele>116</ele>
            </trkpt>
            <trkpt lat="-40.9459843" lon="175.6731114">
                <ele>116</ele>
            </trkpt>
            <trkpt lat="-40.9462214" lon="175.6739938">
                <ele>115</ele>
            </trkpt>
            <trkpt lat="-40.9462457" lon="175.6740797">
                <ele>114.8</ele>
            </trkpt>
            <trkpt lat="-40.9465253" lon="175.6750882">
                <ele>113</ele>
            </trkpt>
            <trkpt lat="-40.9466124" lon="175.6753966">
                <ele>113</ele>
            </trkpt>
            <trkpt lat="-40.9468636" lon="175.6763515">
                <ele>112</ele>
            </trkpt>
            <trkpt lat="-40.9473539" lon="175.6781083">
                <ele>112</ele>
            </trkpt>
            <trkpt lat="-40.9474633" lon="175.6785026">
                <ele>111.6</ele>
            </trkpt>
            <trkpt lat="-40.9476192" lon="175.6790552">
                <ele>111</ele>
            </trkpt>
            <trkpt lat="-40.9480183" lon="175.6804875">
                <ele>109</ele>
            </trkpt>
            <trkpt lat="-40.9482878" lon="175.6814879">
                <ele>108</ele>
            </trkpt>
            <trkpt lat="-40.948541" lon="175.6823945">
                <ele>106.8</ele>
            </trkpt>
            <trkpt lat="-40.9485653" lon="175.6824777">
                <ele>106.5</ele>
            </trkpt>
            <trkpt lat="-40.9489239" lon="175.6837624">
                <ele>104.5</ele>
            </trkpt>
            <trkpt lat="-40.9490394" lon="175.6841996">
                <ele>104.2</ele>
            </trkpt>
            <trkpt lat="-40.9490941" lon="175.6843928">
                <ele>104</ele>
            </trkpt>
            <trkpt lat="-40.9492399" lon="175.6849238">
                <ele>104.2</ele>
            </trkpt>
            <trkpt lat="-40.949323" lon="175.6852832">
                <ele>104.2</ele>
            </trkpt>
            <trkpt lat="-40.9494061" lon="175.6857124">
                <ele>104.5</ele>
            </trkpt>
            <trkpt lat="-40.949481" lon="175.6861094">
                <ele>104.6</ele>
            </trkpt>
            <trkpt lat="-40.94956" lon="175.686678">
                <ele>104.9</ele>
            </trkpt>
            <trkpt lat="-40.9495884" lon="175.6868792">
                <ele>105</ele>
            </trkpt>
            <trkpt lat="-40.949639" lon="175.6872359">
                <ele>105.4</ele>
            </trkpt>
            <trkpt lat="-40.9497059" lon="175.6877348">
                <ele>105.4</ele>
            </trkpt>
            <trkpt lat="-40.9499004" lon="175.6890973">
                <ele>107</ele>
            </trkpt>
            <trkpt lat="-40.9500584" lon="175.6902319">
                <ele>106.8</ele>
            </trkpt>
            <trkpt lat="-40.9500989" lon="175.6907254">
                <ele>107.2</ele>
            </trkpt>
            <trkpt lat="-40.9501151" lon="175.6910607">
                <ele>107.5</ele>
            </trkpt>
            <trkpt lat="-40.9501192" lon="175.6911358">
                <ele>107.5</ele>
            </trkpt>
            <trkpt lat="-40.9501131" lon="175.6913719">
                <ele>107.8</ele>
            </trkpt>
            <trkpt lat="-40.950105" lon="175.691742">
                <ele>107.4</ele>
            </trkpt>
            <trkpt lat="-40.9500969" lon="175.6918761">
                <ele>107.2</ele>
            </trkpt>
            <trkpt lat="-40.9500645" lon="175.6923562">
                <ele>106.8</ele>
            </trkpt>
            <trkpt lat="-40.9498963" lon="175.6945878">
                <ele>108.8</ele>
            </trkpt>
            <trkpt lat="-40.9498173" lon="175.6955588">
                <ele>110</ele>
            </trkpt>
            <trkpt lat="-40.9498011" lon="175.6957385">
                <ele>110</ele>
            </trkpt>
            <trkpt lat="-40.949791" lon="175.6959102">
                <ele>109.5</ele>
            </trkpt>
            <trkpt lat="-40.9497829" lon="175.6960496">
                <ele>109</ele>
            </trkpt>
            <trkpt lat="-40.9497748" lon="175.6962883">
                <ele>109.8</ele>
            </trkpt>
            <trkpt lat="-40.9497869" lon="175.6964815">
                <ele>109.9</ele>
            </trkpt>
            <trkpt lat="-40.9498031" lon="175.6966075">
                <ele>109.9</ele>
            </trkpt>
            <trkpt lat="-40.9498254" lon="175.6967255">
                <ele>110</ele>
            </trkpt>
            <trkpt lat="-40.9498781" lon="175.696924">
                <ele>109.8</ele>
            </trkpt>
            <trkpt lat="-40.9499227" lon="175.6970716">
                <ele>109.2</ele>
            </trkpt>
            <trkpt lat="-40.9499753" lon="175.6972378">
                <ele>109.1</ele>
            </trkpt>
            <trkpt lat="-40.950032" lon="175.6973907">
                <ele>109</ele>
            </trkpt>
            <trkpt lat="-40.9505608" lon="175.6988016">
                <ele>108.2</ele>
            </trkpt>
            <trkpt lat="-40.9513144" lon="175.7007194">
                <ele>109</ele>
            </trkpt>
            <trkpt lat="-40.9520781" lon="175.7027283">
                <ele>107.2</ele>
            </trkpt>
            <trkpt lat="-40.9522665" lon="175.7032058">
                <ele>106.8</ele>
            </trkpt>
            <trkpt lat="-40.9524164" lon="175.7035518">
                <ele>106.6</ele>
            </trkpt>
            <trkpt lat="-40.9527486" lon="175.7042733">
                <ele>106.2</ele>
            </trkpt>
            <trkpt lat="-40.9539013" lon="175.7068536">
                <ele>107.2</ele>
            </trkpt>
            <trkpt lat="-40.9552767" lon="175.7099944">
                <ele>106.6</ele>
            </trkpt>
            <trkpt lat="-40.9556312" lon="175.7107723">
                <ele>106.4</ele>
            </trkpt>
            <trkpt lat="-40.9557912" lon="175.7111022">
                <ele>106.3</ele>
            </trkpt>
            <trkpt lat="-40.9559654" lon="175.711408">
                <ele>106.2</ele>
            </trkpt>
            <trkpt lat="-40.9569458" lon="175.7131085">
                <ele>107.2</ele>
            </trkpt>
            <trkpt lat="-40.9587162" lon="175.7161796">
                <ele>106</ele>
            </trkpt>
            <trkpt lat="-40.9599558" lon="175.7183227">
                <ele>105.5</ele>
            </trkpt>
            <trkpt lat="-40.9607599" lon="175.7197148">
                <ele>105.2</ele>
            </trkpt>
            <trkpt lat="-40.9614891" lon="175.7210907">
                <ele>104.1</ele>
            </trkpt>
            <trkpt lat="-40.9619833" lon="175.7221019">
                <ele>103.2</ele>
            </trkpt>
            <trkpt lat="-40.9620967" lon="175.7223326">
                <ele>103.5</ele>
            </trkpt>
            <trkpt lat="-40.9621636" lon="175.7225123">
                <ele>103.8</ele>
            </trkpt>
            <trkpt lat="-40.9622304" lon="175.7227215">
                <ele>103.5</ele>
            </trkpt>
            <trkpt lat="-40.9622892" lon="175.7229468">
                <ele>104</ele>
            </trkpt>
            <trkpt lat="-40.9623276" lon="175.7231694">
                <ele>104.2</ele>
            </trkpt>
            <trkpt lat="-40.9629819" lon="175.7268521">
                <ele>105</ele>
            </trkpt>
            <trkpt lat="-40.9632472" lon="175.7283702">
                <ele>105.2</ele>
            </trkpt>
            <trkpt lat="-40.9634254" lon="175.7294887">
                <ele>106</ele>
            </trkpt>
            <trkpt lat="-40.9634923" lon="175.7299688">
                <ele>106.2</ele>
            </trkpt>
            <trkpt lat="-40.9636685" lon="175.7313851">
                <ele>106.2</ele>
            </trkpt>
            <trkpt lat="-40.9637009" lon="175.7316586">
                <ele>109</ele>
            </trkpt>
            <trkpt lat="-40.9637616" lon="175.7322165">
                <ele>108.5</ele>
            </trkpt>
            <trkpt lat="-40.9638589" lon="175.7329997">
                <ele>106.8</ele>
            </trkpt>
            <trkpt lat="-40.9639743" lon="175.7338205">
                <ele>105.8</ele>
            </trkpt>
            <trkpt lat="-40.9645759" lon="175.7373771">
                <ele>108.5</ele>
            </trkpt>
            <trkpt lat="-40.9646305" lon="175.7377285">
                <ele>109.5</ele>
            </trkpt>
            <trkpt lat="-40.9651186" lon="175.7412368">
                <ele>116</ele>
            </trkpt>
            <trkpt lat="-40.9652118" lon="175.7418913">
                <ele>116.5</ele>
            </trkpt>
            <trkpt lat="-40.9652402" lon="175.74213">
                <ele>116.7</ele>
            </trkpt>
            <trkpt lat="-40.9652624" lon="175.7423821">
                <ele>116.8</ele>
            </trkpt>
            <trkpt lat="-40.9652746" lon="175.7426074">
                <ele>117</ele>
            </trkpt>
            <trkpt lat="-40.9652746" lon="175.7428381">
                <ele>117.2</ele>
            </trkpt>
            <trkpt lat="-40.9652665" lon="175.743058">
                <ele>117.8</ele>
            </trkpt>
            <trkpt lat="-40.9651956" lon="175.7439861">
                <ele>119.5</ele>
            </trkpt>
            <trkpt lat="-40.9648675" lon="175.7478431">
                <ele>118.8</ele>
            </trkpt>
            <trkpt lat="-40.9647034" lon="175.749785">
                <ele>120.2</ele>
            </trkpt>
            <trkpt lat="-40.9643895" lon="175.7533899">
                <ele>123.8</ele>
            </trkpt>
            <trkpt lat="-40.9643693" lon="175.7536983">
                <ele>124.2</ele>
            </trkpt>
            <trkpt lat="-40.9643551" lon="175.7539022">
                <ele>125</ele>
            </trkpt>
            <trkpt lat="-40.964347" lon="175.7541704">
                <ele>125.4</ele>
            </trkpt>
            <trkpt lat="-40.9643429" lon="175.7544172">
                <ele>125.8</ele>
            </trkpt>
            <trkpt lat="-40.9643551" lon="175.7546586">
                <ele>126.8</ele>
            </trkpt>
            <trkpt lat="-40.9643733" lon="175.7548892">
                <ele>126.9</ele>
            </trkpt>
            <trkpt lat="-40.9643976" lon="175.7551199">
                <ele>127</ele>
            </trkpt>
            <trkpt lat="-40.9644361" lon="175.7553586">
                <ele>127.1</ele>
            </trkpt>
            <trkpt lat="-40.9644827" lon="175.7555866">
                <ele>127.2</ele>
            </trkpt>
            <trkpt lat="-40.9645353" lon="175.75582">
                <ele>127.4</ele>
            </trkpt>
            <trkpt lat="-40.9646042" lon="175.7560426">
                <ele>127.5</ele>
            </trkpt>
            <trkpt lat="-40.9646751" lon="175.7562491">
                <ele>128.5</ele>
            </trkpt>
            <trkpt lat="-40.9647561" lon="175.7564637">
                <ele>129.8</ele>
            </trkpt>
            <trkpt lat="-40.9648432" lon="175.7566756">
                <ele>130.8</ele>
            </trkpt>
            <trkpt lat="-40.9649404" lon="175.7568875">
                <ele>132.8</ele>
            </trkpt>
            <trkpt lat="-40.9650376" lon="175.7570672">
                <ele>134.2</ele>
            </trkpt>
            <trkpt lat="-40.965149" lon="175.7572576">
                <ele>136.2</ele>
            </trkpt>
            <trkpt lat="-40.9653374" lon="175.7575205">
                <ele>139.2</ele>
            </trkpt>
            <trkpt lat="-40.9655298" lon="175.7577538">
                <ele>141.8</ele>
            </trkpt>
            <trkpt lat="-40.9658356" lon="175.7581079">
                <ele>145.2</ele>
            </trkpt>
            <trkpt lat="-40.9663663" lon="175.7587409">
                <ele>150.5</ele>
            </trkpt>
            <trkpt lat="-40.9666397" lon="175.759095">
                <ele>154.2</ele>
            </trkpt>
            <trkpt lat="-40.9668503" lon="175.7594383">
                <ele>156</ele>
            </trkpt>
            <trkpt lat="-40.9670083" lon="175.7597896">
                <ele>157.5</ele>
            </trkpt>
            <trkpt lat="-40.9670913" lon="175.7600284">
                <ele>158.2</ele>
            </trkpt>
            <trkpt lat="-40.9671521" lon="175.7602537">
                <ele>159</ele>
            </trkpt>
            <trkpt lat="-40.9671906" lon="175.7604682">
                <ele>160.5</ele>
            </trkpt>
            <trkpt lat="-40.967225" lon="175.7607123">
                <ele>162</ele>
            </trkpt>
            <trkpt lat="-40.9672432" lon="175.7609403">
                <ele>163.2</ele>
            </trkpt>
            <trkpt lat="-40.9672513" lon="175.7611871">
                <ele>165.2</ele>
            </trkpt>
            <trkpt lat="-40.967227" lon="175.7628205">
                <ele>179</ele>
            </trkpt>
            <trkpt lat="-40.9672128" lon="175.7636628">
                <ele>180.8</ele>
            </trkpt>
            <trkpt lat="-40.9672047" lon="175.7638881">
                <ele>180.5</ele>
            </trkpt>
            <trkpt lat="-40.9671804" lon="175.7641348">
                <ele>179.5</ele>
            </trkpt>
            <trkpt lat="-40.967146" lon="175.7643628">
                <ele>179</ele>
            </trkpt>
            <trkpt lat="-40.9671014" lon="175.7645962">
                <ele>178.8</ele>
            </trkpt>
            <trkpt lat="-40.9670346" lon="175.7648242">
                <ele>178.7</ele>
            </trkpt>
            <trkpt lat="-40.9669678" lon="175.7650253">
                <ele>178.5</ele>
            </trkpt>
            <trkpt lat="-40.9667835" lon="175.7654867">
                <ele>176.5</ele>
            </trkpt>
            <trkpt lat="-40.9658498" lon="175.7675681">
                <ele>171.3</ele>
            </trkpt>
            <trkpt lat="-40.9658457" lon="175.7675788">
                <ele>171.2</ele>
            </trkpt>
            <trkpt lat="-40.9655683" lon="175.7681689">
                <ele>168.5</ele>
            </trkpt>
            <trkpt lat="-40.9654974" lon="175.7683244">
                <ele>167.8</ele>
            </trkpt>
            <trkpt lat="-40.9652847" lon="175.7689601">
                <ele>162</ele>
            </trkpt>
            <trkpt lat="-40.9651754" lon="175.7699257">
                <ele>154</ele>
            </trkpt>
            <trkpt lat="-40.9650741" lon="175.7722914">
                <ele>134.5</ele>
            </trkpt>
            <trkpt lat="-40.9652564" lon="175.7756361">
                <ele>112.5</ele>
            </trkpt>
            <trkpt lat="-40.9653192" lon="175.7761699">
                <ele>106</ele>
            </trkpt>
            <trkpt lat="-40.9654326" lon="175.7767519">
                <ele>100.2</ele>
            </trkpt>
            <trkpt lat="-40.9655825" lon="175.7771194">
                <ele>97.5</ele>
            </trkpt>
            <trkpt lat="-40.9657688" lon="175.7775003">
                <ele>96.5</ele>
            </trkpt>
            <trkpt lat="-40.966184" lon="175.777967">
                <ele>98.5</ele>
            </trkpt>
            <trkpt lat="-40.9672776" lon="175.7788575">
                <ele>107.5</ele>
            </trkpt>
            <trkpt lat="-40.9674052" lon="175.7789835">
                <ele>108.8</ele>
            </trkpt>
            <trkpt lat="-40.9677556" lon="175.7793832">
                <ele>110.2</ele>
            </trkpt>
            <trkpt lat="-40.9687541" lon="175.7808638">
                <ele>110.6</ele>
            </trkpt>
            <trkpt lat="-40.9690903" lon="175.7815745">
                <ele>110.8</ele>
            </trkpt>
            <trkpt lat="-40.9692806" lon="175.7823578">
                <ele>111.2</ele>
            </trkpt>
            <trkpt lat="-40.9694447" lon="175.7834816">
                <ele>111.8</ele>
            </trkpt>
            <trkpt lat="-40.9699064" lon="175.7861289">
                <ele>110.5</ele>
            </trkpt>
            <trkpt lat="-40.9699733" lon="175.7867298">
                <ele>108.5</ele>
            </trkpt>
            <trkpt lat="-40.9699773" lon="175.7873467">
                <ele>107.8</ele>
            </trkpt>
            <trkpt lat="-40.9699125" lon="175.7883847">
                <ele>106.5</ele>
            </trkpt>
            <trkpt lat="-40.9697687" lon="175.7891384">
                <ele>110.2</ele>
            </trkpt>
            <trkpt lat="-40.9694872" lon="175.7901388">
                <ele>112.2</ele>
            </trkpt>
            <trkpt lat="-40.96923" lon="175.7908255">
                <ele>113.2</ele>
            </trkpt>
            <trkpt lat="-40.9690153" lon="175.7912278">
                <ele>113.8</ele>
            </trkpt>
            <trkpt lat="-40.9686123" lon="175.791724">
                <ele>114.9</ele>
            </trkpt>
            <trkpt lat="-40.967709" lon="175.7925609">
                <ele>117.2</ele>
            </trkpt>
            <trkpt lat="-40.967383" lon="175.7928559">
                <ele>116.5</ele>
            </trkpt>
            <trkpt lat="-40.9669354" lon="175.7933629">
                <ele>113.2</ele>
            </trkpt>
            <trkpt lat="-40.9666133" lon="175.7936713">
                <ele>112.2</ele>
            </trkpt>
            <trkpt lat="-40.9660442" lon="175.7940924">
                <ele>111.7</ele>
            </trkpt>
            <trkpt lat="-40.9658701" lon="175.7942533">
                <ele>111.5</ele>
            </trkpt>
            <trkpt lat="-40.9656655" lon="175.7944894">
                <ele>112</ele>
            </trkpt>
            <trkpt lat="-40.965388" lon="175.7950258">
                <ele>112.2</ele>
            </trkpt>
            <trkpt lat="-40.965303" lon="175.7952109">
                <ele>112.2</ele>
            </trkpt>
            <trkpt lat="-40.9652057" lon="175.7955757">
                <ele>111.8</ele>
            </trkpt>
            <trkpt lat="-40.9651065" lon="175.7960182">
                <ele>113.5</ele>
            </trkpt>
            <trkpt lat="-40.9649708" lon="175.79781">
                <ele>116.2</ele>
            </trkpt>
            <trkpt lat="-40.9649445" lon="175.7980862">
                <ele>114</ele>
            </trkpt>
            <trkpt lat="-40.964908" lon="175.7983974">
                <ele>111.2</ele>
            </trkpt>
            <trkpt lat="-40.9648776" lon="175.7985771">
                <ele>110.2</ele>
            </trkpt>
            <trkpt lat="-40.9648351" lon="175.7987809">
                <ele>109</ele>
            </trkpt>
            <trkpt lat="-40.9646002" lon="175.7997707">
                <ele>107.7</ele>
            </trkpt>
            <trkpt lat="-40.964268" lon="175.8011252">
                <ele>106</ele>
            </trkpt>
            <trkpt lat="-40.9639966" lon="175.8022302">
                <ele>104</ele>
            </trkpt>
            <trkpt lat="-40.9639581" lon="175.8023778">
                <ele>103</ele>
            </trkpt>
            <trkpt lat="-40.9636583" lon="175.8036304">
                <ele>99</ele>
            </trkpt>
            <trkpt lat="-40.9635328" lon="175.8041346">
                <ele>99</ele>
            </trkpt>
            <trkpt lat="-40.9633323" lon="175.8049446">
                <ele>96</ele>
            </trkpt>
            <trkpt lat="-40.9633019" lon="175.8050707">
                <ele>96.5</ele>
            </trkpt>
            <trkpt lat="-40.9632209" lon="175.8053979">
                <ele>98</ele>
            </trkpt>
            <trkpt lat="-40.9631824" lon="175.805575">
                <ele>98.8</ele>
            </trkpt>
            <trkpt lat="-40.963156" lon="175.8057386">
                <ele>100</ele>
            </trkpt>
            <trkpt lat="-40.9631378" lon="175.8058754">
                <ele>100.8</ele>
            </trkpt>
            <trkpt lat="-40.9631155" lon="175.8060926">
                <ele>101.8</ele>
            </trkpt>
            <trkpt lat="-40.9630609" lon="175.8068973">
                <ele>103</ele>
            </trkpt>
            <trkpt lat="-40.9629758" lon="175.8080989">
                <ele>102</ele>
            </trkpt>
            <trkpt lat="-40.9629292" lon="175.8086702">
                <ele>102.2</ele>
            </trkpt>
            <trkpt lat="-40.962911" lon="175.8088982">
                <ele>102.6</ele>
            </trkpt>
            <trkpt lat="-40.9628907" lon="175.8091316">
                <ele>103</ele>
            </trkpt>
            <trkpt lat="-40.9628664" lon="175.8093649">
                <ele>103.5</ele>
            </trkpt>
            <trkpt lat="-40.962832" lon="175.8095956">
                <ele>103.8</ele>
            </trkpt>
            <trkpt lat="-40.9627894" lon="175.8098182">
                <ele>104</ele>
            </trkpt>
            <trkpt lat="-40.9627307" lon="175.8100355">
                <ele>104.2</ele>
            </trkpt>
            <trkpt lat="-40.9626598" lon="175.8102447">
                <ele>104.2</ele>
            </trkpt>
            <trkpt lat="-40.9622122" lon="175.8114168">
                <ele>104</ele>
            </trkpt>
            <trkpt lat="-40.9618496" lon="175.8123422">
                <ele>106.2</ele>
            </trkpt>
            <trkpt lat="-40.9617585" lon="175.8125487">
                <ele>106.5</ele>
            </trkpt>
            <trkpt lat="-40.9616714" lon="175.8127418">
                <ele>106.4</ele>
            </trkpt>
            <trkpt lat="-40.9615721" lon="175.812943">
                <ele>106.2</ele>
            </trkpt>
            <trkpt lat="-40.961483" lon="175.8131441">
                <ele>106</ele>
            </trkpt>
            <trkpt lat="-40.961398" lon="175.8133373">
                <ele>107</ele>
            </trkpt>
            <trkpt lat="-40.961161" lon="175.8139649">
                <ele>110.5</ele>
            </trkpt>
            <trkpt lat="-40.9609483" lon="175.8145469">
                <ele>114</ele>
            </trkpt>
            <trkpt lat="-40.96013" lon="175.8167249">
                <ele>118.2</ele>
            </trkpt>
            <trkpt lat="-40.9595264" lon="175.8182269">
                <ele>115.8</ele>
            </trkpt>
            <trkpt lat="-40.9593441" lon="175.8187446">
                <ele>112.8</ele>
            </trkpt>
            <trkpt lat="-40.9591821" lon="175.8194929">
                <ele>111.2</ele>
            </trkpt>
            <trkpt lat="-40.9588802" lon="175.8211532">
                <ele>111.5</ele>
            </trkpt>
            <trkpt lat="-40.9587567" lon="175.822092">
                <ele>113.2</ele>
            </trkpt>
            <trkpt lat="-40.9587486" lon="175.8227223">
                <ele>112</ele>
            </trkpt>
            <trkpt lat="-40.9588215" lon="175.8231676">
                <ele>111.5</ele>
            </trkpt>
            <trkpt lat="-40.9589775" lon="175.8237281">
                <ele>110</ele>
            </trkpt>
            <trkpt lat="-40.9595244" lon="175.8247393">
                <ele>111.5</ele>
            </trkpt>
            <trkpt lat="-40.9598647" lon="175.8257344">
                <ele>112</ele>
            </trkpt>
            <trkpt lat="-40.9601928" lon="175.8264881">
                <ele>111.8</ele>
            </trkpt>
            <trkpt lat="-40.9602961" lon="175.8268717">
                <ele>111.8</ele>
            </trkpt>
            <trkpt lat="-40.9603548" lon="175.8272606">
                <ele>112.2</ele>
            </trkpt>
            <trkpt lat="-40.9603953" lon="175.8278453">
                <ele>116.2</ele>
            </trkpt>
            <trkpt lat="-40.9603832" lon="175.8283174">
                <ele>122</ele>
            </trkpt>
            <trkpt lat="-40.9603224" lon="175.8288243">
                <ele>126.5</ele>
            </trkpt>
            <trkpt lat="-40.9600611" lon="175.8301601">
                <ele>121.2</ele>
            </trkpt>
            <trkpt lat="-40.9599274" lon="175.8309513">
                <ele>120.4</ele>
            </trkpt>
            <trkpt lat="-40.9598829" lon="175.8313698">
                <ele>120</ele>
            </trkpt>
            <trkpt lat="-40.9598343" lon="175.8341163">
                <ele>120.8</ele>
            </trkpt>
            <trkpt lat="-40.9598201" lon="175.8345053">
                <ele>120.5</ele>
            </trkpt>
            <trkpt lat="-40.9598464" lon="175.8348083">
                <ele>120.8</ele>
            </trkpt>
            <trkpt lat="-40.959893" lon="175.8350927">
                <ele>120.5</ele>
            </trkpt>
            <trkpt lat="-40.9600449" lon="175.8354843">
                <ele>120</ele>
            </trkpt>
            <trkpt lat="-40.9602414" lon="175.8357552">
                <ele>120.5</ele>
            </trkpt>
            <trkpt lat="-40.9606506" lon="175.8362514">
                <ele>121.8</ele>
            </trkpt>
            <trkpt lat="-40.9607458" lon="175.8364418">
                <ele>119.8</ele>
            </trkpt>
            <trkpt lat="-40.9608004" lon="175.8366859">
                <ele>117</ele>
            </trkpt>
            <trkpt lat="-40.9608166" lon="175.8369246">
                <ele>114.8</ele>
            </trkpt>
            <trkpt lat="-40.9608349" lon="175.8377829">
                <ele>114</ele>
            </trkpt>
            <trkpt lat="-40.9608572" lon="175.8391374">
                <ele>116.8</ele>
            </trkpt>
            <trkpt lat="-40.9608288" lon="175.8396417">
                <ele>118</ele>
            </trkpt>
            <trkpt lat="-40.9607194" lon="175.8402747">
                <ele>118.3</ele>
            </trkpt>
            <trkpt lat="-40.9606668" lon="175.8405858">
                <ele>118.5</ele>
            </trkpt>
            <trkpt lat="-40.9606526" lon="175.8410954">
                <ele>118.2</ele>
            </trkpt>
            <trkpt lat="-40.9607356" lon="175.8418706">
                <ele>120.5</ele>
            </trkpt>
            <trkpt lat="-40.9607842" lon="175.8425921">
                <ele>123</ele>
            </trkpt>
            <trkpt lat="-40.9607397" lon="175.8430213">
                <ele>121.8</ele>
            </trkpt>
            <trkpt lat="-40.9606485" lon="175.8434665">
                <ele>120.5</ele>
            </trkpt>
            <trkpt lat="-40.9600368" lon="175.8451188">
                <ele>117.5</ele>
            </trkpt>
            <trkpt lat="-40.9595183" lon="175.8468676">
                <ele>110.2</ele>
            </trkpt>
            <trkpt lat="-40.9592408" lon="175.8475059">
                <ele>116.5</ele>
            </trkpt>
            <trkpt lat="-40.9575697" lon="175.8513576">
                <ele>131.8</ele>
            </trkpt>
            <trkpt lat="-40.9572051" lon="175.8520228">
                <ele>132.2</ele>
            </trkpt>
            <trkpt lat="-40.9551653" lon="175.8550107">
                <ele>135.6</ele>
            </trkpt>
            <trkpt lat="-40.9550518" lon="175.8551878">
                <ele>135.8</ele>
            </trkpt>
            <trkpt lat="-40.9549465" lon="175.8553755">
                <ele>135</ele>
            </trkpt>
            <trkpt lat="-40.954904" lon="175.8554775">
                <ele>134.2</ele>
            </trkpt>
            <trkpt lat="-40.9548675" lon="175.8555955">
                <ele>133.2</ele>
            </trkpt>
            <trkpt lat="-40.9548412" lon="175.8557081">
                <ele>132.2</ele>
            </trkpt>
            <trkpt lat="-40.9548229" lon="175.8558369">
                <ele>131.2</ele>
            </trkpt>
            <trkpt lat="-40.9548169" lon="175.8559495">
                <ele>130.5</ele>
            </trkpt>
            <trkpt lat="-40.9548169" lon="175.8560541">
                <ele>129.8</ele>
            </trkpt>
            <trkpt lat="-40.954827" lon="175.8561721">
                <ele>129</ele>
            </trkpt>
            <trkpt lat="-40.9548432" lon="175.8562848">
                <ele>128</ele>
            </trkpt>
            <trkpt lat="-40.9548938" lon="175.8565128">
                <ele>126.5</ele>
            </trkpt>
            <trkpt lat="-40.9549526" lon="175.8567327">
                <ele>125.8</ele>
            </trkpt>
            <trkpt lat="-40.9551612" lon="175.8574086">
                <ele>124</ele>
            </trkpt>
            <trkpt lat="-40.95522" lon="175.8576232">
                <ele>123.2</ele>
            </trkpt>
            <trkpt lat="-40.9552666" lon="175.8578244">
                <ele>121.8</ele>
            </trkpt>
            <trkpt lat="-40.9552828" lon="175.8579719">
                <ele>120</ele>
            </trkpt>
            <trkpt lat="-40.9552807" lon="175.8581007">
                <ele>118.2</ele>
            </trkpt>
            <trkpt lat="-40.9552666" lon="175.8582106">
                <ele>116.8</ele>
            </trkpt>
            <trkpt lat="-40.9552463" lon="175.8583206">
                <ele>115.5</ele>
            </trkpt>
            <trkpt lat="-40.9552098" lon="175.858444">
                <ele>114.2</ele>
            </trkpt>
            <trkpt lat="-40.9551673" lon="175.8585513">
                <ele>113.2</ele>
            </trkpt>
            <trkpt lat="-40.9550701" lon="175.8587283">
                <ele>113.2</ele>
            </trkpt>
            <trkpt lat="-40.9548695" lon="175.8590689">
                <ele>111</ele>
            </trkpt>
            <trkpt lat="-40.9547966" lon="175.8592004">
                <ele>112.8</ele>
            </trkpt>
            <trkpt lat="-40.9547439" lon="175.8593264">
                <ele>114</ele>
            </trkpt>
            <trkpt lat="-40.9547115" lon="175.859423">
                <ele>115</ele>
            </trkpt>
            <trkpt lat="-40.9546872" lon="175.8595303">
                <ele>116</ele>
            </trkpt>
            <trkpt lat="-40.954669" lon="175.8596563">
                <ele>117</ele>
            </trkpt>
            <trkpt lat="-40.9546548" lon="175.8598173">
                <ele>118.2</ele>
            </trkpt>
            <trkpt lat="-40.9546528" lon="175.8603671">
                <ele>122</ele>
            </trkpt>
            <trkpt lat="-40.9546447" lon="175.860579">
                <ele>123.8</ele>
            </trkpt>
            <trkpt lat="-40.9546285" lon="175.8607587">
                <ele>124.8</ele>
            </trkpt>
            <trkpt lat="-40.9545961" lon="175.8609331">
                <ele>125.8</ele>
            </trkpt>
            <trkpt lat="-40.9545393" lon="175.8611611">
                <ele>127.2</ele>
            </trkpt>
            <trkpt lat="-40.9544806" lon="175.8613569">
                <ele>128.8</ele>
            </trkpt>
            <trkpt lat="-40.9538871" lon="175.8629501">
                <ele>138</ele>
            </trkpt>
            <trkpt lat="-40.9537838" lon="175.8632022">
                <ele>139.8</ele>
            </trkpt>
            <trkpt lat="-40.9536642" lon="175.8634704">
                <ele>140.5</ele>
            </trkpt>
            <trkpt lat="-40.9522746" lon="175.8659461">
                <ele>153</ele>
            </trkpt>
            <trkpt lat="-40.9521571" lon="175.8661419">
                <ele>154.5</ele>
            </trkpt>
            <trkpt lat="-40.9520396" lon="175.866335">
                <ele>155.2</ele>
            </trkpt>
            <trkpt lat="-40.9519322" lon="175.8664826">
                <ele>155.5</ele>
            </trkpt>
            <trkpt lat="-40.9517945" lon="175.8666435">
                <ele>155.8</ele>
            </trkpt>
            <trkpt lat="-40.9516588" lon="175.8667964">
                <ele>156.5</ele>
            </trkpt>
            <trkpt lat="-40.9498295" lon="175.8687034">
                <ele>157.5</ele>
            </trkpt>
            <trkpt lat="-40.9496877" lon="175.8688617">
                <ele>157.6</ele>
            </trkpt>
            <trkpt lat="-40.94956" lon="175.8690065">
                <ele>157.7</ele>
            </trkpt>
            <trkpt lat="-40.9494304" lon="175.8691728">
                <ele>157.8</ele>
            </trkpt>
            <trkpt lat="-40.9493129" lon="175.8693525">
                <ele>158</ele>
            </trkpt>
            <trkpt lat="-40.9492015" lon="175.8695376">
                <ele>158.2</ele>
            </trkpt>
            <trkpt lat="-40.9488834" lon="175.8701116">
                <ele>158.8</ele>
            </trkpt>
            <trkpt lat="-40.948776" lon="175.8702993">
                <ele>158.9</ele>
            </trkpt>
            <trkpt lat="-40.9486565" lon="175.870479">
                <ele>159</ele>
            </trkpt>
            <trkpt lat="-40.9485329" lon="175.8706427">
                <ele>159.1</ele>
            </trkpt>
            <trkpt lat="-40.9483992" lon="175.8708063">
                <ele>159.2</ele>
            </trkpt>
            <trkpt lat="-40.9480589" lon="175.8711898">
                <ele>159.8</ele>
            </trkpt>
            <trkpt lat="-40.9479211" lon="175.8713374">
                <ele>160</ele>
            </trkpt>
            <trkpt lat="-40.9477651" lon="175.8714876">
                <ele>160.2</ele>
            </trkpt>
            <trkpt lat="-40.9476192" lon="175.871619">
                <ele>160.1</ele>
            </trkpt>
            <trkpt lat="-40.9474612" lon="175.8717424">
                <ele>160</ele>
            </trkpt>
            <trkpt lat="-40.9464483" lon="175.8724102">
                <ele>159.5</ele>
            </trkpt>
            <trkpt lat="-40.9456318" lon="175.8729628">
                <ele>158.5</ele>
            </trkpt>
            <trkpt lat="-40.9454799" lon="175.8730754">
                <ele>157.8</ele>
            </trkpt>
            <trkpt lat="-40.9452874" lon="175.8732337">
                <ele>157</ele>
            </trkpt>
            <trkpt lat="-40.9445155" lon="175.873974">
                <ele>151</ele>
            </trkpt>
            <trkpt lat="-40.9443656" lon="175.8741081">
                <ele>149.5</ele>
            </trkpt>
            <trkpt lat="-40.9442116" lon="175.8742127">
                <ele>148.5</ele>
            </trkpt>
            <trkpt lat="-40.944084" lon="175.8742931">
                <ele>147.2</ele>
            </trkpt>
            <trkpt lat="-40.94393" lon="175.8743522">
                <ele>145.8</ele>
            </trkpt>
            <trkpt lat="-40.9437841" lon="175.8743817">
                <ele>144.8</ele>
            </trkpt>
            <trkpt lat="-40.9436362" lon="175.8743897">
                <ele>144</ele>
            </trkpt>
            <trkpt lat="-40.9434681" lon="175.8743817">
                <ele>143.2</ele>
            </trkpt>
            <trkpt lat="-40.9428987" lon="175.8743119">
                <ele>141.2</ele>
            </trkpt>
            <trkpt lat="-40.9427204" lon="175.8743092">
                <ele>140</ele>
            </trkpt>
            <trkpt lat="-40.9425259" lon="175.8743227">
                <ele>139</ele>
            </trkpt>
            <trkpt lat="-40.9423436" lon="175.8743656">
                <ele>138.5</ele>
            </trkpt>
            <trkpt lat="-40.9421754" lon="175.874446">
                <ele>137.2</ele>
            </trkpt>
            <trkpt lat="-40.9420215" lon="175.8745506">
                <ele>136</ele>
            </trkpt>
            <trkpt lat="-40.9418776" lon="175.8746767">
                <ele>135.2</ele>
            </trkpt>
            <trkpt lat="-40.9417257" lon="175.8748296">
                <ele>134.2</ele>
            </trkpt>
            <trkpt lat="-40.9410489" lon="175.8755779">
                <ele>128.2</ele>
            </trkpt>
            <trkpt lat="-40.9409253" lon="175.8756959">
                <ele>126.8</ele>
            </trkpt>
            <trkpt lat="-40.9407572" lon="175.8758113">
                <ele>125.2</ele>
            </trkpt>
            <trkpt lat="-40.9405951" lon="175.8758649">
                <ele>124.2</ele>
            </trkpt>
            <trkpt lat="-40.9404148" lon="175.8758649">
                <ele>123.9</ele>
            </trkpt>
            <trkpt lat="-40.9402486" lon="175.8758274">
                <ele>123.5</ele>
            </trkpt>
            <trkpt lat="-40.9400642" lon="175.8757764">
                <ele>123.5</ele>
            </trkpt>
            <trkpt lat="-40.9399528" lon="175.8757442">
                <ele>125</ele>
            </trkpt>
            <trkpt lat="-40.9397482" lon="175.8756933">
                <ele>126.5</ele>
            </trkpt>
            <trkpt lat="-40.9396104" lon="175.8756745">
                <ele>127</ele>
            </trkpt>
            <trkpt lat="-40.9394584" lon="175.8756772">
                <ele>127.8</ele>
            </trkpt>
            <trkpt lat="-40.9393024" lon="175.875704">
                <ele>128.2</ele>
            </trkpt>
            <trkpt lat="-40.9391302" lon="175.8757469">
                <ele>128.8</ele>
            </trkpt>
            <trkpt lat="-40.9386095" lon="175.8759052">
                <ele>129.1</ele>
            </trkpt>
            <trkpt lat="-40.9384413" lon="175.8759722">
                <ele>129.2</ele>
            </trkpt>
            <trkpt lat="-40.938265" lon="175.8760473">
                <ele>129</ele>
            </trkpt>
            <trkpt lat="-40.9381009" lon="175.8761492">
                <ele>128.8</ele>
            </trkpt>
            <trkpt lat="-40.9376936" lon="175.8764201">
                <ele>127.5</ele>
            </trkpt>
            <trkpt lat="-40.9375477" lon="175.8765301">
                <ele>127</ele>
            </trkpt>
            <trkpt lat="-40.9373998" lon="175.8766642">
                <ele>127.5</ele>
            </trkpt>
            <trkpt lat="-40.9372641" lon="175.8768225">
                <ele>128.2</ele>
            </trkpt>
            <trkpt lat="-40.9371405" lon="175.8769915">
                <ele>129</ele>
            </trkpt>
            <trkpt lat="-40.937023" lon="175.8771765">
                <ele>130</ele>
            </trkpt>
            <trkpt lat="-40.9369176" lon="175.8773777">
                <ele>130.8</ele>
            </trkpt>
            <trkpt lat="-40.9368365" lon="175.8775869">
                <ele>131.2</ele>
            </trkpt>
            <trkpt lat="-40.9367697" lon="175.8778122">
                <ele>131.8</ele>
            </trkpt>
            <trkpt lat="-40.9367332" lon="175.8780965">
                <ele>132.2</ele>
            </trkpt>
            <trkpt lat="-40.9366927" lon="175.8784989">
                <ele>133</ele>
            </trkpt>
            <trkpt lat="-40.9366704" lon="175.8787376">
                <ele>133.5</ele>
            </trkpt>
            <trkpt lat="-40.9366359" lon="175.8789656">
                <ele>133.6</ele>
            </trkpt>
            <trkpt lat="-40.9365792" lon="175.8791962">
                <ele>133.8</ele>
            </trkpt>
            <trkpt lat="-40.9364982" lon="175.8794001">
                <ele>133.6</ele>
            </trkpt>
            <trkpt lat="-40.9363563" lon="175.8796951">
                <ele>133.4</ele>
            </trkpt>
            <trkpt lat="-40.9362611" lon="175.8798936">
                <ele>133.2</ele>
            </trkpt>
            <trkpt lat="-40.9361902" lon="175.8801189">
                <ele>133.8</ele>
            </trkpt>
            <trkpt lat="-40.9361537" lon="175.8803415">
                <ele>134</ele>
            </trkpt>
            <trkpt lat="-40.9361355" lon="175.8805749">
                <ele>134.2</ele>
            </trkpt>
            <trkpt lat="-40.9361355" lon="175.8808243">
                <ele>135</ele>
            </trkpt>
            <trkpt lat="-40.9361618" lon="175.8810604">
                <ele>135.1</ele>
            </trkpt>
            <trkpt lat="-40.9361963" lon="175.8812857">
                <ele>135.2</ele>
            </trkpt>
            <trkpt lat="-40.9362429" lon="175.8815163">
                <ele>135.4</ele>
            </trkpt>
            <trkpt lat="-40.9362814" lon="175.8817497">
                <ele>135.5</ele>
            </trkpt>
            <trkpt lat="-40.9363178" lon="175.8819884">
                <ele>135.6</ele>
            </trkpt>
            <trkpt lat="-40.9363199" lon="175.8821815">
                <ele>135.8</ele>
            </trkpt>
            <trkpt lat="-40.9362388" lon="175.8829299">
                <ele>136.2</ele>
            </trkpt>
            <trkpt lat="-40.9362915" lon="175.8834314">
                <ele>135.2</ele>
            </trkpt>
            <trkpt lat="-40.9366785" lon="175.8849576">
                <ele>138.8</ele>
            </trkpt>
            <trkpt lat="-40.9371851" lon="175.8873636">
                <ele>143.5</ele>
            </trkpt>
            <trkpt lat="-40.9372398" lon="175.8879">
                <ele>148</ele>
            </trkpt>
            <trkpt lat="-40.9372256" lon="175.8881655">
                <ele>150.2</ele>
            </trkpt>
            <trkpt lat="-40.937179" lon="175.8884257">
                <ele>152</ele>
            </trkpt>
            <trkpt lat="-40.9369966" lon="175.8889058">
                <ele>156</ele>
            </trkpt>
            <trkpt lat="-40.9360321" lon="175.8904052">
                <ele>169.5</ele>
            </trkpt>
            <trkpt lat="-40.9356046" lon="175.8911696">
                <ele>174</ele>
            </trkpt>
            <trkpt lat="-40.9330616" lon="175.8975425">
                <ele>205.8</ele>
            </trkpt>
            <trkpt lat="-40.9327779" lon="175.8982855">
                <ele>206.2</ele>
            </trkpt>
            <trkpt lat="-40.9326239" lon="175.8988515">
                <ele>209.8</ele>
            </trkpt>
            <trkpt lat="-40.932559" lon="175.8993235">
                <ele>212.5</ele>
            </trkpt>
            <trkpt lat="-40.9326036" lon="175.9008819">
                <ele>207.2</ele>
            </trkpt>
            <trkpt lat="-40.9325712" lon="175.9015176">
                <ele>205.5</ele>
            </trkpt>
            <trkpt lat="-40.9324638" lon="175.9020406">
                <ele>207.8</ele>
            </trkpt>
            <trkpt lat="-40.9321882" lon="175.9029472">
                <ele>209.8</ele>
            </trkpt>
            <trkpt lat="-40.9320565" lon="175.9034917">
                <ele>209.5</ele>
            </trkpt>
            <trkpt lat="-40.9314891" lon="175.9076115">
                <ele>214</ele>
            </trkpt>
            <trkpt lat="-40.9313635" lon="175.9087756">
                <ele>215.2</ele>
            </trkpt>
            <trkpt lat="-40.9312074" lon="175.911305">
                <ele>215.5</ele>
            </trkpt>
            <trkpt lat="-40.9311933" lon="175.9118575">
                <ele>215.9</ele>
            </trkpt>
            <trkpt lat="-40.9312074" lon="175.9123993">
                <ele>216.2</ele>
            </trkpt>
            <trkpt lat="-40.9312459" lon="175.9133166">
                <ele>215</ele>
            </trkpt>
            <trkpt lat="-40.9312561" lon="175.9137404">
                <ele>214.4</ele>
            </trkpt>
            <trkpt lat="-40.9312399" lon="175.9140033">
                <ele>214</ele>
            </trkpt>
            <trkpt lat="-40.9312074" lon="175.9142581">
                <ele>214.2</ele>
            </trkpt>
            <trkpt lat="-40.931098" lon="175.9148347">
                <ele>214.8</ele>
            </trkpt>
            <trkpt lat="-40.9310291" lon="175.915229">
                <ele>215</ele>
            </trkpt>
            <trkpt lat="-40.9309825" lon="175.9156448">
                <ele>215.5</ele>
            </trkpt>
            <trkpt lat="-40.9309359" lon="175.9162644">
                <ele>216.2</ele>
            </trkpt>
            <trkpt lat="-40.9308001" lon="175.9187964">
                <ele>216</ele>
            </trkpt>
            <trkpt lat="-40.9307515" lon="175.9199739">
                <ele>213.8</ele>
            </trkpt>
            <trkpt lat="-40.9307434" lon="175.9203547">
                <ele>213.5</ele>
            </trkpt>
            <trkpt lat="-40.9308001" lon="175.9207624">
                <ele>213.2</ele>
            </trkpt>
            <trkpt lat="-40.9311892" lon="175.9218246">
                <ele>209.2</ele>
            </trkpt>
            <trkpt lat="-40.9312804" lon="175.9220874">
                <ele>208</ele>
            </trkpt>
            <trkpt lat="-40.931325" lon="175.9224281">
                <ele>205.5</ele>
            </trkpt>
            <trkpt lat="-40.9313108" lon="175.9226748">
                <ele>202.5</ele>
            </trkpt>
            <trkpt lat="-40.9312216" lon="175.9229591">
                <ele>198</ele>
            </trkpt>
            <trkpt lat="-40.9311203" lon="175.9231067">
                <ele>195.5</ele>
            </trkpt>
            <trkpt lat="-40.930865" lon="175.9233159">
                <ele>191.5</ele>
            </trkpt>
            <trkpt lat="-40.9299126" lon="175.9238738">
                <ele>177.5</ele>
            </trkpt>
            <trkpt lat="-40.9298112" lon="175.9240025">
                <ele>177.4</ele>
            </trkpt>
            <trkpt lat="-40.929566" lon="175.9244934">
                <ele>177.2</ele>
            </trkpt>
            <trkpt lat="-40.9287413" lon="175.9265292">
                <ele>160.2</ele>
            </trkpt>
            <trkpt lat="-40.928571" lon="175.9268886">
                <ele>157.8</ele>
            </trkpt>
            <trkpt lat="-40.9283603" lon="175.9271997">
                <ele>154.2</ele>
            </trkpt>
            <trkpt lat="-40.9281293" lon="175.927484">
                <ele>150.2</ele>
            </trkpt>
            <trkpt lat="-40.9277908" lon="175.9277254">
                <ele>145.8</ele>
            </trkpt>
            <trkpt lat="-40.9273815" lon="175.9279642">
                <ele>142.8</ele>
            </trkpt>
            <trkpt lat="-40.9270593" lon="175.9281948">
                <ele>141</ele>
            </trkpt>
            <trkpt lat="-40.9261595" lon="175.929088">
                <ele>138</ele>
            </trkpt>
            <trkpt lat="-40.9254299" lon="175.9295923">
                <ele>130.8</ele>
            </trkpt>
            <trkpt lat="-40.9249334" lon="175.9298766">
                <ele>125</ele>
            </trkpt>
            <trkpt lat="-40.9245808" lon="175.9301797">
                <ele>123.8</ele>
            </trkpt>
            <trkpt lat="-40.9243275" lon="175.9306651">
                <ele>125</ele>
            </trkpt>
            <trkpt lat="-40.923758" lon="175.9319338">
                <ele>124.5</ele>
            </trkpt>
            <trkpt lat="-40.9231155" lon="175.9329128">
                <ele>118</ele>
            </trkpt>
            <trkpt lat="-40.922773" lon="175.9337524">
                <ele>117.2</ele>
            </trkpt>
            <trkpt lat="-40.9224548" lon="175.9347501">
                <ele>115.8</ele>
            </trkpt>
            <trkpt lat="-40.9222481" lon="175.9356996">
                <ele>111.5</ele>
            </trkpt>
            <trkpt lat="-40.9221833" lon="175.9361234">
                <ele>108.2</ele>
            </trkpt>
            <trkpt lat="-40.9221752" lon="175.9365445">
                <ele>107.4</ele>
            </trkpt>
            <trkpt lat="-40.9222643" lon="175.9369871">
                <ele>106.5</ele>
            </trkpt>
            <trkpt lat="-40.9230162" lon="175.9394038">
                <ele>100</ele>
            </trkpt>
            <trkpt lat="-40.923225" lon="175.9398571">
                <ele>101.5</ele>
            </trkpt>
            <trkpt lat="-40.923914" lon="175.9413832">
                <ele>104</ele>
            </trkpt>
            <trkpt lat="-40.924214" lon="175.9420618">
                <ele>102.8</ele>
            </trkpt>
            <trkpt lat="-40.924293" lon="175.9423435">
                <ele>100.5</ele>
            </trkpt>
            <trkpt lat="-40.9242748" lon="175.9425259">
                <ele>99.5</ele>
            </trkpt>
            <trkpt lat="-40.9241329" lon="175.9429657">
                <ele>98.8</ele>
            </trkpt>
            <trkpt lat="-40.9235249" lon="175.9442988">
                <ele>99</ele>
            </trkpt>
            <trkpt lat="-40.9228196" lon="175.9468013">
                <ele>93</ele>
            </trkpt>
            <trkpt lat="-40.9225643" lon="175.9475255">
                <ele>91.2</ele>
            </trkpt>
            <trkpt lat="-40.9223778" lon="175.9479922">
                <ele>90.5</ele>
            </trkpt>
            <trkpt lat="-40.9217881" lon="175.9490892">
                <ele>89</ele>
            </trkpt>
            <trkpt lat="-40.9211314" lon="175.9508005">
                <ele>85.2</ele>
            </trkpt>
            <trkpt lat="-40.9209733" lon="175.9512511">
                <ele>85.8</ele>
            </trkpt>
            <trkpt lat="-40.9208902" lon="175.9515381">
                <ele>85</ele>
            </trkpt>
            <trkpt lat="-40.9204626" lon="175.95359">
                <ele>80.8</ele>
            </trkpt>
            <trkpt lat="-40.92042" lon="175.9541264">
                <ele>82.2</ele>
            </trkpt>
            <trkpt lat="-40.9204403" lon="175.9552073">
                <ele>84</ele>
            </trkpt>
            <trkpt lat="-40.9203613" lon="175.9560147">
                <ele>82.5</ele>
            </trkpt>
            <trkpt lat="-40.920189" lon="175.9567979">
                <ele>82.8</ele>
            </trkpt>
            <trkpt lat="-40.9199417" lon="175.9575489">
                <ele>81.5</ele>
            </trkpt>
            <trkpt lat="-40.9197593" lon="175.9580344">
                <ele>79.5</ele>
            </trkpt>
            <trkpt lat="-40.9195303" lon="175.9584796">
                <ele>77.8</ele>
            </trkpt>
            <trkpt lat="-40.9185088" lon="175.9597537">
                <ele>81.5</ele>
            </trkpt>
            <trkpt lat="-40.9179879" lon="175.9605208">
                <ele>83.5</ele>
            </trkpt>
            <trkpt lat="-40.9177751" lon="175.9609446">
                <ele>83.8</ele>
            </trkpt>
            <trkpt lat="-40.917613" lon="175.9614006">
                <ele>82.8</ele>
            </trkpt>
            <trkpt lat="-40.9173616" lon="175.9623286">
                <ele>81.4</ele>
            </trkpt>
            <trkpt lat="-40.9172806" lon="175.962798">
                <ele>80.8</ele>
            </trkpt>
            <trkpt lat="-40.9172542" lon="175.9644905">
                <ele>78</ele>
            </trkpt>
            <trkpt lat="-40.917313" lon="175.9654561">
                <ele>75.2</ele>
            </trkpt>
            <trkpt lat="-40.917163" lon="175.9661642">
                <ele>72.2</ele>
            </trkpt>
            <trkpt lat="-40.9169563" lon="175.9665906">
                <ele>71.5</ele>
            </trkpt>
            <trkpt lat="-40.9164273" lon="175.9673819">
                <ele>71.5</ele>
            </trkpt>
            <trkpt lat="-40.9161719" lon="175.9677815">
                <ele>77</ele>
            </trkpt>
            <trkpt lat="-40.9150936" lon="175.9695625">
                <ele>79.8</ele>
            </trkpt>
            <trkpt lat="-40.913395" lon="175.9732237">
                <ele>78.5</ele>
            </trkpt>
            <trkpt lat="-40.9123998" lon="175.9746319">
                <ele>77.8</ele>
            </trkpt>
            <trkpt lat="-40.9122072" lon="175.9750369">
                <ele>76.2</ele>
            </trkpt>
            <trkpt lat="-40.9121038" lon="175.9755036">
                <ele>71.8</ele>
            </trkpt>
            <trkpt lat="-40.9119842" lon="175.9765148">
                <ele>69.2</ele>
            </trkpt>
            <trkpt lat="-40.9119579" lon="175.9770325">
                <ele>71.8</ele>
            </trkpt>
            <trkpt lat="-40.9119883" lon="175.9782985">
                <ele>71</ele>
            </trkpt>
            <trkpt lat="-40.9119356" lon="175.9787947">
                <ele>69.8</ele>
            </trkpt>
            <trkpt lat="-40.9115363" lon="175.9802055">
                <ele>75.2</ele>
            </trkpt>
            <trkpt lat="-40.911293" lon="175.9808519">
                <ele>78.2</ele>
            </trkpt>
            <trkpt lat="-40.9110498" lon="175.9811765">
                <ele>79.2</ele>
            </trkpt>
            <trkpt lat="-40.9108978" lon="175.9812865">
                <ele>80</ele>
            </trkpt>
            <trkpt lat="-40.9099917" lon="175.9817183">
                <ele>77</ele>
            </trkpt>
            <trkpt lat="-40.9098761" lon="175.9818444">
                <ele>75.2</ele>
            </trkpt>
            <trkpt lat="-40.9097363" lon="175.982185">
                <ele>73.5</ele>
            </trkpt>
            <trkpt lat="-40.9097241" lon="175.9825954">
                <ele>73.8</ele>
            </trkpt>
            <trkpt lat="-40.9098599" lon="175.9836307">
                <ele>75.5</ele>
            </trkpt>
            <trkpt lat="-40.9097687" lon="175.9845614">
                <ele>76.2</ele>
            </trkpt>
            <trkpt lat="-40.9096491" lon="175.9850281">
                <ele>75</ele>
            </trkpt>
            <trkpt lat="-40.9094788" lon="175.98546">
                <ele>73.5</ele>
            </trkpt>
            <trkpt lat="-40.9088403" lon="175.9866026">
                <ele>65</ele>
            </trkpt>
            <trkpt lat="-40.9086883" lon="175.987021">
                <ele>63</ele>
            </trkpt>
            <trkpt lat="-40.908591" lon="175.9874636">
                <ele>62.5</ele>
            </trkpt>
            <trkpt lat="-40.9085768" lon="175.9881422">
                <ele>64.8</ele>
            </trkpt>
            <trkpt lat="-40.9087957" lon="175.9897006">
                <ele>66.2</ele>
            </trkpt>
            <trkpt lat="-40.908818" lon="175.9903577">
                <ele>67</ele>
            </trkpt>
            <trkpt lat="-40.9082281" lon="175.9939277">
                <ele>68</ele>
            </trkpt>
            <trkpt lat="-40.9080903" lon="175.9943005">
                <ele>71</ele>
            </trkpt>
            <trkpt lat="-40.9076849" lon="175.9950516">
                <ele>74</ele>
            </trkpt>
            <trkpt lat="-40.9072632" lon="175.9967494">
                <ele>69</ele>
            </trkpt>
            <trkpt lat="-40.9066145" lon="175.9985894">
                <ele>59.5</ele>
            </trkpt>
            <trkpt lat="-40.9063814" lon="175.9995899">
                <ele>58.8</ele>
            </trkpt>
            <trkpt lat="-40.9062415" lon="176.0006064">
                <ele>59.8</ele>
            </trkpt>
            <trkpt lat="-40.906203" lon="176.0020977">
                <ele>60.5</ele>
            </trkpt>
            <trkpt lat="-40.9062355" lon="176.0030204">
                <ele>56</ele>
            </trkpt>
            <trkpt lat="-40.9062557" lon="176.0032752">
                <ele>55</ele>
            </trkpt>
            <trkpt lat="-40.9063003" lon="176.0035998">
                <ele>53.8</ele>
            </trkpt>
            <trkpt lat="-40.9063672" lon="176.0038868">
                <ele>53</ele>
            </trkpt>
            <trkpt lat="-40.9065071" lon="176.0042784">
                <ele>51.8</ele>
            </trkpt>
            <trkpt lat="-40.9066794" lon="176.0046646">
                <ele>52.5</ele>
            </trkpt>
            <trkpt lat="-40.907172" lon="176.0054585">
                <ele>54.8</ele>
            </trkpt>
            <trkpt lat="-40.9072713" lon="176.0056946">
                <ele>56.2</ele>
            </trkpt>
            <trkpt lat="-40.9073058" lon="176.0059199">
                <ele>56.5</ele>
            </trkpt>
            <trkpt lat="-40.9072997" lon="176.0063383">
                <ele>57</ele>
            </trkpt>
            <trkpt lat="-40.9071558" lon="176.0067138">
                <ele>56.9</ele>
            </trkpt>
            <trkpt lat="-40.9069064" lon="176.0070115">
                <ele>56.9</ele>
            </trkpt>
            <trkpt lat="-40.9062963" lon="176.0074782">
                <ele>56.8</ele>
            </trkpt>
            <trkpt lat="-40.905978" lon="176.0076526">
                <ele>56</ele>
            </trkpt>
            <trkpt lat="-40.9053861" lon="176.0078779">
                <ele>52.5</ele>
            </trkpt>
            <trkpt lat="-40.9051509" lon="176.0079154">
                <ele>51.5</ele>
            </trkpt>
            <trkpt lat="-40.9049522" lon="176.0079181">
                <ele>50.8</ele>
            </trkpt>
            <trkpt lat="-40.9040136" lon="176.0078779">
                <ele>50.5</ele>
            </trkpt>
            <trkpt lat="-40.9038332" lon="176.0078779">
                <ele>51.5</ele>
            </trkpt>
            <trkpt lat="-40.9031521" lon="176.0082373">
                <ele>57</ele>
            </trkpt>
            <trkpt lat="-40.9030284" lon="176.0083097">
                <ele>58.2</ele>
            </trkpt>
            <trkpt lat="-40.9029088" lon="176.0083929">
                <ele>58.6</ele>
            </trkpt>
            <trkpt lat="-40.9027649" lon="176.0085404">
                <ele>59</ele>
            </trkpt>
            <trkpt lat="-40.9026655" lon="176.0086799">
                <ele>58.2</ele>
            </trkpt>
            <trkpt lat="-40.9025743" lon="176.0088381">
                <ele>57</ele>
            </trkpt>
            <trkpt lat="-40.9025114" lon="176.0090071">
                <ele>56</ele>
            </trkpt>
            <trkpt lat="-40.9024547" lon="176.0092163">
                <ele>54.8</ele>
            </trkpt>
            <trkpt lat="-40.9024101" lon="176.0094684">
                <ele>53.2</ele>
            </trkpt>
            <trkpt lat="-40.9023878" lon="176.0096991">
                <ele>52.8</ele>
            </trkpt>
            <trkpt lat="-40.9023695" lon="176.0098869">
                <ele>53</ele>
            </trkpt>
            <trkpt lat="-40.9023229" lon="176.0105628">
                <ele>54</ele>
            </trkpt>
            <trkpt lat="-40.9023148" lon="176.0107881">
                <ele>55</ele>
            </trkpt>
            <trkpt lat="-40.9023249" lon="176.0110188">
                <ele>55.8</ele>
            </trkpt>
            <trkpt lat="-40.9023493" lon="176.0112682">
                <ele>56.5</ele>
            </trkpt>
            <trkpt lat="-40.9024608" lon="176.0118717">
                <ele>57.2</ele>
            </trkpt>
            <trkpt lat="-40.9024891" lon="176.0120782">
                <ele>57.5</ele>
            </trkpt>
            <trkpt lat="-40.9025114" lon="176.0123143">
                <ele>57.8</ele>
            </trkpt>
            <trkpt lat="-40.9025155" lon="176.012553">
                <ele>58.5</ele>
            </trkpt>
            <trkpt lat="-40.9025033" lon="176.0128024">
                <ele>59.8</ele>
            </trkpt>
            <trkpt lat="-40.9024932" lon="176.013025">
                <ele>60.2</ele>
            </trkpt>
            <trkpt lat="-40.9024973" lon="176.0132718">
                <ele>60.8</ele>
            </trkpt>
            <trkpt lat="-40.9025175" lon="176.0134971">
                <ele>61.2</ele>
            </trkpt>
            <trkpt lat="-40.902556" lon="176.0137305">
                <ele>60.5</ele>
            </trkpt>
            <trkpt lat="-40.9027588" lon="176.0147873">
                <ele>60.8</ele>
            </trkpt>
            <trkpt lat="-40.9028743" lon="176.0157287">
                <ele>57.8</ele>
            </trkpt>
            <trkpt lat="-40.9026615" lon="176.0163805">
                <ele>56</ele>
            </trkpt>
            <trkpt lat="-40.9019337" lon="176.0178021">
                <ele>59</ele>
            </trkpt>
            <trkpt lat="-40.9017695" lon="176.0182446">
                <ele>57.5</ele>
            </trkpt>
            <trkpt lat="-40.9014613" lon="176.0204735">
                <ele>53</ele>
            </trkpt>
            <trkpt lat="-40.9010092" lon="176.0218763">
                <ele>47.8</ele>
            </trkpt>
            <trkpt lat="-40.9006098" lon="176.0236144">
                <ele>48.2</ele>
            </trkpt>
            <trkpt lat="-40.9005287" lon="176.0243547">
                <ele>50.2</ele>
            </trkpt>
            <trkpt lat="-40.9005814" lon="176.0248455">
                <ele>50</ele>
            </trkpt>
            <trkpt lat="-40.9007781" lon="176.025787">
                <ele>49.2</ele>
            </trkpt>
            <trkpt lat="-40.9007882" lon="176.026023">
                <ele>50</ele>
            </trkpt>
            <trkpt lat="-40.9007132" lon="176.0264763">
                <ele>50.2</ele>
            </trkpt>
            <trkpt lat="-40.9005328" lon="176.0268733">
                <ele>50.5</ele>
            </trkpt>
            <trkpt lat="-40.8996914" lon="176.0278389">
                <ele>54.5</ele>
            </trkpt>
            <trkpt lat="-40.8994725" lon="176.0282278">
                <ele>54.8</ele>
            </trkpt>
            <trkpt lat="-40.8993468" lon="176.0286811">
                <ele>51.8</ele>
            </trkpt>
            <trkpt lat="-40.8991886" lon="176.0299122">
                <ele>46.8</ele>
            </trkpt>
            <trkpt lat="-40.898773" lon="176.0311943">
                <ele>44.8</ele>
            </trkpt>
            <trkpt lat="-40.8983878" lon="176.0321975">
                <ele>42.8</ele>
            </trkpt>
            <trkpt lat="-40.8981749" lon="176.0325435">
                <ele>42.6</ele>
            </trkpt>
            <trkpt lat="-40.8976944" lon="176.0330611">
                <ele>42.2</ele>
            </trkpt>
            <trkpt lat="-40.8975647" lon="176.0333964">
                <ele>42</ele>
            </trkpt>
            <trkpt lat="-40.897512" lon="176.0338041">
                <ele>41.6</ele>
            </trkpt>
            <trkpt lat="-40.897514" lon="176.0339248">
                <ele>41.5</ele>
            </trkpt>
            <trkpt lat="-40.8975647" lon="176.0343298">
                <ele>41.2</ele>
            </trkpt>
            <trkpt lat="-40.8976681" lon="176.0345015">
                <ele>41</ele>
            </trkpt>
            <trkpt lat="-40.897956" lon="176.0347617">
                <ele>41.8</ele>
            </trkpt>
            <trkpt lat="-40.8992454" lon="176.0354376">
                <ele>42</ele>
            </trkpt>
            <trkpt lat="-40.8995272" lon="176.0356522">
                <ele>43</ele>
            </trkpt>
            <trkpt lat="-40.8996225" lon="176.035805">
                <ele>44.8</ele>
            </trkpt>
            <trkpt lat="-40.8997725" lon="176.0363871">
                <ele>47.5</ele>
            </trkpt>
            <trkpt lat="-40.8998678" lon="176.0380098">
                <ele>39.5</ele>
            </trkpt>
            <trkpt lat="-40.8999732" lon="176.0394207">
                <ele>44.2</ele>
            </trkpt>
            <trkpt lat="-40.9001233" lon="176.0401931">
                <ele>46</ele>
            </trkpt>
            <trkpt lat="-40.900545" lon="176.0413975">
                <ele>47.8</ele>
            </trkpt>
            <trkpt lat="-40.9011613" lon="176.0423684">
                <ele>50.8</ele>
            </trkpt>
            <trkpt lat="-40.9013478" lon="176.0427573">
                <ele>51</ele>
            </trkpt>
            <trkpt lat="-40.9016357" lon="176.0439751">
                <ele>46</ele>
            </trkpt>
            <trkpt lat="-40.9019499" lon="176.0446349">
                <ele>42.8</ele>
            </trkpt>
            <trkpt lat="-40.9020796" lon="176.0447153">
                <ele>42.5</ele>
            </trkpt>
            <trkpt lat="-40.9023756" lon="176.044769">
                <ele>42.8</ele>
            </trkpt>
            <trkpt lat="-40.9027142" lon="176.0447234">
                <ele>43.2</ele>
            </trkpt>
            <trkpt lat="-40.9034278" lon="176.04449">
                <ele>47</ele>
            </trkpt>
            <trkpt lat="-40.9037683" lon="176.0445786">
                <ele>45.5</ele>
            </trkpt>
            <trkpt lat="-40.9040765" lon="176.0448575">
                <ele>43</ele>
            </trkpt>
            <trkpt lat="-40.9049989" lon="176.0460296">
                <ele>38.2</ele>
            </trkpt>
            <trkpt lat="-40.9061523" lon="176.0472876">
                <ele>38.5</ele>
            </trkpt>
            <trkpt lat="-40.9066956" lon="176.0476738">
                <ele>39</ele>
            </trkpt>
            <trkpt lat="-40.9076585" lon="176.048272">
                <ele>35.2</ele>
            </trkpt>
            <trkpt lat="-40.907916" lon="176.0484168">
                <ele>34</ele>
            </trkpt>
            <trkpt lat="-40.9080761" lon="176.0485697">
                <ele>32.8</ele>
            </trkpt>
            <trkpt lat="-40.9081876" lon="176.0487333">
                <ele>32.2</ele>
            </trkpt>
            <trkpt lat="-40.9082626" lon="176.0488969">
                <ele>31.8</ele>
            </trkpt>
            <trkpt lat="-40.9083214" lon="176.04909">
                <ele>31</ele>
            </trkpt>
            <trkpt lat="-40.9083639" lon="176.0493127">
                <ele>30.2</ele>
            </trkpt>
            <trkpt lat="-40.9083923" lon="176.049605">
                <ele>30</ele>
            </trkpt>
            <trkpt lat="-40.9084835" lon="176.0508576">
                <ele>30.2</ele>
            </trkpt>
            <trkpt lat="-40.9084673" lon="176.0521209">
                <ele>30.2</ele>
            </trkpt>
            <trkpt lat="-40.9084572" lon="176.0525018">
                <ele>28</ele>
            </trkpt>
            <trkpt lat="-40.9084531" lon="176.0526091">
                <ele>27.2</ele>
            </trkpt>
            <trkpt lat="-40.908366" lon="176.0550204">
                <ele>28</ele>
            </trkpt>
            <trkpt lat="-40.9084248" lon="176.0561013">
                <ele>32.2</ele>
            </trkpt>
            <trkpt lat="-40.9085504" lon="176.0566056">
                <ele>32.5</ele>
            </trkpt>
            <trkpt lat="-40.9087795" lon="176.0570589">
                <ele>31.8</ele>
            </trkpt>
            <trkpt lat="-40.909943" lon="176.0584858">
                <ele>30</ele>
            </trkpt>
            <trkpt lat="-40.9102309" lon="176.0589847">
                <ele>30.2</ele>
            </trkpt>
            <trkpt lat="-40.9103383" lon="176.0592717">
                <ele>30.5</ele>
            </trkpt>
            <trkpt lat="-40.910689" lon="176.0605377">
                <ele>32.8</ele>
            </trkpt>
            <trkpt lat="-40.9114532" lon="176.063759">
                <ele>44.2</ele>
            </trkpt>
            <trkpt lat="-40.911518" lon="176.0642338">
                <ele>46</ele>
            </trkpt>
            <trkpt lat="-40.9115565" lon="176.0651001">
                <ele>48.8</ele>
            </trkpt>
            <trkpt lat="-40.9114755" lon="176.06565">
                <ele>49.2</ele>
            </trkpt>
            <trkpt lat="-40.9105511" lon="176.0673344">
                <ele>47.8</ele>
            </trkpt>
            <trkpt lat="-40.9102207" lon="176.0678011">
                <ele>47</ele>
            </trkpt>
            <trkpt lat="-40.9101093" lon="176.0681632">
                <ele>45</ele>
            </trkpt>
            <trkpt lat="-40.9100201" lon="176.0687962">
                <ele>40.5</ele>
            </trkpt>
            <trkpt lat="-40.9094079" lon="176.070722">
                <ele>40.2</ele>
            </trkpt>
            <trkpt lat="-40.9092295" lon="176.0711619">
                <ele>40.5</ele>
            </trkpt>
            <trkpt lat="-40.9089477" lon="176.0714811">
                <ele>41.2</ele>
            </trkpt>
            <trkpt lat="-40.9087653" lon="176.0716018">
                <ele>42.2</ele>
            </trkpt>
            <trkpt lat="-40.9071173" lon="176.0723072">
                <ele>46</ele>
            </trkpt>
            <trkpt lat="-40.9067605" lon="176.0725942">
                <ele>44.8</ele>
            </trkpt>
            <trkpt lat="-40.9064422" lon="176.0729563">
                <ele>42</ele>
            </trkpt>
            <trkpt lat="-40.9035291" lon="176.0772452">
                <ele>33.1</ele>
            </trkpt>
            <trkpt lat="-40.9021019" lon="176.0790959">
                <ele>29.1</ele>
            </trkpt>
            <trkpt lat="-40.9017836" lon="176.0798496">
                <ele>27.8</ele>
            </trkpt>
            <trkpt lat="-40.9013234" lon="176.0815582">
                <ele>29.2</ele>
            </trkpt>
            <trkpt lat="-40.9011045" lon="176.0820624">
                <ele>32.2</ele>
            </trkpt>
            <trkpt lat="-40.9009646" lon="176.082277">
                <ele>33.2</ele>
            </trkpt>
            <trkpt lat="-40.9006483" lon="176.0826284">
                <ele>35.2</ele>
            </trkpt>
            <trkpt lat="-40.900472" lon="176.0827571">
                <ele>35.8</ele>
            </trkpt>
            <trkpt lat="-40.899882" lon="176.0829663">
                <ele>37.5</ele>
            </trkpt>
            <trkpt lat="-40.8994806" lon="176.0829529">
                <ele>37.7</ele>
            </trkpt>
            <trkpt lat="-40.8985115" lon="176.0826686">
                <ele>38.3</ele>
            </trkpt>
            <trkpt lat="-40.8981303" lon="176.0826766">
                <ele>38.5</ele>
            </trkpt>
            <trkpt lat="-40.8977674" lon="176.0828269">
                <ele>38.2</ele>
            </trkpt>
            <trkpt lat="-40.8967416" lon="176.083543">
                <ele>36.2</ele>
            </trkpt>
            <trkpt lat="-40.8963726" lon="176.0836074">
                <ele>35.2</ele>
            </trkpt>
            <trkpt lat="-40.8959691" lon="176.0835376">
                <ele>33.8</ele>
            </trkpt>
            <trkpt lat="-40.8953223" lon="176.0833177">
                <ele>31.8</ele>
            </trkpt>
            <trkpt lat="-40.894931" lon="176.0830548">
                <ele>31.5</ele>
            </trkpt>
            <trkpt lat="-40.8945965" lon="176.0826686">
                <ele>32</ele>
            </trkpt>
            <trkpt lat="-40.8938625" lon="176.0815689">
                <ele>33.8</ele>
            </trkpt>
            <trkpt lat="-40.893309" lon="176.0811397">
                <ele>35.5</ele>
            </trkpt>
            <trkpt lat="-40.8926906" lon="176.0809439">
                <ele>36.5</ele>
            </trkpt>
            <trkpt lat="-40.8885927" lon="176.0801581">
                <ele>31.5</ele>
            </trkpt>
            <trkpt lat="-40.8878019" lon="176.0800561">
                <ele>34.2</ele>
            </trkpt>
            <trkpt lat="-40.8873436" lon="176.080083">
                <ele>36.2</ele>
            </trkpt>
            <trkpt lat="-40.8870293" lon="176.080142">
                <ele>39</ele>
            </trkpt>
            <trkpt lat="-40.886717" lon="176.0802251">
                <ele>39.2</ele>
            </trkpt>
            <trkpt lat="-40.8864109" lon="176.0803458">
                <ele>39.5</ele>
            </trkpt>
            <trkpt lat="-40.8861148" lon="176.0805041">
                <ele>40</ele>
            </trkpt>
            <trkpt lat="-40.8858289" lon="176.0807106">
                <ele>40.5</ele>
            </trkpt>
            <trkpt lat="-40.8856099" lon="176.0808688">
                <ele>40.2</ele>
            </trkpt>
            <trkpt lat="-40.8854172" lon="176.0810512">
                <ele>39.8</ele>
            </trkpt>
            <trkpt lat="-40.8852246" lon="176.0813168">
                <ele>38.8</ele>
            </trkpt>
            <trkpt lat="-40.8845392" lon="176.0822529">
                <ele>39.8</ele>
            </trkpt>
            <trkpt lat="-40.8844175" lon="176.0824111">
                <ele>40</ele>
            </trkpt>
            <trkpt lat="-40.884306" lon="176.0825533">
                <ele>39.5</ele>
            </trkpt>
            <trkpt lat="-40.8841478" lon="176.0826847">
                <ele>38.8</ele>
            </trkpt>
            <trkpt lat="-40.8840545" lon="176.0827383">
                <ele>38</ele>
            </trkpt>
            <trkpt lat="-40.8839775" lon="176.0827625">
                <ele>37.8</ele>
            </trkpt>
            <trkpt lat="-40.8838842" lon="176.0827786">
                <ele>38</ele>
            </trkpt>
            <trkpt lat="-40.8837889" lon="176.0827759">
                <ele>38.5</ele>
            </trkpt>
            <trkpt lat="-40.8837017" lon="176.0827544">
                <ele>39</ele>
            </trkpt>
            <trkpt lat="-40.8836125" lon="176.0827196">
                <ele>39.2</ele>
            </trkpt>
            <trkpt lat="-40.8835374" lon="176.0826793">
                <ele>39.5</ele>
            </trkpt>
            <trkpt lat="-40.8834583" lon="176.0826123">
                <ele>40</ele>
            </trkpt>
            <trkpt lat="-40.8833955" lon="176.0825559">
                <ele>40.5</ele>
            </trkpt>
            <trkpt lat="-40.8833123" lon="176.0824621">
                <ele>41.5</ele>
            </trkpt>
            <trkpt lat="-40.8831805" lon="176.0822555">
                <ele>42.8</ele>
            </trkpt>
            <trkpt lat="-40.88227" lon="176.0807937">
                <ele>48.2</ele>
            </trkpt>
            <trkpt lat="-40.881394" lon="176.0795116">
                <ele>43.6</ele>
            </trkpt>
            <trkpt lat="-40.8805706" lon="176.0781544">
                <ele>39</ele>
            </trkpt>
            <trkpt lat="-40.8802928" lon="176.0777736">
                <ele>39.2</ele>
            </trkpt>
            <trkpt lat="-40.880236" lon="176.0777119">
                <ele>39.2</ele>
            </trkpt>
            <trkpt lat="-40.878206" lon="176.0760972">
                <ele>34</ele>
            </trkpt>
            <trkpt lat="-40.8769871" lon="176.0755071">
                <ele>35</ele>
            </trkpt>
            <trkpt lat="-40.8769384" lon="176.0754803">
                <ele>35</ele>
            </trkpt>
            <trkpt lat="-40.8765612" lon="176.0769475">
                <ele>35.2</ele>
            </trkpt>
            <trkpt lat="-40.8764253" lon="176.0774249">
                <ele>35</ele>
            </trkpt>
            <trkpt lat="-40.8763706" lon="176.0775536">
                <ele>34.5</ele>
            </trkpt>
            <trkpt lat="-40.8762935" lon="176.0776877">
                <ele>34.2</ele>
            </trkpt>
            <trkpt lat="-40.8762083" lon="176.0777923">
                <ele>34.2</ele>
            </trkpt>
            <trkpt lat="-40.8758757" lon="176.0781518">
                <ele>33</ele>
            </trkpt>
            <trkpt lat="-40.8757216" lon="176.0783127">
                <ele>32</ele>
            </trkpt>
            <trkpt lat="-40.8755492" lon="176.0784602">
                <ele>33</ele>
            </trkpt>
            <trkpt lat="-40.874811" lon="176.0789376">
                <ele>33.5</ele>
            </trkpt>
            <trkpt lat="-40.8739267" lon="176.0795197">
                <ele>34</ele>
            </trkpt>
            <trkpt lat="-40.8738598" lon="176.0795733">
                <ele>33.8</ele>
            </trkpt>
            <trkpt lat="-40.8738091" lon="176.0796162">
                <ele>33.7</ele>
            </trkpt>
            <trkpt lat="-40.8737239" lon="176.0796994">
                <ele>33.7</ele>
            </trkpt>
            <trkpt lat="-40.873657" lon="176.0797825">
                <ele>33.7</ele>
            </trkpt>
            <trkpt lat="-40.873588" lon="176.0798737">
                <ele>33.6</ele>
            </trkpt>
            <trkpt lat="-40.873513" lon="176.0799891">
                <ele>33.6</ele>
            </trkpt>
            <trkpt lat="-40.873446" lon="176.0801312">
                <ele>33.6</ele>
            </trkpt>
            <trkpt lat="-40.8733588" lon="176.0803512">
                <ele>33.5</ele>
            </trkpt>
            <trkpt lat="-40.8733284" lon="176.0804611">
                <ele>33.5</ele>
            </trkpt>
            <trkpt lat="-40.8733061" lon="176.0805711">
                <ele>33.8</ele>
            </trkpt>
            <trkpt lat="-40.8732777" lon="176.080724">
                <ele>33.8</ele>
            </trkpt>
            <trkpt lat="-40.8732696" lon="176.0808393">
                <ele>33.9</ele>
            </trkpt>
            <trkpt lat="-40.8732655" lon="176.0809627">
                <ele>34</ele>
            </trkpt>
            <trkpt lat="-40.8732716" lon="176.0811988">
                <ele>34.2</ele>
            </trkpt>
            <trkpt lat="-40.8736083" lon="176.0854957">
                <ele>36.5</ele>
            </trkpt>
            <trkpt lat="-40.8737462" lon="176.0874161">
                <ele>36.2</ele>
            </trkpt>
            <trkpt lat="-40.8737361" lon="176.092405">
                <ele>40.8</ele>
            </trkpt>
            <trkpt lat="-40.8736772" lon="176.0934699">
                <ele>42.2</ele>
            </trkpt>
            <trkpt lat="-40.8734765" lon="176.0948458">
                <ele>49.5</ele>
            </trkpt>
            <trkpt lat="-40.8731641" lon="176.0961628">
                <ele>52.5</ele>
            </trkpt>
            <trkpt lat="-40.8729491" lon="176.0967636">
                <ele>51.5</ele>
            </trkpt>
            <trkpt lat="-40.8725861" lon="176.0973993">
                <ele>50.2</ele>
            </trkpt>
            <trkpt lat="-40.871144" lon="176.0999179">
                <ele>37.2</ele>
            </trkpt>
            <trkpt lat="-40.8706775" lon="176.1007735">
                <ele>38</ele>
            </trkpt>
            <trkpt lat="-40.8702394" lon="176.1015326">
                <ele>39.5</ele>
            </trkpt>
            <trkpt lat="-40.8684221" lon="176.1037749">
                <ele>40</ele>
            </trkpt>
            <trkpt lat="-40.8672334" lon="176.1049256">
                <ele>45.5</ele>
            </trkpt>
            <trkpt lat="-40.8661706" lon="176.1064839">
                <ele>46.8</ele>
            </trkpt>
            <trkpt lat="-40.8655621" lon="176.107015">
                <ele>47</ele>
            </trkpt>
            <trkpt lat="-40.8648907" lon="176.1073503">
                <ele>48.2</ele>
            </trkpt>
            <trkpt lat="-40.862988" lon="176.1081254">
                <ele>45.2</ele>
            </trkpt>
            <trkpt lat="-40.8612231" lon="176.1085519">
                <ele>56.2</ele>
            </trkpt>
            <trkpt lat="-40.8610304" lon="176.1086485">
                <ele>55.8</ele>
            </trkpt>
            <trkpt lat="-40.8608823" lon="176.1087987">
                <ele>53.5</ele>
            </trkpt>
            <trkpt lat="-40.860716" lon="176.1090803">
                <ele>50</ele>
            </trkpt>
            <trkpt lat="-40.8606673" lon="176.1091635">
                <ele>49</ele>
            </trkpt>
            <trkpt lat="-40.8605781" lon="176.1094424">
                <ele>49</ele>
            </trkpt>
            <trkpt lat="-40.8604016" lon="176.1101854">
                <ele>50</ele>
            </trkpt>
            <trkpt lat="-40.8603022" lon="176.1106145">
                <ele>52.2</ele>
            </trkpt>
            <trkpt lat="-40.8602373" lon="176.1110491">
                <ele>52</ele>
            </trkpt>
            <trkpt lat="-40.8602717" lon="176.1113924">
                <ele>50.8</ele>
            </trkpt>
            <trkpt lat="-40.8610446" lon="176.113117">
                <ele>49.8</ele>
            </trkpt>
            <trkpt lat="-40.8611562" lon="176.113683">
                <ele>50.5</ele>
            </trkpt>
            <trkpt lat="-40.8611603" lon="176.1142704">
                <ele>50.8</ele>
            </trkpt>
            <trkpt lat="-40.8610446" lon="176.1157268">
                <ele>45.8</ele>
            </trkpt>
            <trkpt lat="-40.8612475" lon="176.117489">
                <ele>46.8</ele>
            </trkpt>
            <trkpt lat="-40.8612495" lon="176.117776">
                <ele>47.8</ele>
            </trkpt>
            <trkpt lat="-40.8611339" lon="176.1183286">
                <ele>49.5</ele>
            </trkpt>
            <trkpt lat="-40.8609168" lon="176.1188248">
                <ele>50</ele>
            </trkpt>
            <trkpt lat="-40.8593609" lon="176.1216196">
                <ele>52.5</ele>
            </trkpt>
            <trkpt lat="-40.8592656" lon="176.1218101">
                <ele>52</ele>
            </trkpt>
            <trkpt lat="-40.8591885" lon="176.1219871">
                <ele>51.8</ele>
            </trkpt>
            <trkpt lat="-40.8591256" lon="176.1222124">
                <ele>52</ele>
            </trkpt>
            <trkpt lat="-40.8591033" lon="176.1224216">
                <ele>52.8</ele>
            </trkpt>
            <trkpt lat="-40.8591053" lon="176.1226094">
                <ele>53.5</ele>
            </trkpt>
            <trkpt lat="-40.8591175" lon="176.1227837">
                <ele>54.2</ele>
            </trkpt>
            <trkpt lat="-40.859156" lon="176.1229822">
                <ele>55.5</ele>
            </trkpt>
            <trkpt lat="-40.8592473" lon="176.123229">
                <ele>57.8</ele>
            </trkpt>
            <trkpt lat="-40.8593528" lon="176.1234301">
                <ele>59.5</ele>
            </trkpt>
            <trkpt lat="-40.8601439" lon="176.1247605">
                <ele>64.8</ele>
            </trkpt>
            <trkpt lat="-40.8602373" lon="176.1249509">
                <ele>65.5</ele>
            </trkpt>
            <trkpt lat="-40.8603387" lon="176.125187">
                <ele>66</ele>
            </trkpt>
            <trkpt lat="-40.8608377" lon="176.1265147">
                <ele>66.2</ele>
            </trkpt>
            <trkpt lat="-40.8609594" lon="176.1275259">
                <ele>69.8</ele>
            </trkpt>
            <trkpt lat="-40.8606085" lon="176.1292586">
                <ele>78</ele>
            </trkpt>
            <trkpt lat="-40.8606247" lon="176.1297736">
                <ele>78.5</ele>
            </trkpt>
            <trkpt lat="-40.8607951" lon="176.1301786">
                <ele>81.8</ele>
            </trkpt>
            <trkpt lat="-40.8612637" lon="176.1306506">
                <ele>90.8</ele>
            </trkpt>
            <trkpt lat="-40.8616573" lon="176.1311039">
                <ele>92.3</ele>
            </trkpt>
            <trkpt lat="-40.8619392" lon="176.1313668">
                <ele>93.2</ele>
            </trkpt>
            <trkpt lat="-40.8621096" lon="176.1314285">
                <ele>94.5</ele>
            </trkpt>
            <trkpt lat="-40.862635" lon="176.131466">
                <ele>101</ele>
            </trkpt>
            <trkpt lat="-40.8629372" lon="176.1316216">
                <ele>103.5</ele>
            </trkpt>
            <trkpt lat="-40.864059" lon="176.1333033">
                <ele>107.2</ele>
            </trkpt>
            <trkpt lat="-40.8642172" lon="176.1336628">
                <ele>106.2</ele>
            </trkpt>
            <trkpt lat="-40.8643308" lon="176.13399">
                <ele>104.5</ele>
            </trkpt>
            <trkpt lat="-40.8643572" lon="176.1341">
                <ele>104.4</ele>
            </trkpt>
            <trkpt lat="-40.8643673" lon="176.1341804">
                <ele>104.2</ele>
            </trkpt>
            <trkpt lat="-40.864416" lon="176.1344808">
                <ele>104</ele>
            </trkpt>
            <trkpt lat="-40.8644667" lon="176.1349422">
                <ele>103</ele>
            </trkpt>
            <trkpt lat="-40.8644728" lon="176.1351541">
                <ele>102.4</ele>
            </trkpt>
            <trkpt lat="-40.8644444" lon="176.1352855">
                <ele>102</ele>
            </trkpt>
            <trkpt lat="-40.8644059" lon="176.1354464">
                <ele>102.2</ele>
            </trkpt>
            <trkpt lat="-40.8643085" lon="176.1356664">
                <ele>103.8</ele>
            </trkpt>
            <trkpt lat="-40.8639312" lon="176.136412">
                <ele>108.2</ele>
            </trkpt>
            <trkpt lat="-40.8638825" lon="176.1365274">
                <ele>108.8</ele>
            </trkpt>
            <trkpt lat="-40.8638541" lon="176.1367071">
                <ele>108.5</ele>
            </trkpt>
            <trkpt lat="-40.8638379" lon="176.1369646">
                <ele>107.8</ele>
            </trkpt>
            <trkpt lat="-40.863846" lon="176.1372918">
                <ele>105.8</ele>
            </trkpt>
            <trkpt lat="-40.8639616" lon="176.1391479">
                <ele>104.2</ele>
            </trkpt>
            <trkpt lat="-40.8639799" lon="176.1404756">
                <ele>108.5</ele>
            </trkpt>
            <trkpt lat="-40.8640509" lon="176.1411005">
                <ele>107.8</ele>
            </trkpt>
            <trkpt lat="-40.8640874" lon="176.1413848">
                <ele>107.5</ele>
            </trkpt>
            <trkpt lat="-40.8641949" lon="176.1418033">
                <ele>106</ele>
            </trkpt>
            <trkpt lat="-40.864274" lon="176.1420447">
                <ele>106.2</ele>
            </trkpt>
            <trkpt lat="-40.8650854" lon="176.1439249">
                <ele>120.8</ele>
            </trkpt>
            <trkpt lat="-40.8651807" lon="176.1441663">
                <ele>120</ele>
            </trkpt>
            <trkpt lat="-40.8652375" lon="176.1443675">
                <ele>118.8</ele>
            </trkpt>
            <trkpt lat="-40.8652639" lon="176.1445338">
                <ele>118</ele>
            </trkpt>
            <trkpt lat="-40.8652558" lon="176.1447591">
                <ele>117.7</ele>
            </trkpt>
            <trkpt lat="-40.8652213" lon="176.144971">
                <ele>117.5</ele>
            </trkpt>
            <trkpt lat="-40.8651767" lon="176.1451346">
                <ele>118</ele>
            </trkpt>
            <trkpt lat="-40.8649515" lon="176.1457756">
                <ele>121.8</ele>
            </trkpt>
            <trkpt lat="-40.8648237" lon="176.1462906">
                <ele>122.8</ele>
            </trkpt>
            <trkpt lat="-40.8646696" lon="176.1479884">
                <ele>127.5</ele>
            </trkpt>
            <trkpt lat="-40.8645032" lon="176.1485302">
                <ele>125.5</ele>
            </trkpt>
            <trkpt lat="-40.8641726" lon="176.1492786">
                <ele>121.8</ele>
            </trkpt>
            <trkpt lat="-40.8637912" lon="176.1503756">
                <ele>122</ele>
            </trkpt>
            <trkpt lat="-40.8635478" lon="176.1508155">
                <ele>124</ele>
            </trkpt>
            <trkpt lat="-40.8629616" lon="176.151596">
                <ele>136</ele>
            </trkpt>
            <trkpt lat="-40.8625092" lon="176.1521029">
                <ele>142.2</ele>
            </trkpt>
            <trkpt lat="-40.8619128" lon="176.1526474">
                <ele>148</ele>
            </trkpt>
            <trkpt lat="-40.8613266" lon="176.1534199">
                <ele>155</ele>
            </trkpt>
            <trkpt lat="-40.8611014" lon="176.1538249">
                <ele>158.8</ele>
            </trkpt>
            <trkpt lat="-40.8610365" lon="176.1540636">
                <ele>162.5</ele>
            </trkpt>
            <trkpt lat="-40.8610629" lon="176.1543131">
                <ele>168.5</ele>
            </trkpt>
            <trkpt lat="-40.8610872" lon="176.1546832">
                <ele>177</ele>
            </trkpt>
            <trkpt lat="-40.8610426" lon="176.1548871">
                <ele>180</ele>
            </trkpt>
            <trkpt lat="-40.860927" lon="176.1549997">
                <ele>180.5</ele>
            </trkpt>
            <trkpt lat="-40.8608418" lon="176.1549944">
                <ele>180</ele>
            </trkpt>
            <trkpt lat="-40.8607505" lon="176.1549488">
                <ele>179</ele>
            </trkpt>
            <trkpt lat="-40.8606734" lon="176.1548361">
                <ele>177</ele>
            </trkpt>
            <trkpt lat="-40.8604847" lon="176.1544579">
                <ele>169.5</ele>
            </trkpt>
            <trkpt lat="-40.8602941" lon="176.1543372">
                <ele>168.8</ele>
            </trkpt>
            <trkpt lat="-40.8601764" lon="176.1543614">
                <ele>170.5</ele>
            </trkpt>
            <trkpt lat="-40.8595678" lon="176.1547637">
                <ele>184.8</ele>
            </trkpt>
            <trkpt lat="-40.8591865" lon="176.1547932">
                <ele>187.8</ele>
            </trkpt>
            <trkpt lat="-40.8588822" lon="176.1547476">
                <ele>187.2</ele>
            </trkpt>
            <trkpt lat="-40.8584663" lon="176.1548093">
                <ele>189.5</ele>
            </trkpt>
            <trkpt lat="-40.8570239" lon="176.1554289">
                <ele>204.8</ele>
            </trkpt>
            <trkpt lat="-40.8562571" lon="176.1556998">
                <ele>207.7</ele>
            </trkpt>
            <trkpt lat="-40.8560603" lon="176.1557642">
                <ele>208.5</ele>
            </trkpt>
            <trkpt lat="-40.8558737" lon="176.155858">
                <ele>208.2</ele>
            </trkpt>
            <trkpt lat="-40.8557134" lon="176.1559868">
                <ele>208.4</ele>
            </trkpt>
            <trkpt lat="-40.8555389" lon="176.156196">
                <ele>208.5</ele>
            </trkpt>
            <trkpt lat="-40.8554111" lon="176.1564374">
                <ele>207</ele>
            </trkpt>
            <trkpt lat="-40.85533" lon="176.1566707">
                <ele>204.8</ele>
            </trkpt>
            <trkpt lat="-40.8552407" lon="176.1570463">
                <ele>198.5</ele>
            </trkpt>
            <trkpt lat="-40.8552123" lon="176.1573225">
                <ele>194</ele>
            </trkpt>
            <trkpt lat="-40.8552245" lon="176.1574942">
                <ele>191.5</ele>
            </trkpt>
            <trkpt lat="-40.855261" lon="176.1575934">
                <ele>190.2</ele>
            </trkpt>
            <trkpt lat="-40.85533" lon="176.1577275">
                <ele>189.2</ele>
            </trkpt>
            <trkpt lat="-40.8555085" lon="176.1578751">
                <ele>191.5</ele>
            </trkpt>
            <trkpt lat="-40.8556566" lon="176.1580279">
                <ele>192.4</ele>
            </trkpt>
            <trkpt lat="-40.8557256" lon="176.1581513">
                <ele>193</ele>
            </trkpt>
            <trkpt lat="-40.855754" lon="176.1582425">
                <ele>192.8</ele>
            </trkpt>
            <trkpt lat="-40.8557621" lon="176.158382">
                <ele>192.2</ele>
            </trkpt>
            <trkpt lat="-40.8557499" lon="176.1585268">
                <ele>191.5</ele>
            </trkpt>
            <trkpt lat="-40.8556911" lon="176.1586744">
                <ele>190</ele>
            </trkpt>
            <trkpt lat="-40.8555369" lon="176.1588433">
                <ele>186.5</ele>
            </trkpt>
            <trkpt lat="-40.8551271" lon="176.1592269">
                <ele>176</ele>
            </trkpt>
            <trkpt lat="-40.8549851" lon="176.1594093">
                <ele>172.2</ele>
            </trkpt>
            <trkpt lat="-40.8549202" lon="176.1595595">
                <ele>171</ele>
            </trkpt>
            <trkpt lat="-40.8548451" lon="176.1597607">
                <ele>169.8</ele>
            </trkpt>
            <trkpt lat="-40.8546605" lon="176.1607692">
                <ele>168</ele>
            </trkpt>
            <trkpt lat="-40.854557" lon="176.161209">
                <ele>166</ele>
            </trkpt>
            <trkpt lat="-40.854344" lon="176.1616784">
                <ele>159</ele>
            </trkpt>
            <trkpt lat="-40.8538307" lon="176.162518">
                <ele>143.8</ele>
            </trkpt>
            <trkpt lat="-40.8536197" lon="176.1629686">
                <ele>139</ele>
            </trkpt>
            <trkpt lat="-40.8532099" lon="176.1644116">
                <ele>127.8</ele>
            </trkpt>
            <trkpt lat="-40.8531328" lon="176.1648971">
                <ele>123.5</ele>
            </trkpt>
            <trkpt lat="-40.8531348" lon="176.1651412">
                <ele>122</ele>
            </trkpt>
            <trkpt lat="-40.8532505" lon="176.1661148">
                <ele>117.8</ele>
            </trkpt>
            <trkpt lat="-40.8534047" lon="176.1665761">
                <ele>117.2</ele>
            </trkpt>
            <trkpt lat="-40.8540072" lon="176.1675686">
                <ele>115.5</ele>
            </trkpt>
            <trkpt lat="-40.8543217" lon="176.1684242">
                <ele>105.2</ele>
            </trkpt>
            <trkpt lat="-40.8544393" lon="176.1687514">
                <ele>100.8</ele>
            </trkpt>
            <trkpt lat="-40.854701" lon="176.169135">
                <ele>96.5</ele>
            </trkpt>
            <trkpt lat="-40.8551595" lon="176.1695614">
                <ele>91.8</ele>
            </trkpt>
            <trkpt lat="-40.8555004" lon="176.1697358">
                <ele>90</ele>
            </trkpt>
            <trkpt lat="-40.8561212" lon="176.1698163">
                <ele>88</ele>
            </trkpt>
            <trkpt lat="-40.8565553" lon="176.1697975">
                <ele>85.8</ele>
            </trkpt>
            <trkpt lat="-40.8568738" lon="176.1696392">
                <ele>85</ele>
            </trkpt>
            <trkpt lat="-40.857245" lon="176.1693925">
                <ele>83.2</ele>
            </trkpt>
            <trkpt lat="-40.857596" lon="176.1690304">
                <ele>81.2</ele>
            </trkpt>
            <trkpt lat="-40.8577157" lon="176.1689419">
                <ele>80.2</ele>
            </trkpt>
            <trkpt lat="-40.8578597" lon="176.1688855">
                <ele>78.2</ele>
            </trkpt>
            <trkpt lat="-40.8580383" lon="176.1688694">
                <ele>75.2</ele>
            </trkpt>
            <trkpt lat="-40.8585779" lon="176.1688802">
                <ele>70.2</ele>
            </trkpt>
            <trkpt lat="-40.8587909" lon="176.1689311">
                <ele>70.5</ele>
            </trkpt>
            <trkpt lat="-40.8589308" lon="176.1689928">
                <ele>71.2</ele>
            </trkpt>
            <trkpt lat="-40.8590668" lon="176.1690867">
                <ele>72</ele>
            </trkpt>
            <trkpt lat="-40.8591621" lon="176.1691913">
                <ele>72.2</ele>
            </trkpt>
            <trkpt lat="-40.8592777" lon="176.1693308">
                <ele>72.5</ele>
            </trkpt>
            <trkpt lat="-40.8593954" lon="176.1695185">
                <ele>73.5</ele>
            </trkpt>
            <trkpt lat="-40.8595029" lon="176.169709">
                <ele>74.8</ele>
            </trkpt>
            <trkpt lat="-40.8596936" lon="176.1700925">
                <ele>76.2</ele>
            </trkpt>
            <trkpt lat="-40.8597808" lon="176.1703044">
                <ele>76.5</ele>
            </trkpt>
            <trkpt lat="-40.859864" lon="176.1705163">
                <ele>76.8</ele>
            </trkpt>
            <trkpt lat="-40.8599512" lon="176.1707202">
                <ele>77.8</ele>
            </trkpt>
            <trkpt lat="-40.8600608" lon="176.1709133">
                <ele>78.5</ele>
            </trkpt>
            <trkpt lat="-40.8603083" lon="176.1712888">
                <ele>79.5</ele>
            </trkpt>
            <trkpt lat="-40.8604137" lon="176.1714765">
                <ele>80</ele>
            </trkpt>
            <trkpt lat="-40.8605071" lon="176.1716563">
                <ele>80.2</ele>
            </trkpt>
            <trkpt lat="-40.8605821" lon="176.1718494">
                <ele>79</ele>
            </trkpt>
            <trkpt lat="-40.860647" lon="176.17208">
                <ele>76.5</ele>
            </trkpt>
            <trkpt lat="-40.860714" lon="176.1723912">
                <ele>71.8</ele>
            </trkpt>
            <trkpt lat="-40.8610122" lon="176.1738905">
                <ele>56.8</ele>
            </trkpt>
            <trkpt lat="-40.8610467" lon="176.1741319">
                <ele>57</ele>
            </trkpt>
            <trkpt lat="-40.8610609" lon="176.174368">
                <ele>58</ele>
            </trkpt>
            <trkpt lat="-40.8610588" lon="176.1746308">
                <ele>58.5</ele>
            </trkpt>
            <trkpt lat="-40.8610426" lon="176.1748427">
                <ele>59.8</ele>
            </trkpt>
            <trkpt lat="-40.8610101" lon="176.1750975">
                <ele>60.5</ele>
            </trkpt>
            <trkpt lat="-40.8609635" lon="176.1753309">
                <ele>60</ele>
            </trkpt>
            <trkpt lat="-40.8609067" lon="176.1755428">
                <ele>59.5</ele>
            </trkpt>
            <trkpt lat="-40.8608154" lon="176.1758378">
                <ele>57.5</ele>
            </trkpt>
            <trkpt lat="-40.8598741" lon="176.1782652">
                <ele>50.8</ele>
            </trkpt>
            <trkpt lat="-40.8597869" lon="176.17852">
                <ele>50.3</ele>
            </trkpt>
            <trkpt lat="-40.8597362" lon="176.1787131">
                <ele>50</ele>
            </trkpt>
            <trkpt lat="-40.859724" lon="176.1788902">
                <ele>50.2</ele>
            </trkpt>
            <trkpt lat="-40.8597321" lon="176.1790726">
                <ele>51</ele>
            </trkpt>
            <trkpt lat="-40.8597666" lon="176.1792657">
                <ele>52</ele>
            </trkpt>
            <trkpt lat="-40.859935" lon="176.1798424">
                <ele>54.5</ele>
            </trkpt>
            <trkpt lat="-40.8600851" lon="176.1802527">
                <ele>52.5</ele>
            </trkpt>
            <trkpt lat="-40.8601764" lon="176.1804271">
                <ele>51.2</ele>
            </trkpt>
            <trkpt lat="-40.8602738" lon="176.1805665">
                <ele>50.5</ele>
            </trkpt>
            <trkpt lat="-40.8603955" lon="176.1806658">
                <ele>50.2</ele>
            </trkpt>
            <trkpt lat="-40.8605375" lon="176.180765">
                <ele>50</ele>
            </trkpt>
            <trkpt lat="-40.8607119" lon="176.1808482">
                <ele>50.2</ele>
            </trkpt>
            <trkpt lat="-40.8612637" lon="176.1810762">
                <ele>52.2</ele>
            </trkpt>
            <trkpt lat="-40.8616897" lon="176.1813122">
                <ele>51.8</ele>
            </trkpt>
            <trkpt lat="-40.8621198" lon="176.1818862">
                <ele>46</ele>
            </trkpt>
            <trkpt lat="-40.8635296" lon="176.1840105">
                <ele>41.2</ele>
            </trkpt>
            <trkpt lat="-40.8640306" lon="176.1848474">
                <ele>40.2</ele>
            </trkpt>
            <trkpt lat="-40.864276" lon="176.1853194">
                <ele>39</ele>
            </trkpt>
            <trkpt lat="-40.8645762" lon="176.1856225">
                <ele>37.5</ele>
            </trkpt>
            <trkpt lat="-40.8651178" lon="176.185931">
                <ele>34.2</ele>
            </trkpt>
            <trkpt lat="-40.8671969" lon="176.1868">
                <ele>32.8</ele>
            </trkpt>
            <trkpt lat="-40.8673653" lon="176.1868644">
                <ele>32.5</ele>
            </trkpt>
            <trkpt lat="-40.8675316" lon="176.1869046">
                <ele>32.2</ele>
            </trkpt>
            <trkpt lat="-40.8677223" lon="176.1869341">
                <ele>31.5</ele>
            </trkpt>
            <trkpt lat="-40.86799" lon="176.1869314">
                <ele>31</ele>
            </trkpt>
            <trkpt lat="-40.868779" lon="176.1868992">
                <ele>30.4</ele>
            </trkpt>
            <trkpt lat="-40.8689819" lon="176.1869127">
                <ele>30.2</ele>
            </trkpt>
            <trkpt lat="-40.8691563" lon="176.1869502">
                <ele>30</ele>
            </trkpt>
            <trkpt lat="-40.8693348" lon="176.1870199">
                <ele>29.7</ele>
            </trkpt>
            <trkpt lat="-40.8694991" lon="176.1871326">
                <ele>29.5</ele>
            </trkpt>
            <trkpt lat="-40.8696269" lon="176.1872801">
                <ele>30.5</ele>
            </trkpt>
            <trkpt lat="-40.8697181" lon="176.1874303">
                <ele>32</ele>
            </trkpt>
            <trkpt lat="-40.8697912" lon="176.1875886">
                <ele>33.5</ele>
            </trkpt>
            <trkpt lat="-40.869852" lon="176.1877897">
                <ele>34.8</ele>
            </trkpt>
            <trkpt lat="-40.8703205" lon="176.1895788">
                <ele>31.8</ele>
            </trkpt>
            <trkpt lat="-40.8703712" lon="176.1898363">
                <ele>31</ele>
            </trkpt>
            <trkpt lat="-40.8703915" lon="176.189957">
                <ele>30.5</ele>
            </trkpt>
            <trkpt lat="-40.8704057" lon="176.1900777">
                <ele>30</ele>
            </trkpt>
            <trkpt lat="-40.8704179" lon="176.1902681">
                <ele>29.2</ele>
            </trkpt>
            <trkpt lat="-40.8704159" lon="176.1904907">
                <ele>28.5</ele>
            </trkpt>
            <trkpt lat="-40.8704057" lon="176.1906034">
                <ele>28</ele>
            </trkpt>
            <trkpt lat="-40.8703875" lon="176.1907107">
                <ele>27.5</ele>
            </trkpt>
            <trkpt lat="-40.8703631" lon="176.1908501">
                <ele>27.5</ele>
            </trkpt>
            <trkpt lat="-40.8703327" lon="176.1909816">
                <ele>27.5</ele>
            </trkpt>
            <trkpt lat="-40.8700447" lon="176.1920759">
                <ele>27.2</ele>
            </trkpt>
            <trkpt lat="-40.8696532" lon="176.193586">
                <ele>25.2</ele>
            </trkpt>
            <trkpt lat="-40.8695376" lon="176.1940125">
                <ele>25.5</ele>
            </trkpt>
            <trkpt lat="-40.869418" lon="176.194447">
                <ele>26.5</ele>
            </trkpt>
            <trkpt lat="-40.8691705" lon="176.1953026">
                <ele>27.2</ele>
            </trkpt>
            <trkpt lat="-40.8691097" lon="176.1955091">
                <ele>27.4</ele>
            </trkpt>
            <trkpt lat="-40.8690346" lon="176.1957157">
                <ele>27.5</ele>
            </trkpt>
            <trkpt lat="-40.8688683" lon="176.1960992">
                <ele>27.8</ele>
            </trkpt>
            <trkpt lat="-40.868487" lon="176.1969656">
                <ele>30</ele>
            </trkpt>
            <trkpt lat="-40.8675113" lon="176.1991274">
                <ele>31.5</ele>
            </trkpt>
            <trkpt lat="-40.8673795" lon="176.1994815">
                <ele>31</ele>
            </trkpt>
            <trkpt lat="-40.86727" lon="176.1998543">
                <ele>30.8</ele>
            </trkpt>
            <trkpt lat="-40.8670834" lon="176.2005973">
                <ele>29.2</ele>
            </trkpt>
            <trkpt lat="-40.8669089" lon="176.2012786">
                <ele>29.8</ele>
            </trkpt>
            <trkpt lat="-40.8667324" lon="176.2019598">
                <ele>28.8</ele>
            </trkpt>
            <trkpt lat="-40.8666655" lon="176.2022012">
                <ele>29.2</ele>
            </trkpt>
            <trkpt lat="-40.8665823" lon="176.2024373">
                <ele>28.5</ele>
            </trkpt>
            <trkpt lat="-40.8665134" lon="176.2025982">
                <ele>27.8</ele>
            </trkpt>
            <trkpt lat="-40.8664302" lon="176.2027618">
                <ele>27</ele>
            </trkpt>
            <trkpt lat="-40.8662416" lon="176.203081">
                <ele>26.5</ele>
            </trkpt>
            <trkpt lat="-40.8652497" lon="176.2047493">
                <ele>28.7</ele>
            </trkpt>
            <trkpt lat="-40.86513" lon="176.2049881">
                <ele>28.9</ele>
            </trkpt>
            <trkpt lat="-40.8650164" lon="176.2052429">
                <ele>29.2</ele>
            </trkpt>
            <trkpt lat="-40.8649069" lon="176.2055835">
                <ele>30.2</ele>
            </trkpt>
            <trkpt lat="-40.8647771" lon="176.2060019">
                <ele>32.8</ele>
            </trkpt>
            <trkpt lat="-40.8646391" lon="176.2064043">
                <ele>33.5</ele>
            </trkpt>
            <trkpt lat="-40.8645681" lon="176.2065491">
                <ele>33.8</ele>
            </trkpt>
            <trkpt lat="-40.864485" lon="176.2066966">
                <ele>33.2</ele>
            </trkpt>
            <trkpt lat="-40.8643835" lon="176.2068307">
                <ele>32.5</ele>
            </trkpt>
            <trkpt lat="-40.8639981" lon="176.207276">
                <ele>27.8</ele>
            </trkpt>
            <trkpt lat="-40.8638014" lon="176.207504">
                <ele>25.5</ele>
            </trkpt>
            <trkpt lat="-40.8636269" lon="176.2077212">
                <ele>23.2</ele>
            </trkpt>
            <trkpt lat="-40.8635661" lon="176.2078124">
                <ele>22.8</ele>
            </trkpt>
            <trkpt lat="-40.8634991" lon="176.2079278">
                <ele>22.2</ele>
            </trkpt>
            <trkpt lat="-40.8634362" lon="176.2080565">
                <ele>21.8</ele>
            </trkpt>
            <trkpt lat="-40.8633835" lon="176.2081879">
                <ele>21.5</ele>
            </trkpt>
            <trkpt lat="-40.8633287" lon="176.208373">
                <ele>21</ele>
            </trkpt>
            <trkpt lat="-40.8633024" lon="176.2085018">
                <ele>20</ele>
            </trkpt>
            <trkpt lat="-40.863278" lon="176.2086493">
                <ele>19</ele>
            </trkpt>
            <trkpt lat="-40.8632577" lon="176.2088531">
                <ele>18.3</ele>
            </trkpt>
            <trkpt lat="-40.8632557" lon="176.2088639">
                <ele>18.2</ele>
            </trkpt>
            <trkpt lat="-40.8632557" lon="176.209057">
                <ele>18</ele>
            </trkpt>
            <trkpt lat="-40.8632598" lon="176.2091535">
                <ele>17.8</ele>
            </trkpt>
            <trkpt lat="-40.8632699" lon="176.2092608">
                <ele>17.5</ele>
            </trkpt>
            <trkpt lat="-40.8636939" lon="176.2122595">
                <ele>12.8</ele>
            </trkpt>
            <trkpt lat="-40.863702" lon="176.212399">
                <ele>12.2</ele>
            </trkpt>
            <trkpt lat="-40.863702" lon="176.2125385">
                <ele>12.1</ele>
            </trkpt>
            <trkpt lat="-40.8636898" lon="176.2127075">
                <ele>12</ele>
            </trkpt>
            <trkpt lat="-40.8636756" lon="176.2128174">
                <ele>11.8</ele>
            </trkpt>
            <trkpt lat="-40.8636574" lon="176.2129247">
                <ele>11.2</ele>
            </trkpt>
            <trkpt lat="-40.8636148" lon="176.2130964">
                <ele>11.2</ele>
            </trkpt>
            <trkpt lat="-40.8635275" lon="176.2134048">
                <ele>11.2</ele>
            </trkpt>
            <trkpt lat="-40.8634484" lon="176.2136865">
                <ele>12</ele>
            </trkpt>
            <trkpt lat="-40.8633916" lon="176.2139091">
                <ele>12.4</ele>
            </trkpt>
            <trkpt lat="-40.8633795" lon="176.2139547">
                <ele>12.5</ele>
            </trkpt>
            <trkpt lat="-40.8633348" lon="176.2141907">
                <ele>13</ele>
            </trkpt>
            <trkpt lat="-40.8633206" lon="176.2143731">
                <ele>13.8</ele>
            </trkpt>
            <trkpt lat="-40.8633206" lon="176.2145582">
                <ele>14</ele>
            </trkpt>
            <trkpt lat="-40.863349" lon="176.2147593">
                <ele>13.5</ele>
            </trkpt>
            <trkpt lat="-40.8633997" lon="176.2149659">
                <ele>13.4</ele>
            </trkpt>
            <trkpt lat="-40.8635113" lon="176.2152368">
                <ele>13.2</ele>
            </trkpt>
            <trkpt lat="-40.8636208" lon="176.2154809">
                <ele>13</ele>
            </trkpt>
            <trkpt lat="-40.8646614" lon="176.2177983">
                <ele>11</ele>
            </trkpt>
            <trkpt lat="-40.8649556" lon="176.2184554">
                <ele>10</ele>
            </trkpt>
            <trkpt lat="-40.8651503" lon="176.218839">
                <ele>9.1</ele>
            </trkpt>
            <trkpt lat="-40.8651827" lon="176.218906">
                <ele>9</ele>
            </trkpt>
            <trkpt lat="-40.8666574" lon="176.2211913">
                <ele>8.8</ele>
            </trkpt>
            <trkpt lat="-40.8670509" lon="176.2217894">
                <ele>8</ele>
            </trkpt>
            <trkpt lat="-40.8671665" lon="176.2219691">
                <ele>7.5</ele>
            </trkpt>
            <trkpt lat="-40.8672923" lon="176.2221301">
                <ele>7</ele>
            </trkpt>
            <trkpt lat="-40.8674505" lon="176.2222964">
                <ele>6.5</ele>
            </trkpt>
            <trkpt lat="-40.8679535" lon="176.222747">
                <ele>6.5</ele>
            </trkpt>
            <trkpt lat="-40.8681888" lon="176.2229535">
                <ele>4</ele>
            </trkpt>
            <trkpt lat="-40.8690245" lon="176.2236401">
                <ele>4</ele>
            </trkpt>
            <trkpt lat="-40.8690508" lon="176.2236562">
                <ele>4</ele>
            </trkpt>
            <trkpt lat="-40.8691766" lon="176.2237287">
                <ele>4.2</ele>
            </trkpt>
            <trkpt lat="-40.8693531" lon="176.2238118">
                <ele>4.5</ele>
            </trkpt>
            <trkpt lat="-40.8695255" lon="176.2238708">
                <ele>5</ele>
            </trkpt>
            <trkpt lat="-40.8697019" lon="176.2238923">
                <ele>5.5</ele>
            </trkpt>
            <trkpt lat="-40.8698966" lon="176.223895">
                <ele>6.2</ele>
            </trkpt>
            <trkpt lat="-40.8700609" lon="176.2238735">
                <ele>7</ele>
            </trkpt>
            <trkpt lat="-40.8702333" lon="176.2238306">
                <ele>7.2</ele>
            </trkpt>
            <trkpt lat="-40.8704118" lon="176.2237582">
                <ele>7.8</ele>
            </trkpt>
            <trkpt lat="-40.8705842" lon="176.2236616">
                <ele>9</ele>
            </trkpt>
            <trkpt lat="-40.8707363" lon="176.2235463">
                <ele>10</ele>
            </trkpt>
            <trkpt lat="-40.8708763" lon="176.2234122">
                <ele>11</ele>
            </trkpt>
            <trkpt lat="-40.8734521" lon="176.2203357">
                <ele>22.5</ele>
            </trkpt>
            <trkpt lat="-40.8735941" lon="176.2201667">
                <ele>23.8</ele>
            </trkpt>
            <trkpt lat="-40.873732" lon="176.219987">
                <ele>25</ele>
            </trkpt>
            <trkpt lat="-40.8740058" lon="176.2196222">
                <ele>26.5</ele>
            </trkpt>
            <trkpt lat="-40.8745372" lon="176.2188658">
                <ele>32.5</ele>
            </trkpt>
            <trkpt lat="-40.875028" lon="176.2181389">
                <ele>36.8</ele>
            </trkpt>
            <trkpt lat="-40.8751841" lon="176.2178546">
                <ele>38.2</ele>
            </trkpt>
            <trkpt lat="-40.8753241" lon="176.2175596">
                <ele>39.8</ele>
            </trkpt>
            <trkpt lat="-40.8754742" lon="176.217168">
                <ele>41.2</ele>
            </trkpt>
            <trkpt lat="-40.8756101" lon="176.2168515">
                <ele>43.2</ele>
            </trkpt>
            <trkpt lat="-40.8757926" lon="176.2165135">
                <ele>44.8</ele>
            </trkpt>
            <trkpt lat="-40.8760704" lon="176.2160549">
                <ele>46.8</ele>
            </trkpt>
            <trkpt lat="-40.8762104" lon="176.2158296">
                <ele>48</ele>
            </trkpt>
            <trkpt lat="-40.8763665" lon="176.215615">
                <ele>49</ele>
            </trkpt>
            <trkpt lat="-40.8764902" lon="176.2154835">
                <ele>49.8</ele>
            </trkpt>
            <trkpt lat="-40.8766282" lon="176.2153682">
                <ele>50.8</ele>
            </trkpt>
            <trkpt lat="-40.8769182" lon="176.2151724">
                <ele>53.2</ele>
            </trkpt>
            <trkpt lat="-40.8777699" lon="176.2146413">
                <ele>58.8</ele>
            </trkpt>
            <trkpt lat="-40.8779261" lon="176.214534">
                <ele>60</ele>
            </trkpt>
            <trkpt lat="-40.8780823" lon="176.2144214">
                <ele>61.8</ele>
            </trkpt>
            <trkpt lat="-40.8788245" lon="176.2137026">
                <ele>68.5</ele>
            </trkpt>
            <trkpt lat="-40.8789807" lon="176.2135684">
                <ele>69.8</ele>
            </trkpt>
            <trkpt lat="-40.8790963" lon="176.2134933">
                <ele>70.8</ele>
            </trkpt>
            <trkpt lat="-40.8792159" lon="176.213429">
                <ele>71.8</ele>
            </trkpt>
            <trkpt lat="-40.8800312" lon="176.2130588">
                <ele>75</ele>
            </trkpt>
            <trkpt lat="-40.8802907" lon="176.2129086">
                <ele>73.8</ele>
            </trkpt>
            <trkpt lat="-40.880455" lon="176.2127852">
                <ele>74</ele>
            </trkpt>
            <trkpt lat="-40.8805402" lon="176.2127048">
                <ele>74.8</ele>
            </trkpt>
            <trkpt lat="-40.8806173" lon="176.2126136">
                <ele>75.8</ele>
            </trkpt>
            <trkpt lat="-40.8807308" lon="176.2124553">
                <ele>77.2</ele>
            </trkpt>
            <trkpt lat="-40.8808525" lon="176.21223">
                <ele>78.8</ele>
            </trkpt>
            <trkpt lat="-40.8811628" lon="176.2115327">
                <ele>85.2</ele>
            </trkpt>
            <trkpt lat="-40.8812297" lon="176.2113824">
                <ele>86.2</ele>
            </trkpt>
            <trkpt lat="-40.8812824" lon="176.2112859">
                <ele>86.8</ele>
            </trkpt>
            <trkpt lat="-40.8813473" lon="176.2111813">
                <ele>87.2</ele>
            </trkpt>
            <trkpt lat="-40.8814548" lon="176.2110633">
                <ele>87.5</ele>
            </trkpt>
            <trkpt lat="-40.8816332" lon="176.2109211">
                <ele>87.2</ele>
            </trkpt>
            <trkpt lat="-40.8817204" lon="176.2108755">
                <ele>86.8</ele>
            </trkpt>
            <trkpt lat="-40.8818279" lon="176.2108272">
                <ele>86.2</ele>
            </trkpt>
            <trkpt lat="-40.8819313" lon="176.2108138">
                <ele>85.5</ele>
            </trkpt>
            <trkpt lat="-40.8820368" lon="176.2108111">
                <ele>84.8</ele>
            </trkpt>
            <trkpt lat="-40.882124" lon="176.2108272">
                <ele>84</ele>
            </trkpt>
            <trkpt lat="-40.8822092" lon="176.2108594">
                <ele>83.2</ele>
            </trkpt>
            <trkpt lat="-40.8823288" lon="176.2109211">
                <ele>82.2</ele>
            </trkpt>
            <trkpt lat="-40.8824383" lon="176.2109935">
                <ele>81.5</ele>
            </trkpt>
            <trkpt lat="-40.8829676" lon="176.2113878">
                <ele>79.5</ele>
            </trkpt>
            <trkpt lat="-40.8833103" lon="176.2115595">
                <ele>79.8</ele>
            </trkpt>
            <trkpt lat="-40.8836469" lon="176.2115219">
                <ele>78.2</ele>
            </trkpt>
            <trkpt lat="-40.8845209" lon="176.2111866">
                <ele>67.5</ele>
            </trkpt>
            <trkpt lat="-40.88489" lon="176.211192">
                <ele>63.5</ele>
            </trkpt>
            <trkpt lat="-40.8852733" lon="176.2113449">
                <ele>61.8</ele>
            </trkpt>
            <trkpt lat="-40.8870942" lon="176.2124419">
                <ele>45.2</ele>
            </trkpt>
            <trkpt lat="-40.887443" lon="176.2127692">
                <ele>45</ele>
            </trkpt>
            <trkpt lat="-40.8884467" lon="176.2139064">
                <ele>40.8</ele>
            </trkpt>
            <trkpt lat="-40.8903548" lon="176.2155238">
                <ele>30</ele>
            </trkpt>
            <trkpt lat="-40.8909184" lon="176.2159342">
                <ele>25.8</ele>
            </trkpt>
            <trkpt lat="-40.8913118" lon="176.2161165">
                <ele>24.2</ele>
            </trkpt>
            <trkpt lat="-40.8919059" lon="176.2162453">
                <ele>21.8</ele>
            </trkpt>
            <trkpt lat="-40.8922242" lon="176.2162507">
                <ele>21</ele>
            </trkpt>
            <trkpt lat="-40.8937388" lon="176.2161568">
                <ele>16</ele>
            </trkpt>
            <trkpt lat="-40.8939619" lon="176.2161595">
                <ele>15</ele>
            </trkpt>
            <trkpt lat="-40.8941443" lon="176.2161863">
                <ele>14.2</ele>
            </trkpt>
            <trkpt lat="-40.8943309" lon="176.2162453">
                <ele>13.2</ele>
            </trkpt>
            <trkpt lat="-40.8945133" lon="176.2163338">
                <ele>12</ele>
            </trkpt>
            <trkpt lat="-40.8945661" lon="176.2163687">
                <ele>11.8</ele>
            </trkpt>
            <trkpt lat="-40.8947181" lon="176.2164545">
                <ele>11.5</ele>
            </trkpt>
            <trkpt lat="-40.8950993" lon="176.2167281">
                <ele>10.2</ele>
            </trkpt>
            <trkpt lat="-40.8952493" lon="176.2168327">
                <ele>11</ele>
            </trkpt>
            <trkpt lat="-40.8962225" lon="176.2175113">
                <ele>9.5</ele>
            </trkpt>
            <trkpt lat="-40.8964172" lon="176.2176454">
                <ele>9.3</ele>
            </trkpt>
            <trkpt lat="-40.8964881" lon="176.2176991">
                <ele>9.3</ele>
            </trkpt>
            <trkpt lat="-40.8966179" lon="176.2177902">
                <ele>9.2</ele>
            </trkpt>
            <trkpt lat="-40.8968166" lon="176.2179351">
                <ele>9</ele>
            </trkpt>
            <trkpt lat="-40.8969342" lon="176.2180316">
                <ele>8.8</ele>
            </trkpt>
            <trkpt lat="-40.896999" lon="176.218096">
                <ele>8.6</ele>
            </trkpt>
            <trkpt lat="-40.8970497" lon="176.2181792">
                <ele>8.4</ele>
            </trkpt>
            <trkpt lat="-40.8972079" lon="176.2185761">
                <ele>7.8</ele>
            </trkpt>
            <trkpt lat="-40.8972221" lon="176.218619">
                <ele>7.7</ele>
            </trkpt>
            <trkpt lat="-40.8972362" lon="176.218662">
                <ele>7.6</ele>
            </trkpt>
            <trkpt lat="-40.8972829" lon="176.2188202">
                <ele>7.2</ele>
            </trkpt>
            <trkpt lat="-40.8973032" lon="176.2188765">
                <ele>7.1</ele>
            </trkpt>
            <trkpt lat="-40.8973924" lon="176.2191662">
                <ele>6.5</ele>
            </trkpt>
            <trkpt lat="-40.8974207" lon="176.219244">
                <ele>6.2</ele>
            </trkpt>
            <trkpt lat="-40.897443" lon="176.2193003">
                <ele>6</ele>
            </trkpt>
            <trkpt lat="-40.8974633" lon="176.2193567">
                <ele>5.8</ele>
            </trkpt>
            <trkpt lat="-40.8974877" lon="176.2194076">
                <ele>5.5</ele>
            </trkpt>
            <trkpt lat="-40.8974937" lon="176.2194291">
                <ele>5.5</ele>
            </trkpt>
            <trkpt lat="-40.8975525" lon="176.2195364">
                <ele>5.2</ele>
            </trkpt>
            <trkpt lat="-40.897658" lon="176.2196919">
                <ele>4.5</ele>
            </trkpt>
            <trkpt lat="-40.8980878" lon="176.2202767">
                <ele>4.2</ele>
            </trkpt>
            <trkpt lat="-40.8981385" lon="176.2203437">
                <ele>4.2</ele>
            </trkpt>
            <trkpt lat="-40.8983392" lon="176.2206253">
                <ele>4.1</ele>
            </trkpt>
            <trkpt lat="-40.8984182" lon="176.2207326">
                <ele>4.1</ele>
            </trkpt>
            <trkpt lat="-40.8984811" lon="176.2208211">
                <ele>4</ele>
            </trkpt>
            <trkpt lat="-40.8985318" lon="176.2208936">
                <ele>4.2</ele>
            </trkpt>
            <trkpt lat="-40.89855" lon="176.2209204">
                <ele>4.5</ele>
            </trkpt>
            <trkpt lat="-40.8985723" lon="176.2209526">
                <ele>4.8</ele>
            </trkpt>
            <trkpt lat="-40.8986494" lon="176.2210625">
                <ele>5</ele>
            </trkpt>
            <trkpt lat="-40.8987406" lon="176.221194">
                <ele>3.8</ele>
            </trkpt>
            <trkpt lat="-40.8987852" lon="176.2212557">
                <ele>3.2</ele>
            </trkpt>
            <trkpt lat="-40.8988298" lon="176.221312">
                <ele>3.6</ele>
            </trkpt>
            <trkpt lat="-40.8988359" lon="176.22132">
                <ele>3.6</ele>
            </trkpt>
            <trkpt lat="-40.898844" lon="176.2213334">
                <ele>3.7</ele>
            </trkpt>
            <trkpt lat="-40.8988926" lon="176.2213951">
                <ele>4</ele>
            </trkpt>
            <trkpt lat="-40.8989028" lon="176.2214085">
                <ele>4.2</ele>
            </trkpt>
            <trkpt lat="-40.8989291" lon="176.2214381">
                <ele>4.8</ele>
            </trkpt>
            <trkpt lat="-40.8989393" lon="176.2214515">
                <ele>5</ele>
            </trkpt>
            <trkpt lat="-40.8989839" lon="176.2214997">
                <ele>5.8</ele>
            </trkpt>
            <trkpt lat="-40.8990467" lon="176.2215561">
                <ele>6.2</ele>
            </trkpt>
            <trkpt lat="-40.8991238" lon="176.2216178">
                <ele>6.5</ele>
            </trkpt>
            <trkpt lat="-40.8991623" lon="176.2216473">
                <ele>6.5</ele>
            </trkpt>
            <trkpt lat="-40.8992069" lon="176.2216848">
                <ele>6.6</ele>
            </trkpt>
            <trkpt lat="-40.8992535" lon="176.2217224">
                <ele>6.6</ele>
            </trkpt>
            <trkpt lat="-40.8992779" lon="176.2217465">
                <ele>6.6</ele>
            </trkpt>
            <trkpt lat="-40.8993204" lon="176.2217921">
                <ele>6.7</ele>
            </trkpt>
            <trkpt lat="-40.8994117" lon="176.2218913">
                <ele>6.8</ele>
            </trkpt>
            <trkpt lat="-40.89944" lon="176.2219235">
                <ele>6.5</ele>
            </trkpt>
            <trkpt lat="-40.8994846" lon="176.2219718">
                <ele>6</ele>
            </trkpt>
            <trkpt lat="-40.899582" lon="176.2220925">
                <ele>4</ele>
            </trkpt>
            <trkpt lat="-40.8996468" lon="176.2221783">
                <ele>4.2</ele>
            </trkpt>
            <trkpt lat="-40.8997097" lon="176.2222588">
                <ele>6</ele>
            </trkpt>
            <trkpt lat="-40.8997746" lon="176.2223446">
                <ele>8.5</ele>
            </trkpt>
            <trkpt lat="-40.8997989" lon="176.2223795">
                <ele>9.5</ele>
            </trkpt>
            <trkpt lat="-40.899884" lon="176.2224975">
                <ele>10.8</ele>
            </trkpt>
            <trkpt lat="-40.8999672" lon="176.2226129">
                <ele>11.5</ele>
            </trkpt>
            <trkpt lat="-40.9000483" lon="176.2227255">
                <ele>11</ele>
            </trkpt>
            <trkpt lat="-40.9000969" lon="176.2227926">
                <ele>9.5</ele>
            </trkpt>
            <trkpt lat="-40.9003301" lon="176.2231386">
                <ele>9.5</ele>
            </trkpt>
            <trkpt lat="-40.9004091" lon="176.2232539">
                <ele>1</ele>
            </trkpt>
            <trkpt lat="-40.9005186" lon="176.2234095">
                <ele>5.2</ele>
            </trkpt>
            <trkpt lat="-40.9005531" lon="176.2234604">
                <ele>6.2</ele>
            </trkpt>
            <trkpt lat="-40.9007396" lon="176.2237287">
                <ele>7.8</ele>
            </trkpt>
            <trkpt lat="-40.9007619" lon="176.2237608">
                <ele>7.7</ele>
            </trkpt>
            <trkpt lat="-40.9008389" lon="176.2238762">
                <ele>7.5</ele>
            </trkpt>
            <trkpt lat="-40.9008592" lon="176.2239057">
                <ele>7.4</ele>
            </trkpt>
            <trkpt lat="-40.9009606" lon="176.2240559">
                <ele>7</ele>
            </trkpt>
            <trkpt lat="-40.9009991" lon="176.2241122">
                <ele>7.1</ele>
            </trkpt>
            <trkpt lat="-40.9010538" lon="176.2241927">
                <ele>7.2</ele>
            </trkpt>
            <trkpt lat="-40.9010883" lon="176.2242436">
                <ele>7.5</ele>
            </trkpt>
            <trkpt lat="-40.9011126" lon="176.2242812">
                <ele>7.8</ele>
            </trkpt>
            <trkpt lat="-40.9011532" lon="176.2243375">
                <ele>8</ele>
            </trkpt>
            <trkpt lat="-40.9011937" lon="176.2243858">
                <ele>8.2</ele>
            </trkpt>
            <trkpt lat="-40.9012464" lon="176.2244448">
                <ele>8</ele>
            </trkpt>
            <trkpt lat="-40.9012951" lon="176.2244877">
                <ele>7.8</ele>
            </trkpt>
            <trkpt lat="-40.9013072" lon="176.2244985">
                <ele>7.8</ele>
            </trkpt>
            <trkpt lat="-40.9013437" lon="176.2245253">
                <ele>8</ele>
            </trkpt>
            <trkpt lat="-40.9013762" lon="176.2245494">
                <ele>8.2</ele>
            </trkpt>
            <trkpt lat="-40.901439" lon="176.2245896">
                <ele>9.2</ele>
            </trkpt>
            <trkpt lat="-40.9014917" lon="176.2246218">
                <ele>10</ele>
            </trkpt>
            <trkpt lat="-40.9016519" lon="176.2247157">
                <ele>11</ele>
            </trkpt>
            <trkpt lat="-40.9018891" lon="176.2248552">
                <ele>11.2</ele>
            </trkpt>
            <trkpt lat="-40.9019945" lon="176.2249196">
                <ele>11.8</ele>
            </trkpt>
            <trkpt lat="-40.9020776" lon="176.2249839">
                <ele>12.2</ele>
            </trkpt>
            <trkpt lat="-40.9021303" lon="176.2250295">
                <ele>12.5</ele>
            </trkpt>
            <trkpt lat="-40.9021364" lon="176.2250349">
                <ele>12.5</ele>
            </trkpt>
            <trkpt lat="-40.9021668" lon="176.2250751">
                <ele>12.5</ele>
            </trkpt>
            <trkpt lat="-40.902181" lon="176.2251046">
                <ele>12.4</ele>
            </trkpt>
            <trkpt lat="-40.9021952" lon="176.2251341">
                <ele>12.4</ele>
            </trkpt>
            <trkpt lat="-40.9022094" lon="176.2251744">
                <ele>12.4</ele>
            </trkpt>
            <trkpt lat="-40.9022438" lon="176.2252656">
                <ele>12.3</ele>
            </trkpt>
            <trkpt lat="-40.9022884" lon="176.2254184">
                <ele>12.2</ele>
            </trkpt>
            <trkpt lat="-40.9023107" lon="176.2255043">
                <ele>12.4</ele>
            </trkpt>
            <trkpt lat="-40.9023189" lon="176.2255365">
                <ele>12.4</ele>
            </trkpt>
            <trkpt lat="-40.9023635" lon="176.2257162">
                <ele>12.8</ele>
            </trkpt>
            <trkpt lat="-40.9024162" lon="176.2259468">
                <ele>13</ele>
            </trkpt>
            <trkpt lat="-40.9024445" lon="176.2260756">
                <ele>12.8</ele>
            </trkpt>
            <trkpt lat="-40.9024668" lon="176.2261802">
                <ele>12.5</ele>
            </trkpt>
            <trkpt lat="-40.9024729" lon="176.2262526">
                <ele>12.2</ele>
            </trkpt>
            <trkpt lat="-40.902481" lon="176.2264296">
                <ele>11.5</ele>
            </trkpt>
            <trkpt lat="-40.9024831" lon="176.2264833">
                <ele>11.2</ele>
            </trkpt>
            <trkpt lat="-40.9024851" lon="176.2265745">
                <ele>10.8</ele>
            </trkpt>
            <trkpt lat="-40.9024932" lon="176.2267783">
                <ele>9</ele>
            </trkpt>
            <trkpt lat="-40.9024973" lon="176.22684">
                <ele>8.2</ele>
            </trkpt>
            <trkpt lat="-40.9025054" lon="176.2268937">
                <ele>7.8</ele>
            </trkpt>
            <trkpt lat="-40.9025135" lon="176.2269366">
                <ele>7.2</ele>
            </trkpt>
            <trkpt lat="-40.9025256" lon="176.2269741">
                <ele>7</ele>
            </trkpt>
            <trkpt lat="-40.9025378" lon="176.2270036">
                <ele>6.8</ele>
            </trkpt>
            <trkpt lat="-40.902556" lon="176.2270305">
                <ele>6.5</ele>
            </trkpt>
            <trkpt lat="-40.9025783" lon="176.2270546">
                <ele>6.2</ele>
            </trkpt>
            <trkpt lat="-40.9025966" lon="176.2270707">
                <ele>6.2</ele>
            </trkpt>
            <trkpt lat="-40.9026128" lon="176.2270841">
                <ele>6.2</ele>
            </trkpt>
            <trkpt lat="-40.9026351" lon="176.2270975">
                <ele>6.2</ele>
            </trkpt>
            <trkpt lat="-40.9026655" lon="176.2271136">
                <ele>6.1</ele>
            </trkpt>
            <trkpt lat="-40.9026939" lon="176.2271243">
                <ele>6.1</ele>
            </trkpt>
            <trkpt lat="-40.9027223" lon="176.2271351">
                <ele>6.1</ele>
            </trkpt>
            <trkpt lat="-40.9027689" lon="176.2271512">
                <ele>6</ele>
            </trkpt>
            <trkpt lat="-40.9027953" lon="176.2271565">
                <ele>6</ele>
            </trkpt>
            <trkpt lat="-40.9028541" lon="176.2271699">
                <ele>6</ele>
            </trkpt>
            <trkpt lat="-40.9028865" lon="176.2271753">
                <ele>5.9</ele>
            </trkpt>
            <trkpt lat="-40.9029128" lon="176.2271753">
                <ele>5.9</ele>
            </trkpt>
            <trkpt lat="-40.9029351" lon="176.2271726">
                <ele>5.9</ele>
            </trkpt>
            <trkpt lat="-40.9029615" lon="176.2271699">
                <ele>5.9</ele>
            </trkpt>
            <trkpt lat="-40.9029858" lon="176.2271699">
                <ele>5.8</ele>
            </trkpt>
            <trkpt lat="-40.9031095" lon="176.2271833">
                <ele>5.8</ele>
            </trkpt>
            <trkpt lat="-40.9031298" lon="176.2271807">
                <ele>5.8</ele>
            </trkpt>
            <trkpt lat="-40.90315" lon="176.2271726">
                <ele>5.9</ele>
            </trkpt>
            <trkpt lat="-40.9031663" lon="176.2271565">
                <ele>5.9</ele>
            </trkpt>
            <trkpt lat="-40.9031744" lon="176.2271377">
                <ele>6</ele>
            </trkpt>
            <trkpt lat="-40.9031784" lon="176.227119">
                <ele>6.2</ele>
            </trkpt>
            <trkpt lat="-40.9031784" lon="176.2270921">
                <ele>6.5</ele>
            </trkpt>
            <trkpt lat="-40.9031764" lon="176.2270707">
                <ele>6.8</ele>
            </trkpt>
            <trkpt lat="-40.9031723" lon="176.2270492">
                <ele>7</ele>
            </trkpt>
            <trkpt lat="-40.9031663" lon="176.2270358">
                <ele>7</ele>
            </trkpt>
            <trkpt lat="-40.9031967" lon="176.2269929">
                <ele>7.2</ele>
            </trkpt>
            <trkpt lat="-40.9032688" lon="176.2268974">
                <ele>8</ele>
            </trkpt>
            <trkpt lat="-40.9032688" lon="176.2268974">
                <ele>8</ele>
            </trkpt>
            <trkpt lat="-40.9031967" lon="176.2269929">
                <ele>7.2</ele>
            </trkpt>
            <trkpt lat="-40.9031663" lon="176.2270358">
                <ele>7</ele>
            </trkpt>
            <trkpt lat="-40.9031561" lon="176.227017">
                <ele>7</ele>
            </trkpt>
            <trkpt lat="-40.9031419" lon="176.2270063">
                <ele>6.9</ele>
            </trkpt>
            <trkpt lat="-40.9031237" lon="176.2269983">
                <ele>6.9</ele>
            </trkpt>
            <trkpt lat="-40.9031054" lon="176.227001">
                <ele>6.9</ele>
            </trkpt>
            <trkpt lat="-40.9030872" lon="176.2270036">
                <ele>6.9</ele>
            </trkpt>
            <trkpt lat="-40.9030689" lon="176.227009">
                <ele>6.9</ele>
            </trkpt>
            <trkpt lat="-40.9030487" lon="176.2270224">
                <ele>6.8</ele>
            </trkpt>
            <trkpt lat="-40.9030304" lon="176.2270385">
                <ele>6.8</ele>
            </trkpt>
            <trkpt lat="-40.9029838" lon="176.2270895">
                <ele>6.8</ele>
            </trkpt>
            <trkpt lat="-40.9029676" lon="176.2271082">
                <ele>6.7</ele>
            </trkpt>
            <trkpt lat="-40.9029534" lon="176.2271217">
                <ele>6.6</ele>
            </trkpt>
            <trkpt lat="-40.9029412" lon="176.227127">
                <ele>6.6</ele>
            </trkpt>
            <trkpt lat="-40.9029189" lon="176.2271377">
                <ele>6.5</ele>
            </trkpt>
            <trkpt lat="-40.9028926" lon="176.2271431">
                <ele>6.4</ele>
            </trkpt>
            <trkpt lat="-40.9028601" lon="176.2271512">
                <ele>6.2</ele>
            </trkpt>
            <trkpt lat="-40.9028338" lon="176.2271565">
                <ele>6.1</ele>
            </trkpt>
            <trkpt lat="-40.9027953" lon="176.2271565">
                <ele>6</ele>
            </trkpt>
            <trkpt lat="-40.9027689" lon="176.2271512">
                <ele>6</ele>
            </trkpt>
            <trkpt lat="-40.9027223" lon="176.2271351">
                <ele>6.1</ele>
            </trkpt>
            <trkpt lat="-40.9026939" lon="176.2271243">
                <ele>6.1</ele>
            </trkpt>
            <trkpt lat="-40.9026655" lon="176.2271136">
                <ele>6.1</ele>
            </trkpt>
            <trkpt lat="-40.9026351" lon="176.2270975">
                <ele>6.2</ele>
            </trkpt>
            <trkpt lat="-40.9026128" lon="176.2270841">
                <ele>6.2</ele>
            </trkpt>
            <trkpt lat="-40.9025966" lon="176.2270707">
                <ele>6.2</ele>
            </trkpt>
            <trkpt lat="-40.9025783" lon="176.2270546">
                <ele>6.2</ele>
            </trkpt>
            <trkpt lat="-40.902556" lon="176.2270305">
                <ele>6.5</ele>
            </trkpt>
            <trkpt lat="-40.9025378" lon="176.2270036">
                <ele>6.8</ele>
            </trkpt>
            <trkpt lat="-40.9025256" lon="176.2269741">
                <ele>7</ele>
            </trkpt>
            <trkpt lat="-40.9025135" lon="176.2269366">
                <ele>7.2</ele>
            </trkpt>
            <trkpt lat="-40.9025054" lon="176.2268937">
                <ele>7.8</ele>
            </trkpt>
            <trkpt lat="-40.9024973" lon="176.22684">
                <ele>8.2</ele>
            </trkpt>
            <trkpt lat="-40.9024932" lon="176.2267783">
                <ele>9</ele>
            </trkpt>
            <trkpt lat="-40.9024851" lon="176.2265745">
                <ele>10.8</ele>
            </trkpt>
            <trkpt lat="-40.9024831" lon="176.2264833">
                <ele>11.2</ele>
            </trkpt>
            <trkpt lat="-40.902481" lon="176.2264296">
                <ele>11.5</ele>
            </trkpt>
            <trkpt lat="-40.9024729" lon="176.2262526">
                <ele>12.2</ele>
            </trkpt>
            <trkpt lat="-40.9024668" lon="176.2261802">
                <ele>12.5</ele>
            </trkpt>
            <trkpt lat="-40.9024445" lon="176.2260756">
                <ele>12.8</ele>
            </trkpt>
            <trkpt lat="-40.9024162" lon="176.2259468">
                <ele>13</ele>
            </trkpt>
            <trkpt lat="-40.9023635" lon="176.2257162">
                <ele>12.8</ele>
            </trkpt>
            <trkpt lat="-40.9023189" lon="176.2255365">
                <ele>12.4</ele>
            </trkpt>
            <trkpt lat="-40.9023107" lon="176.2255043">
                <ele>12.4</ele>
            </trkpt>
            <trkpt lat="-40.9022884" lon="176.2254184">
                <ele>12.2</ele>
            </trkpt>
            <trkpt lat="-40.9022438" lon="176.2252656">
                <ele>12.3</ele>
            </trkpt>
            <trkpt lat="-40.9022094" lon="176.2251744">
                <ele>12.4</ele>
            </trkpt>
            <trkpt lat="-40.9021952" lon="176.2251341">
                <ele>12.4</ele>
            </trkpt>
            <trkpt lat="-40.902181" lon="176.2251046">
                <ele>12.4</ele>
            </trkpt>
            <trkpt lat="-40.9021668" lon="176.2250751">
                <ele>12.5</ele>
            </trkpt>
            <trkpt lat="-40.9021364" lon="176.2250349">
                <ele>12.5</ele>
            </trkpt>
            <trkpt lat="-40.9021303" lon="176.2250295">
                <ele>12.5</ele>
            </trkpt>
            <trkpt lat="-40.9020776" lon="176.2249839">
                <ele>12.2</ele>
            </trkpt>
            <trkpt lat="-40.9019945" lon="176.2249196">
                <ele>11.8</ele>
            </trkpt>
            <trkpt lat="-40.9018891" lon="176.2248552">
                <ele>11.2</ele>
            </trkpt>
            <trkpt lat="-40.9016519" lon="176.2247157">
                <ele>11</ele>
            </trkpt>
            <trkpt lat="-40.9014917" lon="176.2246218">
                <ele>10</ele>
            </trkpt>
            <trkpt lat="-40.901439" lon="176.2245896">
                <ele>9.2</ele>
            </trkpt>
            <trkpt lat="-40.9013762" lon="176.2245494">
                <ele>8.2</ele>
            </trkpt>
            <trkpt lat="-40.9013437" lon="176.2245253">
                <ele>8</ele>
            </trkpt>
            <trkpt lat="-40.9013072" lon="176.2244985">
                <ele>7.8</ele>
            </trkpt>
            <trkpt lat="-40.9012951" lon="176.2244877">
                <ele>7.8</ele>
            </trkpt>
            <trkpt lat="-40.9012464" lon="176.2244448">
                <ele>8</ele>
            </trkpt>
            <trkpt lat="-40.9011937" lon="176.2243858">
                <ele>8.2</ele>
            </trkpt>
            <trkpt lat="-40.9011532" lon="176.2243375">
                <ele>8</ele>
            </trkpt>
            <trkpt lat="-40.9011126" lon="176.2242812">
                <ele>7.8</ele>
            </trkpt>
            <trkpt lat="-40.9010883" lon="176.2242436">
                <ele>7.5</ele>
            </trkpt>
            <trkpt lat="-40.9010538" lon="176.2241927">
                <ele>7.2</ele>
            </trkpt>
            <trkpt lat="-40.9009991" lon="176.2241122">
                <ele>7.1</ele>
            </trkpt>
            <trkpt lat="-40.9009606" lon="176.2240559">
                <ele>7</ele>
            </trkpt>
            <trkpt lat="-40.9008592" lon="176.2239057">
                <ele>7.4</ele>
            </trkpt>
            <trkpt lat="-40.9008389" lon="176.2238762">
                <ele>7.5</ele>
            </trkpt>
            <trkpt lat="-40.9007619" lon="176.2237608">
                <ele>7.7</ele>
            </trkpt>
            <trkpt lat="-40.9007396" lon="176.2237287">
                <ele>7.8</ele>
            </trkpt>
            <trkpt lat="-40.9005531" lon="176.2234604">
                <ele>6.2</ele>
            </trkpt>
            <trkpt lat="-40.9005186" lon="176.2234095">
                <ele>5.2</ele>
            </trkpt>
            <trkpt lat="-40.9004091" lon="176.2232539">
                <ele>1</ele>
            </trkpt>
            <trkpt lat="-40.9003301" lon="176.2231386">
                <ele>1</ele>
            </trkpt>
            <trkpt lat="-40.9000969" lon="176.2227926">
                <ele>9.5</ele>
            </trkpt>
            <trkpt lat="-40.9000483" lon="176.2227255">
                <ele>11</ele>
            </trkpt>
            <trkpt lat="-40.8999672" lon="176.2226129">
                <ele>11.5</ele>
            </trkpt>
            <trkpt lat="-40.899884" lon="176.2224975">
                <ele>10.8</ele>
            </trkpt>
            <trkpt lat="-40.8997989" lon="176.2223795">
                <ele>9.5</ele>
            </trkpt>
            <trkpt lat="-40.8997746" lon="176.2223446">
                <ele>8.5</ele>
            </trkpt>
            <trkpt lat="-40.8997097" lon="176.2222588">
                <ele>6</ele>
            </trkpt>
            <trkpt lat="-40.8996468" lon="176.2221783">
                <ele>4.2</ele>
            </trkpt>
            <trkpt lat="-40.899582" lon="176.2220925">
                <ele>4</ele>
            </trkpt>
            <trkpt lat="-40.8994846" lon="176.2219718">
                <ele>6</ele>
            </trkpt>
            <trkpt lat="-40.89944" lon="176.2219235">
                <ele>6.5</ele>
            </trkpt>
            <trkpt lat="-40.8994117" lon="176.2218913">
                <ele>6.8</ele>
            </trkpt>
            <trkpt lat="-40.8993204" lon="176.2217921">
                <ele>6.7</ele>
            </trkpt>
            <trkpt lat="-40.8992779" lon="176.2217465">
                <ele>6.6</ele>
            </trkpt>
            <trkpt lat="-40.8992535" lon="176.2217224">
                <ele>6.6</ele>
            </trkpt>
            <trkpt lat="-40.8992069" lon="176.2216848">
                <ele>6.6</ele>
            </trkpt>
            <trkpt lat="-40.8991623" lon="176.2216473">
                <ele>6.5</ele>
            </trkpt>
            <trkpt lat="-40.8991238" lon="176.2216178">
                <ele>6.5</ele>
            </trkpt>
            <trkpt lat="-40.8990467" lon="176.2215561">
                <ele>6.2</ele>
            </trkpt>
            <trkpt lat="-40.8989839" lon="176.2214997">
                <ele>5.8</ele>
            </trkpt>
            <trkpt lat="-40.8989393" lon="176.2214515">
                <ele>5</ele>
            </trkpt>
            <trkpt lat="-40.8989291" lon="176.2214381">
                <ele>4.8</ele>
            </trkpt>
            <trkpt lat="-40.8989028" lon="176.2214085">
                <ele>4.2</ele>
            </trkpt>
            <trkpt lat="-40.8988926" lon="176.2213951">
                <ele>4</ele>
            </trkpt>
            <trkpt lat="-40.898844" lon="176.2213334">
                <ele>3.7</ele>
            </trkpt>
            <trkpt lat="-40.8988359" lon="176.22132">
                <ele>3.6</ele>
            </trkpt>
            <trkpt lat="-40.8988298" lon="176.221312">
                <ele>3.6</ele>
            </trkpt>
            <trkpt lat="-40.8987852" lon="176.2212557">
                <ele>3.2</ele>
            </trkpt>
            <trkpt lat="-40.8987406" lon="176.221194">
                <ele>3.8</ele>
            </trkpt>
            <trkpt lat="-40.8986494" lon="176.2210625">
                <ele>5</ele>
            </trkpt>
            <trkpt lat="-40.8985723" lon="176.2209526">
                <ele>4.8</ele>
            </trkpt>
            <trkpt lat="-40.89855" lon="176.2209204">
                <ele>4.5</ele>
            </trkpt>
            <trkpt lat="-40.8985318" lon="176.2208936">
                <ele>4.2</ele>
            </trkpt>
            <trkpt lat="-40.8984811" lon="176.2208211">
                <ele>4.2</ele>
            </trkpt>
            <trkpt lat="-40.8984182" lon="176.2207326">
                <ele>4</ele>
            </trkpt>
            <trkpt lat="-40.8983392" lon="176.2206253">
                <ele>4.1</ele>
            </trkpt>
            <trkpt lat="-40.8981385" lon="176.2203437">
                <ele>4.2</ele>
            </trkpt>
            <trkpt lat="-40.8980878" lon="176.2202767">
                <ele>4.2</ele>
            </trkpt>
            <trkpt lat="-40.897658" lon="176.2196919">
                <ele>4.5</ele>
            </trkpt>
            <trkpt lat="-40.8975525" lon="176.2195364">
                <ele>5.2</ele>
            </trkpt>
            <trkpt lat="-40.8974937" lon="176.2194291">
                <ele>5.5</ele>
            </trkpt>
            <trkpt lat="-40.8974877" lon="176.2194076">
                <ele>5.5</ele>
            </trkpt>
            <trkpt lat="-40.8974633" lon="176.2193567">
                <ele>5.8</ele>
            </trkpt>
            <trkpt lat="-40.897443" lon="176.2193003">
                <ele>6</ele>
            </trkpt>
            <trkpt lat="-40.8974207" lon="176.219244">
                <ele>6.2</ele>
            </trkpt>
            <trkpt lat="-40.8973924" lon="176.2191662">
                <ele>6.5</ele>
            </trkpt>
            <trkpt lat="-40.8973032" lon="176.2188765">
                <ele>7.1</ele>
            </trkpt>
            <trkpt lat="-40.8972829" lon="176.2188202">
                <ele>7.2</ele>
            </trkpt>
            <trkpt lat="-40.8972362" lon="176.218662">
                <ele>7.6</ele>
            </trkpt>
            <trkpt lat="-40.8972221" lon="176.218619">
                <ele>7.7</ele>
            </trkpt>
            <trkpt lat="-40.8972079" lon="176.2185761">
                <ele>7.8</ele>
            </trkpt>
            <trkpt lat="-40.8970497" lon="176.2181792">
                <ele>8.4</ele>
            </trkpt>
            <trkpt lat="-40.896999" lon="176.218096">
                <ele>8.6</ele>
            </trkpt>
            <trkpt lat="-40.8969342" lon="176.2180316">
                <ele>8.8</ele>
            </trkpt>
            <trkpt lat="-40.8968166" lon="176.2179351">
                <ele>9</ele>
            </trkpt>
            <trkpt lat="-40.8966179" lon="176.2177902">
                <ele>9.2</ele>
            </trkpt>
            <trkpt lat="-40.8964881" lon="176.2176991">
                <ele>9.3</ele>
            </trkpt>
            <trkpt lat="-40.8964172" lon="176.2176454">
                <ele>9.3</ele>
            </trkpt>
            <trkpt lat="-40.8962225" lon="176.2175113">
                <ele>9.5</ele>
            </trkpt>
            <trkpt lat="-40.8952493" lon="176.2168327">
                <ele>11</ele>
            </trkpt>
            <trkpt lat="-40.8950993" lon="176.2167281">
                <ele>10.2</ele>
            </trkpt>
            <trkpt lat="-40.8947181" lon="176.2164545">
                <ele>11.5</ele>
            </trkpt>
            <trkpt lat="-40.8945661" lon="176.2163687">
                <ele>11.8</ele>
            </trkpt>
            <trkpt lat="-40.8945133" lon="176.2163338">
                <ele>12</ele>
            </trkpt>
            <trkpt lat="-40.8943309" lon="176.2162453">
                <ele>13.2</ele>
            </trkpt>
            <trkpt lat="-40.8941443" lon="176.2161863">
                <ele>14.2</ele>
            </trkpt>
            <trkpt lat="-40.8939619" lon="176.2161595">
                <ele>15</ele>
            </trkpt>
            <trkpt lat="-40.8937388" lon="176.2161568">
                <ele>16</ele>
            </trkpt>
            <trkpt lat="-40.8922242" lon="176.2162507">
                <ele>21</ele>
            </trkpt>
            <trkpt lat="-40.8919059" lon="176.2162453">
                <ele>21.8</ele>
            </trkpt>
            <trkpt lat="-40.8913118" lon="176.2161165">
                <ele>24.2</ele>
            </trkpt>
            <trkpt lat="-40.8909184" lon="176.2159342">
                <ele>25.8</ele>
            </trkpt>
            <trkpt lat="-40.8903548" lon="176.2155238">
                <ele>30</ele>
            </trkpt>
            <trkpt lat="-40.8884467" lon="176.2139064">
                <ele>40.8</ele>
            </trkpt>
            <trkpt lat="-40.887443" lon="176.2127692">
                <ele>45</ele>
            </trkpt>
            <trkpt lat="-40.8870942" lon="176.2124419">
                <ele>45.2</ele>
            </trkpt>
            <trkpt lat="-40.8852733" lon="176.2113449">
                <ele>61.8</ele>
            </trkpt>
            <trkpt lat="-40.88489" lon="176.211192">
                <ele>63.5</ele>
            </trkpt>
            <trkpt lat="-40.8845209" lon="176.2111866">
                <ele>67.5</ele>
            </trkpt>
            <trkpt lat="-40.8836469" lon="176.2115219">
                <ele>78.2</ele>
            </trkpt>
            <trkpt lat="-40.8833103" lon="176.2115595">
                <ele>79.8</ele>
            </trkpt>
            <trkpt lat="-40.8829676" lon="176.2113878">
                <ele>79.5</ele>
            </trkpt>
            <trkpt lat="-40.8824383" lon="176.2109935">
                <ele>81.5</ele>
            </trkpt>
            <trkpt lat="-40.8823288" lon="176.2109211">
                <ele>82.2</ele>
            </trkpt>
            <trkpt lat="-40.8822092" lon="176.2108594">
                <ele>83.2</ele>
            </trkpt>
            <trkpt lat="-40.882124" lon="176.2108272">
                <ele>84</ele>
            </trkpt>
            <trkpt lat="-40.8820368" lon="176.2108111">
                <ele>84.8</ele>
            </trkpt>
            <trkpt lat="-40.8819313" lon="176.2108138">
                <ele>85.5</ele>
            </trkpt>
            <trkpt lat="-40.8818279" lon="176.2108272">
                <ele>86.2</ele>
            </trkpt>
            <trkpt lat="-40.8817204" lon="176.2108755">
                <ele>86.8</ele>
            </trkpt>
            <trkpt lat="-40.8816332" lon="176.2109211">
                <ele>87.2</ele>
            </trkpt>
            <trkpt lat="-40.8814548" lon="176.2110633">
                <ele>87.5</ele>
            </trkpt>
            <trkpt lat="-40.8813473" lon="176.2111813">
                <ele>87.2</ele>
            </trkpt>
            <trkpt lat="-40.8812824" lon="176.2112859">
                <ele>86.8</ele>
            </trkpt>
            <trkpt lat="-40.8812297" lon="176.2113824">
                <ele>86.2</ele>
            </trkpt>
            <trkpt lat="-40.8811628" lon="176.2115327">
                <ele>85.2</ele>
            </trkpt>
            <trkpt lat="-40.8808525" lon="176.21223">
                <ele>78.8</ele>
            </trkpt>
            <trkpt lat="-40.8807308" lon="176.2124553">
                <ele>77.2</ele>
            </trkpt>
            <trkpt lat="-40.8806173" lon="176.2126136">
                <ele>75.8</ele>
            </trkpt>
            <trkpt lat="-40.8805402" lon="176.2127048">
                <ele>74.8</ele>
            </trkpt>
            <trkpt lat="-40.880455" lon="176.2127852">
                <ele>74</ele>
            </trkpt>
            <trkpt lat="-40.8802907" lon="176.2129086">
                <ele>73.8</ele>
            </trkpt>
            <trkpt lat="-40.8800312" lon="176.2130588">
                <ele>75</ele>
            </trkpt>
            <trkpt lat="-40.8792159" lon="176.213429">
                <ele>71.8</ele>
            </trkpt>
            <trkpt lat="-40.8790963" lon="176.2134933">
                <ele>70.8</ele>
            </trkpt>
            <trkpt lat="-40.8789807" lon="176.2135684">
                <ele>69.8</ele>
            </trkpt>
            <trkpt lat="-40.8788245" lon="176.2137026">
                <ele>68.5</ele>
            </trkpt>
            <trkpt lat="-40.8780823" lon="176.2144214">
                <ele>61.8</ele>
            </trkpt>
            <trkpt lat="-40.8779261" lon="176.214534">
                <ele>60</ele>
            </trkpt>
            <trkpt lat="-40.8777699" lon="176.2146413">
                <ele>58.8</ele>
            </trkpt>
            <trkpt lat="-40.8769182" lon="176.2151724">
                <ele>53.2</ele>
            </trkpt>
            <trkpt lat="-40.8766282" lon="176.2153682">
                <ele>50.8</ele>
            </trkpt>
            <trkpt lat="-40.8764902" lon="176.2154835">
                <ele>49.8</ele>
            </trkpt>
            <trkpt lat="-40.8763665" lon="176.215615">
                <ele>49</ele>
            </trkpt>
            <trkpt lat="-40.8762104" lon="176.2158296">
                <ele>48</ele>
            </trkpt>
            <trkpt lat="-40.8760704" lon="176.2160549">
                <ele>46.8</ele>
            </trkpt>
            <trkpt lat="-40.8757926" lon="176.2165135">
                <ele>44.8</ele>
            </trkpt>
            <trkpt lat="-40.8756101" lon="176.2168515">
                <ele>43.2</ele>
            </trkpt>
            <trkpt lat="-40.8754742" lon="176.217168">
                <ele>41.2</ele>
            </trkpt>
            <trkpt lat="-40.8753241" lon="176.2175596">
                <ele>39.8</ele>
            </trkpt>
            <trkpt lat="-40.8751841" lon="176.2178546">
                <ele>38.2</ele>
            </trkpt>
            <trkpt lat="-40.875028" lon="176.2181389">
                <ele>36.8</ele>
            </trkpt>
            <trkpt lat="-40.8745372" lon="176.2188658">
                <ele>32.5</ele>
            </trkpt>
            <trkpt lat="-40.8740058" lon="176.2196222">
                <ele>26.5</ele>
            </trkpt>
            <trkpt lat="-40.873732" lon="176.219987">
                <ele>25</ele>
            </trkpt>
            <trkpt lat="-40.8735941" lon="176.2201667">
                <ele>23.8</ele>
            </trkpt>
            <trkpt lat="-40.8734521" lon="176.2203357">
                <ele>22.5</ele>
            </trkpt>
            <trkpt lat="-40.8708763" lon="176.2234122">
                <ele>11</ele>
            </trkpt>
            <trkpt lat="-40.8707363" lon="176.2235463">
                <ele>10</ele>
            </trkpt>
            <trkpt lat="-40.8705842" lon="176.2236616">
                <ele>9</ele>
            </trkpt>
            <trkpt lat="-40.8704118" lon="176.2237582">
                <ele>7.8</ele>
            </trkpt>
            <trkpt lat="-40.8702333" lon="176.2238306">
                <ele>7.2</ele>
            </trkpt>
            <trkpt lat="-40.8700609" lon="176.2238735">
                <ele>7</ele>
            </trkpt>
            <trkpt lat="-40.8698966" lon="176.223895">
                <ele>6.2</ele>
            </trkpt>
            <trkpt lat="-40.8697019" lon="176.2238923">
                <ele>5.5</ele>
            </trkpt>
            <trkpt lat="-40.8695255" lon="176.2238708">
                <ele>5</ele>
            </trkpt>
            <trkpt lat="-40.8693531" lon="176.2238118">
                <ele>4.5</ele>
            </trkpt>
            <trkpt lat="-40.8691766" lon="176.2237287">
                <ele>4.2</ele>
            </trkpt>
            <trkpt lat="-40.8690508" lon="176.2236562">
                <ele>4</ele>
            </trkpt>
            <trkpt lat="-40.8690245" lon="176.2236401">
                <ele>4</ele>
            </trkpt>
            <trkpt lat="-40.8681888" lon="176.2229535">
                <ele>4</ele>
            </trkpt>
            <trkpt lat="-40.8679535" lon="176.222747">
                <ele>5</ele>
            </trkpt>
            <trkpt lat="-40.8674505" lon="176.2222964">
                <ele>6.5</ele>
            </trkpt>
            <trkpt lat="-40.8672923" lon="176.2221301">
                <ele>7</ele>
            </trkpt>
            <trkpt lat="-40.8671665" lon="176.2219691">
                <ele>7.5</ele>
            </trkpt>
            <trkpt lat="-40.8670509" lon="176.2217894">
                <ele>8</ele>
            </trkpt>
            <trkpt lat="-40.8666574" lon="176.2211913">
                <ele>8.8</ele>
            </trkpt>
            <trkpt lat="-40.8651827" lon="176.218906">
                <ele>9</ele>
            </trkpt>
            <trkpt lat="-40.8651503" lon="176.218839">
                <ele>9.1</ele>
            </trkpt>
            <trkpt lat="-40.8649556" lon="176.2184554">
                <ele>10</ele>
            </trkpt>
            <trkpt lat="-40.8646614" lon="176.2177983">
                <ele>11</ele>
            </trkpt>
            <trkpt lat="-40.8636208" lon="176.2154809">
                <ele>13</ele>
            </trkpt>
            <trkpt lat="-40.8635113" lon="176.2152368">
                <ele>13.2</ele>
            </trkpt>
            <trkpt lat="-40.8633997" lon="176.2149659">
                <ele>13.4</ele>
            </trkpt>
            <trkpt lat="-40.863349" lon="176.2147593">
                <ele>13.5</ele>
            </trkpt>
            <trkpt lat="-40.8633206" lon="176.2145582">
                <ele>14</ele>
            </trkpt>
            <trkpt lat="-40.8633206" lon="176.2143731">
                <ele>13.8</ele>
            </trkpt>
            <trkpt lat="-40.8633348" lon="176.2141907">
                <ele>13</ele>
            </trkpt>
            <trkpt lat="-40.8633795" lon="176.2139547">
                <ele>12.5</ele>
            </trkpt>
            <trkpt lat="-40.8633916" lon="176.2139091">
                <ele>12.4</ele>
            </trkpt>
            <trkpt lat="-40.8634484" lon="176.2136865">
                <ele>12.4</ele>
            </trkpt>
            <trkpt lat="-40.8635275" lon="176.2134048">
                <ele>12.4</ele>
            </trkpt>
            <trkpt lat="-40.8636148" lon="176.2130964">
                <ele>11</ele>
            </trkpt>
            <trkpt lat="-40.8636574" lon="176.2129247">
                <ele>11.2</ele>
            </trkpt>
            <trkpt lat="-40.8636756" lon="176.2128174">
                <ele>11.8</ele>
            </trkpt>
            <trkpt lat="-40.8636898" lon="176.2127075">
                <ele>12</ele>
            </trkpt>
            <trkpt lat="-40.863702" lon="176.2125385">
                <ele>12.1</ele>
            </trkpt>
            <trkpt lat="-40.863702" lon="176.212399">
                <ele>12.2</ele>
            </trkpt>
            <trkpt lat="-40.8636939" lon="176.2122595">
                <ele>12.8</ele>
            </trkpt>
            <trkpt lat="-40.8632699" lon="176.2092608">
                <ele>17.5</ele>
            </trkpt>
            <trkpt lat="-40.8632598" lon="176.2091535">
                <ele>17.8</ele>
            </trkpt>
            <trkpt lat="-40.8632557" lon="176.209057">
                <ele>18</ele>
            </trkpt>
            <trkpt lat="-40.8632557" lon="176.2088639">
                <ele>18.2</ele>
            </trkpt>
            <trkpt lat="-40.8632577" lon="176.2088531">
                <ele>18.3</ele>
            </trkpt>
            <trkpt lat="-40.863278" lon="176.2086493">
                <ele>19</ele>
            </trkpt>
            <trkpt lat="-40.8633024" lon="176.2085018">
                <ele>20</ele>
            </trkpt>
            <trkpt lat="-40.8633287" lon="176.208373">
                <ele>21</ele>
            </trkpt>
            <trkpt lat="-40.8633835" lon="176.2081879">
                <ele>21.5</ele>
            </trkpt>
            <trkpt lat="-40.8634362" lon="176.2080565">
                <ele>21.8</ele>
            </trkpt>
            <trkpt lat="-40.8634991" lon="176.2079278">
                <ele>22.2</ele>
            </trkpt>
            <trkpt lat="-40.8635661" lon="176.2078124">
                <ele>22.8</ele>
            </trkpt>
            <trkpt lat="-40.8636269" lon="176.2077212">
                <ele>23.2</ele>
            </trkpt>
            <trkpt lat="-40.8638014" lon="176.207504">
                <ele>25.5</ele>
            </trkpt>
            <trkpt lat="-40.8639981" lon="176.207276">
                <ele>27.8</ele>
            </trkpt>
            <trkpt lat="-40.8643835" lon="176.2068307">
                <ele>32.5</ele>
            </trkpt>
            <trkpt lat="-40.864485" lon="176.2066966">
                <ele>33.2</ele>
            </trkpt>
            <trkpt lat="-40.8645681" lon="176.2065491">
                <ele>33.8</ele>
            </trkpt>
            <trkpt lat="-40.8646391" lon="176.2064043">
                <ele>33.5</ele>
            </trkpt>
            <trkpt lat="-40.8647771" lon="176.2060019">
                <ele>32.8</ele>
            </trkpt>
            <trkpt lat="-40.8649069" lon="176.2055835">
                <ele>30.2</ele>
            </trkpt>
            <trkpt lat="-40.8650164" lon="176.2052429">
                <ele>29.2</ele>
            </trkpt>
            <trkpt lat="-40.86513" lon="176.2049881">
                <ele>28.9</ele>
            </trkpt>
            <trkpt lat="-40.8652497" lon="176.2047493">
                <ele>28.7</ele>
            </trkpt>
            <trkpt lat="-40.8662416" lon="176.203081">
                <ele>26.5</ele>
            </trkpt>
            <trkpt lat="-40.8664302" lon="176.2027618">
                <ele>27</ele>
            </trkpt>
            <trkpt lat="-40.8665134" lon="176.2025982">
                <ele>27.8</ele>
            </trkpt>
            <trkpt lat="-40.8665823" lon="176.2024373">
                <ele>28.5</ele>
            </trkpt>
            <trkpt lat="-40.8666655" lon="176.2022012">
                <ele>29.2</ele>
            </trkpt>
            <trkpt lat="-40.8667324" lon="176.2019598">
                <ele>28.8</ele>
            </trkpt>
            <trkpt lat="-40.8669089" lon="176.2012786">
                <ele>29.8</ele>
            </trkpt>
            <trkpt lat="-40.8670834" lon="176.2005973">
                <ele>29.2</ele>
            </trkpt>
            <trkpt lat="-40.86727" lon="176.1998543">
                <ele>30.8</ele>
            </trkpt>
            <trkpt lat="-40.8673795" lon="176.1994815">
                <ele>31</ele>
            </trkpt>
            <trkpt lat="-40.8675113" lon="176.1991274">
                <ele>31.5</ele>
            </trkpt>
            <trkpt lat="-40.868487" lon="176.1969656">
                <ele>30</ele>
            </trkpt>
            <trkpt lat="-40.8688683" lon="176.1960992">
                <ele>27.8</ele>
            </trkpt>
            <trkpt lat="-40.8690346" lon="176.1957157">
                <ele>27.5</ele>
            </trkpt>
            <trkpt lat="-40.8691097" lon="176.1955091">
                <ele>27.4</ele>
            </trkpt>
            <trkpt lat="-40.8691705" lon="176.1953026">
                <ele>27.2</ele>
            </trkpt>
            <trkpt lat="-40.869418" lon="176.194447">
                <ele>26.5</ele>
            </trkpt>
            <trkpt lat="-40.8695376" lon="176.1940125">
                <ele>25.5</ele>
            </trkpt>
            <trkpt lat="-40.8696532" lon="176.193586">
                <ele>25.2</ele>
            </trkpt>
            <trkpt lat="-40.8700447" lon="176.1920759">
                <ele>27.2</ele>
            </trkpt>
            <trkpt lat="-40.8703327" lon="176.1909816">
                <ele>27.5</ele>
            </trkpt>
            <trkpt lat="-40.8703631" lon="176.1908501">
                <ele>27.5</ele>
            </trkpt>
            <trkpt lat="-40.8703875" lon="176.1907107">
                <ele>27.5</ele>
            </trkpt>
            <trkpt lat="-40.8704057" lon="176.1906034">
                <ele>28</ele>
            </trkpt>
            <trkpt lat="-40.8704159" lon="176.1904907">
                <ele>28.5</ele>
            </trkpt>
            <trkpt lat="-40.8704179" lon="176.1902681">
                <ele>29.2</ele>
            </trkpt>
            <trkpt lat="-40.8704057" lon="176.1900777">
                <ele>30</ele>
            </trkpt>
            <trkpt lat="-40.8703915" lon="176.189957">
                <ele>30.5</ele>
            </trkpt>
            <trkpt lat="-40.8703712" lon="176.1898363">
                <ele>31</ele>
            </trkpt>
            <trkpt lat="-40.8703205" lon="176.1895788">
                <ele>31.8</ele>
            </trkpt>
            <trkpt lat="-40.869852" lon="176.1877897">
                <ele>34.8</ele>
            </trkpt>
            <trkpt lat="-40.8697912" lon="176.1875886">
                <ele>33.5</ele>
            </trkpt>
            <trkpt lat="-40.8697181" lon="176.1874303">
                <ele>32</ele>
            </trkpt>
            <trkpt lat="-40.8696269" lon="176.1872801">
                <ele>30.5</ele>
            </trkpt>
            <trkpt lat="-40.8694991" lon="176.1871326">
                <ele>29.5</ele>
            </trkpt>
            <trkpt lat="-40.8693348" lon="176.1870199">
                <ele>29.7</ele>
            </trkpt>
            <trkpt lat="-40.8691563" lon="176.1869502">
                <ele>30</ele>
            </trkpt>
            <trkpt lat="-40.8689819" lon="176.1869127">
                <ele>30.2</ele>
            </trkpt>
            <trkpt lat="-40.868779" lon="176.1868992">
                <ele>30.4</ele>
            </trkpt>
            <trkpt lat="-40.86799" lon="176.1869314">
                <ele>31</ele>
            </trkpt>
            <trkpt lat="-40.8677223" lon="176.1869341">
                <ele>31.5</ele>
            </trkpt>
            <trkpt lat="-40.8675316" lon="176.1869046">
                <ele>32.2</ele>
            </trkpt>
            <trkpt lat="-40.8673653" lon="176.1868644">
                <ele>32.5</ele>
            </trkpt>
            <trkpt lat="-40.8671969" lon="176.1868">
                <ele>32.8</ele>
            </trkpt>
            <trkpt lat="-40.8651178" lon="176.185931">
                <ele>34.2</ele>
            </trkpt>
            <trkpt lat="-40.8645762" lon="176.1856225">
                <ele>37.5</ele>
            </trkpt>
            <trkpt lat="-40.864276" lon="176.1853194">
                <ele>39</ele>
            </trkpt>
            <trkpt lat="-40.8640306" lon="176.1848474">
                <ele>40.2</ele>
            </trkpt>
            <trkpt lat="-40.8635296" lon="176.1840105">
                <ele>41.2</ele>
            </trkpt>
            <trkpt lat="-40.8621198" lon="176.1818862">
                <ele>46</ele>
            </trkpt>
            <trkpt lat="-40.8616897" lon="176.1813122">
                <ele>51.8</ele>
            </trkpt>
            <trkpt lat="-40.8612637" lon="176.1810762">
                <ele>52.2</ele>
            </trkpt>
            <trkpt lat="-40.8607119" lon="176.1808482">
                <ele>50.2</ele>
            </trkpt>
            <trkpt lat="-40.8605375" lon="176.180765">
                <ele>50</ele>
            </trkpt>
            <trkpt lat="-40.8603955" lon="176.1806658">
                <ele>50.2</ele>
            </trkpt>
            <trkpt lat="-40.8602738" lon="176.1805665">
                <ele>50.5</ele>
            </trkpt>
            <trkpt lat="-40.8601764" lon="176.1804271">
                <ele>51.2</ele>
            </trkpt>
            <trkpt lat="-40.8600851" lon="176.1802527">
                <ele>52.5</ele>
            </trkpt>
            <trkpt lat="-40.859935" lon="176.1798424">
                <ele>54.5</ele>
            </trkpt>
            <trkpt lat="-40.8597666" lon="176.1792657">
                <ele>52</ele>
            </trkpt>
            <trkpt lat="-40.8597321" lon="176.1790726">
                <ele>51</ele>
            </trkpt>
            <trkpt lat="-40.859724" lon="176.1788902">
                <ele>50.2</ele>
            </trkpt>
            <trkpt lat="-40.8597362" lon="176.1787131">
                <ele>50</ele>
            </trkpt>
            <trkpt lat="-40.8597869" lon="176.17852">
                <ele>50.3</ele>
            </trkpt>
            <trkpt lat="-40.8598741" lon="176.1782652">
                <ele>50.8</ele>
            </trkpt>
            <trkpt lat="-40.8608154" lon="176.1758378">
                <ele>57.5</ele>
            </trkpt>
            <trkpt lat="-40.8609067" lon="176.1755428">
                <ele>59.5</ele>
            </trkpt>
            <trkpt lat="-40.8609635" lon="176.1753309">
                <ele>60</ele>
            </trkpt>
            <trkpt lat="-40.8610101" lon="176.1750975">
                <ele>60.5</ele>
            </trkpt>
            <trkpt lat="-40.8610426" lon="176.1748427">
                <ele>59.8</ele>
            </trkpt>
            <trkpt lat="-40.8610588" lon="176.1746308">
                <ele>58.5</ele>
            </trkpt>
            <trkpt lat="-40.8610609" lon="176.174368">
                <ele>58</ele>
            </trkpt>
            <trkpt lat="-40.8610467" lon="176.1741319">
                <ele>57</ele>
            </trkpt>
            <trkpt lat="-40.8610122" lon="176.1738905">
                <ele>56.8</ele>
            </trkpt>
            <trkpt lat="-40.860714" lon="176.1723912">
                <ele>71.8</ele>
            </trkpt>
            <trkpt lat="-40.860647" lon="176.17208">
                <ele>76.5</ele>
            </trkpt>
            <trkpt lat="-40.8605821" lon="176.1718494">
                <ele>79</ele>
            </trkpt>
            <trkpt lat="-40.8605071" lon="176.1716563">
                <ele>80.2</ele>
            </trkpt>
            <trkpt lat="-40.8604137" lon="176.1714765">
                <ele>80</ele>
            </trkpt>
            <trkpt lat="-40.8603083" lon="176.1712888">
                <ele>79.5</ele>
            </trkpt>
            <trkpt lat="-40.8600608" lon="176.1709133">
                <ele>78.5</ele>
            </trkpt>
            <trkpt lat="-40.8599512" lon="176.1707202">
                <ele>77.8</ele>
            </trkpt>
            <trkpt lat="-40.859864" lon="176.1705163">
                <ele>76.8</ele>
            </trkpt>
            <trkpt lat="-40.8597808" lon="176.1703044">
                <ele>76.5</ele>
            </trkpt>
            <trkpt lat="-40.8596936" lon="176.1700925">
                <ele>76.2</ele>
            </trkpt>
            <trkpt lat="-40.8595029" lon="176.169709">
                <ele>74.8</ele>
            </trkpt>
            <trkpt lat="-40.8593954" lon="176.1695185">
                <ele>73.5</ele>
            </trkpt>
            <trkpt lat="-40.8592777" lon="176.1693308">
                <ele>72.5</ele>
            </trkpt>
            <trkpt lat="-40.8591621" lon="176.1691913">
                <ele>72.2</ele>
            </trkpt>
            <trkpt lat="-40.8590668" lon="176.1690867">
                <ele>72</ele>
            </trkpt>
            <trkpt lat="-40.8589308" lon="176.1689928">
                <ele>71.2</ele>
            </trkpt>
            <trkpt lat="-40.8587909" lon="176.1689311">
                <ele>70.5</ele>
            </trkpt>
            <trkpt lat="-40.8585779" lon="176.1688802">
                <ele>70.2</ele>
            </trkpt>
            <trkpt lat="-40.8580383" lon="176.1688694">
                <ele>75.2</ele>
            </trkpt>
            <trkpt lat="-40.8578597" lon="176.1688855">
                <ele>78.2</ele>
            </trkpt>
            <trkpt lat="-40.8577157" lon="176.1689419">
                <ele>80.2</ele>
            </trkpt>
            <trkpt lat="-40.857596" lon="176.1690304">
                <ele>81.2</ele>
            </trkpt>
            <trkpt lat="-40.857245" lon="176.1693925">
                <ele>83.2</ele>
            </trkpt>
            <trkpt lat="-40.8568738" lon="176.1696392">
                <ele>85</ele>
            </trkpt>
            <trkpt lat="-40.8565553" lon="176.1697975">
                <ele>85.8</ele>
            </trkpt>
            <trkpt lat="-40.8561212" lon="176.1698163">
                <ele>88</ele>
            </trkpt>
            <trkpt lat="-40.8555004" lon="176.1697358">
                <ele>90</ele>
            </trkpt>
            <trkpt lat="-40.8551595" lon="176.1695614">
                <ele>91.8</ele>
            </trkpt>
            <trkpt lat="-40.854701" lon="176.169135">
                <ele>96.5</ele>
            </trkpt>
            <trkpt lat="-40.8544393" lon="176.1687514">
                <ele>100.8</ele>
            </trkpt>
            <trkpt lat="-40.8543217" lon="176.1684242">
                <ele>105.2</ele>
            </trkpt>
            <trkpt lat="-40.8540072" lon="176.1675686">
                <ele>115.5</ele>
            </trkpt>
            <trkpt lat="-40.8534047" lon="176.1665761">
                <ele>117.2</ele>
            </trkpt>
            <trkpt lat="-40.8532505" lon="176.1661148">
                <ele>117.8</ele>
            </trkpt>
            <trkpt lat="-40.8531348" lon="176.1651412">
                <ele>122</ele>
            </trkpt>
            <trkpt lat="-40.8531328" lon="176.1648971">
                <ele>123.5</ele>
            </trkpt>
            <trkpt lat="-40.8532099" lon="176.1644116">
                <ele>127.8</ele>
            </trkpt>
            <trkpt lat="-40.8536197" lon="176.1629686">
                <ele>139</ele>
            </trkpt>
            <trkpt lat="-40.8538307" lon="176.162518">
                <ele>143.8</ele>
            </trkpt>
            <trkpt lat="-40.854344" lon="176.1616784">
                <ele>159</ele>
            </trkpt>
            <trkpt lat="-40.854557" lon="176.161209">
                <ele>166</ele>
            </trkpt>
            <trkpt lat="-40.8546605" lon="176.1607692">
                <ele>168</ele>
            </trkpt>
            <trkpt lat="-40.8548451" lon="176.1597607">
                <ele>169.8</ele>
            </trkpt>
            <trkpt lat="-40.8549202" lon="176.1595595">
                <ele>171</ele>
            </trkpt>
            <trkpt lat="-40.8549851" lon="176.1594093">
                <ele>172.2</ele>
            </trkpt>
            <trkpt lat="-40.8551271" lon="176.1592269">
                <ele>176</ele>
            </trkpt>
            <trkpt lat="-40.8555369" lon="176.1588433">
                <ele>186.5</ele>
            </trkpt>
            <trkpt lat="-40.8556911" lon="176.1586744">
                <ele>190</ele>
            </trkpt>
            <trkpt lat="-40.8557499" lon="176.1585268">
                <ele>191.5</ele>
            </trkpt>
            <trkpt lat="-40.8557621" lon="176.158382">
                <ele>192.2</ele>
            </trkpt>
            <trkpt lat="-40.855754" lon="176.1582425">
                <ele>192.8</ele>
            </trkpt>
            <trkpt lat="-40.8557256" lon="176.1581513">
                <ele>193</ele>
            </trkpt>
            <trkpt lat="-40.8556566" lon="176.1580279">
                <ele>192.4</ele>
            </trkpt>
            <trkpt lat="-40.8555085" lon="176.1578751">
                <ele>191.5</ele>
            </trkpt>
            <trkpt lat="-40.85533" lon="176.1577275">
                <ele>189.2</ele>
            </trkpt>
            <trkpt lat="-40.855261" lon="176.1575934">
                <ele>190.2</ele>
            </trkpt>
            <trkpt lat="-40.8552245" lon="176.1574942">
                <ele>191.5</ele>
            </trkpt>
            <trkpt lat="-40.8552123" lon="176.1573225">
                <ele>194</ele>
            </trkpt>
            <trkpt lat="-40.8552407" lon="176.1570463">
                <ele>198.5</ele>
            </trkpt>
            <trkpt lat="-40.85533" lon="176.1566707">
                <ele>204.8</ele>
            </trkpt>
            <trkpt lat="-40.8554111" lon="176.1564374">
                <ele>207</ele>
            </trkpt>
            <trkpt lat="-40.8555389" lon="176.156196">
                <ele>208.5</ele>
            </trkpt>
            <trkpt lat="-40.8557134" lon="176.1559868">
                <ele>208.4</ele>
            </trkpt>
            <trkpt lat="-40.8558737" lon="176.155858">
                <ele>208.2</ele>
            </trkpt>
            <trkpt lat="-40.8560603" lon="176.1557642">
                <ele>208.5</ele>
            </trkpt>
            <trkpt lat="-40.8562571" lon="176.1556998">
                <ele>207.7</ele>
            </trkpt>
            <trkpt lat="-40.8570239" lon="176.1554289">
                <ele>204.8</ele>
            </trkpt>
            <trkpt lat="-40.8584663" lon="176.1548093">
                <ele>189.5</ele>
            </trkpt>
            <trkpt lat="-40.8588822" lon="176.1547476">
                <ele>187.2</ele>
            </trkpt>
            <trkpt lat="-40.8591865" lon="176.1547932">
                <ele>187.8</ele>
            </trkpt>
            <trkpt lat="-40.8595678" lon="176.1547637">
                <ele>184.8</ele>
            </trkpt>
            <trkpt lat="-40.8601764" lon="176.1543614">
                <ele>170.5</ele>
            </trkpt>
            <trkpt lat="-40.8602941" lon="176.1543372">
                <ele>168.8</ele>
            </trkpt>
            <trkpt lat="-40.8604847" lon="176.1544579">
                <ele>169.5</ele>
            </trkpt>
            <trkpt lat="-40.8606734" lon="176.1548361">
                <ele>177</ele>
            </trkpt>
            <trkpt lat="-40.8607505" lon="176.1549488">
                <ele>179</ele>
            </trkpt>
            <trkpt lat="-40.8608418" lon="176.1549944">
                <ele>180</ele>
            </trkpt>
            <trkpt lat="-40.860927" lon="176.1549997">
                <ele>180.5</ele>
            </trkpt>
            <trkpt lat="-40.8610426" lon="176.1548871">
                <ele>180</ele>
            </trkpt>
            <trkpt lat="-40.8610872" lon="176.1546832">
                <ele>177</ele>
            </trkpt>
            <trkpt lat="-40.8610629" lon="176.1543131">
                <ele>168.5</ele>
            </trkpt>
            <trkpt lat="-40.8610365" lon="176.1540636">
                <ele>162.5</ele>
            </trkpt>
            <trkpt lat="-40.8611014" lon="176.1538249">
                <ele>158.8</ele>
            </trkpt>
            <trkpt lat="-40.8613266" lon="176.1534199">
                <ele>155</ele>
            </trkpt>
            <trkpt lat="-40.8619128" lon="176.1526474">
                <ele>148</ele>
            </trkpt>
            <trkpt lat="-40.8625092" lon="176.1521029">
                <ele>142.2</ele>
            </trkpt>
            <trkpt lat="-40.8629616" lon="176.151596">
                <ele>136</ele>
            </trkpt>
            <trkpt lat="-40.8635478" lon="176.1508155">
                <ele>124</ele>
            </trkpt>
            <trkpt lat="-40.8637912" lon="176.1503756">
                <ele>122</ele>
            </trkpt>
            <trkpt lat="-40.8641726" lon="176.1492786">
                <ele>121.8</ele>
            </trkpt>
            <trkpt lat="-40.8645032" lon="176.1485302">
                <ele>125.5</ele>
            </trkpt>
            <trkpt lat="-40.8646696" lon="176.1479884">
                <ele>127.5</ele>
            </trkpt>
            <trkpt lat="-40.8648237" lon="176.1462906">
                <ele>122.8</ele>
            </trkpt>
            <trkpt lat="-40.8649515" lon="176.1457756">
                <ele>121.8</ele>
            </trkpt>
            <trkpt lat="-40.8651767" lon="176.1451346">
                <ele>118</ele>
            </trkpt>
            <trkpt lat="-40.8652213" lon="176.144971">
                <ele>117.5</ele>
            </trkpt>
            <trkpt lat="-40.8652558" lon="176.1447591">
                <ele>117.7</ele>
            </trkpt>
            <trkpt lat="-40.8652639" lon="176.1445338">
                <ele>118</ele>
            </trkpt>
            <trkpt lat="-40.8652375" lon="176.1443675">
                <ele>118.8</ele>
            </trkpt>
            <trkpt lat="-40.8651807" lon="176.1441663">
                <ele>120</ele>
            </trkpt>
            <trkpt lat="-40.8650854" lon="176.1439249">
                <ele>120.8</ele>
            </trkpt>
            <trkpt lat="-40.864274" lon="176.1420447">
                <ele>106.2</ele>
            </trkpt>
            <trkpt lat="-40.8641949" lon="176.1418033">
                <ele>106</ele>
            </trkpt>
            <trkpt lat="-40.8640874" lon="176.1413848">
                <ele>107.5</ele>
            </trkpt>
            <trkpt lat="-40.8640509" lon="176.1411005">
                <ele>107.8</ele>
            </trkpt>
            <trkpt lat="-40.8639799" lon="176.1404756">
                <ele>108.5</ele>
            </trkpt>
            <trkpt lat="-40.8639616" lon="176.1391479">
                <ele>104.2</ele>
            </trkpt>
            <trkpt lat="-40.863846" lon="176.1372918">
                <ele>105.8</ele>
            </trkpt>
            <trkpt lat="-40.8638379" lon="176.1369646">
                <ele>107.8</ele>
            </trkpt>
            <trkpt lat="-40.8638541" lon="176.1367071">
                <ele>108.5</ele>
            </trkpt>
            <trkpt lat="-40.8638825" lon="176.1365274">
                <ele>108.8</ele>
            </trkpt>
            <trkpt lat="-40.8639312" lon="176.136412">
                <ele>108.2</ele>
            </trkpt>
            <trkpt lat="-40.8643085" lon="176.1356664">
                <ele>103.8</ele>
            </trkpt>
            <trkpt lat="-40.8644059" lon="176.1354464">
                <ele>102.2</ele>
            </trkpt>
            <trkpt lat="-40.8644444" lon="176.1352855">
                <ele>102</ele>
            </trkpt>
            <trkpt lat="-40.8644728" lon="176.1351541">
                <ele>102.4</ele>
            </trkpt>
            <trkpt lat="-40.8644667" lon="176.1349422">
                <ele>103</ele>
            </trkpt>
            <trkpt lat="-40.864416" lon="176.1344808">
                <ele>104</ele>
            </trkpt>
            <trkpt lat="-40.8643673" lon="176.1341804">
                <ele>104.2</ele>
            </trkpt>
            <trkpt lat="-40.8643572" lon="176.1341">
                <ele>104.4</ele>
            </trkpt>
            <trkpt lat="-40.8643308" lon="176.13399">
                <ele>104.5</ele>
            </trkpt>
            <trkpt lat="-40.8642172" lon="176.1336628">
                <ele>106.2</ele>
            </trkpt>
            <trkpt lat="-40.864059" lon="176.1333033">
                <ele>107.2</ele>
            </trkpt>
            <trkpt lat="-40.8629372" lon="176.1316216">
                <ele>103.5</ele>
            </trkpt>
            <trkpt lat="-40.862635" lon="176.131466">
                <ele>101</ele>
            </trkpt>
            <trkpt lat="-40.8621096" lon="176.1314285">
                <ele>94.5</ele>
            </trkpt>
            <trkpt lat="-40.8619392" lon="176.1313668">
                <ele>93.2</ele>
            </trkpt>
            <trkpt lat="-40.8616573" lon="176.1311039">
                <ele>92.3</ele>
            </trkpt>
            <trkpt lat="-40.8612637" lon="176.1306506">
                <ele>90.8</ele>
            </trkpt>
            <trkpt lat="-40.8607951" lon="176.1301786">
                <ele>81.8</ele>
            </trkpt>
            <trkpt lat="-40.8606247" lon="176.1297736">
                <ele>78.5</ele>
            </trkpt>
            <trkpt lat="-40.8606085" lon="176.1292586">
                <ele>78</ele>
            </trkpt>
            <trkpt lat="-40.8609594" lon="176.1275259">
                <ele>69.8</ele>
            </trkpt>
            <trkpt lat="-40.8608377" lon="176.1265147">
                <ele>66.2</ele>
            </trkpt>
            <trkpt lat="-40.8603387" lon="176.125187">
                <ele>66</ele>
            </trkpt>
            <trkpt lat="-40.8602373" lon="176.1249509">
                <ele>65.5</ele>
            </trkpt>
            <trkpt lat="-40.8601439" lon="176.1247605">
                <ele>64.8</ele>
            </trkpt>
            <trkpt lat="-40.8593528" lon="176.1234301">
                <ele>59.5</ele>
            </trkpt>
            <trkpt lat="-40.8592473" lon="176.123229">
                <ele>57.8</ele>
            </trkpt>
            <trkpt lat="-40.859156" lon="176.1229822">
                <ele>55.5</ele>
            </trkpt>
            <trkpt lat="-40.8591175" lon="176.1227837">
                <ele>54.2</ele>
            </trkpt>
            <trkpt lat="-40.8591053" lon="176.1226094">
                <ele>53.5</ele>
            </trkpt>
            <trkpt lat="-40.8591033" lon="176.1224216">
                <ele>52.8</ele>
            </trkpt>
            <trkpt lat="-40.8591256" lon="176.1222124">
                <ele>52</ele>
            </trkpt>
            <trkpt lat="-40.8591885" lon="176.1219871">
                <ele>51.8</ele>
            </trkpt>
            <trkpt lat="-40.8592656" lon="176.1218101">
                <ele>52</ele>
            </trkpt>
            <trkpt lat="-40.8593609" lon="176.1216196">
                <ele>52.5</ele>
            </trkpt>
            <trkpt lat="-40.8609168" lon="176.1188248">
                <ele>50</ele>
            </trkpt>
            <trkpt lat="-40.8611339" lon="176.1183286">
                <ele>49.5</ele>
            </trkpt>
            <trkpt lat="-40.8612495" lon="176.117776">
                <ele>47.8</ele>
            </trkpt>
            <trkpt lat="-40.8612475" lon="176.117489">
                <ele>46.8</ele>
            </trkpt>
            <trkpt lat="-40.8610446" lon="176.1157268">
                <ele>45.8</ele>
            </trkpt>
            <trkpt lat="-40.8611603" lon="176.1142704">
                <ele>50.8</ele>
            </trkpt>
            <trkpt lat="-40.8611562" lon="176.113683">
                <ele>50.5</ele>
            </trkpt>
            <trkpt lat="-40.8610446" lon="176.113117">
                <ele>49.8</ele>
            </trkpt>
            <trkpt lat="-40.8602717" lon="176.1113924">
                <ele>50.8</ele>
            </trkpt>
            <trkpt lat="-40.8602373" lon="176.1110491">
                <ele>52</ele>
            </trkpt>
            <trkpt lat="-40.8603022" lon="176.1106145">
                <ele>52.2</ele>
            </trkpt>
            <trkpt lat="-40.8604016" lon="176.1101854">
                <ele>52.2</ele>
            </trkpt>
            <trkpt lat="-40.8605781" lon="176.1094424">
                <ele>47</ele>
            </trkpt>
            <trkpt lat="-40.8606673" lon="176.1091635">
                <ele>49</ele>
            </trkpt>
            <trkpt lat="-40.860716" lon="176.1090803">
                <ele>50</ele>
            </trkpt>
            <trkpt lat="-40.8608823" lon="176.1087987">
                <ele>53.5</ele>
            </trkpt>
            <trkpt lat="-40.8610304" lon="176.1086485">
                <ele>55.8</ele>
            </trkpt>
            <trkpt lat="-40.8612231" lon="176.1085519">
                <ele>56.2</ele>
            </trkpt>
            <trkpt lat="-40.862988" lon="176.1081254">
                <ele>45.2</ele>
            </trkpt>
            <trkpt lat="-40.8648907" lon="176.1073503">
                <ele>48.2</ele>
            </trkpt>
            <trkpt lat="-40.8655621" lon="176.107015">
                <ele>47</ele>
            </trkpt>
            <trkpt lat="-40.8661706" lon="176.1064839">
                <ele>46.8</ele>
            </trkpt>
            <trkpt lat="-40.8672334" lon="176.1049256">
                <ele>45.5</ele>
            </trkpt>
            <trkpt lat="-40.8684221" lon="176.1037749">
                <ele>40</ele>
            </trkpt>
            <trkpt lat="-40.8702394" lon="176.1015326">
                <ele>39.5</ele>
            </trkpt>
            <trkpt lat="-40.8706775" lon="176.1007735">
                <ele>38</ele>
            </trkpt>
            <trkpt lat="-40.871144" lon="176.0999179">
                <ele>37.2</ele>
            </trkpt>
            <trkpt lat="-40.8725861" lon="176.0973993">
                <ele>50.2</ele>
            </trkpt>
            <trkpt lat="-40.8729491" lon="176.0967636">
                <ele>51.5</ele>
            </trkpt>
            <trkpt lat="-40.8731641" lon="176.0961628">
                <ele>52.5</ele>
            </trkpt>
            <trkpt lat="-40.8734765" lon="176.0948458">
                <ele>49.5</ele>
            </trkpt>
            <trkpt lat="-40.8736772" lon="176.0934699">
                <ele>42.2</ele>
            </trkpt>
            <trkpt lat="-40.8737361" lon="176.092405">
                <ele>40.8</ele>
            </trkpt>
            <trkpt lat="-40.8737462" lon="176.0874161">
                <ele>36.2</ele>
            </trkpt>
            <trkpt lat="-40.8736083" lon="176.0854957">
                <ele>36.5</ele>
            </trkpt>
            <trkpt lat="-40.8732716" lon="176.0811988">
                <ele>34.2</ele>
            </trkpt>
            <trkpt lat="-40.8732655" lon="176.0809627">
                <ele>34</ele>
            </trkpt>
            <trkpt lat="-40.8732696" lon="176.0808393">
                <ele>33.9</ele>
            </trkpt>
            <trkpt lat="-40.8732777" lon="176.080724">
                <ele>33.8</ele>
            </trkpt>
            <trkpt lat="-40.8733061" lon="176.0805711">
                <ele>33.8</ele>
            </trkpt>
            <trkpt lat="-40.8733284" lon="176.0804611">
                <ele>33.5</ele>
            </trkpt>
            <trkpt lat="-40.8733588" lon="176.0803512">
                <ele>33.5</ele>
            </trkpt>
            <trkpt lat="-40.873446" lon="176.0801312">
                <ele>33.6</ele>
            </trkpt>
            <trkpt lat="-40.873513" lon="176.0799891">
                <ele>33.6</ele>
            </trkpt>
            <trkpt lat="-40.873588" lon="176.0798737">
                <ele>33.6</ele>
            </trkpt>
            <trkpt lat="-40.873657" lon="176.0797825">
                <ele>33.7</ele>
            </trkpt>
            <trkpt lat="-40.8737239" lon="176.0796994">
                <ele>33.7</ele>
            </trkpt>
            <trkpt lat="-40.8738091" lon="176.0796162">
                <ele>33.7</ele>
            </trkpt>
            <trkpt lat="-40.8738598" lon="176.0795733">
                <ele>33.8</ele>
            </trkpt>
            <trkpt lat="-40.8739267" lon="176.0795197">
                <ele>34</ele>
            </trkpt>
            <trkpt lat="-40.874811" lon="176.0789376">
                <ele>33.5</ele>
            </trkpt>
            <trkpt lat="-40.8755492" lon="176.0784602">
                <ele>33</ele>
            </trkpt>
            <trkpt lat="-40.8757216" lon="176.0783127">
                <ele>32</ele>
            </trkpt>
            <trkpt lat="-40.8758757" lon="176.0781518">
                <ele>32</ele>
            </trkpt>
            <trkpt lat="-40.8762083" lon="176.0777923">
                <ele>34</ele>
            </trkpt>
            <trkpt lat="-40.8762935" lon="176.0776877">
                <ele>34.2</ele>
            </trkpt>
            <trkpt lat="-40.8763706" lon="176.0775536">
                <ele>34.5</ele>
            </trkpt>
            <trkpt lat="-40.8764253" lon="176.0774249">
                <ele>35</ele>
            </trkpt>
            <trkpt lat="-40.8765612" lon="176.0769475">
                <ele>35.2</ele>
            </trkpt>
            <trkpt lat="-40.8769384" lon="176.0754803">
                <ele>35</ele>
            </trkpt>
            <trkpt lat="-40.8769871" lon="176.0755071">
                <ele>35</ele>
            </trkpt>
            <trkpt lat="-40.878206" lon="176.0760972">
                <ele>34</ele>
            </trkpt>
            <trkpt lat="-40.880236" lon="176.0777119">
                <ele>39.2</ele>
            </trkpt>
            <trkpt lat="-40.8802928" lon="176.0777736">
                <ele>39.2</ele>
            </trkpt>
            <trkpt lat="-40.8805706" lon="176.0781544">
                <ele>39</ele>
            </trkpt>
            <trkpt lat="-40.881394" lon="176.0795116">
                <ele>43.6</ele>
            </trkpt>
            <trkpt lat="-40.88227" lon="176.0807937">
                <ele>48.2</ele>
            </trkpt>
            <trkpt lat="-40.8831805" lon="176.0822555">
                <ele>42.8</ele>
            </trkpt>
            <trkpt lat="-40.8833123" lon="176.0824621">
                <ele>41.5</ele>
            </trkpt>
            <trkpt lat="-40.8833955" lon="176.0825559">
                <ele>40.5</ele>
            </trkpt>
            <trkpt lat="-40.8834583" lon="176.0826123">
                <ele>40</ele>
            </trkpt>
            <trkpt lat="-40.8835374" lon="176.0826793">
                <ele>39.5</ele>
            </trkpt>
            <trkpt lat="-40.8836125" lon="176.0827196">
                <ele>39.2</ele>
            </trkpt>
            <trkpt lat="-40.8837017" lon="176.0827544">
                <ele>39</ele>
            </trkpt>
            <trkpt lat="-40.8837889" lon="176.0827759">
                <ele>38.5</ele>
            </trkpt>
            <trkpt lat="-40.8838842" lon="176.0827786">
                <ele>38</ele>
            </trkpt>
            <trkpt lat="-40.8839775" lon="176.0827625">
                <ele>37.8</ele>
            </trkpt>
            <trkpt lat="-40.8840545" lon="176.0827383">
                <ele>38</ele>
            </trkpt>
            <trkpt lat="-40.8841478" lon="176.0826847">
                <ele>38.8</ele>
            </trkpt>
            <trkpt lat="-40.884306" lon="176.0825533">
                <ele>39.5</ele>
            </trkpt>
            <trkpt lat="-40.8844175" lon="176.0824111">
                <ele>40</ele>
            </trkpt>
            <trkpt lat="-40.8845392" lon="176.0822529">
                <ele>39.8</ele>
            </trkpt>
            <trkpt lat="-40.8852246" lon="176.0813168">
                <ele>38.8</ele>
            </trkpt>
            <trkpt lat="-40.8854172" lon="176.0810512">
                <ele>39.8</ele>
            </trkpt>
            <trkpt lat="-40.8856099" lon="176.0808688">
                <ele>40.2</ele>
            </trkpt>
            <trkpt lat="-40.8858289" lon="176.0807106">
                <ele>40.5</ele>
            </trkpt>
            <trkpt lat="-40.8861148" lon="176.0805041">
                <ele>40</ele>
            </trkpt>
            <trkpt lat="-40.8864109" lon="176.0803458">
                <ele>39.5</ele>
            </trkpt>
            <trkpt lat="-40.886717" lon="176.0802251">
                <ele>39.2</ele>
            </trkpt>
            <trkpt lat="-40.8870293" lon="176.080142">
                <ele>39</ele>
            </trkpt>
            <trkpt lat="-40.8873436" lon="176.080083">
                <ele>36.2</ele>
            </trkpt>
            <trkpt lat="-40.8878019" lon="176.0800561">
                <ele>34.2</ele>
            </trkpt>
            <trkpt lat="-40.8885927" lon="176.0801581">
                <ele>31.5</ele>
            </trkpt>
            <trkpt lat="-40.8926906" lon="176.0809439">
                <ele>36.5</ele>
            </trkpt>
            <trkpt lat="-40.893309" lon="176.0811397">
                <ele>35.5</ele>
            </trkpt>
            <trkpt lat="-40.8938625" lon="176.0815689">
                <ele>33.8</ele>
            </trkpt>
            <trkpt lat="-40.8945965" lon="176.0826686">
                <ele>32</ele>
            </trkpt>
            <trkpt lat="-40.894931" lon="176.0830548">
                <ele>31.5</ele>
            </trkpt>
            <trkpt lat="-40.8953223" lon="176.0833177">
                <ele>31.8</ele>
            </trkpt>
            <trkpt lat="-40.8959691" lon="176.0835376">
                <ele>33.8</ele>
            </trkpt>
            <trkpt lat="-40.8963726" lon="176.0836074">
                <ele>35.2</ele>
            </trkpt>
            <trkpt lat="-40.8967416" lon="176.083543">
                <ele>36.2</ele>
            </trkpt>
            <trkpt lat="-40.8977674" lon="176.0828269">
                <ele>38.2</ele>
            </trkpt>
            <trkpt lat="-40.8981303" lon="176.0826766">
                <ele>38.5</ele>
            </trkpt>
            <trkpt lat="-40.8985115" lon="176.0826686">
                <ele>38.3</ele>
            </trkpt>
            <trkpt lat="-40.8994806" lon="176.0829529">
                <ele>37.7</ele>
            </trkpt>
            <trkpt lat="-40.899882" lon="176.0829663">
                <ele>37.5</ele>
            </trkpt>
            <trkpt lat="-40.900472" lon="176.0827571">
                <ele>35.8</ele>
            </trkpt>
            <trkpt lat="-40.9006483" lon="176.0826284">
                <ele>35.2</ele>
            </trkpt>
            <trkpt lat="-40.9009646" lon="176.082277">
                <ele>33.2</ele>
            </trkpt>
            <trkpt lat="-40.9011045" lon="176.0820624">
                <ele>32.2</ele>
            </trkpt>
            <trkpt lat="-40.9013234" lon="176.0815582">
                <ele>29.2</ele>
            </trkpt>
            <trkpt lat="-40.9017836" lon="176.0798496">
                <ele>27.8</ele>
            </trkpt>
            <trkpt lat="-40.9021019" lon="176.0790959">
                <ele>29.1</ele>
            </trkpt>
            <trkpt lat="-40.9035291" lon="176.0772452">
                <ele>33.1</ele>
            </trkpt>
            <trkpt lat="-40.9064422" lon="176.0729563">
                <ele>42</ele>
            </trkpt>
            <trkpt lat="-40.9067605" lon="176.0725942">
                <ele>44.8</ele>
            </trkpt>
            <trkpt lat="-40.9071173" lon="176.0723072">
                <ele>46</ele>
            </trkpt>
            <trkpt lat="-40.9087653" lon="176.0716018">
                <ele>42.2</ele>
            </trkpt>
            <trkpt lat="-40.9089477" lon="176.0714811">
                <ele>41.2</ele>
            </trkpt>
            <trkpt lat="-40.9092295" lon="176.0711619">
                <ele>40.5</ele>
            </trkpt>
            <trkpt lat="-40.9094079" lon="176.070722">
                <ele>40.2</ele>
            </trkpt>
            <trkpt lat="-40.9100201" lon="176.0687962">
                <ele>40.5</ele>
            </trkpt>
            <trkpt lat="-40.9101093" lon="176.0681632">
                <ele>45</ele>
            </trkpt>
            <trkpt lat="-40.9102207" lon="176.0678011">
                <ele>47</ele>
            </trkpt>
            <trkpt lat="-40.9105511" lon="176.0673344">
                <ele>47.8</ele>
            </trkpt>
            <trkpt lat="-40.9114755" lon="176.06565">
                <ele>49.2</ele>
            </trkpt>
            <trkpt lat="-40.9115565" lon="176.0651001">
                <ele>48.8</ele>
            </trkpt>
            <trkpt lat="-40.911518" lon="176.0642338">
                <ele>46</ele>
            </trkpt>
            <trkpt lat="-40.9114532" lon="176.063759">
                <ele>44.2</ele>
            </trkpt>
            <trkpt lat="-40.910689" lon="176.0605377">
                <ele>32.8</ele>
            </trkpt>
            <trkpt lat="-40.9103383" lon="176.0592717">
                <ele>30.5</ele>
            </trkpt>
            <trkpt lat="-40.9102309" lon="176.0589847">
                <ele>30.2</ele>
            </trkpt>
            <trkpt lat="-40.909943" lon="176.0584858">
                <ele>30</ele>
            </trkpt>
            <trkpt lat="-40.9087795" lon="176.0570589">
                <ele>31.8</ele>
            </trkpt>
            <trkpt lat="-40.9085504" lon="176.0566056">
                <ele>32.5</ele>
            </trkpt>
            <trkpt lat="-40.9084248" lon="176.0561013">
                <ele>32.2</ele>
            </trkpt>
            <trkpt lat="-40.908366" lon="176.0550204">
                <ele>28</ele>
            </trkpt>
            <trkpt lat="-40.9084531" lon="176.0526091">
                <ele>27.2</ele>
            </trkpt>
            <trkpt lat="-40.9084572" lon="176.0525018">
                <ele>27.2</ele>
            </trkpt>
            <trkpt lat="-40.9084673" lon="176.0521209">
                <ele>28</ele>
            </trkpt>
            <trkpt lat="-40.9084835" lon="176.0508576">
                <ele>30.2</ele>
            </trkpt>
            <trkpt lat="-40.9083923" lon="176.049605">
                <ele>30</ele>
            </trkpt>
            <trkpt lat="-40.9083639" lon="176.0493127">
                <ele>30.2</ele>
            </trkpt>
            <trkpt lat="-40.9083214" lon="176.04909">
                <ele>31</ele>
            </trkpt>
            <trkpt lat="-40.9082626" lon="176.0488969">
                <ele>31.8</ele>
            </trkpt>
            <trkpt lat="-40.9081876" lon="176.0487333">
                <ele>32.2</ele>
            </trkpt>
            <trkpt lat="-40.9080761" lon="176.0485697">
                <ele>32.8</ele>
            </trkpt>
            <trkpt lat="-40.907916" lon="176.0484168">
                <ele>34</ele>
            </trkpt>
            <trkpt lat="-40.9076585" lon="176.048272">
                <ele>35.2</ele>
            </trkpt>
            <trkpt lat="-40.9066956" lon="176.0476738">
                <ele>39</ele>
            </trkpt>
            <trkpt lat="-40.9061523" lon="176.0472876">
                <ele>38.5</ele>
            </trkpt>
            <trkpt lat="-40.9049989" lon="176.0460296">
                <ele>38.2</ele>
            </trkpt>
            <trkpt lat="-40.9040765" lon="176.0448575">
                <ele>43</ele>
            </trkpt>
            <trkpt lat="-40.9037683" lon="176.0445786">
                <ele>45.5</ele>
            </trkpt>
            <trkpt lat="-40.9034278" lon="176.04449">
                <ele>47</ele>
            </trkpt>
            <trkpt lat="-40.9027142" lon="176.0447234">
                <ele>43.2</ele>
            </trkpt>
            <trkpt lat="-40.9023756" lon="176.044769">
                <ele>42.8</ele>
            </trkpt>
            <trkpt lat="-40.9020796" lon="176.0447153">
                <ele>42.5</ele>
            </trkpt>
            <trkpt lat="-40.9019499" lon="176.0446349">
                <ele>42.8</ele>
            </trkpt>
            <trkpt lat="-40.9016357" lon="176.0439751">
                <ele>46</ele>
            </trkpt>
            <trkpt lat="-40.9013478" lon="176.0427573">
                <ele>51</ele>
            </trkpt>
            <trkpt lat="-40.9011613" lon="176.0423684">
                <ele>50.8</ele>
            </trkpt>
            <trkpt lat="-40.900545" lon="176.0413975">
                <ele>47.8</ele>
            </trkpt>
            <trkpt lat="-40.9001233" lon="176.0401931">
                <ele>46</ele>
            </trkpt>
            <trkpt lat="-40.8999732" lon="176.0394207">
                <ele>44.2</ele>
            </trkpt>
            <trkpt lat="-40.8998678" lon="176.0380098">
                <ele>39.5</ele>
            </trkpt>
            <trkpt lat="-40.8997725" lon="176.0363871">
                <ele>47.5</ele>
            </trkpt>
            <trkpt lat="-40.8996225" lon="176.035805">
                <ele>44.8</ele>
            </trkpt>
            <trkpt lat="-40.8995272" lon="176.0356522">
                <ele>43</ele>
            </trkpt>
            <trkpt lat="-40.8992454" lon="176.0354376">
                <ele>42</ele>
            </trkpt>
            <trkpt lat="-40.897956" lon="176.0347617">
                <ele>41.8</ele>
            </trkpt>
            <trkpt lat="-40.8976681" lon="176.0345015">
                <ele>41</ele>
            </trkpt>
            <trkpt lat="-40.8975647" lon="176.0343298">
                <ele>41.2</ele>
            </trkpt>
            <trkpt lat="-40.897514" lon="176.0339248">
                <ele>41.5</ele>
            </trkpt>
            <trkpt lat="-40.897512" lon="176.0338041">
                <ele>41.6</ele>
            </trkpt>
            <trkpt lat="-40.8975647" lon="176.0333964">
                <ele>42</ele>
            </trkpt>
            <trkpt lat="-40.8976944" lon="176.0330611">
                <ele>42.2</ele>
            </trkpt>
            <trkpt lat="-40.8981749" lon="176.0325435">
                <ele>42.6</ele>
            </trkpt>
            <trkpt lat="-40.8983878" lon="176.0321975">
                <ele>42.8</ele>
            </trkpt>
            <trkpt lat="-40.898773" lon="176.0311943">
                <ele>44.8</ele>
            </trkpt>
            <trkpt lat="-40.8991886" lon="176.0299122">
                <ele>46.8</ele>
            </trkpt>
            <trkpt lat="-40.8993468" lon="176.0286811">
                <ele>51.8</ele>
            </trkpt>
            <trkpt lat="-40.8994725" lon="176.0282278">
                <ele>54.8</ele>
            </trkpt>
            <trkpt lat="-40.8996914" lon="176.0278389">
                <ele>54.5</ele>
            </trkpt>
            <trkpt lat="-40.9005328" lon="176.0268733">
                <ele>50.5</ele>
            </trkpt>
            <trkpt lat="-40.9007132" lon="176.0264763">
                <ele>50.2</ele>
            </trkpt>
            <trkpt lat="-40.9007882" lon="176.026023">
                <ele>50</ele>
            </trkpt>
            <trkpt lat="-40.9007781" lon="176.025787">
                <ele>49.2</ele>
            </trkpt>
            <trkpt lat="-40.9005814" lon="176.0248455">
                <ele>50</ele>
            </trkpt>
            <trkpt lat="-40.9005287" lon="176.0243547">
                <ele>50.2</ele>
            </trkpt>
            <trkpt lat="-40.9006098" lon="176.0236144">
                <ele>48.2</ele>
            </trkpt>
            <trkpt lat="-40.9010092" lon="176.0218763">
                <ele>47.8</ele>
            </trkpt>
            <trkpt lat="-40.9014613" lon="176.0204735">
                <ele>53</ele>
            </trkpt>
            <trkpt lat="-40.9017695" lon="176.0182446">
                <ele>57.5</ele>
            </trkpt>
            <trkpt lat="-40.9019337" lon="176.0178021">
                <ele>59</ele>
            </trkpt>
            <trkpt lat="-40.9026615" lon="176.0163805">
                <ele>56</ele>
            </trkpt>
            <trkpt lat="-40.9028743" lon="176.0157287">
                <ele>57.8</ele>
            </trkpt>
            <trkpt lat="-40.9027588" lon="176.0147873">
                <ele>60.8</ele>
            </trkpt>
            <trkpt lat="-40.902556" lon="176.0137305">
                <ele>60.5</ele>
            </trkpt>
            <trkpt lat="-40.9025175" lon="176.0134971">
                <ele>61.2</ele>
            </trkpt>
            <trkpt lat="-40.9024973" lon="176.0132718">
                <ele>60.8</ele>
            </trkpt>
            <trkpt lat="-40.9024932" lon="176.013025">
                <ele>60.2</ele>
            </trkpt>
            <trkpt lat="-40.9025033" lon="176.0128024">
                <ele>59.8</ele>
            </trkpt>
            <trkpt lat="-40.9025155" lon="176.012553">
                <ele>58.5</ele>
            </trkpt>
            <trkpt lat="-40.9025114" lon="176.0123143">
                <ele>57.8</ele>
            </trkpt>
            <trkpt lat="-40.9024891" lon="176.0120782">
                <ele>57.5</ele>
            </trkpt>
            <trkpt lat="-40.9024608" lon="176.0118717">
                <ele>57.2</ele>
            </trkpt>
            <trkpt lat="-40.9023493" lon="176.0112682">
                <ele>56.5</ele>
            </trkpt>
            <trkpt lat="-40.9023249" lon="176.0110188">
                <ele>55.8</ele>
            </trkpt>
            <trkpt lat="-40.9023148" lon="176.0107881">
                <ele>55</ele>
            </trkpt>
            <trkpt lat="-40.9023229" lon="176.0105628">
                <ele>54</ele>
            </trkpt>
            <trkpt lat="-40.9023695" lon="176.0098869">
                <ele>53</ele>
            </trkpt>
            <trkpt lat="-40.9023878" lon="176.0096991">
                <ele>52.8</ele>
            </trkpt>
            <trkpt lat="-40.9024101" lon="176.0094684">
                <ele>53.2</ele>
            </trkpt>
            <trkpt lat="-40.9024547" lon="176.0092163">
                <ele>54.8</ele>
            </trkpt>
            <trkpt lat="-40.9025114" lon="176.0090071">
                <ele>56</ele>
            </trkpt>
            <trkpt lat="-40.9025743" lon="176.0088381">
                <ele>57</ele>
            </trkpt>
            <trkpt lat="-40.9026655" lon="176.0086799">
                <ele>58.2</ele>
            </trkpt>
            <trkpt lat="-40.9027649" lon="176.0085404">
                <ele>59</ele>
            </trkpt>
            <trkpt lat="-40.9029088" lon="176.0083929">
                <ele>58.6</ele>
            </trkpt>
            <trkpt lat="-40.9030284" lon="176.0083097">
                <ele>58.2</ele>
            </trkpt>
            <trkpt lat="-40.9031521" lon="176.0082373">
                <ele>57</ele>
            </trkpt>
            <trkpt lat="-40.9038332" lon="176.0078779">
                <ele>51.5</ele>
            </trkpt>
            <trkpt lat="-40.9040136" lon="176.0078779">
                <ele>50.5</ele>
            </trkpt>
            <trkpt lat="-40.9049522" lon="176.0079181">
                <ele>50.8</ele>
            </trkpt>
            <trkpt lat="-40.9051509" lon="176.0079154">
                <ele>51.5</ele>
            </trkpt>
            <trkpt lat="-40.9053861" lon="176.0078779">
                <ele>52.5</ele>
            </trkpt>
            <trkpt lat="-40.905978" lon="176.0076526">
                <ele>56</ele>
            </trkpt>
            <trkpt lat="-40.9062963" lon="176.0074782">
                <ele>56.8</ele>
            </trkpt>
            <trkpt lat="-40.9069064" lon="176.0070115">
                <ele>56.9</ele>
            </trkpt>
            <trkpt lat="-40.9071558" lon="176.0067138">
                <ele>56.9</ele>
            </trkpt>
            <trkpt lat="-40.9072997" lon="176.0063383">
                <ele>57</ele>
            </trkpt>
            <trkpt lat="-40.9073058" lon="176.0059199">
                <ele>56.5</ele>
            </trkpt>
            <trkpt lat="-40.9072713" lon="176.0056946">
                <ele>56.2</ele>
            </trkpt>
            <trkpt lat="-40.907172" lon="176.0054585">
                <ele>54.8</ele>
            </trkpt>
            <trkpt lat="-40.9066794" lon="176.0046646">
                <ele>52.5</ele>
            </trkpt>
            <trkpt lat="-40.9065071" lon="176.0042784">
                <ele>51.8</ele>
            </trkpt>
            <trkpt lat="-40.9063672" lon="176.0038868">
                <ele>53</ele>
            </trkpt>
            <trkpt lat="-40.9063003" lon="176.0035998">
                <ele>53.8</ele>
            </trkpt>
            <trkpt lat="-40.9062557" lon="176.0032752">
                <ele>55</ele>
            </trkpt>
            <trkpt lat="-40.9062355" lon="176.0030204">
                <ele>56</ele>
            </trkpt>
            <trkpt lat="-40.906203" lon="176.0020977">
                <ele>60.5</ele>
            </trkpt>
            <trkpt lat="-40.9062415" lon="176.0006064">
                <ele>59.8</ele>
            </trkpt>
            <trkpt lat="-40.9063814" lon="175.9995899">
                <ele>58.8</ele>
            </trkpt>
            <trkpt lat="-40.9066145" lon="175.9985894">
                <ele>59.5</ele>
            </trkpt>
            <trkpt lat="-40.9072632" lon="175.9967494">
                <ele>69</ele>
            </trkpt>
            <trkpt lat="-40.9076849" lon="175.9950516">
                <ele>74</ele>
            </trkpt>
            <trkpt lat="-40.9080903" lon="175.9943005">
                <ele>71</ele>
            </trkpt>
            <trkpt lat="-40.9082281" lon="175.9939277">
                <ele>68</ele>
            </trkpt>
            <trkpt lat="-40.908818" lon="175.9903577">
                <ele>67</ele>
            </trkpt>
            <trkpt lat="-40.9087957" lon="175.9897006">
                <ele>66.2</ele>
            </trkpt>
            <trkpt lat="-40.9085768" lon="175.9881422">
                <ele>64.8</ele>
            </trkpt>
            <trkpt lat="-40.908591" lon="175.9874636">
                <ele>62.5</ele>
            </trkpt>
            <trkpt lat="-40.9086883" lon="175.987021">
                <ele>63</ele>
            </trkpt>
            <trkpt lat="-40.9088403" lon="175.9866026">
                <ele>65</ele>
            </trkpt>
            <trkpt lat="-40.9094788" lon="175.98546">
                <ele>73.5</ele>
            </trkpt>
            <trkpt lat="-40.9096491" lon="175.9850281">
                <ele>75</ele>
            </trkpt>
            <trkpt lat="-40.9097687" lon="175.9845614">
                <ele>76.2</ele>
            </trkpt>
            <trkpt lat="-40.9098599" lon="175.9836307">
                <ele>75.5</ele>
            </trkpt>
            <trkpt lat="-40.9097241" lon="175.9825954">
                <ele>73.8</ele>
            </trkpt>
            <trkpt lat="-40.9097363" lon="175.982185">
                <ele>73.5</ele>
            </trkpt>
            <trkpt lat="-40.9098761" lon="175.9818444">
                <ele>75.2</ele>
            </trkpt>
            <trkpt lat="-40.9099917" lon="175.9817183">
                <ele>77</ele>
            </trkpt>
            <trkpt lat="-40.9108978" lon="175.9812865">
                <ele>80</ele>
            </trkpt>
            <trkpt lat="-40.9110498" lon="175.9811765">
                <ele>79.2</ele>
            </trkpt>
            <trkpt lat="-40.911293" lon="175.9808519">
                <ele>78.2</ele>
            </trkpt>
            <trkpt lat="-40.9115363" lon="175.9802055">
                <ele>75.2</ele>
            </trkpt>
            <trkpt lat="-40.9119356" lon="175.9787947">
                <ele>69.8</ele>
            </trkpt>
            <trkpt lat="-40.9119883" lon="175.9782985">
                <ele>71</ele>
            </trkpt>
            <trkpt lat="-40.9119579" lon="175.9770325">
                <ele>71.8</ele>
            </trkpt>
            <trkpt lat="-40.9119842" lon="175.9765148">
                <ele>69.2</ele>
            </trkpt>
            <trkpt lat="-40.9121038" lon="175.9755036">
                <ele>71.8</ele>
            </trkpt>
            <trkpt lat="-40.9122072" lon="175.9750369">
                <ele>76.2</ele>
            </trkpt>
            <trkpt lat="-40.9123998" lon="175.9746319">
                <ele>77.8</ele>
            </trkpt>
            <trkpt lat="-40.913395" lon="175.9732237">
                <ele>78.5</ele>
            </trkpt>
            <trkpt lat="-40.9150936" lon="175.9695625">
                <ele>79.8</ele>
            </trkpt>
            <trkpt lat="-40.9161719" lon="175.9677815">
                <ele>79.8</ele>
            </trkpt>
            <trkpt lat="-40.9164273" lon="175.9673819">
                <ele>74</ele>
            </trkpt>
            <trkpt lat="-40.9169563" lon="175.9665906">
                <ele>71.5</ele>
            </trkpt>
            <trkpt lat="-40.917163" lon="175.9661642">
                <ele>72.2</ele>
            </trkpt>
            <trkpt lat="-40.917313" lon="175.9654561">
                <ele>75.2</ele>
            </trkpt>
            <trkpt lat="-40.9172542" lon="175.9644905">
                <ele>78</ele>
            </trkpt>
            <trkpt lat="-40.9172806" lon="175.962798">
                <ele>80.8</ele>
            </trkpt>
            <trkpt lat="-40.9173616" lon="175.9623286">
                <ele>81.4</ele>
            </trkpt>
            <trkpt lat="-40.917613" lon="175.9614006">
                <ele>82.8</ele>
            </trkpt>
            <trkpt lat="-40.9177751" lon="175.9609446">
                <ele>83.8</ele>
            </trkpt>
            <trkpt lat="-40.9179879" lon="175.9605208">
                <ele>83.5</ele>
            </trkpt>
            <trkpt lat="-40.9185088" lon="175.9597537">
                <ele>81.5</ele>
            </trkpt>
            <trkpt lat="-40.9195303" lon="175.9584796">
                <ele>77.8</ele>
            </trkpt>
            <trkpt lat="-40.9197593" lon="175.9580344">
                <ele>79.5</ele>
            </trkpt>
            <trkpt lat="-40.9199417" lon="175.9575489">
                <ele>81.5</ele>
            </trkpt>
            <trkpt lat="-40.920189" lon="175.9567979">
                <ele>82.8</ele>
            </trkpt>
            <trkpt lat="-40.9203613" lon="175.9560147">
                <ele>82.5</ele>
            </trkpt>
            <trkpt lat="-40.9204403" lon="175.9552073">
                <ele>84</ele>
            </trkpt>
            <trkpt lat="-40.92042" lon="175.9541264">
                <ele>82.2</ele>
            </trkpt>
            <trkpt lat="-40.9204626" lon="175.95359">
                <ele>80.8</ele>
            </trkpt>
            <trkpt lat="-40.9208902" lon="175.9515381">
                <ele>85</ele>
            </trkpt>
            <trkpt lat="-40.9209733" lon="175.9512511">
                <ele>85.8</ele>
            </trkpt>
            <trkpt lat="-40.9211314" lon="175.9508005">
                <ele>85.2</ele>
            </trkpt>
            <trkpt lat="-40.9217881" lon="175.9490892">
                <ele>89</ele>
            </trkpt>
            <trkpt lat="-40.9223778" lon="175.9479922">
                <ele>90.5</ele>
            </trkpt>
            <trkpt lat="-40.9225643" lon="175.9475255">
                <ele>91.2</ele>
            </trkpt>
            <trkpt lat="-40.9228196" lon="175.9468013">
                <ele>93</ele>
            </trkpt>
            <trkpt lat="-40.9235249" lon="175.9442988">
                <ele>99</ele>
            </trkpt>
            <trkpt lat="-40.9241329" lon="175.9429657">
                <ele>98.8</ele>
            </trkpt>
            <trkpt lat="-40.9242748" lon="175.9425259">
                <ele>99.5</ele>
            </trkpt>
            <trkpt lat="-40.924293" lon="175.9423435">
                <ele>100.5</ele>
            </trkpt>
            <trkpt lat="-40.924214" lon="175.9420618">
                <ele>102.8</ele>
            </trkpt>
            <trkpt lat="-40.923914" lon="175.9413832">
                <ele>104</ele>
            </trkpt>
            <trkpt lat="-40.923225" lon="175.9398571">
                <ele>101.5</ele>
            </trkpt>
            <trkpt lat="-40.9230162" lon="175.9394038">
                <ele>100</ele>
            </trkpt>
            <trkpt lat="-40.9222643" lon="175.9369871">
                <ele>106.5</ele>
            </trkpt>
            <trkpt lat="-40.9221752" lon="175.9365445">
                <ele>107.4</ele>
            </trkpt>
            <trkpt lat="-40.9221833" lon="175.9361234">
                <ele>108.2</ele>
            </trkpt>
            <trkpt lat="-40.9222481" lon="175.9356996">
                <ele>111.5</ele>
            </trkpt>
            <trkpt lat="-40.9224548" lon="175.9347501">
                <ele>115.8</ele>
            </trkpt>
            <trkpt lat="-40.922773" lon="175.9337524">
                <ele>117.2</ele>
            </trkpt>
            <trkpt lat="-40.9231155" lon="175.9329128">
                <ele>118</ele>
            </trkpt>
            <trkpt lat="-40.923758" lon="175.9319338">
                <ele>124.5</ele>
            </trkpt>
            <trkpt lat="-40.9243275" lon="175.9306651">
                <ele>125</ele>
            </trkpt>
            <trkpt lat="-40.9245808" lon="175.9301797">
                <ele>123.8</ele>
            </trkpt>
            <trkpt lat="-40.9249334" lon="175.9298766">
                <ele>125</ele>
            </trkpt>
            <trkpt lat="-40.9254299" lon="175.9295923">
                <ele>130.8</ele>
            </trkpt>
            <trkpt lat="-40.9261595" lon="175.929088">
                <ele>138</ele>
            </trkpt>
            <trkpt lat="-40.9270593" lon="175.9281948">
                <ele>141</ele>
            </trkpt>
            <trkpt lat="-40.9273815" lon="175.9279642">
                <ele>142.8</ele>
            </trkpt>
            <trkpt lat="-40.9277908" lon="175.9277254">
                <ele>145.8</ele>
            </trkpt>
            <trkpt lat="-40.9281293" lon="175.927484">
                <ele>150.2</ele>
            </trkpt>
            <trkpt lat="-40.9283603" lon="175.9271997">
                <ele>154.2</ele>
            </trkpt>
            <trkpt lat="-40.928571" lon="175.9268886">
                <ele>157.8</ele>
            </trkpt>
            <trkpt lat="-40.9287413" lon="175.9265292">
                <ele>160.2</ele>
            </trkpt>
            <trkpt lat="-40.929566" lon="175.9244934">
                <ele>177.2</ele>
            </trkpt>
            <trkpt lat="-40.9298112" lon="175.9240025">
                <ele>177.4</ele>
            </trkpt>
            <trkpt lat="-40.9299126" lon="175.9238738">
                <ele>177.5</ele>
            </trkpt>
            <trkpt lat="-40.930865" lon="175.9233159">
                <ele>191.5</ele>
            </trkpt>
            <trkpt lat="-40.9311203" lon="175.9231067">
                <ele>195.5</ele>
            </trkpt>
            <trkpt lat="-40.9312216" lon="175.9229591">
                <ele>198</ele>
            </trkpt>
            <trkpt lat="-40.9313108" lon="175.9226748">
                <ele>202.5</ele>
            </trkpt>
            <trkpt lat="-40.931325" lon="175.9224281">
                <ele>205.5</ele>
            </trkpt>
            <trkpt lat="-40.9312804" lon="175.9220874">
                <ele>208</ele>
            </trkpt>
            <trkpt lat="-40.9311892" lon="175.9218246">
                <ele>209.2</ele>
            </trkpt>
            <trkpt lat="-40.9308001" lon="175.9207624">
                <ele>213.2</ele>
            </trkpt>
            <trkpt lat="-40.9307434" lon="175.9203547">
                <ele>213.5</ele>
            </trkpt>
            <trkpt lat="-40.9307515" lon="175.9199739">
                <ele>213.8</ele>
            </trkpt>
            <trkpt lat="-40.9308001" lon="175.9187964">
                <ele>216</ele>
            </trkpt>
            <trkpt lat="-40.9309359" lon="175.9162644">
                <ele>216.2</ele>
            </trkpt>
            <trkpt lat="-40.9309825" lon="175.9156448">
                <ele>215.5</ele>
            </trkpt>
            <trkpt lat="-40.9310291" lon="175.915229">
                <ele>215</ele>
            </trkpt>
            <trkpt lat="-40.931098" lon="175.9148347">
                <ele>214.8</ele>
            </trkpt>
            <trkpt lat="-40.9312074" lon="175.9142581">
                <ele>214.2</ele>
            </trkpt>
            <trkpt lat="-40.9312399" lon="175.9140033">
                <ele>214</ele>
            </trkpt>
            <trkpt lat="-40.9312561" lon="175.9137404">
                <ele>214.4</ele>
            </trkpt>
            <trkpt lat="-40.9312459" lon="175.9133166">
                <ele>215</ele>
            </trkpt>
            <trkpt lat="-40.9312074" lon="175.9123993">
                <ele>216.2</ele>
            </trkpt>
            <trkpt lat="-40.9311933" lon="175.9118575">
                <ele>215.9</ele>
            </trkpt>
            <trkpt lat="-40.9312074" lon="175.911305">
                <ele>215.5</ele>
            </trkpt>
            <trkpt lat="-40.9313635" lon="175.9087756">
                <ele>215.2</ele>
            </trkpt>
            <trkpt lat="-40.9314891" lon="175.9076115">
                <ele>214</ele>
            </trkpt>
            <trkpt lat="-40.9320565" lon="175.9034917">
                <ele>209.5</ele>
            </trkpt>
            <trkpt lat="-40.9321882" lon="175.9029472">
                <ele>209.8</ele>
            </trkpt>
            <trkpt lat="-40.9324638" lon="175.9020406">
                <ele>207.8</ele>
            </trkpt>
            <trkpt lat="-40.9325712" lon="175.9015176">
                <ele>205.5</ele>
            </trkpt>
            <trkpt lat="-40.9326036" lon="175.9008819">
                <ele>207.2</ele>
            </trkpt>
            <trkpt lat="-40.932559" lon="175.8993235">
                <ele>212.5</ele>
            </trkpt>
            <trkpt lat="-40.9326239" lon="175.8988515">
                <ele>209.8</ele>
            </trkpt>
            <trkpt lat="-40.9327779" lon="175.8982855">
                <ele>206.2</ele>
            </trkpt>
            <trkpt lat="-40.9330616" lon="175.8975425">
                <ele>205.8</ele>
            </trkpt>
            <trkpt lat="-40.9356046" lon="175.8911696">
                <ele>174</ele>
            </trkpt>
            <trkpt lat="-40.9360321" lon="175.8904052">
                <ele>169.5</ele>
            </trkpt>
            <trkpt lat="-40.9369966" lon="175.8889058">
                <ele>156</ele>
            </trkpt>
            <trkpt lat="-40.937179" lon="175.8884257">
                <ele>152</ele>
            </trkpt>
            <trkpt lat="-40.9372256" lon="175.8881655">
                <ele>150.2</ele>
            </trkpt>
            <trkpt lat="-40.9372398" lon="175.8879">
                <ele>148</ele>
            </trkpt>
            <trkpt lat="-40.9371851" lon="175.8873636">
                <ele>143.5</ele>
            </trkpt>
            <trkpt lat="-40.9366785" lon="175.8849576">
                <ele>138.8</ele>
            </trkpt>
            <trkpt lat="-40.9362915" lon="175.8834314">
                <ele>135.2</ele>
            </trkpt>
            <trkpt lat="-40.9362388" lon="175.8829299">
                <ele>136.2</ele>
            </trkpt>
            <trkpt lat="-40.9363199" lon="175.8821815">
                <ele>135.8</ele>
            </trkpt>
            <trkpt lat="-40.9363178" lon="175.8819884">
                <ele>135.6</ele>
            </trkpt>
            <trkpt lat="-40.9362814" lon="175.8817497">
                <ele>135.5</ele>
            </trkpt>
            <trkpt lat="-40.9362429" lon="175.8815163">
                <ele>135.4</ele>
            </trkpt>
            <trkpt lat="-40.9361963" lon="175.8812857">
                <ele>135.2</ele>
            </trkpt>
            <trkpt lat="-40.9361618" lon="175.8810604">
                <ele>135.1</ele>
            </trkpt>
            <trkpt lat="-40.9361355" lon="175.8808243">
                <ele>135</ele>
            </trkpt>
            <trkpt lat="-40.9361355" lon="175.8805749">
                <ele>134.2</ele>
            </trkpt>
            <trkpt lat="-40.9361537" lon="175.8803415">
                <ele>134</ele>
            </trkpt>
            <trkpt lat="-40.9361902" lon="175.8801189">
                <ele>133.8</ele>
            </trkpt>
            <trkpt lat="-40.9362611" lon="175.8798936">
                <ele>133.2</ele>
            </trkpt>
            <trkpt lat="-40.9363563" lon="175.8796951">
                <ele>133.4</ele>
            </trkpt>
            <trkpt lat="-40.9364982" lon="175.8794001">
                <ele>133.6</ele>
            </trkpt>
            <trkpt lat="-40.9365792" lon="175.8791962">
                <ele>133.8</ele>
            </trkpt>
            <trkpt lat="-40.9366359" lon="175.8789656">
                <ele>133.6</ele>
            </trkpt>
            <trkpt lat="-40.9366704" lon="175.8787376">
                <ele>133.5</ele>
            </trkpt>
            <trkpt lat="-40.9366927" lon="175.8784989">
                <ele>133</ele>
            </trkpt>
            <trkpt lat="-40.9367332" lon="175.8780965">
                <ele>132.2</ele>
            </trkpt>
            <trkpt lat="-40.9367697" lon="175.8778122">
                <ele>131.8</ele>
            </trkpt>
            <trkpt lat="-40.9368365" lon="175.8775869">
                <ele>131.2</ele>
            </trkpt>
            <trkpt lat="-40.9369176" lon="175.8773777">
                <ele>130.8</ele>
            </trkpt>
            <trkpt lat="-40.937023" lon="175.8771765">
                <ele>130</ele>
            </trkpt>
            <trkpt lat="-40.9371405" lon="175.8769915">
                <ele>129</ele>
            </trkpt>
            <trkpt lat="-40.9372641" lon="175.8768225">
                <ele>128.2</ele>
            </trkpt>
            <trkpt lat="-40.9373998" lon="175.8766642">
                <ele>127.5</ele>
            </trkpt>
            <trkpt lat="-40.9375477" lon="175.8765301">
                <ele>127</ele>
            </trkpt>
            <trkpt lat="-40.9376936" lon="175.8764201">
                <ele>127.5</ele>
            </trkpt>
            <trkpt lat="-40.9381009" lon="175.8761492">
                <ele>128.8</ele>
            </trkpt>
            <trkpt lat="-40.938265" lon="175.8760473">
                <ele>129</ele>
            </trkpt>
            <trkpt lat="-40.9384413" lon="175.8759722">
                <ele>129.2</ele>
            </trkpt>
            <trkpt lat="-40.9386095" lon="175.8759052">
                <ele>129.1</ele>
            </trkpt>
            <trkpt lat="-40.9391302" lon="175.8757469">
                <ele>128.8</ele>
            </trkpt>
            <trkpt lat="-40.9393024" lon="175.875704">
                <ele>128.2</ele>
            </trkpt>
            <trkpt lat="-40.9394584" lon="175.8756772">
                <ele>127.8</ele>
            </trkpt>
            <trkpt lat="-40.9396104" lon="175.8756745">
                <ele>127</ele>
            </trkpt>
            <trkpt lat="-40.9397482" lon="175.8756933">
                <ele>126.5</ele>
            </trkpt>
            <trkpt lat="-40.9399528" lon="175.8757442">
                <ele>126.5</ele>
            </trkpt>
            <trkpt lat="-40.9400642" lon="175.8757764">
                <ele>124</ele>
            </trkpt>
            <trkpt lat="-40.9402486" lon="175.8758274">
                <ele>123.5</ele>
            </trkpt>
            <trkpt lat="-40.9404148" lon="175.8758649">
                <ele>123.9</ele>
            </trkpt>
            <trkpt lat="-40.9405951" lon="175.8758649">
                <ele>124.2</ele>
            </trkpt>
            <trkpt lat="-40.9407572" lon="175.8758113">
                <ele>125.2</ele>
            </trkpt>
            <trkpt lat="-40.9409253" lon="175.8756959">
                <ele>126.8</ele>
            </trkpt>
            <trkpt lat="-40.9410489" lon="175.8755779">
                <ele>128.2</ele>
            </trkpt>
            <trkpt lat="-40.9417257" lon="175.8748296">
                <ele>134.2</ele>
            </trkpt>
            <trkpt lat="-40.9418776" lon="175.8746767">
                <ele>135.2</ele>
            </trkpt>
            <trkpt lat="-40.9420215" lon="175.8745506">
                <ele>136</ele>
            </trkpt>
            <trkpt lat="-40.9421754" lon="175.874446">
                <ele>137.2</ele>
            </trkpt>
            <trkpt lat="-40.9423436" lon="175.8743656">
                <ele>138.5</ele>
            </trkpt>
            <trkpt lat="-40.9425259" lon="175.8743227">
                <ele>139</ele>
            </trkpt>
            <trkpt lat="-40.9427204" lon="175.8743092">
                <ele>140</ele>
            </trkpt>
            <trkpt lat="-40.9428987" lon="175.8743119">
                <ele>141.2</ele>
            </trkpt>
            <trkpt lat="-40.9434681" lon="175.8743817">
                <ele>143.2</ele>
            </trkpt>
            <trkpt lat="-40.9436362" lon="175.8743897">
                <ele>144</ele>
            </trkpt>
            <trkpt lat="-40.9437841" lon="175.8743817">
                <ele>144.8</ele>
            </trkpt>
            <trkpt lat="-40.94393" lon="175.8743522">
                <ele>145.8</ele>
            </trkpt>
            <trkpt lat="-40.944084" lon="175.8742931">
                <ele>147.2</ele>
            </trkpt>
            <trkpt lat="-40.9442116" lon="175.8742127">
                <ele>148.5</ele>
            </trkpt>
            <trkpt lat="-40.9443656" lon="175.8741081">
                <ele>149.5</ele>
            </trkpt>
            <trkpt lat="-40.9445155" lon="175.873974">
                <ele>151</ele>
            </trkpt>
            <trkpt lat="-40.9452874" lon="175.8732337">
                <ele>157</ele>
            </trkpt>
            <trkpt lat="-40.9454799" lon="175.8730754">
                <ele>157.8</ele>
            </trkpt>
            <trkpt lat="-40.9456318" lon="175.8729628">
                <ele>158.5</ele>
            </trkpt>
            <trkpt lat="-40.9464483" lon="175.8724102">
                <ele>159.5</ele>
            </trkpt>
            <trkpt lat="-40.9474612" lon="175.8717424">
                <ele>160</ele>
            </trkpt>
            <trkpt lat="-40.9476192" lon="175.871619">
                <ele>160.1</ele>
            </trkpt>
            <trkpt lat="-40.9477651" lon="175.8714876">
                <ele>160.2</ele>
            </trkpt>
            <trkpt lat="-40.9479211" lon="175.8713374">
                <ele>160</ele>
            </trkpt>
            <trkpt lat="-40.9480589" lon="175.8711898">
                <ele>159.8</ele>
            </trkpt>
            <trkpt lat="-40.9483992" lon="175.8708063">
                <ele>159.2</ele>
            </trkpt>
            <trkpt lat="-40.9485329" lon="175.8706427">
                <ele>159.1</ele>
            </trkpt>
            <trkpt lat="-40.9486565" lon="175.870479">
                <ele>159</ele>
            </trkpt>
            <trkpt lat="-40.948776" lon="175.8702993">
                <ele>158.9</ele>
            </trkpt>
            <trkpt lat="-40.9488834" lon="175.8701116">
                <ele>158.8</ele>
            </trkpt>
            <trkpt lat="-40.9492015" lon="175.8695376">
                <ele>158.2</ele>
            </trkpt>
            <trkpt lat="-40.9493129" lon="175.8693525">
                <ele>158</ele>
            </trkpt>
            <trkpt lat="-40.9494304" lon="175.8691728">
                <ele>157.8</ele>
            </trkpt>
            <trkpt lat="-40.94956" lon="175.8690065">
                <ele>157.7</ele>
            </trkpt>
            <trkpt lat="-40.9496877" lon="175.8688617">
                <ele>157.6</ele>
            </trkpt>
            <trkpt lat="-40.9498295" lon="175.8687034">
                <ele>157.5</ele>
            </trkpt>
            <trkpt lat="-40.9516588" lon="175.8667964">
                <ele>156.5</ele>
            </trkpt>
            <trkpt lat="-40.9517945" lon="175.8666435">
                <ele>155.8</ele>
            </trkpt>
            <trkpt lat="-40.9519322" lon="175.8664826">
                <ele>155.5</ele>
            </trkpt>
            <trkpt lat="-40.9520396" lon="175.866335">
                <ele>155.2</ele>
            </trkpt>
            <trkpt lat="-40.9521571" lon="175.8661419">
                <ele>154.5</ele>
            </trkpt>
            <trkpt lat="-40.9522746" lon="175.8659461">
                <ele>153</ele>
            </trkpt>
            <trkpt lat="-40.9536642" lon="175.8634704">
                <ele>140.5</ele>
            </trkpt>
            <trkpt lat="-40.9537838" lon="175.8632022">
                <ele>139.8</ele>
            </trkpt>
            <trkpt lat="-40.9538871" lon="175.8629501">
                <ele>138</ele>
            </trkpt>
            <trkpt lat="-40.9544806" lon="175.8613569">
                <ele>128.8</ele>
            </trkpt>
            <trkpt lat="-40.9545393" lon="175.8611611">
                <ele>127.2</ele>
            </trkpt>
            <trkpt lat="-40.9545961" lon="175.8609331">
                <ele>125.8</ele>
            </trkpt>
            <trkpt lat="-40.9546285" lon="175.8607587">
                <ele>124.8</ele>
            </trkpt>
            <trkpt lat="-40.9546447" lon="175.860579">
                <ele>123.8</ele>
            </trkpt>
            <trkpt lat="-40.9546528" lon="175.8603671">
                <ele>122</ele>
            </trkpt>
            <trkpt lat="-40.9546548" lon="175.8598173">
                <ele>118.2</ele>
            </trkpt>
            <trkpt lat="-40.954669" lon="175.8596563">
                <ele>117</ele>
            </trkpt>
            <trkpt lat="-40.9546872" lon="175.8595303">
                <ele>116</ele>
            </trkpt>
            <trkpt lat="-40.9547115" lon="175.859423">
                <ele>115</ele>
            </trkpt>
            <trkpt lat="-40.9547439" lon="175.8593264">
                <ele>114</ele>
            </trkpt>
            <trkpt lat="-40.9547966" lon="175.8592004">
                <ele>112.8</ele>
            </trkpt>
            <trkpt lat="-40.9548695" lon="175.8590689">
                <ele>112.8</ele>
            </trkpt>
            <trkpt lat="-40.9550701" lon="175.8587283">
                <ele>112</ele>
            </trkpt>
            <trkpt lat="-40.9551673" lon="175.8585513">
                <ele>113.2</ele>
            </trkpt>
            <trkpt lat="-40.9552098" lon="175.858444">
                <ele>114.2</ele>
            </trkpt>
            <trkpt lat="-40.9552463" lon="175.8583206">
                <ele>115.5</ele>
            </trkpt>
            <trkpt lat="-40.9552666" lon="175.8582106">
                <ele>116.8</ele>
            </trkpt>
            <trkpt lat="-40.9552807" lon="175.8581007">
                <ele>118.2</ele>
            </trkpt>
            <trkpt lat="-40.9552828" lon="175.8579719">
                <ele>120</ele>
            </trkpt>
            <trkpt lat="-40.9552666" lon="175.8578244">
                <ele>121.8</ele>
            </trkpt>
            <trkpt lat="-40.95522" lon="175.8576232">
                <ele>123.2</ele>
            </trkpt>
            <trkpt lat="-40.9551612" lon="175.8574086">
                <ele>124</ele>
            </trkpt>
            <trkpt lat="-40.9549526" lon="175.8567327">
                <ele>125.8</ele>
            </trkpt>
            <trkpt lat="-40.9548938" lon="175.8565128">
                <ele>126.5</ele>
            </trkpt>
            <trkpt lat="-40.9548432" lon="175.8562848">
                <ele>128</ele>
            </trkpt>
            <trkpt lat="-40.954827" lon="175.8561721">
                <ele>129</ele>
            </trkpt>
            <trkpt lat="-40.9548169" lon="175.8560541">
                <ele>129.8</ele>
            </trkpt>
            <trkpt lat="-40.9548169" lon="175.8559495">
                <ele>130.5</ele>
            </trkpt>
            <trkpt lat="-40.9548229" lon="175.8558369">
                <ele>131.2</ele>
            </trkpt>
            <trkpt lat="-40.9548412" lon="175.8557081">
                <ele>132.2</ele>
            </trkpt>
            <trkpt lat="-40.9548675" lon="175.8555955">
                <ele>133.2</ele>
            </trkpt>
            <trkpt lat="-40.954904" lon="175.8554775">
                <ele>134.2</ele>
            </trkpt>
            <trkpt lat="-40.9549465" lon="175.8553755">
                <ele>135</ele>
            </trkpt>
            <trkpt lat="-40.9550518" lon="175.8551878">
                <ele>135.8</ele>
            </trkpt>
            <trkpt lat="-40.9551653" lon="175.8550107">
                <ele>135.6</ele>
            </trkpt>
            <trkpt lat="-40.9572051" lon="175.8520228">
                <ele>132.2</ele>
            </trkpt>
            <trkpt lat="-40.9575697" lon="175.8513576">
                <ele>131.8</ele>
            </trkpt>
            <trkpt lat="-40.9592408" lon="175.8475059">
                <ele>116.5</ele>
            </trkpt>
            <trkpt lat="-40.9595183" lon="175.8468676">
                <ele>110.2</ele>
            </trkpt>
            <trkpt lat="-40.9600368" lon="175.8451188">
                <ele>117.5</ele>
            </trkpt>
            <trkpt lat="-40.9606485" lon="175.8434665">
                <ele>120.5</ele>
            </trkpt>
            <trkpt lat="-40.9607397" lon="175.8430213">
                <ele>121.8</ele>
            </trkpt>
            <trkpt lat="-40.9607842" lon="175.8425921">
                <ele>123</ele>
            </trkpt>
            <trkpt lat="-40.9607356" lon="175.8418706">
                <ele>120.5</ele>
            </trkpt>
            <trkpt lat="-40.9606526" lon="175.8410954">
                <ele>118.2</ele>
            </trkpt>
            <trkpt lat="-40.9606668" lon="175.8405858">
                <ele>118.5</ele>
            </trkpt>
            <trkpt lat="-40.9607194" lon="175.8402747">
                <ele>118.3</ele>
            </trkpt>
            <trkpt lat="-40.9608288" lon="175.8396417">
                <ele>118</ele>
            </trkpt>
            <trkpt lat="-40.9608572" lon="175.8391374">
                <ele>116.8</ele>
            </trkpt>
            <trkpt lat="-40.9608349" lon="175.8377829">
                <ele>114</ele>
            </trkpt>
            <trkpt lat="-40.9608166" lon="175.8369246">
                <ele>114.8</ele>
            </trkpt>
            <trkpt lat="-40.9608004" lon="175.8366859">
                <ele>117</ele>
            </trkpt>
            <trkpt lat="-40.9607458" lon="175.8364418">
                <ele>119.8</ele>
            </trkpt>
            <trkpt lat="-40.9606506" lon="175.8362514">
                <ele>121.8</ele>
            </trkpt>
            <trkpt lat="-40.9602414" lon="175.8357552">
                <ele>120.5</ele>
            </trkpt>
            <trkpt lat="-40.9600449" lon="175.8354843">
                <ele>120</ele>
            </trkpt>
            <trkpt lat="-40.959893" lon="175.8350927">
                <ele>120.5</ele>
            </trkpt>
            <trkpt lat="-40.9598464" lon="175.8348083">
                <ele>120.8</ele>
            </trkpt>
            <trkpt lat="-40.9598201" lon="175.8345053">
                <ele>120.5</ele>
            </trkpt>
            <trkpt lat="-40.9598343" lon="175.8341163">
                <ele>120.8</ele>
            </trkpt>
            <trkpt lat="-40.9598829" lon="175.8313698">
                <ele>120</ele>
            </trkpt>
            <trkpt lat="-40.9599274" lon="175.8309513">
                <ele>120.4</ele>
            </trkpt>
            <trkpt lat="-40.9600611" lon="175.8301601">
                <ele>121.2</ele>
            </trkpt>
            <trkpt lat="-40.9603224" lon="175.8288243">
                <ele>126.5</ele>
            </trkpt>
            <trkpt lat="-40.9603832" lon="175.8283174">
                <ele>122</ele>
            </trkpt>
            <trkpt lat="-40.9603953" lon="175.8278453">
                <ele>116.2</ele>
            </trkpt>
            <trkpt lat="-40.9603548" lon="175.8272606">
                <ele>112.2</ele>
            </trkpt>
            <trkpt lat="-40.9602961" lon="175.8268717">
                <ele>111.8</ele>
            </trkpt>
            <trkpt lat="-40.9601928" lon="175.8264881">
                <ele>111.8</ele>
            </trkpt>
            <trkpt lat="-40.9598647" lon="175.8257344">
                <ele>112</ele>
            </trkpt>
            <trkpt lat="-40.9595244" lon="175.8247393">
                <ele>111.5</ele>
            </trkpt>
            <trkpt lat="-40.9589775" lon="175.8237281">
                <ele>110</ele>
            </trkpt>
            <trkpt lat="-40.9588215" lon="175.8231676">
                <ele>111.5</ele>
            </trkpt>
            <trkpt lat="-40.9587486" lon="175.8227223">
                <ele>112</ele>
            </trkpt>
            <trkpt lat="-40.9587567" lon="175.822092">
                <ele>113.2</ele>
            </trkpt>
            <trkpt lat="-40.9588802" lon="175.8211532">
                <ele>111.5</ele>
            </trkpt>
            <trkpt lat="-40.9591821" lon="175.8194929">
                <ele>111.2</ele>
            </trkpt>
            <trkpt lat="-40.9593441" lon="175.8187446">
                <ele>112.8</ele>
            </trkpt>
            <trkpt lat="-40.9595264" lon="175.8182269">
                <ele>115.8</ele>
            </trkpt>
            <trkpt lat="-40.96013" lon="175.8167249">
                <ele>118.2</ele>
            </trkpt>
            <trkpt lat="-40.9609483" lon="175.8145469">
                <ele>114</ele>
            </trkpt>
            <trkpt lat="-40.961161" lon="175.8139649">
                <ele>110.5</ele>
            </trkpt>
            <trkpt lat="-40.961398" lon="175.8133373">
                <ele>107</ele>
            </trkpt>
            <trkpt lat="-40.961483" lon="175.8131441">
                <ele>106</ele>
            </trkpt>
            <trkpt lat="-40.9615721" lon="175.812943">
                <ele>106.2</ele>
            </trkpt>
            <trkpt lat="-40.9616714" lon="175.8127418">
                <ele>106.4</ele>
            </trkpt>
            <trkpt lat="-40.9617585" lon="175.8125487">
                <ele>106.5</ele>
            </trkpt>
            <trkpt lat="-40.9618496" lon="175.8123422">
                <ele>106.2</ele>
            </trkpt>
            <trkpt lat="-40.9622122" lon="175.8114168">
                <ele>104</ele>
            </trkpt>
            <trkpt lat="-40.9626598" lon="175.8102447">
                <ele>104.2</ele>
            </trkpt>
            <trkpt lat="-40.9627307" lon="175.8100355">
                <ele>104.2</ele>
            </trkpt>
            <trkpt lat="-40.9627894" lon="175.8098182">
                <ele>104</ele>
            </trkpt>
            <trkpt lat="-40.962832" lon="175.8095956">
                <ele>103.8</ele>
            </trkpt>
            <trkpt lat="-40.9628664" lon="175.8093649">
                <ele>103.5</ele>
            </trkpt>
            <trkpt lat="-40.9628907" lon="175.8091316">
                <ele>103</ele>
            </trkpt>
            <trkpt lat="-40.962911" lon="175.8088982">
                <ele>102.6</ele>
            </trkpt>
            <trkpt lat="-40.9629292" lon="175.8086702">
                <ele>102.2</ele>
            </trkpt>
            <trkpt lat="-40.9629758" lon="175.8080989">
                <ele>102</ele>
            </trkpt>
            <trkpt lat="-40.9630609" lon="175.8068973">
                <ele>103</ele>
            </trkpt>
            <trkpt lat="-40.9631155" lon="175.8060926">
                <ele>101.8</ele>
            </trkpt>
            <trkpt lat="-40.9631378" lon="175.8058754">
                <ele>100.8</ele>
            </trkpt>
            <trkpt lat="-40.963156" lon="175.8057386">
                <ele>100</ele>
            </trkpt>
            <trkpt lat="-40.9631824" lon="175.805575">
                <ele>98.8</ele>
            </trkpt>
            <trkpt lat="-40.9632209" lon="175.8053979">
                <ele>98</ele>
            </trkpt>
            <trkpt lat="-40.9633019" lon="175.8050707">
                <ele>96.5</ele>
            </trkpt>
            <trkpt lat="-40.9633323" lon="175.8049446">
                <ele>96.5</ele>
            </trkpt>
            <trkpt lat="-40.9635328" lon="175.8041346">
                <ele>96</ele>
            </trkpt>
            <trkpt lat="-40.9636583" lon="175.8036304">
                <ele>99</ele>
            </trkpt>
            <trkpt lat="-40.9639581" lon="175.8023778">
                <ele>103</ele>
            </trkpt>
            <trkpt lat="-40.9639966" lon="175.8022302">
                <ele>104</ele>
            </trkpt>
            <trkpt lat="-40.964268" lon="175.8011252">
                <ele>106</ele>
            </trkpt>
            <trkpt lat="-40.9646002" lon="175.7997707">
                <ele>107.7</ele>
            </trkpt>
            <trkpt lat="-40.9648351" lon="175.7987809">
                <ele>109</ele>
            </trkpt>
            <trkpt lat="-40.9648776" lon="175.7985771">
                <ele>110.2</ele>
            </trkpt>
            <trkpt lat="-40.964908" lon="175.7983974">
                <ele>111.2</ele>
            </trkpt>
            <trkpt lat="-40.9649445" lon="175.7980862">
                <ele>114</ele>
            </trkpt>
            <trkpt lat="-40.9649708" lon="175.79781">
                <ele>116.2</ele>
            </trkpt>
            <trkpt lat="-40.9651065" lon="175.7960182">
                <ele>113.5</ele>
            </trkpt>
            <trkpt lat="-40.9652057" lon="175.7955757">
                <ele>111.8</ele>
            </trkpt>
            <trkpt lat="-40.965303" lon="175.7952109">
                <ele>112.2</ele>
            </trkpt>
            <trkpt lat="-40.965388" lon="175.7950258">
                <ele>112.2</ele>
            </trkpt>
            <trkpt lat="-40.9656655" lon="175.7944894">
                <ele>112</ele>
            </trkpt>
            <trkpt lat="-40.9658701" lon="175.7942533">
                <ele>111.5</ele>
            </trkpt>
            <trkpt lat="-40.9660442" lon="175.7940924">
                <ele>111.7</ele>
            </trkpt>
            <trkpt lat="-40.9666133" lon="175.7936713">
                <ele>112.2</ele>
            </trkpt>
            <trkpt lat="-40.9669354" lon="175.7933629">
                <ele>113.2</ele>
            </trkpt>
            <trkpt lat="-40.967383" lon="175.7928559">
                <ele>116.5</ele>
            </trkpt>
            <trkpt lat="-40.967709" lon="175.7925609">
                <ele>117.2</ele>
            </trkpt>
            <trkpt lat="-40.9686123" lon="175.791724">
                <ele>114.9</ele>
            </trkpt>
            <trkpt lat="-40.9690153" lon="175.7912278">
                <ele>113.8</ele>
            </trkpt>
            <trkpt lat="-40.96923" lon="175.7908255">
                <ele>113.2</ele>
            </trkpt>
            <trkpt lat="-40.9694872" lon="175.7901388">
                <ele>112.2</ele>
            </trkpt>
            <trkpt lat="-40.9697687" lon="175.7891384">
                <ele>110.2</ele>
            </trkpt>
            <trkpt lat="-40.9699125" lon="175.7883847">
                <ele>106.5</ele>
            </trkpt>
            <trkpt lat="-40.9699773" lon="175.7873467">
                <ele>107.8</ele>
            </trkpt>
            <trkpt lat="-40.9699733" lon="175.7867298">
                <ele>108.5</ele>
            </trkpt>
            <trkpt lat="-40.9699064" lon="175.7861289">
                <ele>110.5</ele>
            </trkpt>
            <trkpt lat="-40.9694447" lon="175.7834816">
                <ele>111.8</ele>
            </trkpt>
            <trkpt lat="-40.9692806" lon="175.7823578">
                <ele>111.2</ele>
            </trkpt>
            <trkpt lat="-40.9690903" lon="175.7815745">
                <ele>110.8</ele>
            </trkpt>
            <trkpt lat="-40.9687541" lon="175.7808638">
                <ele>110.6</ele>
            </trkpt>
            <trkpt lat="-40.9677556" lon="175.7793832">
                <ele>110.2</ele>
            </trkpt>
            <trkpt lat="-40.9674052" lon="175.7789835">
                <ele>108.8</ele>
            </trkpt>
            <trkpt lat="-40.9672776" lon="175.7788575">
                <ele>107.5</ele>
            </trkpt>
            <trkpt lat="-40.966184" lon="175.777967">
                <ele>98.5</ele>
            </trkpt>
            <trkpt lat="-40.9657688" lon="175.7775003">
                <ele>96.5</ele>
            </trkpt>
            <trkpt lat="-40.9655825" lon="175.7771194">
                <ele>97.5</ele>
            </trkpt>
            <trkpt lat="-40.9654326" lon="175.7767519">
                <ele>100.2</ele>
            </trkpt>
            <trkpt lat="-40.9653192" lon="175.7761699">
                <ele>106</ele>
            </trkpt>
            <trkpt lat="-40.9652564" lon="175.7756361">
                <ele>112.5</ele>
            </trkpt>
            <trkpt lat="-40.9650741" lon="175.7722914">
                <ele>134.5</ele>
            </trkpt>
            <trkpt lat="-40.9651754" lon="175.7699257">
                <ele>154</ele>
            </trkpt>
            <trkpt lat="-40.9652847" lon="175.7689601">
                <ele>162</ele>
            </trkpt>
            <trkpt lat="-40.9654974" lon="175.7683244">
                <ele>167.8</ele>
            </trkpt>
            <trkpt lat="-40.9655683" lon="175.7681689">
                <ele>168.5</ele>
            </trkpt>
            <trkpt lat="-40.9658457" lon="175.7675788">
                <ele>171.2</ele>
            </trkpt>
            <trkpt lat="-40.9658498" lon="175.7675681">
                <ele>171.3</ele>
            </trkpt>
            <trkpt lat="-40.9667835" lon="175.7654867">
                <ele>176.5</ele>
            </trkpt>
            <trkpt lat="-40.9669678" lon="175.7650253">
                <ele>178.5</ele>
            </trkpt>
            <trkpt lat="-40.9670346" lon="175.7648242">
                <ele>178.7</ele>
            </trkpt>
            <trkpt lat="-40.9671014" lon="175.7645962">
                <ele>178.8</ele>
            </trkpt>
            <trkpt lat="-40.967146" lon="175.7643628">
                <ele>179</ele>
            </trkpt>
            <trkpt lat="-40.9671804" lon="175.7641348">
                <ele>179.5</ele>
            </trkpt>
            <trkpt lat="-40.9672047" lon="175.7638881">
                <ele>180.5</ele>
            </trkpt>
            <trkpt lat="-40.9672128" lon="175.7636628">
                <ele>180.8</ele>
            </trkpt>
            <trkpt lat="-40.967227" lon="175.7628205">
                <ele>179</ele>
            </trkpt>
            <trkpt lat="-40.9672513" lon="175.7611871">
                <ele>165.2</ele>
            </trkpt>
            <trkpt lat="-40.9672432" lon="175.7609403">
                <ele>163.2</ele>
            </trkpt>
            <trkpt lat="-40.967225" lon="175.7607123">
                <ele>162</ele>
            </trkpt>
            <trkpt lat="-40.9671906" lon="175.7604682">
                <ele>160.5</ele>
            </trkpt>
            <trkpt lat="-40.9671521" lon="175.7602537">
                <ele>159</ele>
            </trkpt>
            <trkpt lat="-40.9670913" lon="175.7600284">
                <ele>158.2</ele>
            </trkpt>
            <trkpt lat="-40.9670083" lon="175.7597896">
                <ele>157.5</ele>
            </trkpt>
            <trkpt lat="-40.9668503" lon="175.7594383">
                <ele>156</ele>
            </trkpt>
            <trkpt lat="-40.9666397" lon="175.759095">
                <ele>154.2</ele>
            </trkpt>
            <trkpt lat="-40.9663663" lon="175.7587409">
                <ele>150.5</ele>
            </trkpt>
            <trkpt lat="-40.9658356" lon="175.7581079">
                <ele>145.2</ele>
            </trkpt>
            <trkpt lat="-40.9655298" lon="175.7577538">
                <ele>141.8</ele>
            </trkpt>
            <trkpt lat="-40.9653374" lon="175.7575205">
                <ele>139.2</ele>
            </trkpt>
            <trkpt lat="-40.965149" lon="175.7572576">
                <ele>136.2</ele>
            </trkpt>
            <trkpt lat="-40.9650376" lon="175.7570672">
                <ele>134.2</ele>
            </trkpt>
            <trkpt lat="-40.9649404" lon="175.7568875">
                <ele>132.8</ele>
            </trkpt>
            <trkpt lat="-40.9648432" lon="175.7566756">
                <ele>130.8</ele>
            </trkpt>
            <trkpt lat="-40.9647561" lon="175.7564637">
                <ele>129.8</ele>
            </trkpt>
            <trkpt lat="-40.9646751" lon="175.7562491">
                <ele>128.5</ele>
            </trkpt>
            <trkpt lat="-40.9646042" lon="175.7560426">
                <ele>127.5</ele>
            </trkpt>
            <trkpt lat="-40.9645353" lon="175.75582">
                <ele>127.4</ele>
            </trkpt>
            <trkpt lat="-40.9644827" lon="175.7555866">
                <ele>127.2</ele>
            </trkpt>
            <trkpt lat="-40.9644361" lon="175.7553586">
                <ele>127.1</ele>
            </trkpt>
            <trkpt lat="-40.9643976" lon="175.7551199">
                <ele>127</ele>
            </trkpt>
            <trkpt lat="-40.9643733" lon="175.7548892">
                <ele>126.9</ele>
            </trkpt>
            <trkpt lat="-40.9643551" lon="175.7546586">
                <ele>126.8</ele>
            </trkpt>
            <trkpt lat="-40.9643429" lon="175.7544172">
                <ele>125.8</ele>
            </trkpt>
            <trkpt lat="-40.964347" lon="175.7541704">
                <ele>125.4</ele>
            </trkpt>
            <trkpt lat="-40.9643551" lon="175.7539022">
                <ele>125</ele>
            </trkpt>
            <trkpt lat="-40.9643693" lon="175.7536983">
                <ele>124.2</ele>
            </trkpt>
            <trkpt lat="-40.9643895" lon="175.7533899">
                <ele>123.8</ele>
            </trkpt>
            <trkpt lat="-40.9647034" lon="175.749785">
                <ele>120.2</ele>
            </trkpt>
            <trkpt lat="-40.9648675" lon="175.7478431">
                <ele>118.8</ele>
            </trkpt>
            <trkpt lat="-40.9651956" lon="175.7439861">
                <ele>119.5</ele>
            </trkpt>
            <trkpt lat="-40.9652665" lon="175.743058">
                <ele>117.8</ele>
            </trkpt>
            <trkpt lat="-40.9652746" lon="175.7428381">
                <ele>117.2</ele>
            </trkpt>
            <trkpt lat="-40.9652746" lon="175.7426074">
                <ele>117</ele>
            </trkpt>
            <trkpt lat="-40.9652624" lon="175.7423821">
                <ele>116.8</ele>
            </trkpt>
            <trkpt lat="-40.9652402" lon="175.74213">
                <ele>116.7</ele>
            </trkpt>
            <trkpt lat="-40.9652118" lon="175.7418913">
                <ele>116.5</ele>
            </trkpt>
            <trkpt lat="-40.9651186" lon="175.7412368">
                <ele>116</ele>
            </trkpt>
            <trkpt lat="-40.9646305" lon="175.7377285">
                <ele>109.5</ele>
            </trkpt>
            <trkpt lat="-40.9645759" lon="175.7373771">
                <ele>108.5</ele>
            </trkpt>
            <trkpt lat="-40.9639743" lon="175.7338205">
                <ele>105.8</ele>
            </trkpt>
            <trkpt lat="-40.9638589" lon="175.7329997">
                <ele>106.8</ele>
            </trkpt>
            <trkpt lat="-40.9637616" lon="175.7322165">
                <ele>108.5</ele>
            </trkpt>
            <trkpt lat="-40.9637009" lon="175.7316586">
                <ele>108.5</ele>
            </trkpt>
            <trkpt lat="-40.9636685" lon="175.7313851">
                <ele>109</ele>
            </trkpt>
            <trkpt lat="-40.9634923" lon="175.7299688">
                <ele>106.2</ele>
            </trkpt>
            <trkpt lat="-40.9634254" lon="175.7294887">
                <ele>106</ele>
            </trkpt>
            <trkpt lat="-40.9632472" lon="175.7283702">
                <ele>105.2</ele>
            </trkpt>
            <trkpt lat="-40.9629819" lon="175.7268521">
                <ele>105</ele>
            </trkpt>
            <trkpt lat="-40.9623276" lon="175.7231694">
                <ele>104.2</ele>
            </trkpt>
            <trkpt lat="-40.9622892" lon="175.7229468">
                <ele>104</ele>
            </trkpt>
            <trkpt lat="-40.9622304" lon="175.7227215">
                <ele>103.5</ele>
            </trkpt>
            <trkpt lat="-40.9621636" lon="175.7225123">
                <ele>103.8</ele>
            </trkpt>
            <trkpt lat="-40.9620967" lon="175.7223326">
                <ele>103.5</ele>
            </trkpt>
            <trkpt lat="-40.9619833" lon="175.7221019">
                <ele>103.2</ele>
            </trkpt>
            <trkpt lat="-40.9614891" lon="175.7210907">
                <ele>104.1</ele>
            </trkpt>
            <trkpt lat="-40.9607599" lon="175.7197148">
                <ele>105.2</ele>
            </trkpt>
            <trkpt lat="-40.9599558" lon="175.7183227">
                <ele>105.5</ele>
            </trkpt>
            <trkpt lat="-40.9587162" lon="175.7161796">
                <ele>106</ele>
            </trkpt>
            <trkpt lat="-40.9569458" lon="175.7131085">
                <ele>107.2</ele>
            </trkpt>
            <trkpt lat="-40.9559654" lon="175.711408">
                <ele>106.2</ele>
            </trkpt>
            <trkpt lat="-40.9557912" lon="175.7111022">
                <ele>106.3</ele>
            </trkpt>
            <trkpt lat="-40.9556312" lon="175.7107723">
                <ele>106.4</ele>
            </trkpt>
            <trkpt lat="-40.9552767" lon="175.7099944">
                <ele>106.6</ele>
            </trkpt>
            <trkpt lat="-40.9539013" lon="175.7068536">
                <ele>107.2</ele>
            </trkpt>
            <trkpt lat="-40.9527486" lon="175.7042733">
                <ele>106.2</ele>
            </trkpt>
            <trkpt lat="-40.9524164" lon="175.7035518">
                <ele>106.6</ele>
            </trkpt>
            <trkpt lat="-40.9522665" lon="175.7032058">
                <ele>106.8</ele>
            </trkpt>
            <trkpt lat="-40.9520781" lon="175.7027283">
                <ele>107.2</ele>
            </trkpt>
            <trkpt lat="-40.9513144" lon="175.7007194">
                <ele>109</ele>
            </trkpt>
            <trkpt lat="-40.9505608" lon="175.6988016">
                <ele>108.2</ele>
            </trkpt>
            <trkpt lat="-40.950032" lon="175.6973907">
                <ele>109</ele>
            </trkpt>
            <trkpt lat="-40.9499753" lon="175.6972378">
                <ele>109.1</ele>
            </trkpt>
            <trkpt lat="-40.9499227" lon="175.6970716">
                <ele>109.2</ele>
            </trkpt>
            <trkpt lat="-40.9498781" lon="175.696924">
                <ele>109.8</ele>
            </trkpt>
            <trkpt lat="-40.9498254" lon="175.6967255">
                <ele>110</ele>
            </trkpt>
            <trkpt lat="-40.9498031" lon="175.6966075">
                <ele>109.9</ele>
            </trkpt>
            <trkpt lat="-40.9497869" lon="175.6964815">
                <ele>109.9</ele>
            </trkpt>
            <trkpt lat="-40.9497748" lon="175.6962883">
                <ele>109.8</ele>
            </trkpt>
            <trkpt lat="-40.9497829" lon="175.6960496">
                <ele>109</ele>
            </trkpt>
            <trkpt lat="-40.949791" lon="175.6959102">
                <ele>109.5</ele>
            </trkpt>
            <trkpt lat="-40.9498011" lon="175.6957385">
                <ele>110</ele>
            </trkpt>
            <trkpt lat="-40.9498173" lon="175.6955588">
                <ele>110</ele>
            </trkpt>
            <trkpt lat="-40.9498963" lon="175.6945878">
                <ele>108.8</ele>
            </trkpt>
            <trkpt lat="-40.9500645" lon="175.6923562">
                <ele>106.8</ele>
            </trkpt>
            <trkpt lat="-40.9500969" lon="175.6918761">
                <ele>107.2</ele>
            </trkpt>
            <trkpt lat="-40.950105" lon="175.691742">
                <ele>107.4</ele>
            </trkpt>
            <trkpt lat="-40.9501131" lon="175.6913719">
                <ele>107.8</ele>
            </trkpt>
            <trkpt lat="-40.9501192" lon="175.6911358">
                <ele>107.5</ele>
            </trkpt>
            <trkpt lat="-40.9501151" lon="175.6910607">
                <ele>107.5</ele>
            </trkpt>
            <trkpt lat="-40.9500989" lon="175.6907254">
                <ele>107.2</ele>
            </trkpt>
            <trkpt lat="-40.9500584" lon="175.6902319">
                <ele>106.8</ele>
            </trkpt>
            <trkpt lat="-40.9499004" lon="175.6890973">
                <ele>106.8</ele>
            </trkpt>
            <trkpt lat="-40.9497059" lon="175.6877348">
                <ele>106</ele>
            </trkpt>
            <trkpt lat="-40.949639" lon="175.6872359">
                <ele>105.4</ele>
            </trkpt>
            <trkpt lat="-40.9495884" lon="175.6868792">
                <ele>105</ele>
            </trkpt>
            <trkpt lat="-40.94956" lon="175.686678">
                <ele>104.9</ele>
            </trkpt>
            <trkpt lat="-40.949481" lon="175.6861094">
                <ele>104.6</ele>
            </trkpt>
            <trkpt lat="-40.9494061" lon="175.6857124">
                <ele>104.5</ele>
            </trkpt>
            <trkpt lat="-40.949323" lon="175.6852832">
                <ele>104.2</ele>
            </trkpt>
            <trkpt lat="-40.9492399" lon="175.6849238">
                <ele>104.2</ele>
            </trkpt>
            <trkpt lat="-40.9490941" lon="175.6843928">
                <ele>104</ele>
            </trkpt>
            <trkpt lat="-40.9490394" lon="175.6841996">
                <ele>104.2</ele>
            </trkpt>
            <trkpt lat="-40.9489239" lon="175.6837624">
                <ele>104.5</ele>
            </trkpt>
            <trkpt lat="-40.9485653" lon="175.6824777">
                <ele>106.5</ele>
            </trkpt>
            <trkpt lat="-40.948541" lon="175.6823945">
                <ele>106.8</ele>
            </trkpt>
            <trkpt lat="-40.9482878" lon="175.6814879">
                <ele>108</ele>
            </trkpt>
            <trkpt lat="-40.9480183" lon="175.6804875">
                <ele>109</ele>
            </trkpt>
            <trkpt lat="-40.9476192" lon="175.6790552">
                <ele>111</ele>
            </trkpt>
            <trkpt lat="-40.9474633" lon="175.6785026">
                <ele>111.6</ele>
            </trkpt>
            <trkpt lat="-40.9473539" lon="175.6781083">
                <ele>112</ele>
            </trkpt>
            <trkpt lat="-40.9468636" lon="175.6763515">
                <ele>112</ele>
            </trkpt>
            <trkpt lat="-40.9466124" lon="175.6753966">
                <ele>113</ele>
            </trkpt>
            <trkpt lat="-40.9465253" lon="175.6750882">
                <ele>113</ele>
            </trkpt>
            <trkpt lat="-40.9462457" lon="175.6740797">
                <ele>114.8</ele>
            </trkpt>
            <trkpt lat="-40.9462214" lon="175.6739938">
                <ele>115</ele>
            </trkpt>
            <trkpt lat="-40.9459843" lon="175.6731114">
                <ele>116</ele>
            </trkpt>
            <trkpt lat="-40.9459783" lon="175.6730846">
                <ele>116</ele>
            </trkpt>
            <trkpt lat="-40.9459904" lon="175.6730685">
                <ele>116</ele>
            </trkpt>
            <trkpt lat="-40.9460005" lon="175.673047">
                <ele>116</ele>
            </trkpt>
            <trkpt lat="-40.9460066" lon="175.6730229">
                <ele>116</ele>
            </trkpt>
            <trkpt lat="-40.9460066" lon="175.6729987">
                <ele>116</ele>
            </trkpt>
            <trkpt lat="-40.9460026" lon="175.6729773">
                <ele>116</ele>
            </trkpt>
            <trkpt lat="-40.9459945" lon="175.6729531">
                <ele>116</ele>
            </trkpt>
            <trkpt lat="-40.9459803" lon="175.6729344">
                <ele>116</ele>
            </trkpt>
            <trkpt lat="-40.9459641" lon="175.6729209">
                <ele>116</ele>
            </trkpt>
            <trkpt lat="-40.9459438" lon="175.6729129">
                <ele>116</ele>
            </trkpt>
            <trkpt lat="-40.9459235" lon="175.6729129">
                <ele>116</ele>
            </trkpt>
            <trkpt lat="-40.9455265" lon="175.6714672">
                <ele>115.5</ele>
            </trkpt>
            <trkpt lat="-40.9454292" lon="175.6711185">
                <ele>116</ele>
            </trkpt>
            <trkpt lat="-40.9450463" lon="175.6697935">
                <ele>116</ele>
            </trkpt>
            <trkpt lat="-40.9450524" lon="175.6695119">
                <ele>115.2</ele>
            </trkpt>
            <trkpt lat="-40.9450747" lon="175.6693965">
                <ele>114.8</ele>
            </trkpt>
            <trkpt lat="-40.9451111" lon="175.6693161">
                <ele>114.5</ele>
            </trkpt>
            <trkpt lat="-40.9451841" lon="175.6692302">
                <ele>115</ele>
            </trkpt>
            <trkpt lat="-40.9452327" lon="175.6691954">
                <ele>114.8</ele>
            </trkpt>
            <trkpt lat="-40.9452752" lon="175.6691524">
                <ele>114.5</ele>
            </trkpt>
            <trkpt lat="-40.9453502" lon="175.6690398">
                <ele>114.2</ele>
            </trkpt>
            <trkpt lat="-40.9454616" lon="175.6688654">
                <ele>113.8</ele>
            </trkpt>
            <trkpt lat="-40.9455569" lon="175.6687152">
                <ele>113.5</ele>
            </trkpt>
            <trkpt lat="-40.9457108" lon="175.6684658">
                <ele>113.5</ele>
            </trkpt>
            <trkpt lat="-40.9461059" lon="175.6678006">
                <ele>112</ele>
            </trkpt>
            <trkpt lat="-40.9461768" lon="175.6676906">
                <ele>111.9</ele>
            </trkpt>
            <trkpt lat="-40.9462335" lon="175.6676263">
                <ele>111.8</ele>
            </trkpt>
            <trkpt lat="-40.9463105" lon="175.6675726">
                <ele>111.8</ele>
            </trkpt>
            <trkpt lat="-40.946351" lon="175.6675485">
                <ele>111.5</ele>
            </trkpt>
            <trkpt lat="-40.9464584" lon="175.6675136">
                <ele>111</ele>
            </trkpt>
            <trkpt lat="-40.9464665" lon="175.6675109">
                <ele>111</ele>
            </trkpt>
            <trkpt lat="-40.9465273" lon="175.6674787">
                <ele>110.8</ele>
            </trkpt>
            <trkpt lat="-40.9465779" lon="175.6674251">
                <ele>110.8</ele>
            </trkpt>
            <trkpt lat="-40.9466184" lon="175.6673554">
                <ele>110.9</ele>
            </trkpt>
            <trkpt lat="-40.9466407" lon="175.6672749">
                <ele>110.9</ele>
            </trkpt>
            <trkpt lat="-40.9466468" lon="175.6671891">
                <ele>111</ele>
            </trkpt>
            <trkpt lat="-40.9466468" lon="175.6671703">
                <ele>111</ele>
            </trkpt>
            <trkpt lat="-40.9466286" lon="175.6670845">
                <ele>111</ele>
            </trkpt>
            <trkpt lat="-40.9465941" lon="175.6670067">
                <ele>111</ele>
            </trkpt>
            <trkpt lat="-40.9465455" lon="175.666945">
                <ele>111</ele>
            </trkpt>
            <trkpt lat="-40.9464847" lon="175.6669047">
                <ele>111</ele>
            </trkpt>
            <trkpt lat="-40.9464179" lon="175.6668887">
                <ele>111</ele>
            </trkpt>
            <trkpt lat="-40.9464098" lon="175.6668887">
                <ele>111</ele>
            </trkpt>
            <trkpt lat="-40.9462072" lon="175.6668243">
                <ele>111.8</ele>
            </trkpt>
            <trkpt lat="-40.9461424" lon="175.6667948">
                <ele>111.8</ele>
            </trkpt>
            <trkpt lat="-40.9460775" lon="175.6667626">
                <ele>111.9</ele>
            </trkpt>
            <trkpt lat="-40.9459499" lon="175.6666204">
                <ele>112</ele>
            </trkpt>
            <trkpt lat="-40.945877" lon="175.6664515">
                <ele>112.1</ele>
            </trkpt>
            <trkpt lat="-40.9458304" lon="175.6663013">
                <ele>112.2</ele>
            </trkpt>
            <trkpt lat="-40.9457979" lon="175.666143">
                <ele>112.2</ele>
            </trkpt>
            <trkpt lat="-40.9457878" lon="175.6660089">
                <ele>113</ele>
            </trkpt>
            <trkpt lat="-40.9457979" lon="175.6658989">
                <ele>113.2</ele>
            </trkpt>
            <trkpt lat="-40.9458283" lon="175.6657487">
                <ele>113.5</ele>
            </trkpt>
            <trkpt lat="-40.9459053" lon="175.6655905">
                <ele>113.3</ele>
            </trkpt>
            <trkpt lat="-40.9460127" lon="175.6654215">
                <ele>113.1</ele>
            </trkpt>
            <trkpt lat="-40.946509" lon="175.664641">
                <ele>112</ele>
            </trkpt>
            <trkpt lat="-40.9474288" lon="175.6632167">
                <ele>111</ele>
            </trkpt>
            <trkpt lat="-40.9479961" lon="175.6623021">
                <ele>111.5</ele>
            </trkpt>
            <trkpt lat="-40.9482412" lon="175.6619132">
                <ele>111</ele>
            </trkpt>
            <trkpt lat="-40.9482756" lon="175.6618541">
                <ele>111</ele>
            </trkpt>
            <trkpt lat="-40.9483648" lon="175.661712">
                <ele>111</ele>
            </trkpt>
            <trkpt lat="-40.948539" lon="175.661433">
                <ele>111</ele>
            </trkpt>
            <trkpt lat="-40.9485755" lon="175.661374">
                <ele>111</ele>
            </trkpt>
            <trkpt lat="-40.9485977" lon="175.6613392">
                <ele>111</ele>
            </trkpt>
            <trkpt lat="-40.9488165" lon="175.6609905">
                <ele>111</ele>
            </trkpt>
            <trkpt lat="-40.9488712" lon="175.660902">
                <ele>111</ele>
            </trkpt>
            <trkpt lat="-40.9488976" lon="175.6608617">
                <ele>111</ele>
            </trkpt>
            <trkpt lat="-40.9489097" lon="175.6608751">
                <ele>111</ele>
            </trkpt>
            <trkpt lat="-40.9489401" lon="175.6608859">
                <ele>111</ele>
            </trkpt>
            <trkpt lat="-40.9489766" lon="175.6608778">
                <ele>111</ele>
            </trkpt>
            <trkpt lat="-40.9490029" lon="175.6608564">
                <ele>111</ele>
            </trkpt>
            <trkpt lat="-40.9490191" lon="175.6608242">
                <ele>111</ele>
            </trkpt>
            <trkpt lat="-40.9490252" lon="175.6607786">
                <ele>111</ele>
            </trkpt>
            <trkpt lat="-40.9490212" lon="175.6607464">
                <ele>111</ele>
            </trkpt>
            <trkpt lat="-40.949009" lon="175.6607169">
                <ele>111</ele>
            </trkpt>
            <trkpt lat="-40.9489948" lon="175.6607035">
                <ele>111</ele>
            </trkpt>
            <trkpt lat="-40.9490232" lon="175.6606606">
                <ele>111</ele>
            </trkpt>
            <trkpt lat="-40.9490981" lon="175.6605533">
                <ele>110.9</ele>
            </trkpt>
            <trkpt lat="-40.9491285" lon="175.6605104">
                <ele>110.9</ele>
            </trkpt>
            <trkpt lat="-40.949242" lon="175.6603307">
                <ele>110.8</ele>
            </trkpt>
            <trkpt lat="-40.9493088" lon="175.6602234">
                <ele>110.7</ele>
            </trkpt>
            <trkpt lat="-40.9495479" lon="175.6598264">
                <ele>110.5</ele>
            </trkpt>
            <trkpt lat="-40.9496168" lon="175.6597111">
                <ele>110.5</ele>
            </trkpt>
            <trkpt lat="-40.9499105" lon="175.6592444">
                <ele>110.2</ele>
            </trkpt>
            <trkpt lat="-40.9503197" lon="175.6585979">
                <ele>108.8</ele>
            </trkpt>
            <trkpt lat="-40.950658" lon="175.658083">
                <ele>109</ele>
            </trkpt>
            <trkpt lat="-40.9507411" lon="175.6579515">
                <ele>108.9</ele>
            </trkpt>
            <trkpt lat="-40.9509275" lon="175.6576484">
                <ele>108.8</ele>
            </trkpt>
            <trkpt lat="-40.9509578" lon="175.6575975">
                <ele>109</ele>
            </trkpt>
            <trkpt lat="-40.9510227" lon="175.6574982">
                <ele>109</ele>
            </trkpt>
            <trkpt lat="-40.9515433" lon="175.656648">
                <ele>109.4</ele>
            </trkpt>
            <trkpt lat="-40.9516426" lon="175.6565031">
                <ele>109.5</ele>
            </trkpt>
            <trkpt lat="-40.9517297" lon="175.6563851">
                <ele>110</ele>
            </trkpt>
            <trkpt lat="-40.9517438" lon="175.6563932">
                <ele>110</ele>
            </trkpt>
            <trkpt lat="-40.9517601" lon="175.6563959">
                <ele>110</ele>
            </trkpt>
            <trkpt lat="-40.9517763" lon="175.6563932">
                <ele>110</ele>
            </trkpt>
            <trkpt lat="-40.9517925" lon="175.6563878">
                <ele>110</ele>
            </trkpt>
            <trkpt lat="-40.9518066" lon="175.6563798">
                <ele>110</ele>
            </trkpt>
            <trkpt lat="-40.9518208" lon="175.656361">
                <ele>110</ele>
            </trkpt>
            <trkpt lat="-40.951833" lon="175.6563395">
                <ele>110</ele>
            </trkpt>
            <trkpt lat="-40.9518391" lon="175.6563154">
                <ele>110</ele>
            </trkpt>
            <trkpt lat="-40.9518411" lon="175.6562912">
                <ele>110</ele>
            </trkpt>
            <trkpt lat="-40.9518391" lon="175.6562644">
                <ele>110</ele>
            </trkpt>
            <trkpt lat="-40.951833" lon="175.6562403">
                <ele>110</ele>
            </trkpt>
            <trkpt lat="-40.9518208" lon="175.6562188">
                <ele>110</ele>
            </trkpt>
            <trkpt lat="-40.9518066" lon="175.6562027">
                <ele>110</ele>
            </trkpt>
            <trkpt lat="-40.9519079" lon="175.6560713">
                <ele>110</ele>
            </trkpt>
            <trkpt lat="-40.9520072" lon="175.6559211">
                <ele>110</ele>
            </trkpt>
            <trkpt lat="-40.9524164" lon="175.6552532">
                <ele>110</ele>
            </trkpt>
            <trkpt lat="-40.9526392" lon="175.6548697">
                <ele>110</ele>
            </trkpt>
            <trkpt lat="-40.9528337" lon="175.6545424">
                <ele>110</ele>
            </trkpt>
            <trkpt lat="-40.9530282" lon="175.6543064">
                <ele>109.5</ele>
            </trkpt>
            <trkpt lat="-40.9530849" lon="175.6542206">
                <ele>109.2</ele>
            </trkpt>
            <trkpt lat="-40.9532105" lon="175.6540328">
                <ele>109.2</ele>
            </trkpt>
            <trkpt lat="-40.9534698" lon="175.6536171">
                <ele>109</ele>
            </trkpt>
            <trkpt lat="-40.9535609" lon="175.6533837">
                <ele>109</ele>
            </trkpt>
            <trkpt lat="-40.9537797" lon="175.6530485">
                <ele>109.2</ele>
            </trkpt>
            <trkpt lat="-40.9540593" lon="175.6526273">
                <ele>109.5</ele>
            </trkpt>
            <trkpt lat="-40.9540755" lon="175.6526005">
                <ele>109.6</ele>
            </trkpt>
            <trkpt lat="-40.9543489" lon="175.6522089">
                <ele>110.5</ele>
            </trkpt>
            <trkpt lat="-40.9546082" lon="175.6517959">
                <ele>110</ele>
            </trkpt>
            <trkpt lat="-40.9549181" lon="175.6513023">
                <ele>111</ele>
            </trkpt>
            <trkpt lat="-40.9554874" lon="175.6504065">
                <ele>110.5</ele>
            </trkpt>
            <trkpt lat="-40.9561477" lon="175.6493631">
                <ele>110</ele>
            </trkpt>
            <trkpt lat="-40.9561639" lon="175.6493363">
                <ele>109.9</ele>
            </trkpt>
            <trkpt lat="-40.956247" lon="175.6492075">
                <ele>109.5</ele>
            </trkpt>
            <trkpt lat="-40.9565974" lon="175.648655">
                <ele>109</ele>
            </trkpt>
            <trkpt lat="-40.956964" lon="175.6480676">
                <ele>109</ele>
            </trkpt>
            <trkpt lat="-40.9570957" lon="175.6478611">
                <ele>108.7</ele>
            </trkpt>
            <trkpt lat="-40.9571139" lon="175.6478342">
                <ele>108.7</ele>
            </trkpt>
            <trkpt lat="-40.9574887" lon="175.6472549">
                <ele>108</ele>
            </trkpt>
            <trkpt lat="-40.9575879" lon="175.6470993">
                <ele>108</ele>
            </trkpt>
            <trkpt lat="-40.9576852" lon="175.6469384">
                <ele>108</ele>
            </trkpt>
            <trkpt lat="-40.9577236" lon="175.6468713">
                <ele>108</ele>
            </trkpt>
            <trkpt lat="-40.9578067" lon="175.6467399">
                <ele>108</ele>
            </trkpt>
            <trkpt lat="-40.9578675" lon="175.6466433">
                <ele>108.1</ele>
            </trkpt>
            <trkpt lat="-40.9580174" lon="175.6464154">
                <ele>108.2</ele>
            </trkpt>
            <trkpt lat="-40.9581733" lon="175.6461927">
                <ele>108.2</ele>
            </trkpt>
            <trkpt lat="-40.9582787" lon="175.6460533">
                <ele>108</ele>
            </trkpt>
            <trkpt lat="-40.9583455" lon="175.6460372">
                <ele>108</ele>
            </trkpt>
            <trkpt lat="-40.9583941" lon="175.6460077">
                <ele>108</ele>
            </trkpt>
            <trkpt lat="-40.9584366" lon="175.6459889">
                <ele>108</ele>
            </trkpt>
            <trkpt lat="-40.9584832" lon="175.6459835">
                <ele>108</ele>
            </trkpt>
            <trkpt lat="-40.9585237" lon="175.6459433">
                <ele>108</ele>
            </trkpt>
            <trkpt lat="-40.9585582" lon="175.6459728">
                <ele>108</ele>
            </trkpt>
            <trkpt lat="-40.9585703" lon="175.6459782">
                <ele>108</ele>
            </trkpt>
            <trkpt lat="-40.9585946" lon="175.6459889">
                <ele>108</ele>
            </trkpt>
            <trkpt lat="-40.9586311" lon="175.6459942">
                <ele>108</ele>
            </trkpt>
            <trkpt lat="-40.9586696" lon="175.6459835">
                <ele>108</ele>
            </trkpt>
            <trkpt lat="-40.958706" lon="175.6459567">
                <ele>108</ele>
            </trkpt>
            <trkpt lat="-40.9587364" lon="175.6459191">
                <ele>108</ele>
            </trkpt>
            <trkpt lat="-40.9587567" lon="175.6458735">
                <ele>108</ele>
            </trkpt>
            <trkpt lat="-40.9587648" lon="175.6458199">
                <ele>108</ele>
            </trkpt>
            <trkpt lat="-40.9587628" lon="175.6457663">
                <ele>108</ele>
            </trkpt>
            <trkpt lat="-40.9587506" lon="175.6457153">
                <ele>108</ele>
            </trkpt>
            <trkpt lat="-40.958779" lon="175.6456536">
                <ele>108</ele>
            </trkpt>
            <trkpt lat="-40.9588175" lon="175.6455544">
                <ele>108</ele>
            </trkpt>
            <trkpt lat="-40.9588559" lon="175.6454256">
                <ele>108</ele>
            </trkpt>
            <trkpt lat="-40.9589937" lon="175.6448489">
                <ele>108</ele>
            </trkpt>
            <trkpt lat="-40.9589937" lon="175.6447685">
                <ele>108</ele>
            </trkpt>
            <trkpt lat="-40.959255" lon="175.6435642">
                <ele>109</ele>
            </trkpt>
            <trkpt lat="-40.9593279" lon="175.6432584">
                <ele>109.1</ele>
            </trkpt>
            <trkpt lat="-40.959496" lon="175.6425261">
                <ele>109.5</ele>
            </trkpt>
            <trkpt lat="-40.9596277" lon="175.6419575">
                <ele>109.8</ele>
            </trkpt>
            <trkpt lat="-40.9597857" lon="175.6412816">
                <ele>111.2</ele>
            </trkpt>
            <trkpt lat="-40.959974" lon="175.6404394">
                <ele>112.2</ele>
            </trkpt>
            <trkpt lat="-40.9600186" lon="175.6402436">
                <ele>112.2</ele>
            </trkpt>
            <trkpt lat="-40.9600328" lon="175.6401765">
                <ele>112.2</ele>
            </trkpt>
            <trkpt lat="-40.9600773" lon="175.6399807">
                <ele>112.2</ele>
            </trkpt>
            <trkpt lat="-40.9601968" lon="175.6394577">
                <ele>112.1</ele>
            </trkpt>
            <trkpt lat="-40.9603143" lon="175.6389454">
                <ele>112.1</ele>
            </trkpt>
            <trkpt lat="-40.9603791" lon="175.638653">
                <ele>112</ele>
            </trkpt>
            <trkpt lat="-40.960446" lon="175.6383687">
                <ele>112</ele>
            </trkpt>
            <trkpt lat="-40.9605533" lon="175.6379154">
                <ele>111</ele>
            </trkpt>
            <trkpt lat="-40.9607863" lon="175.6369311">
                <ele>113</ele>
            </trkpt>
            <trkpt lat="-40.9610192" lon="175.6358904">
                <ele>113</ele>
            </trkpt>
            <trkpt lat="-40.9610698" lon="175.635657">
                <ele>113</ele>
            </trkpt>
            <trkpt lat="-40.961163" lon="175.63526">
                <ele>113</ele>
            </trkpt>
            <trkpt lat="-40.9612157" lon="175.6350428">
                <ele>113</ele>
            </trkpt>
            <trkpt lat="-40.9612623" lon="175.6348282">
                <ele>113.3</ele>
            </trkpt>
            <trkpt lat="-40.9615499" lon="175.6335542">
                <ele>115</ele>
            </trkpt>
            <trkpt lat="-40.9616714" lon="175.6330472">
                <ele>113.5</ele>
            </trkpt>
            <trkpt lat="-40.9617463" lon="175.6327066">
                <ele>113.2</ele>
            </trkpt>
            <trkpt lat="-40.9617909" lon="175.6324705">
                <ele>113.4</ele>
            </trkpt>
            <trkpt lat="-40.9618031" lon="175.6324062">
                <ele>113.4</ele>
            </trkpt>
            <trkpt lat="-40.9618294" lon="175.6322157">
                <ele>113.5</ele>
            </trkpt>
            <trkpt lat="-40.9618415" lon="175.6321245">
                <ele>113.5</ele>
            </trkpt>
            <trkpt lat="-40.9618577" lon="175.6319851">
                <ele>114</ele>
            </trkpt>
            <trkpt lat="-40.9618658" lon="175.6318966">
                <ele>114.2</ele>
            </trkpt>
            <trkpt lat="-40.961882" lon="175.6317383">
                <ele>114.5</ele>
            </trkpt>
            <trkpt lat="-40.9619124" lon="175.631057">
                <ele>115.5</ele>
            </trkpt>
            <trkpt lat="-40.9619691" lon="175.6297079">
                <ele>117</ele>
            </trkpt>
            <trkpt lat="-40.9619894" lon="175.6291714">
                <ele>116.5</ele>
            </trkpt>
            <trkpt lat="-40.9620461" lon="175.6277311">
                <ele>117</ele>
            </trkpt>
            <trkpt lat="-40.9620684" lon="175.627149">
                <ele>117</ele>
            </trkpt>
            <trkpt lat="-40.9621231" lon="175.6257516">
                <ele>117</ele>
            </trkpt>
            <trkpt lat="-40.9621636" lon="175.6248021">
                <ele>117.7</ele>
            </trkpt>
            <trkpt lat="-40.9621676" lon="175.6247136">
                <ele>117.7</ele>
            </trkpt>
            <trkpt lat="-40.9621838" lon="175.62433">
                <ele>118</ele>
            </trkpt>
            <trkpt lat="-40.962194" lon="175.6241181">
                <ele>118</ele>
            </trkpt>
            <trkpt lat="-40.9622021" lon="175.623925">
                <ele>118</ele>
            </trkpt>
            <trkpt lat="-40.9622142" lon="175.6236085">
                <ele>118.5</ele>
            </trkpt>
            <trkpt lat="-40.9622385" lon="175.6229621">
                <ele>119.2</ele>
            </trkpt>
            <trkpt lat="-40.9622466" lon="175.6227368">
                <ele>119</ele>
            </trkpt>
            <trkpt lat="-40.9622588" lon="175.6224123">
                <ele>119</ele>
            </trkpt>
            <trkpt lat="-40.9622912" lon="175.6215566">
                <ele>119</ele>
            </trkpt>
            <trkpt lat="-40.9623013" lon="175.6213099">
                <ele>119</ele>
            </trkpt>
            <trkpt lat="-40.9623074" lon="175.6211409">
                <ele>119</ele>
            </trkpt>
            <trkpt lat="-40.9623135" lon="175.6210068">
                <ele>119</ele>
            </trkpt>
            <trkpt lat="-40.9623236" lon="175.6206205">
                <ele>119.2</ele>
            </trkpt>
            <trkpt lat="-40.9623418" lon="175.6201887">
                <ele>119.3</ele>
            </trkpt>
            <trkpt lat="-40.9624188" lon="175.6181288">
                <ele>120</ele>
            </trkpt>
            <trkpt lat="-40.9624775" lon="175.6169218">
                <ele>122</ele>
            </trkpt>
            <trkpt lat="-40.9625606" lon="175.6147197">
                <ele>122</ele>
            </trkpt>
            <trkpt lat="-40.9625768" lon="175.6142879">
                <ele>122</ele>
            </trkpt>
            <trkpt lat="-40.9625788" lon="175.6142288">
                <ele>122</ele>
            </trkpt>
            <trkpt lat="-40.962591" lon="175.6141001">
                <ele>122.1</ele>
            </trkpt>
            <trkpt lat="-40.962593" lon="175.6140143">
                <ele>122.1</ele>
            </trkpt>
            <trkpt lat="-40.962595" lon="175.6139714">
                <ele>122.1</ele>
            </trkpt>
            <trkpt lat="-40.9625991" lon="175.6139016">
                <ele>122.2</ele>
            </trkpt>
            <trkpt lat="-40.9626011" lon="175.6137353">
                <ele>122.2</ele>
            </trkpt>
            <trkpt lat="-40.9626051" lon="175.6135288">
                <ele>123</ele>
            </trkpt>
            <trkpt lat="-40.9626578" lon="175.6133705">
                <ele>123.1</ele>
            </trkpt>
            <trkpt lat="-40.9626679" lon="175.613274">
                <ele>123.2</ele>
            </trkpt>
            <trkpt lat="-40.9626821" lon="175.613164">
                <ele>123.2</ele>
            </trkpt>
            <trkpt lat="-40.9627165" lon="175.6130406">
                <ele>124</ele>
            </trkpt>
            <trkpt lat="-40.9627348" lon="175.6130004">
                <ele>124</ele>
            </trkpt>
            <trkpt lat="-40.9627408" lon="175.6129548">
                <ele>124</ele>
            </trkpt>
            <trkpt lat="-40.9627611" lon="175.6128475">
                <ele>123.9</ele>
            </trkpt>
            <trkpt lat="-40.9627874" lon="175.6127268">
                <ele>123.8</ele>
            </trkpt>
            <trkpt lat="-40.962834" lon="175.6125766">
                <ele>124</ele>
            </trkpt>
            <trkpt lat="-40.9628543" lon="175.6123701">
                <ele>124</ele>
            </trkpt>
            <trkpt lat="-40.9628664" lon="175.6123325">
                <ele>124</ele>
            </trkpt>
            <trkpt lat="-40.962913" lon="175.6122091">
                <ele>123.9</ele>
            </trkpt>
            <trkpt lat="-40.9629717" lon="175.612067">
                <ele>123.8</ele>
            </trkpt>
            <trkpt lat="-40.9631054" lon="175.6117719">
                <ele>123.2</ele>
            </trkpt>
            <trkpt lat="-40.9632431" lon="175.6115171">
                <ele>123</ele>
            </trkpt>
            <trkpt lat="-40.9634214" lon="175.6112087">
                <ele>123</ele>
            </trkpt>
            <trkpt lat="-40.9636705" lon="175.610801">
                <ele>123</ele>
            </trkpt>
            <trkpt lat="-40.9640655" lon="175.6101733">
                <ele>123</ele>
            </trkpt>
            <trkpt lat="-40.9648473" lon="175.6089154">
                <ele>123</ele>
            </trkpt>
            <trkpt lat="-40.9651531" lon="175.6084299">
                <ele>122.9</ele>
            </trkpt>
            <trkpt lat="-40.9652868" lon="175.6082287">
                <ele>122.8</ele>
            </trkpt>
            <trkpt lat="-40.965384" lon="175.6080839">
                <ele>122.8</ele>
            </trkpt>
            <trkpt lat="-40.9657425" lon="175.6075689">
                <ele>123.2</ele>
            </trkpt>
            <trkpt lat="-40.9663582" lon="175.606724">
                <ele>122.5</ele>
            </trkpt>
            <trkpt lat="-40.9665364" lon="175.606496">
                <ele>122.2</ele>
            </trkpt>
            <trkpt lat="-40.9665911" lon="175.6064209">
                <ele>122.5</ele>
            </trkpt>
            <trkpt lat="-40.9673911" lon="175.6054071">
                <ele>122.2</ele>
            </trkpt>
            <trkpt lat="-40.9679197" lon="175.6047311">
                <ele>123</ele>
            </trkpt>
            <trkpt lat="-40.9683267" lon="175.6041679">
                <ele>124.2</ele>
            </trkpt>
            <trkpt lat="-40.9684179" lon="175.6040445">
                <ele>124.5</ele>
            </trkpt>
            <trkpt lat="-40.9685414" lon="175.6038755">
                <ele>124.7</ele>
            </trkpt>
            <trkpt lat="-40.9686852" lon="175.6036744">
                <ele>125</ele>
            </trkpt>
            <trkpt lat="-40.9688209" lon="175.6035322">
                <ele>125.1</ele>
            </trkpt>
            <trkpt lat="-40.969153" lon="175.6030789">
                <ele>125.4</ele>
            </trkpt>
            <trkpt lat="-40.9692887" lon="175.6028858">
                <ele>125.5</ele>
            </trkpt>
            <trkpt lat="-40.9693637" lon="175.6027678">
                <ele>125.4</ele>
            </trkpt>
            <trkpt lat="-40.9694285" lon="175.6026417">
                <ele>125.3</ele>
            </trkpt>
            <trkpt lat="-40.9694953" lon="175.6025049">
                <ele>125.2</ele>
            </trkpt>
            <trkpt lat="-40.9695419" lon="175.6024432">
                <ele>125.1</ele>
            </trkpt>
            <trkpt lat="-40.9695945" lon="175.6023923">
                <ele>125.1</ele>
            </trkpt>
            <trkpt lat="-40.9696431" lon="175.6023601">
                <ele>125</ele>
            </trkpt>
            <trkpt lat="-40.9697059" lon="175.6023601">
                <ele>124.8</ele>
            </trkpt>
            <trkpt lat="-40.9697242" lon="175.602352">
                <ele>124.8</ele>
            </trkpt>
            <trkpt lat="-40.9697667" lon="175.6023306">
                <ele>124.8</ele>
            </trkpt>
            <trkpt lat="-40.9698173" lon="175.6022796">
                <ele>124.9</ele>
            </trkpt>
            <trkpt lat="-40.9698517" lon="175.6022099">
                <ele>125</ele>
            </trkpt>
            <trkpt lat="-40.9698558" lon="175.6021857">
                <ele>125.1</ele>
            </trkpt>
            <trkpt lat="-40.9698679" lon="175.6021294">
                <ele>125.2</ele>
            </trkpt>
            <trkpt lat="-40.9698639" lon="175.6020623">
                <ele>125</ele>
            </trkpt>
            <trkpt lat="-40.9699186" lon="175.6019443">
                <ele>124.9</ele>
            </trkpt>
            <trkpt lat="-40.9699611" lon="175.6018665">
                <ele>124.9</ele>
            </trkpt>
            <trkpt lat="-40.9700664" lon="175.6017378">
                <ele>124.8</ele>
            </trkpt>
            <trkpt lat="-40.9703337" lon="175.6013918">
                <ele>124.5</ele>
            </trkpt>
            <trkpt lat="-40.9707813" lon="175.6007561">
                <ele>124</ele>
            </trkpt>
            <trkpt lat="-40.9717514" lon="175.5993667">
                <ele>123</ele>
            </trkpt>
            <trkpt lat="-40.9722982" lon="175.5985835">
                <ele>123.4</ele>
            </trkpt>
            <trkpt lat="-40.9732783" lon="175.5971593">
                <ele>124.2</ele>
            </trkpt>
            <trkpt lat="-40.9740377" lon="175.5959952">
                <ele>122.2</ele>
            </trkpt>
            <trkpt lat="-40.9750422" lon="175.5944556">
                <ele>121.5</ele>
            </trkpt>
            <trkpt lat="-40.9766521" lon="175.5919933">
                <ele>120</ele>
            </trkpt>
            <trkpt lat="-40.9778225" lon="175.5901963">
                <ele>118.2</ele>
            </trkpt>
            <trkpt lat="-40.9788998" lon="175.5885521">
                <ele>116.2</ele>
            </trkpt>
            <trkpt lat="-40.9792805" lon="175.58797">
                <ele>115.2</ele>
            </trkpt>
            <trkpt lat="-40.9796571" lon="175.5874121">
                <ele>115.2</ele>
            </trkpt>
            <trkpt lat="-40.9800196" lon="175.5868623">
                <ele>115.1</ele>
            </trkpt>
            <trkpt lat="-40.9802605" lon="175.5865109">
                <ele>115.1</ele>
            </trkpt>
            <trkpt lat="-40.980384" lon="175.5863044">
                <ele>115.1</ele>
            </trkpt>
            <trkpt lat="-40.9805015" lon="175.5861059">
                <ele>115.1</ele>
            </trkpt>
            <trkpt lat="-40.9806189" lon="175.5858377">
                <ele>115</ele>
            </trkpt>
            <trkpt lat="-40.9806918" lon="175.5856392">
                <ele>115</ele>
            </trkpt>
            <trkpt lat="-40.9807425" lon="175.5855453">
                <ele>115</ele>
            </trkpt>
            <trkpt lat="-40.980791" lon="175.5854809">
                <ele>115</ele>
            </trkpt>
            <trkpt lat="-40.9808275" lon="175.5854407">
                <ele>115</ele>
            </trkpt>
            <trkpt lat="-40.9808619" lon="175.5854487">
                <ele>115</ele>
            </trkpt>
            <trkpt lat="-40.9809146" lon="175.5854353">
                <ele>115.1</ele>
            </trkpt>
            <trkpt lat="-40.9809611" lon="175.5853978">
                <ele>115.2</ele>
            </trkpt>
            <trkpt lat="-40.9809956" lon="175.5853441">
                <ele>115.5</ele>
            </trkpt>
            <trkpt lat="-40.9810057" lon="175.5853146">
                <ele>116</ele>
            </trkpt>
            <trkpt lat="-40.9810158" lon="175.5852798">
                <ele>116.2</ele>
            </trkpt>
            <trkpt lat="-40.9810178" lon="175.5852395">
                <ele>116</ele>
            </trkpt>
            <trkpt lat="-40.9811191" lon="175.5851349">
                <ele>116.2</ele>
            </trkpt>
            <trkpt lat="-40.9811818" lon="175.5850706">
                <ele>116.2</ele>
            </trkpt>
            <trkpt lat="-40.981277" lon="175.5849472">
                <ele>116</ele>
            </trkpt>
            <trkpt lat="-40.9814613" lon="175.5846709">
                <ele>115.2</ele>
            </trkpt>
            <trkpt lat="-40.9819088" lon="175.5839816">
                <ele>115</ele>
            </trkpt>
            <trkpt lat="-40.982417" lon="175.5831984">
                <ele>114</ele>
            </trkpt>
            <trkpt lat="-40.9828665" lon="175.5825251">
                <ele>113.5</ele>
            </trkpt>
            <trkpt lat="-40.984705" lon="175.579733">
                <ele>111.2</ele>
            </trkpt>
            <trkpt lat="-40.9872481" lon="175.5758813">
                <ele>109.8</ele>
            </trkpt>
            <trkpt lat="-40.988145" lon="175.5745375">
                <ele>109</ele>
            </trkpt>
            <trkpt lat="-40.9894813" lon="175.5725071">
                <ele>108.2</ele>
            </trkpt>
            <trkpt lat="-40.9900319" lon="175.5716783">
                <ele>107</ele>
            </trkpt>
            <trkpt lat="-40.9913661" lon="175.5696505">
                <ele>106</ele>
            </trkpt>
            <trkpt lat="-40.9925687" lon="175.5678427">
                <ele>104</ele>
            </trkpt>
            <trkpt lat="-40.9952046" lon="175.5638409">
                <ele>102</ele>
            </trkpt>
            <trkpt lat="-40.9972917" lon="175.5606571">
                <ele>101.2</ele>
            </trkpt>
            <trkpt lat="-40.9986258" lon="175.558565">
                <ele>98.5</ele>
            </trkpt>
            <trkpt lat="-40.9988039" lon="175.5583128">
                <ele>98.8</ele>
            </trkpt>
            <trkpt lat="-40.9989679" lon="175.5580929">
                <ele>99</ele>
            </trkpt>
            <trkpt lat="-40.9991319" lon="175.5579051">
                <ele>99.2</ele>
            </trkpt>
            <trkpt lat="-40.9992918" lon="175.5577469">
                <ele>99.2</ele>
            </trkpt>
            <trkpt lat="-40.9994375" lon="175.5576235">
                <ele>99.1</ele>
            </trkpt>
            <trkpt lat="-40.9996299" lon="175.5574867">
                <ele>99</ele>
            </trkpt>
            <trkpt lat="-40.999812" lon="175.5573767">
                <ele>98.2</ele>
            </trkpt>
            <trkpt lat="-41.0000246" lon="175.5572829">
                <ele>97.8</ele>
            </trkpt>
            <trkpt lat="-41.0002756" lon="175.5571917">
                <ele>97.2</ele>
            </trkpt>
            <trkpt lat="-41.0005226" lon="175.5571139">
                <ele>96.8</ele>
            </trkpt>
            <trkpt lat="-41.0009517" lon="175.5569986">
                <ele>96</ele>
            </trkpt>
            <trkpt lat="-41.0013302" lon="175.5568913">
                <ele>95.9</ele>
            </trkpt>
            <trkpt lat="-41.0017776" lon="175.5567679">
                <ele>95.8</ele>
            </trkpt>
            <trkpt lat="-41.0024031" lon="175.5566043">
                <ele>95.6</ele>
            </trkpt>
            <trkpt lat="-41.00281" lon="175.556497">
                <ele>95.5</ele>
            </trkpt>
            <trkpt lat="-41.0031581" lon="175.5564058">
                <ele>95</ele>
            </trkpt>
            <trkpt lat="-41.0034111" lon="175.556328">
                <ele>94.5</ele>
            </trkpt>
            <trkpt lat="-41.0037127" lon="175.5562314">
                <ele>94</ele>
            </trkpt>
            <trkpt lat="-41.0045588" lon="175.5559552">
                <ele>94</ele>
            </trkpt>
            <trkpt lat="-41.0048058" lon="175.5558854">
                <ele>94</ele>
            </trkpt>
            <trkpt lat="-41.0049616" lon="175.5558318">
                <ele>94</ele>
            </trkpt>
            <trkpt lat="-41.0051256" lon="175.555754">
                <ele>94</ele>
            </trkpt>
            <trkpt lat="-41.0053867" lon="175.5556038">
                <ele>94</ele>
            </trkpt>
            <trkpt lat="-41.0056215" lon="175.5554321">
                <ele>94</ele>
            </trkpt>
            <trkpt lat="-41.0057511" lon="175.5553141">
                <ele>94</ele>
            </trkpt>
            <trkpt lat="-41.0058745" lon="175.5551854">
                <ele>94</ele>
            </trkpt>
            <trkpt lat="-41.0059919" lon="175.5550566">
                <ele>93.5</ele>
            </trkpt>
            <trkpt lat="-41.0061296" lon="175.5548716">
                <ele>93.3</ele>
            </trkpt>
            <trkpt lat="-41.0062814" lon="175.5546382">
                <ele>93</ele>
            </trkpt>
            <trkpt lat="-41.0065647" lon="175.5541822">
                <ele>92</ele>
            </trkpt>
            <trkpt lat="-41.0076881" lon="175.5524012">
                <ele>91.8</ele>
            </trkpt>
            <trkpt lat="-41.0081982" lon="175.5514517">
                <ele>91.2</ele>
            </trkpt>
            <trkpt lat="-41.0083742" lon="175.5510494">
                <ele>91</ele>
            </trkpt>
            <trkpt lat="-41.0100886" lon="175.5472863">
                <ele>90.2</ele>
            </trkpt>
            <trkpt lat="-41.0103881" lon="175.5465943">
                <ele>90</ele>
            </trkpt>
            <trkpt lat="-41.012742" lon="175.5413693">
                <ele>87.8</ele>
            </trkpt>
            <trkpt lat="-41.0139603" lon="175.5385959">
                <ele>85</ele>
            </trkpt>
            <trkpt lat="-41.0146748" lon="175.5370215">
                <ele>85.3</ele>
            </trkpt>
            <trkpt lat="-41.0148063" lon="175.5367827">
                <ele>85.4</ele>
            </trkpt>
            <trkpt lat="-41.0149702" lon="175.5365816">
                <ele>85.4</ele>
            </trkpt>
            <trkpt lat="-41.0154721" lon="175.5361632">
                <ele>85.6</ele>
            </trkpt>
            <trkpt lat="-41.0171053" lon="175.5347094">
                <ele>86</ele>
            </trkpt>
            <trkpt lat="-41.0177024" lon="175.5341783">
                <ele>85.4</ele>
            </trkpt>
            <trkpt lat="-41.0183135" lon="175.5336231">
                <ele>84.8</ele>
            </trkpt>
            <trkpt lat="-41.0183904" lon="175.5335748">
                <ele>84.8</ele>
            </trkpt>
            <trkpt lat="-41.0185503" lon="175.5334246">
                <ele>84.5</ele>
            </trkpt>
            <trkpt lat="-41.0185645" lon="175.5333951">
                <ele>84.5</ele>
            </trkpt>
            <trkpt lat="-41.019204" lon="175.532797">
                <ele>83</ele>
            </trkpt>
            <trkpt lat="-41.0192464" lon="175.5327514">
                <ele>82.9</ele>
            </trkpt>
            <trkpt lat="-41.0193375" lon="175.532687">
                <ele>82.8</ele>
            </trkpt>
            <trkpt lat="-41.0204404" lon="175.5316839">
                <ele>81.8</ele>
            </trkpt>
            <trkpt lat="-41.0204728" lon="175.5316409">
                <ele>81.8</ele>
            </trkpt>
            <trkpt lat="-41.0206347" lon="175.5314907">
                <ele>81.8</ele>
            </trkpt>
            <trkpt lat="-41.0213207" lon="175.5308792">
                <ele>81.9</ele>
            </trkpt>
            <trkpt lat="-41.0221807" lon="175.5300879">
                <ele>82</ele>
            </trkpt>
            <trkpt lat="-41.0228991" lon="175.5294308">
                <ele>82</ele>
            </trkpt>
            <trkpt lat="-41.0230651" lon="175.529235">
                <ele>82</ele>
            </trkpt>
            <trkpt lat="-41.0230914" lon="175.5292109">
                <ele>82</ele>
            </trkpt>
            <trkpt lat="-41.0231015" lon="175.5292296">
                <ele>82</ele>
            </trkpt>
            <trkpt lat="-41.0231177" lon="175.5292431">
                <ele>82</ele>
            </trkpt>
            <trkpt lat="-41.0231359" lon="175.5292511">
                <ele>82</ele>
            </trkpt>
            <trkpt lat="-41.0231541" lon="175.5292511">
                <ele>82</ele>
            </trkpt>
            <trkpt lat="-41.0231703" lon="175.5292431">
                <ele>82</ele>
            </trkpt>
            <trkpt lat="-41.0231865" lon="175.5292296">
                <ele>82</ele>
            </trkpt>
            <trkpt lat="-41.0231966" lon="175.5292109">
                <ele>82</ele>
            </trkpt>
            <trkpt lat="-41.0232027" lon="175.5291867">
                <ele>82</ele>
            </trkpt>
            <trkpt lat="-41.0232027" lon="175.5291626">
                <ele>82</ele>
            </trkpt>
            <trkpt lat="-41.0231986" lon="175.5291411">
                <ele>82</ele>
            </trkpt>
            <trkpt lat="-41.0231885" lon="175.5291197">
                <ele>82</ele>
            </trkpt>
            <trkpt lat="-41.0232168" lon="175.5290955">
                <ele>82.1</ele>
            </trkpt>
            <trkpt lat="-41.0232735" lon="175.5290473">
                <ele>82.2</ele>
            </trkpt>
            <trkpt lat="-41.0236418" lon="175.5287388">
                <ele>81</ele>
            </trkpt>
            <trkpt lat="-41.0237227" lon="175.528653">
                <ele>80.8</ele>
            </trkpt>
            <trkpt lat="-41.0240445" lon="175.5283606">
                <ele>80</ele>
            </trkpt>
            <trkpt lat="-41.0247588" lon="175.5276874">
                <ele>79</ele>
            </trkpt>
            <trkpt lat="-41.0250825" lon="175.5273789">
                <ele>79</ele>
            </trkpt>
            <trkpt lat="-41.0256855" lon="175.526813">
                <ele>79</ele>
            </trkpt>
            <trkpt lat="-41.026068" lon="175.5264562">
                <ele>79.1</ele>
            </trkpt>
            <trkpt lat="-41.0261226" lon="175.5264026">
                <ele>79.1</ele>
            </trkpt>
            <trkpt lat="-41.026503" lon="175.5260459">
                <ele>79.2</ele>
            </trkpt>
            <trkpt lat="-41.0268733" lon="175.5256945">
                <ele>79</ele>
            </trkpt>
            <trkpt lat="-41.0272537" lon="175.5253351">
                <ele>78.7</ele>
            </trkpt>
            <trkpt lat="-41.0272902" lon="175.5252975">
                <ele>78.7</ele>
            </trkpt>
            <trkpt lat="-41.0276018" lon="175.5250025">
                <ele>78.5</ele>
            </trkpt>
            <trkpt lat="-41.0280651" lon="175.524568">
                <ele>78.2</ele>
            </trkpt>
            <trkpt lat="-41.0282978" lon="175.524348">
                <ele>78</ele>
            </trkpt>
            <trkpt lat="-41.0291537" lon="175.5235299">
                <ele>77</ele>
            </trkpt>
            <trkpt lat="-41.029352" lon="175.5233341">
                <ele>76.8</ele>
            </trkpt>
            <trkpt lat="-41.0299712" lon="175.522728">
                <ele>75.9</ele>
            </trkpt>
            <trkpt lat="-41.0300602" lon="175.5226421">
                <ele>75.8</ele>
            </trkpt>
            <trkpt lat="-41.0307036" lon="175.5220011">
                <ele>75.5</ele>
            </trkpt>
            <trkpt lat="-41.0308493" lon="175.5218616">
                <ele>75</ele>
            </trkpt>
            <trkpt lat="-41.0315555" lon="175.5211481">
                <ele>75.5</ele>
            </trkpt>
            <trkpt lat="-41.0320977" lon="175.5205983">
                <ele>75.3</ele>
            </trkpt>
            <trkpt lat="-41.0328241" lon="175.5198446">
                <ele>75.1</ele>
            </trkpt>
            <trkpt lat="-41.0330203" lon="175.5196434">
                <ele>75</ele>
            </trkpt>
            <trkpt lat="-41.0333016" lon="175.5193537">
                <ele>74.1</ele>
            </trkpt>
            <trkpt lat="-41.0333258" lon="175.5193269">
                <ele>74</ele>
            </trkpt>
            <trkpt lat="-41.0338782" lon="175.5187503">
                <ele>73.7</ele>
            </trkpt>
            <trkpt lat="-41.0349606" lon="175.5176264">
                <ele>73</ele>
            </trkpt>
            <trkpt lat="-41.0353228" lon="175.5172402">
                <ele>72.2</ele>
            </trkpt>
            <trkpt lat="-41.0360633" lon="175.5164731">
                <ele>72</ele>
            </trkpt>
            <trkpt lat="-41.0366156" lon="175.5158883">
                <ele>72.2</ele>
            </trkpt>
            <trkpt lat="-41.0368058" lon="175.5156764">
                <ele>72</ele>
            </trkpt>
            <trkpt lat="-41.0385113" lon="175.5137962">
                <ele>70.2</ele>
            </trkpt>
            <trkpt lat="-41.0393205" lon="175.5129057">
                <ele>70</ele>
            </trkpt>
            <trkpt lat="-41.0401216" lon="175.5120125">
                <ele>69</ele>
            </trkpt>
            <trkpt lat="-41.0402369" lon="175.5118838">
                <ele>68.9</ele>
            </trkpt>
            <trkpt lat="-41.0406375" lon="175.5114359">
                <ele>68.4</ele>
            </trkpt>
            <trkpt lat="-41.0409349" lon="175.5111033">
                <ele>68</ele>
            </trkpt>
            <trkpt lat="-41.0414123" lon="175.5105695">
                <ele>68</ele>
            </trkpt>
            <trkpt lat="-41.0418817" lon="175.5100197">
                <ele>68</ele>
            </trkpt>
            <trkpt lat="-41.0420556" lon="175.5098185">
                <ele>68</ele>
            </trkpt>
            <trkpt lat="-41.04244" lon="175.5093786">
                <ele>68</ele>
            </trkpt>
            <trkpt lat="-41.0432027" lon="175.5084854">
                <ele>66</ele>
            </trkpt>
            <trkpt lat="-41.043846" lon="175.5076942">
                <ele>66.7</ele>
            </trkpt>
            <trkpt lat="-41.0441029" lon="175.5073777">
                <ele>67</ele>
            </trkpt>
            <trkpt lat="-41.0445216" lon="175.5069217">
                <ele>66</ele>
            </trkpt>
            <trkpt lat="-41.0450274" lon="175.5063155">
                <ele>65</ele>
            </trkpt>
            <trkpt lat="-41.0450961" lon="175.5062297">
                <ele>64</ele>
            </trkpt>
            <trkpt lat="-41.0452357" lon="175.506058">
                <ele>63.8</ele>
            </trkpt>
            <trkpt lat="-41.045879" lon="175.5052641">
                <ele>62.8</ele>
            </trkpt>
            <trkpt lat="-41.0463847" lon="175.504615">
                <ele>64</ele>
            </trkpt>
            <trkpt lat="-41.0474953" lon="175.5031049">
                <ele>63</ele>
            </trkpt>
            <trkpt lat="-41.0480192" lon="175.5023915">
                <ele>61</ele>
            </trkpt>
            <trkpt lat="-41.0499267" lon="175.4997522">
                <ele>56.8</ele>
            </trkpt>
            <trkpt lat="-41.0500966" lon="175.4995108">
                <ele>56</ele>
            </trkpt>
            <trkpt lat="-41.0505861" lon="175.498808">
                <ele>54.2</ele>
            </trkpt>
            <trkpt lat="-41.0506973" lon="175.4986632">
                <ele>54</ele>
            </trkpt>
            <trkpt lat="-41.0507843" lon="175.4985639">
                <ele>53.5</ele>
            </trkpt>
            <trkpt lat="-41.0508976" lon="175.4984325">
                <ele>53.3</ele>
            </trkpt>
            <trkpt lat="-41.0509663" lon="175.4983547">
                <ele>53.2</ele>
            </trkpt>
            <trkpt lat="-41.0511524" lon="175.498167">
                <ele>52.5</ele>
            </trkpt>
            <trkpt lat="-41.0513062" lon="175.4980248">
                <ele>52.4</ele>
            </trkpt>
            <trkpt lat="-41.0514498" lon="175.4978988">
                <ele>52.3</ele>
            </trkpt>
            <trkpt lat="-41.0516055" lon="175.4977781">
                <ele>52.1</ele>
            </trkpt>
            <trkpt lat="-41.0517673" lon="175.4976574">
                <ele>52</ele>
            </trkpt>
            <trkpt lat="-41.051919" lon="175.4975554">
                <ele>51.8</ele>
            </trkpt>
            <trkpt lat="-41.0520687" lon="175.4974642">
                <ele>51.2</ele>
            </trkpt>
            <trkpt lat="-41.0522669" lon="175.497365">
                <ele>51.1</ele>
            </trkpt>
            <trkpt lat="-41.052447" lon="175.4972845">
                <ele>51</ele>
            </trkpt>
            <trkpt lat="-41.0543078" lon="175.4966328">
                <ele>51.5</ele>
            </trkpt>
            <trkpt lat="-41.0548114" lon="175.4964584">
                <ele>51.5</ele>
            </trkpt>
            <trkpt lat="-41.0552685" lon="175.4963028">
                <ele>53</ele>
            </trkpt>
            <trkpt lat="-41.0559724" lon="175.4960534">
                <ele>53</ele>
            </trkpt>
            <trkpt lat="-41.0563769" lon="175.4959005">
                <ele>53</ele>
            </trkpt>
            <trkpt lat="-41.0567308" lon="175.4957771">
                <ele>53</ele>
            </trkpt>
            <trkpt lat="-41.0568704" lon="175.4957235">
                <ele>53</ele>
            </trkpt>
            <trkpt lat="-41.0575237" lon="175.4954445">
                <ele>53</ele>
            </trkpt>
            <trkpt lat="-41.057999" lon="175.4952139">
                <ele>53</ele>
            </trkpt>
            <trkpt lat="-41.0581668" lon="175.495128">
                <ele>53</ele>
            </trkpt>
            <trkpt lat="-41.0584277" lon="175.4949751">
                <ele>53</ele>
            </trkpt>
            <trkpt lat="-41.0586563" lon="175.4948303">
                <ele>53</ele>
            </trkpt>
            <trkpt lat="-41.0589637" lon="175.4946157">
                <ele>53</ele>
            </trkpt>
            <trkpt lat="-41.0591761" lon="175.4944494">
                <ele>53</ele>
            </trkpt>
            <trkpt lat="-41.0595745" lon="175.4940793">
                <ele>51.8</ele>
            </trkpt>
            <trkpt lat="-41.0599304" lon="175.493736">
                <ele>51.7</ele>
            </trkpt>
            <trkpt lat="-41.0602641" lon="175.4933846">
                <ele>51.6</ele>
            </trkpt>
            <trkpt lat="-41.0607414" lon="175.4928401">
                <ele>51.5</ele>
            </trkpt>
            <trkpt lat="-41.0639914" lon="175.4886612">
                <ele>52.4</ele>
            </trkpt>
            <trkpt lat="-41.0641309" lon="175.4884735">
                <ele>52.5</ele>
            </trkpt>
            <trkpt lat="-41.0642644" lon="175.4882723">
                <ele>52.5</ele>
            </trkpt>
            <trkpt lat="-41.0643797" lon="175.4880899">
                <ele>52.2</ele>
            </trkpt>
            <trkpt lat="-41.0644808" lon="175.4879102">
                <ele>52</ele>
            </trkpt>
            <trkpt lat="-41.0645718" lon="175.4877385">
                <ele>52.2</ele>
            </trkpt>
            <trkpt lat="-41.0646608" lon="175.4875454">
                <ele>52.3</ele>
            </trkpt>
            <trkpt lat="-41.0647356" lon="175.4873657">
                <ele>52.4</ele>
            </trkpt>
            <trkpt lat="-41.0648185" lon="175.4871324">
                <ele>52.5</ele>
            </trkpt>
            <trkpt lat="-41.0648832" lon="175.4869205">
                <ele>52.5</ele>
            </trkpt>
            <trkpt lat="-41.064952" lon="175.4866791">
                <ele>52.6</ele>
            </trkpt>
            <trkpt lat="-41.065041" lon="175.4863223">
                <ele>52.8</ele>
            </trkpt>
            <trkpt lat="-41.0675728" lon="175.4757518">
                <ele>54.7</ele>
            </trkpt>
            <trkpt lat="-41.0676294" lon="175.4755345">
                <ele>54.8</ele>
            </trkpt>
            <trkpt lat="-41.067682" lon="175.4753333">
                <ele>55</ele>
            </trkpt>
            <trkpt lat="-41.0677528" lon="175.4751107">
                <ele>55.5</ele>
            </trkpt>
            <trkpt lat="-41.0678216" lon="175.4749015">
                <ele>55.2</ele>
            </trkpt>
            <trkpt lat="-41.0679004" lon="175.4746896">
                <ele>55</ele>
            </trkpt>
            <trkpt lat="-41.0679914" lon="175.4744804">
                <ele>54.9</ele>
            </trkpt>
            <trkpt lat="-41.0680885" lon="175.47429">
                <ele>54.8</ele>
            </trkpt>
            <trkpt lat="-41.0682017" lon="175.4740915">
                <ele>54.8</ele>
            </trkpt>
            <trkpt lat="-41.0683089" lon="175.4739144">
                <ele>55.2</ele>
            </trkpt>
            <trkpt lat="-41.0684181" lon="175.4737642">
                <ele>55.8</ele>
            </trkpt>
            <trkpt lat="-41.0685415" lon="175.4736033">
                <ele>55.9</ele>
            </trkpt>
            <trkpt lat="-41.0687255" lon="175.473378">
                <ele>56</ele>
            </trkpt>
            <trkpt lat="-41.0722743" lon="175.4694781">
                <ele>56.2</ele>
            </trkpt>
            <trkpt lat="-41.0739526" lon="175.4675898">
                <ele>56</ele>
            </trkpt>
            <trkpt lat="-41.074268" lon="175.4672411">
                <ele>56</ele>
            </trkpt>
            <trkpt lat="-41.0743004" lon="175.4672062">
                <ele>56</ele>
            </trkpt>
            <trkpt lat="-41.0783422" lon="175.4626948">
                <ele>57</ele>
            </trkpt>
            <trkpt lat="-41.0784797" lon="175.4625419">
                <ele>57</ele>
            </trkpt>
            <trkpt lat="-41.0790175" lon="175.4619411">
                <ele>56.6</ele>
            </trkpt>
            <trkpt lat="-41.079062" lon="175.4618901">
                <ele>56.6</ele>
            </trkpt>
            <trkpt lat="-41.0792561" lon="175.4616755">
                <ele>56.5</ele>
            </trkpt>
            <trkpt lat="-41.0793228" lon="175.4616004">
                <ele>56.4</ele>
            </trkpt>
            <trkpt lat="-41.0798748" lon="175.4609835">
                <ele>56.1</ele>
            </trkpt>
            <trkpt lat="-41.079986" lon="175.4608628">
                <ele>56</ele>
            </trkpt>
            <trkpt lat="-41.0810171" lon="175.4597068">
                <ele>56.5</ele>
            </trkpt>
            <trkpt lat="-41.0811607" lon="175.4595459">
                <ele>56.5</ele>
            </trkpt>
            <trkpt lat="-41.0812476" lon="175.4594493">
                <ele>56.4</ele>
            </trkpt>
            <trkpt lat="-41.0826992" lon="175.45784">
                <ele>56</ele>
            </trkpt>
            <trkpt lat="-41.0828044" lon="175.4577219">
                <ele>56</ele>
            </trkpt>
            <trkpt lat="-41.0837586" lon="175.4566464">
                <ele>55.2</ele>
            </trkpt>
            <trkpt lat="-41.0857399" lon="175.4544657">
                <ele>55.9</ele>
            </trkpt>
            <trkpt lat="-41.0868902" lon="175.4531729">
                <ele>56.2</ele>
            </trkpt>
            <trkpt lat="-41.0869428" lon="175.4531381">
                <ele>56</ele>
            </trkpt>
            <trkpt lat="-41.0870115" lon="175.4530844">
                <ele>55.5</ele>
            </trkpt>
            <trkpt lat="-41.0870863" lon="175.4530066">
                <ele>55.2</ele>
            </trkpt>
            <trkpt lat="-41.0876301" lon="175.452379">
                <ele>55</ele>
            </trkpt>
            <trkpt lat="-41.0892271" lon="175.4506195">
                <ele>57</ele>
            </trkpt>
            <trkpt lat="-41.0895991" lon="175.4502091">
                <ele>56.5</ele>
            </trkpt>
            <trkpt lat="-41.0899407" lon="175.4498336">
                <ele>56</ele>
            </trkpt>
            <trkpt lat="-41.0901287" lon="175.4496083">
                <ele>56</ele>
            </trkpt>
            <trkpt lat="-41.0901975" lon="175.4495198">
                <ele>56</ele>
            </trkpt>
            <trkpt lat="-41.0902743" lon="175.4494125">
                <ele>56</ele>
            </trkpt>
            <trkpt lat="-41.0903289" lon="175.4493213">
                <ele>56</ele>
            </trkpt>
            <trkpt lat="-41.0903511" lon="175.4492864">
                <ele>56</ele>
            </trkpt>
            <trkpt lat="-41.0904158" lon="175.4491496">
                <ele>56</ele>
            </trkpt>
            <trkpt lat="-41.0904724" lon="175.4490235">
                <ele>56</ele>
            </trkpt>
            <trkpt lat="-41.0905229" lon="175.4489028">
                <ele>56</ele>
            </trkpt>
            <trkpt lat="-41.0907291" lon="175.4483637">
                <ele>56</ele>
            </trkpt>
            <trkpt lat="-41.0916954" lon="175.4458988">
                <ele>57</ele>
            </trkpt>
            <trkpt lat="-41.0920087" lon="175.4450995">
                <ele>57</ele>
            </trkpt>
            <trkpt lat="-41.0928274" lon="175.4429993">
                <ele>58.2</ele>
            </trkpt>
            <trkpt lat="-41.0934945" lon="175.4412934">
                <ele>58.6</ele>
            </trkpt>
            <trkpt lat="-41.0943596" lon="175.4390511">
                <ele>59</ele>
            </trkpt>
            <trkpt lat="-41.097048" lon="175.432131">
                <ele>59</ele>
            </trkpt>
            <trkpt lat="-41.1019536" lon="175.4196668">
                <ele>60</ele>
            </trkpt>
            <trkpt lat="-41.1021153" lon="175.4192564">
                <ele>61</ele>
            </trkpt>
            <trkpt lat="-41.1056704" lon="175.4102951">
                <ele>59</ele>
            </trkpt>
            <trkpt lat="-41.1132286" lon="175.3912675">
                <ele>50</ele>
            </trkpt>
            <trkpt lat="-41.1142471" lon="175.388706">
                <ele>48</ele>
            </trkpt>
            <trkpt lat="-41.1178824" lon="175.3795758">
                <ele>44.2</ele>
            </trkpt>
            <trkpt lat="-41.1180925" lon="175.3790206">
                <ele>44</ele>
            </trkpt>
            <trkpt lat="-41.1181673" lon="175.3787792">
                <ele>44.8</ele>
            </trkpt>
            <trkpt lat="-41.118242" lon="175.3785297">
                <ele>44.9</ele>
            </trkpt>
            <trkpt lat="-41.1183269" lon="175.3781918">
                <ele>45</ele>
            </trkpt>
            <trkpt lat="-41.1183997" lon="175.3778431">
                <ele>44.7</ele>
            </trkpt>
            <trkpt lat="-41.1184542" lon="175.3775051">
                <ele>44.3</ele>
            </trkpt>
            <trkpt lat="-41.1184906" lon="175.3771618">
                <ele>44</ele>
            </trkpt>
            <trkpt lat="-41.1185189" lon="175.3767863">
                <ele>45</ele>
            </trkpt>
            <trkpt lat="-41.118529" lon="175.3764376">
                <ele>45.2</ele>
            </trkpt>
            <trkpt lat="-41.1185249" lon="175.3760782">
                <ele>45</ele>
            </trkpt>
            <trkpt lat="-41.1184744" lon="175.375244">
                <ele>45</ele>
            </trkpt>
            <trkpt lat="-41.1183714" lon="175.3737473">
                <ele>41</ele>
            </trkpt>
            <trkpt lat="-41.1183027" lon="175.3726879">
                <ele>42.5</ele>
            </trkpt>
            <trkpt lat="-41.1181754" lon="175.3710356">
                <ele>42.2</ele>
            </trkpt>
            <trkpt lat="-41.1181026" lon="175.369885">
                <ele>42.4</ele>
            </trkpt>
            <trkpt lat="-41.1180743" lon="175.369319">
                <ele>42.5</ele>
            </trkpt>
            <trkpt lat="-41.1180582" lon="175.3687987">
                <ele>42.2</ele>
            </trkpt>
            <trkpt lat="-41.1180541" lon="175.3683642">
                <ele>42</ele>
            </trkpt>
            <trkpt lat="-41.1180784" lon="175.3676212">
                <ele>41.5</ele>
            </trkpt>
            <trkpt lat="-41.1181208" lon="175.3668433">
                <ele>42.5</ele>
            </trkpt>
            <trkpt lat="-41.118141" lon="175.3665027">
                <ele>42.8</ele>
            </trkpt>
            <trkpt lat="-41.1182218" lon="175.3650758">
                <ele>42.5</ele>
            </trkpt>
            <trkpt lat="-41.1183815" lon="175.3622434">
                <ele>40</ele>
            </trkpt>
            <trkpt lat="-41.1186098" lon="175.3583971">
                <ele>40.5</ele>
            </trkpt>
            <trkpt lat="-41.1186522" lon="175.3575468">
                <ele>40.2</ele>
            </trkpt>
            <trkpt lat="-41.1187654" lon="175.3555995">
                <ele>39.8</ele>
            </trkpt>
            <trkpt lat="-41.1188098" lon="175.3548136">
                <ele>40.5</ele>
            </trkpt>
            <trkpt lat="-41.1190907" lon="175.3498515">
                <ele>38.2</ele>
            </trkpt>
            <trkpt lat="-41.1191756" lon="175.3483039">
                <ele>37.5</ele>
            </trkpt>
            <trkpt lat="-41.1193898" lon="175.3444442">
                <ele>35.5</ele>
            </trkpt>
            <trkpt lat="-41.1196868" lon="175.3393614">
                <ele>37</ele>
            </trkpt>
            <trkpt lat="-41.1197353" lon="175.3384548">
                <ele>36</ele>
            </trkpt>
            <trkpt lat="-41.1197494" lon="175.3381518">
                <ele>36.8</ele>
            </trkpt>
            <trkpt lat="-41.1197494" lon="175.3378916">
                <ele>37</ele>
            </trkpt>
            <trkpt lat="-41.1197353" lon="175.3377414">
                <ele>37</ele>
            </trkpt>
            <trkpt lat="-41.1196989" lon="175.3374732">
                <ele>36.8</ele>
            </trkpt>
            <trkpt lat="-41.1195575" lon="175.3367329">
                <ele>36.2</ele>
            </trkpt>
            <trkpt lat="-41.1193352" lon="175.3356171">
                <ele>35.2</ele>
            </trkpt>
            <trkpt lat="-41.118925" lon="175.3335679">
                <ele>35.2</ele>
            </trkpt>
            <trkpt lat="-41.1189068" lon="175.333482">
                <ele>36</ele>
            </trkpt>
            <trkpt lat="-41.1187634" lon="175.3327847">
                <ele>37</ele>
            </trkpt>
            <trkpt lat="-41.1183795" lon="175.3309152">
                <ele>40</ele>
            </trkpt>
            <trkpt lat="-41.1182037" lon="175.3300595">
                <ele>41</ele>
            </trkpt>
            <trkpt lat="-41.1180157" lon="175.3291181">
                <ele>42</ele>
            </trkpt>
            <trkpt lat="-41.1179693" lon="175.3288767">
                <ele>42</ele>
            </trkpt>
            <trkpt lat="-41.117947" lon="175.3287667">
                <ele>42</ele>
            </trkpt>
            <trkpt lat="-41.1179228" lon="175.3286541">
                <ele>42</ele>
            </trkpt>
            <trkpt lat="-41.1178783" lon="175.3284448">
                <ele>42</ele>
            </trkpt>
            <trkpt lat="-41.1177409" lon="175.3277662">
                <ele>44</ele>
            </trkpt>
            <trkpt lat="-41.1176864" lon="175.3275034">
                <ele>43.8</ele>
            </trkpt>
            <trkpt lat="-41.117648" lon="175.3273129">
                <ele>43.9</ele>
            </trkpt>
            <trkpt lat="-41.1176116" lon="175.3271225">
                <ele>44</ele>
            </trkpt>
            <trkpt lat="-41.1174803" lon="175.3264707">
                <ele>45</ele>
            </trkpt>
            <trkpt lat="-41.1173247" lon="175.3256956">
                <ele>44.2</ele>
            </trkpt>
            <trkpt lat="-41.1172822" lon="175.3254783">
                <ele>44.1</ele>
            </trkpt>
            <trkpt lat="-41.1172378" lon="175.3252611">
                <ele>44</ele>
            </trkpt>
            <trkpt lat="-41.1172176" lon="175.3251618">
                <ele>44</ele>
            </trkpt>
            <trkpt lat="-41.1170903" lon="175.3245395">
                <ele>45</ele>
            </trkpt>
            <trkpt lat="-41.1170499" lon="175.3243357">
                <ele>45</ele>
            </trkpt>
            <trkpt lat="-41.1170539" lon="175.3242418">
                <ele>45</ele>
            </trkpt>
            <trkpt lat="-41.1170175" lon="175.3240702">
                <ele>45</ele>
            </trkpt>
            <trkpt lat="-41.1169973" lon="175.3239763">
                <ele>45</ele>
            </trkpt>
            <trkpt lat="-41.1169609" lon="175.3239065">
                <ele>45</ele>
            </trkpt>
            <trkpt lat="-41.1167366" lon="175.3227961">
                <ele>45</ele>
            </trkpt>
            <trkpt lat="-41.1167286" lon="175.3227639">
                <ele>45.2</ele>
            </trkpt>
            <trkpt lat="-41.1167023" lon="175.3226379">
                <ele>46</ele>
            </trkpt>
            <trkpt lat="-41.11667" lon="175.3224716">
                <ele>46</ele>
            </trkpt>
            <trkpt lat="-41.1166235" lon="175.3222489">
                <ele>46</ele>
            </trkpt>
            <trkpt lat="-41.1165305" lon="175.321793">
                <ele>46</ele>
            </trkpt>
            <trkpt lat="-41.1164679" lon="175.3214818">
                <ele>47</ele>
            </trkpt>
            <trkpt lat="-41.1161325" lon="175.3198376">
                <ele>47</ele>
            </trkpt>
            <trkpt lat="-41.1160496" lon="175.3194299">
                <ele>46.5</ele>
            </trkpt>
            <trkpt lat="-41.1160051" lon="175.3192395">
                <ele>46.8</ele>
            </trkpt>
            <trkpt lat="-41.1159809" lon="175.3191456">
                <ele>46.9</ele>
            </trkpt>
            <trkpt lat="-41.1159546" lon="175.3190678">
                <ele>47</ele>
            </trkpt>
            <trkpt lat="-41.115894" lon="175.3189015">
                <ele>47.2</ele>
            </trkpt>
            <trkpt lat="-41.1158132" lon="175.3187352">
                <ele>47</ele>
            </trkpt>
            <trkpt lat="-41.1153403" lon="175.3178743">
                <ele>48.2</ele>
            </trkpt>
            <trkpt lat="-41.1152494" lon="175.3176758">
                <ele>49.2</ele>
            </trkpt>
            <trkpt lat="-41.1151686" lon="175.3174773">
                <ele>50.2</ele>
            </trkpt>
            <trkpt lat="-41.1150978" lon="175.3172439">
                <ele>51.2</ele>
            </trkpt>
            <trkpt lat="-41.1150453" lon="175.3170159">
                <ele>52</ele>
            </trkpt>
            <trkpt lat="-41.1150008" lon="175.3167826">
                <ele>52.5</ele>
            </trkpt>
            <trkpt lat="-41.1149726" lon="175.3165519">
                <ele>53</ele>
            </trkpt>
            <trkpt lat="-41.1149665" lon="175.316458">
                <ele>53.1</ele>
            </trkpt>
            <trkpt lat="-41.1149604" lon="175.3163105">
                <ele>53.2</ele>
            </trkpt>
            <trkpt lat="-41.1149645" lon="175.3160799">
                <ele>53.5</ele>
            </trkpt>
            <trkpt lat="-41.1149806" lon="175.3158894">
                <ele>53.8</ele>
            </trkpt>
            <trkpt lat="-41.1150029" lon="175.3157043">
                <ele>54</ele>
            </trkpt>
            <trkpt lat="-41.1151383" lon="175.3148326">
                <ele>54.2</ele>
            </trkpt>
            <trkpt lat="-41.1151585" lon="175.3146663">
                <ele>55</ele>
            </trkpt>
            <trkpt lat="-41.1151766" lon="175.3144974">
                <ele>56</ele>
            </trkpt>
            <trkpt lat="-41.1151787" lon="175.3143337">
                <ele>56.8</ele>
            </trkpt>
            <trkpt lat="-41.1151686" lon="175.3141782">
                <ele>57.2</ele>
            </trkpt>
            <trkpt lat="-41.1151463" lon="175.3140038">
                <ele>58</ele>
            </trkpt>
            <trkpt lat="-41.115112" lon="175.3138268">
                <ele>59</ele>
            </trkpt>
            <trkpt lat="-41.1150574" lon="175.313631">
                <ele>60.2</ele>
            </trkpt>
            <trkpt lat="-41.1149907" lon="175.313454">
                <ele>61</ele>
            </trkpt>
            <trkpt lat="-41.1149059" lon="175.3132769">
                <ele>61.5</ele>
            </trkpt>
            <trkpt lat="-41.1148149" lon="175.3131214">
                <ele>62.2</ele>
            </trkpt>
            <trkpt lat="-41.1146836" lon="175.312947">
                <ele>63.8</ele>
            </trkpt>
            <trkpt lat="-41.1145805" lon="175.3128371">
                <ele>64.5</ele>
            </trkpt>
            <trkpt lat="-41.1144532" lon="175.312719">
                <ele>65.5</ele>
            </trkpt>
            <trkpt lat="-41.1143441" lon="175.3126413">
                <ele>66.2</ele>
            </trkpt>
            <trkpt lat="-41.1142006" lon="175.3125528">
                <ele>66.5</ele>
            </trkpt>
            <trkpt lat="-41.1140066" lon="175.3124508">
                <ele>67</ele>
            </trkpt>
            <trkpt lat="-41.1134287" lon="175.3121424">
                <ele>66.8</ele>
            </trkpt>
            <trkpt lat="-41.1130932" lon="175.311968">
                <ele>65.8</ele>
            </trkpt>
            <trkpt lat="-41.1128548" lon="175.3118393">
                <ele>65</ele>
            </trkpt>
            <trkpt lat="-41.112685" lon="175.311732">
                <ele>65.2</ele>
            </trkpt>
            <trkpt lat="-41.1125375" lon="175.311614">
                <ele>64.8</ele>
            </trkpt>
            <trkpt lat="-41.112396" lon="175.3114799">
                <ele>63.8</ele>
            </trkpt>
            <trkpt lat="-41.1122667" lon="175.311335">
                <ele>63</ele>
            </trkpt>
            <trkpt lat="-41.1121232" lon="175.3111741">
                <ele>62.2</ele>
            </trkpt>
            <trkpt lat="-41.1119474" lon="175.3109542">
                <ele>62.2</ele>
            </trkpt>
            <trkpt lat="-41.1117756" lon="175.3107423">
                <ele>62</ele>
            </trkpt>
            <trkpt lat="-41.111323" lon="175.3101709">
                <ele>65.5</ele>
            </trkpt>
            <trkpt lat="-41.1099629" lon="175.3084812">
                <ele>77.8</ele>
            </trkpt>
            <trkpt lat="-41.1097608" lon="175.3081968">
                <ele>78</ele>
            </trkpt>
            <trkpt lat="-41.1096133" lon="175.3079796">
                <ele>78.8</ele>
            </trkpt>
            <trkpt lat="-41.109486" lon="175.3077731">
                <ele>79.2</ele>
            </trkpt>
            <trkpt lat="-41.1093324" lon="175.3075102">
                <ele>80.2</ele>
            </trkpt>
            <trkpt lat="-41.1091687" lon="175.3072098">
                <ele>82.2</ele>
            </trkpt>
            <trkpt lat="-41.1090373" lon="175.3068879">
                <ele>84.5</ele>
            </trkpt>
            <trkpt lat="-41.1084735" lon="175.3056622">
                <ele>92.5</ele>
            </trkpt>
            <trkpt lat="-41.1074105" lon="175.3034869">
                <ele>105.2</ele>
            </trkpt>
            <trkpt lat="-41.107271" lon="175.3032213">
                <ele>103.8</ele>
            </trkpt>
            <trkpt lat="-41.1071599" lon="175.3030175">
                <ele>102</ele>
            </trkpt>
            <trkpt lat="-41.1070507" lon="175.3028324">
                <ele>101.2</ele>
            </trkpt>
            <trkpt lat="-41.1069315" lon="175.3026527">
                <ele>100.5</ele>
            </trkpt>
            <trkpt lat="-41.1068122" lon="175.3024945">
                <ele>99.2</ele>
            </trkpt>
            <trkpt lat="-41.106022" lon="175.3015047">
                <ele>97.8</ele>
            </trkpt>
            <trkpt lat="-41.1058967" lon="175.3013411">
                <ele>97.2</ele>
            </trkpt>
            <trkpt lat="-41.1057835" lon="175.3011695">
                <ele>96</ele>
            </trkpt>
            <trkpt lat="-41.1056764" lon="175.3009844">
                <ele>95</ele>
            </trkpt>
            <trkpt lat="-41.1055612" lon="175.3007671">
                <ele>93.8</ele>
            </trkpt>
            <trkpt lat="-41.1054299" lon="175.3004909">
                <ele>91.5</ele>
            </trkpt>
            <trkpt lat="-41.1053147" lon="175.3002414">
                <ele>91.5</ele>
            </trkpt>
            <trkpt lat="-41.1051126" lon="175.2997801">
                <ele>87</ele>
            </trkpt>
            <trkpt lat="-41.1050681" lon="175.2996218">
                <ele>87.2</ele>
            </trkpt>
            <trkpt lat="-41.1050115" lon="175.2993885">
                <ele>88.2</ele>
            </trkpt>
            <trkpt lat="-41.1049812" lon="175.2991578">
                <ele>89.2</ele>
            </trkpt>
            <trkpt lat="-41.1049711" lon="175.2990344">
                <ele>90.2</ele>
            </trkpt>
            <trkpt lat="-41.1049529" lon="175.2986857">
                <ele>92</ele>
            </trkpt>
            <trkpt lat="-41.1049307" lon="175.2981627">
                <ele>93</ele>
            </trkpt>
            <trkpt lat="-41.1048478" lon="175.2973902">
                <ele>97</ele>
            </trkpt>
            <trkpt lat="-41.1047366" lon="175.2963629">
                <ele>100.2</ele>
            </trkpt>
            <trkpt lat="-41.1046336" lon="175.295459">
                <ele>102</ele>
            </trkpt>
            <trkpt lat="-41.1045931" lon="175.2951318">
                <ele>104.2</ele>
            </trkpt>
            <trkpt lat="-41.104581" lon="175.2948207">
                <ele>105.8</ele>
            </trkpt>
            <trkpt lat="-41.1045992" lon="175.294531">
                <ele>107</ele>
            </trkpt>
            <trkpt lat="-41.1046356" lon="175.2942225">
                <ele>107.8</ele>
            </trkpt>
            <trkpt lat="-41.1046841" lon="175.2939785">
                <ele>108.5</ele>
            </trkpt>
            <trkpt lat="-41.1047407" lon="175.2937719">
                <ele>108.6</ele>
            </trkpt>
            <trkpt lat="-41.1048336" lon="175.2935413">
                <ele>108.8</ele>
            </trkpt>
            <trkpt lat="-41.104959" lon="175.2933213">
                <ele>108.2</ele>
            </trkpt>
            <trkpt lat="-41.105058" lon="175.2931979">
                <ele>107.8</ele>
            </trkpt>
            <trkpt lat="-41.1050903" lon="175.2931604">
                <ele>107.5</ele>
            </trkpt>
            <trkpt lat="-41.1051752" lon="175.293088">
                <ele>106.8</ele>
            </trkpt>
            <trkpt lat="-41.1052682" lon="175.2930021">
                <ele>106</ele>
            </trkpt>
            <trkpt lat="-41.105543" lon="175.2929029">
                <ele>103.5</ele>
            </trkpt>
            <trkpt lat="-41.105731" lon="175.2928492">
                <ele>102.5</ele>
            </trkpt>
            <trkpt lat="-41.1058725" lon="175.2928063">
                <ele>102.2</ele>
            </trkpt>
            <trkpt lat="-41.1059856" lon="175.2927661">
                <ele>102.5</ele>
            </trkpt>
            <trkpt lat="-41.1062645" lon="175.2926052">
                <ele>102.5</ele>
            </trkpt>
            <trkpt lat="-41.1064889" lon="175.2924496">
                <ele>109</ele>
            </trkpt>
            <trkpt lat="-41.1065616" lon="175.2923825">
                <ele>110.8</ele>
            </trkpt>
            <trkpt lat="-41.1066122" lon="175.2923101">
                <ele>112.2</ele>
            </trkpt>
            <trkpt lat="-41.1066546" lon="175.2922431">
                <ele>113.5</ele>
            </trkpt>
            <trkpt lat="-41.106689" lon="175.2921438">
                <ele>114.5</ele>
            </trkpt>
            <trkpt lat="-41.1067213" lon="175.2920285">
                <ele>115.2</ele>
            </trkpt>
            <trkpt lat="-41.1067314" lon="175.2918997">
                <ele>115.8</ele>
            </trkpt>
            <trkpt lat="-41.1067213" lon="175.2915645">
                <ele>117</ele>
            </trkpt>
            <trkpt lat="-41.1067375" lon="175.2911407">
                <ele>117</ele>
            </trkpt>
            <trkpt lat="-41.1067496" lon="175.2910334">
                <ele>117.5</ele>
            </trkpt>
            <trkpt lat="-41.1067779" lon="175.2907947">
                <ele>118.5</ele>
            </trkpt>
            <trkpt lat="-41.1068244" lon="175.2905157">
                <ele>120</ele>
            </trkpt>
            <trkpt lat="-41.1068567" lon="175.2902931">
                <ele>120.5</ele>
            </trkpt>
            <trkpt lat="-41.1068729" lon="175.290049">
                <ele>121</ele>
            </trkpt>
            <trkpt lat="-41.1068628" lon="175.2896789">
                <ele>120.8</ele>
            </trkpt>
            <trkpt lat="-41.1068264" lon="175.2892658">
                <ele>120.5</ele>
            </trkpt>
            <trkpt lat="-41.1067799" lon="175.2888367">
                <ele>119.8</ele>
            </trkpt>
            <trkpt lat="-41.1067476" lon="175.2885363">
                <ele>119.5</ele>
            </trkpt>
            <trkpt lat="-41.1067354" lon="175.2883592">
                <ele>119.6</ele>
            </trkpt>
            <trkpt lat="-41.1067476" lon="175.288209">
                <ele>119.8</ele>
            </trkpt>
            <trkpt lat="-41.1067718" lon="175.2880454">
                <ele>120</ele>
            </trkpt>
            <trkpt lat="-41.1068163" lon="175.2878281">
                <ele>120.5</ele>
            </trkpt>
            <trkpt lat="-41.1068789" lon="175.287568">
                <ele>121.8</ele>
            </trkpt>
            <trkpt lat="-41.106986" lon="175.2871951">
                <ele>125.8</ele>
            </trkpt>
            <trkpt lat="-41.1070992" lon="175.2867901">
                <ele>130.5</ele>
            </trkpt>
            <trkpt lat="-41.1072164" lon="175.2864146">
                <ele>135.2</ele>
            </trkpt>
            <trkpt lat="-41.1073114" lon="175.2860069">
                <ele>136.8</ele>
            </trkpt>
            <trkpt lat="-41.1073923" lon="175.28561">
                <ele>138</ele>
            </trkpt>
            <trkpt lat="-41.1074367" lon="175.2853686">
                <ele>137.5</ele>
            </trkpt>
            <trkpt lat="-41.1074812" lon="175.2850923">
                <ele>136.8</ele>
            </trkpt>
            <trkpt lat="-41.1075257" lon="175.2848053">
                <ele>137</ele>
            </trkpt>
            <trkpt lat="-41.107558" lon="175.2839309">
                <ele>137.5</ele>
            </trkpt>
            <trkpt lat="-41.1076105" lon="175.283542">
                <ele>139.8</ele>
            </trkpt>
            <trkpt lat="-41.1076328" lon="175.2833784">
                <ele>141.2</ele>
            </trkpt>
            <trkpt lat="-41.1076408" lon="175.2832094">
                <ele>141.8</ele>
            </trkpt>
            <trkpt lat="-41.107655" lon="175.2827829">
                <ele>142.2</ele>
            </trkpt>
            <trkpt lat="-41.1076671" lon="175.2824771">
                <ele>141.8</ele>
            </trkpt>
            <trkpt lat="-41.1076833" lon="175.2822894">
                <ele>141.9</ele>
            </trkpt>
            <trkpt lat="-41.1077116" lon="175.2820936">
                <ele>142</ele>
            </trkpt>
            <trkpt lat="-41.1077823" lon="175.2817664">
                <ele>143.8</ele>
            </trkpt>
            <trkpt lat="-41.10794" lon="175.2810985">
                <ele>146.5</ele>
            </trkpt>
            <trkpt lat="-41.1079945" lon="175.2809134">
                <ele>147.2</ele>
            </trkpt>
            <trkpt lat="-41.1080572" lon="175.2807686">
                <ele>148</ele>
            </trkpt>
            <trkpt lat="-41.1081562" lon="175.280605">
                <ele>149.2</ele>
            </trkpt>
            <trkpt lat="-41.1082552" lon="175.2804708">
                <ele>150.5</ele>
            </trkpt>
            <trkpt lat="-41.1084957" lon="175.2802402">
                <ele>155</ele>
            </trkpt>
            <trkpt lat="-41.1086554" lon="175.280098">
                <ele>157.5</ele>
            </trkpt>
            <trkpt lat="-41.1087261" lon="175.2800122">
                <ele>158.2</ele>
            </trkpt>
            <trkpt lat="-41.1087827" lon="175.2799264">
                <ele>158.8</ele>
            </trkpt>
            <trkpt lat="-41.1088029" lon="175.2798164">
                <ele>158</ele>
            </trkpt>
            <trkpt lat="-41.1088009" lon="175.2797252">
                <ele>156.8</ele>
            </trkpt>
            <trkpt lat="-41.1087685" lon="175.2796179">
                <ele>154.5</ele>
            </trkpt>
            <trkpt lat="-41.1087261" lon="175.2795321">
                <ele>152.5</ele>
            </trkpt>
            <trkpt lat="-41.1086372" lon="175.2794141">
                <ele>149</ele>
            </trkpt>
            <trkpt lat="-41.1085341" lon="175.2792799">
                <ele>146.2</ele>
            </trkpt>
            <trkpt lat="-41.1084816" lon="175.2791753">
                <ele>145.5</ele>
            </trkpt>
            <trkpt lat="-41.1084331" lon="175.2790546">
                <ele>146</ele>
            </trkpt>
            <trkpt lat="-41.1083987" lon="175.2788964">
                <ele>146.5</ele>
            </trkpt>
            <trkpt lat="-41.1083825" lon="175.2787462">
                <ele>148</ele>
            </trkpt>
            <trkpt lat="-41.1083846" lon="175.2785504">
                <ele>150.2</ele>
            </trkpt>
            <trkpt lat="-41.1084169" lon="175.2782339">
                <ele>154</ele>
            </trkpt>
            <trkpt lat="-41.1084614" lon="175.2779415">
                <ele>157</ele>
            </trkpt>
            <trkpt lat="-41.1085563" lon="175.2775446">
                <ele>159.8</ele>
            </trkpt>
            <trkpt lat="-41.108619" lon="175.277389">
                <ele>161.5</ele>
            </trkpt>
            <trkpt lat="-41.1086938" lon="175.2772763">
                <ele>164.2</ele>
            </trkpt>
            <trkpt lat="-41.1087807" lon="175.2772012">
                <ele>167.5</ele>
            </trkpt>
            <trkpt lat="-41.1088817" lon="175.2771637">
                <ele>171</ele>
            </trkpt>
            <trkpt lat="-41.109005" lon="175.2771637">
                <ele>174.5</ele>
            </trkpt>
            <trkpt lat="-41.1091263" lon="175.2771556">
                <ele>177.5</ele>
            </trkpt>
            <trkpt lat="-41.109203" lon="175.2771369">
                <ele>179</ele>
            </trkpt>
            <trkpt lat="-41.1092839" lon="175.2770886">
                <ele>180.5</ele>
            </trkpt>
            <trkpt lat="-41.1093971" lon="175.2770135">
                <ele>182.8</ele>
            </trkpt>
            <trkpt lat="-41.1094819" lon="175.2769732">
                <ele>184.5</ele>
            </trkpt>
            <trkpt lat="-41.109587" lon="175.2769625">
                <ele>186</ele>
            </trkpt>
            <trkpt lat="-41.1097083" lon="175.2769813">
                <ele>186.8</ele>
            </trkpt>
            <trkpt lat="-41.1098356" lon="175.2770001">
                <ele>186.5</ele>
            </trkpt>
            <trkpt lat="-41.1099144" lon="175.276992">
                <ele>186.6</ele>
            </trkpt>
            <trkpt lat="-41.1099993" lon="175.2769706">
                <ele>186.8</ele>
            </trkpt>
            <trkpt lat="-41.1101024" lon="175.2769142">
                <ele>187</ele>
            </trkpt>
            <trkpt lat="-41.1104277" lon="175.2766567">
                <ele>190.8</ele>
            </trkpt>
            <trkpt lat="-41.1105591" lon="175.2765548">
                <ele>192.2</ele>
            </trkpt>
            <trkpt lat="-41.1106682" lon="175.2764904">
                <ele>193</ele>
            </trkpt>
            <trkpt lat="-41.1108117" lon="175.2764368">
                <ele>193.8</ele>
            </trkpt>
            <trkpt lat="-41.110943" lon="175.2763644">
                <ele>194.8</ele>
            </trkpt>
            <trkpt lat="-41.1111209" lon="175.2762491">
                <ele>197</ele>
            </trkpt>
            <trkpt lat="-41.1112381" lon="175.2761981">
                <ele>199</ele>
            </trkpt>
            <trkpt lat="-41.1113715" lon="175.2761471">
                <ele>201.5</ele>
            </trkpt>
            <trkpt lat="-41.1115089" lon="175.2761096">
                <ele>204.5</ele>
            </trkpt>
            <trkpt lat="-41.1115837" lon="175.2760532">
                <ele>205.8</ele>
            </trkpt>
            <trkpt lat="-41.1116443" lon="175.2759862">
                <ele>206.2</ele>
            </trkpt>
            <trkpt lat="-41.1117413" lon="175.2757233">
                <ele>205.2</ele>
            </trkpt>
            <trkpt lat="-41.111806" lon="175.2755356">
                <ele>205</ele>
            </trkpt>
            <trkpt lat="-41.1118706" lon="175.2753237">
                <ele>205.2</ele>
            </trkpt>
            <trkpt lat="-41.1118908" lon="175.2752057">
                <ele>206</ele>
            </trkpt>
            <trkpt lat="-41.1118888" lon="175.2750984">
                <ele>206.8</ele>
            </trkpt>
            <trkpt lat="-41.1118524" lon="175.2749857">
                <ele>207.5</ele>
            </trkpt>
            <trkpt lat="-41.1118019" lon="175.2748945">
                <ele>208.2</ele>
            </trkpt>
            <trkpt lat="-41.1116988" lon="175.2748275">
                <ele>209.2</ele>
            </trkpt>
            <trkpt lat="-41.1116099" lon="175.2748248">
                <ele>209.8</ele>
            </trkpt>
            <trkpt lat="-41.111523" lon="175.2748489">
                <ele>210</ele>
            </trkpt>
            <trkpt lat="-41.1114644" lon="175.2749106">
                <ele>209.5</ele>
            </trkpt>
            <trkpt lat="-41.1113998" lon="175.2749965">
                <ele>208.5</ele>
            </trkpt>
            <trkpt lat="-41.1113371" lon="175.2750984">
                <ele>207</ele>
            </trkpt>
            <trkpt lat="-41.1112745" lon="175.2751923">
                <ele>205.8</ele>
            </trkpt>
            <trkpt lat="-41.1111633" lon="175.2753317">
                <ele>203.8</ele>
            </trkpt>
            <trkpt lat="-41.1110562" lon="175.275439">
                <ele>202.2</ele>
            </trkpt>
            <trkpt lat="-41.1108117" lon="175.2756107">
                <ele>202</ele>
            </trkpt>
            <trkpt lat="-41.1106237" lon="175.2757502">
                <ele>203</ele>
            </trkpt>
            <trkpt lat="-41.1104439" lon="175.2758574">
                <ele>204.2</ele>
            </trkpt>
            <trkpt lat="-41.1101549" lon="175.2760077">
                <ele>203.5</ele>
            </trkpt>
            <trkpt lat="-41.1100235" lon="175.2760693">
                <ele>203</ele>
            </trkpt>
            <trkpt lat="-41.1099387" lon="175.2760935">
                <ele>203.2</ele>
            </trkpt>
            <trkpt lat="-41.1098659" lon="175.2761015">
                <ele>203.3</ele>
            </trkpt>
            <trkpt lat="-41.109779" lon="175.2760881">
                <ele>203.5</ele>
            </trkpt>
            <trkpt lat="-41.1096759" lon="175.2760398">
                <ele>204.8</ele>
            </trkpt>
            <trkpt lat="-41.1094658" lon="175.2758977">
                <ele>206</ele>
            </trkpt>
            <trkpt lat="-41.1093445" lon="175.2757958">
                <ele>206.2</ele>
            </trkpt>
            <trkpt lat="-41.109292" lon="175.2757341">
                <ele>206.2</ele>
            </trkpt>
            <trkpt lat="-41.1092435" lon="175.2756402">
                <ele>207.2</ele>
            </trkpt>
            <trkpt lat="-41.1092132" lon="175.2755356">
                <ele>209</ele>
            </trkpt>
            <trkpt lat="-41.109197" lon="175.2754337">
                <ele>211.2</ele>
            </trkpt>
            <trkpt lat="-41.1092051" lon="175.2753183">
                <ele>214.8</ele>
            </trkpt>
            <trkpt lat="-41.1092212" lon="175.2751064">
                <ele>219.8</ele>
            </trkpt>
            <trkpt lat="-41.1092273" lon="175.2749267">
                <ele>223.5</ele>
            </trkpt>
            <trkpt lat="-41.1092152" lon="175.2747738">
                <ele>226</ele>
            </trkpt>
            <trkpt lat="-41.1091869" lon="175.2746478">
                <ele>227.2</ele>
            </trkpt>
            <trkpt lat="-41.1091384" lon="175.2744949">
                <ele>227.8</ele>
            </trkpt>
            <trkpt lat="-41.1090676" lon="175.2742535">
                <ele>227</ele>
            </trkpt>
            <trkpt lat="-41.1090353" lon="175.2741113">
                <ele>226.5</ele>
            </trkpt>
            <trkpt lat="-41.1090212" lon="175.2739853">
                <ele>227</ele>
            </trkpt>
            <trkpt lat="-41.1090171" lon="175.2738538">
                <ele>228.2</ele>
            </trkpt>
            <trkpt lat="-41.1090232" lon="175.2736527">
                <ele>231.5</ele>
            </trkpt>
            <trkpt lat="-41.1090373" lon="175.273473">
                <ele>234</ele>
            </trkpt>
            <trkpt lat="-41.1090596" lon="175.2733254">
                <ele>236.2</ele>
            </trkpt>
            <trkpt lat="-41.109104" lon="175.2731457">
                <ele>240.2</ele>
            </trkpt>
            <trkpt lat="-41.1091263" lon="175.2729928">
                <ele>242</ele>
            </trkpt>
            <trkpt lat="-41.1091485" lon="175.27284">
                <ele>243.8</ele>
            </trkpt>
            <trkpt lat="-41.1091646" lon="175.2725852">
                <ele>245</ele>
            </trkpt>
            <trkpt lat="-41.1091748" lon="175.2723974">
                <ele>245.2</ele>
            </trkpt>
            <trkpt lat="-41.109199" lon="175.2721372">
                <ele>246.2</ele>
            </trkpt>
            <trkpt lat="-41.1092233" lon="175.2719522">
                <ele>247.8</ele>
            </trkpt>
            <trkpt lat="-41.1092617" lon="175.2717456">
                <ele>249.8</ele>
            </trkpt>
            <trkpt lat="-41.1093384" lon="175.2714238">
                <ele>254</ele>
            </trkpt>
            <trkpt lat="-41.1093627" lon="175.2713057">
                <ele>256</ele>
            </trkpt>
            <trkpt lat="-41.1093748" lon="175.271177">
                <ele>257.5</ele>
            </trkpt>
            <trkpt lat="-41.1093768" lon="175.2709436">
                <ele>258.5</ele>
            </trkpt>
            <trkpt lat="-41.1093789" lon="175.2707022">
                <ele>260</ele>
            </trkpt>
            <trkpt lat="-41.109395" lon="175.270485">
                <ele>263</ele>
            </trkpt>
            <trkpt lat="-41.1094395" lon="175.2702034">
                <ele>269.8</ele>
            </trkpt>
            <trkpt lat="-41.1094577" lon="175.2700692">
                <ele>273</ele>
            </trkpt>
            <trkpt lat="-41.1094476" lon="175.2699566">
                <ele>274</ele>
            </trkpt>
            <trkpt lat="-41.1093748" lon="175.2696937">
                <ele>272.5</ele>
            </trkpt>
            <trkpt lat="-41.1092515" lon="175.2693263">
                <ele>269.2</ele>
            </trkpt>
            <trkpt lat="-41.1091545" lon="175.2690876">
                <ele>266.2</ele>
            </trkpt>
            <trkpt lat="-41.1090777" lon="175.2689239">
                <ele>263.5</ele>
            </trkpt>
            <trkpt lat="-41.1090535" lon="175.2688354">
                <ele>263</ele>
            </trkpt>
            <trkpt lat="-41.1090434" lon="175.2687362">
                <ele>263.2</ele>
            </trkpt>
            <trkpt lat="-41.1090636" lon="175.2686074">
                <ele>265.2</ele>
            </trkpt>
            <trkpt lat="-41.1091242" lon="175.2684519">
                <ele>269.2</ele>
            </trkpt>
            <trkpt lat="-41.1092819" lon="175.2681461">
                <ele>279.5</ele>
            </trkpt>
            <trkpt lat="-41.1093991" lon="175.2678645">
                <ele>288</ele>
            </trkpt>
            <trkpt lat="-41.1094496" lon="175.267674">
                <ele>292.5</ele>
            </trkpt>
            <trkpt lat="-41.1094637" lon="175.2675748">
                <ele>294</ele>
            </trkpt>
            <trkpt lat="-41.1094577" lon="175.2674755">
                <ele>294.5</ele>
            </trkpt>
            <trkpt lat="-41.1094253" lon="175.2673897">
                <ele>293.5</ele>
            </trkpt>
            <trkpt lat="-41.1093768" lon="175.267328">
                <ele>291.5</ele>
            </trkpt>
            <trkpt lat="-41.1093203" lon="175.2672824">
                <ele>288.8</ele>
            </trkpt>
            <trkpt lat="-41.1092394" lon="175.2672637">
                <ele>284.2</ele>
            </trkpt>
            <trkpt lat="-41.1091586" lon="175.2672502">
                <ele>279.8</ele>
            </trkpt>
            <trkpt lat="-41.1090737" lon="175.2672154">
                <ele>275.8</ele>
            </trkpt>
            <trkpt lat="-41.1090151" lon="175.2671564">
                <ele>273.8</ele>
            </trkpt>
            <trkpt lat="-41.1089565" lon="175.2670678">
                <ele>272.2</ele>
            </trkpt>
            <trkpt lat="-41.1088797" lon="175.2669579">
                <ele>270</ele>
            </trkpt>
            <trkpt lat="-41.1087807" lon="175.2668425">
                <ele>266</ele>
            </trkpt>
            <trkpt lat="-41.1087382" lon="175.2667701">
                <ele>264.2</ele>
            </trkpt>
            <trkpt lat="-41.108716" lon="175.2667031">
                <ele>263.5</ele>
            </trkpt>
            <trkpt lat="-41.108718" lon="175.266628">
                <ele>264.2</ele>
            </trkpt>
            <trkpt lat="-41.1087423" lon="175.2665448">
                <ele>266.2</ele>
            </trkpt>
            <trkpt lat="-41.1087847" lon="175.2664724">
                <ele>269.2</ele>
            </trkpt>
            <trkpt lat="-41.1090191" lon="175.2661318">
                <ele>284</ele>
            </trkpt>
            <trkpt lat="-41.1090818" lon="175.2660298">
                <ele>287.8</ele>
            </trkpt>
            <trkpt lat="-41.1091323" lon="175.265893">
                <ele>290.8</ele>
            </trkpt>
            <trkpt lat="-41.1091727" lon="175.2656785">
                <ele>293.5</ele>
            </trkpt>
            <trkpt lat="-41.1092778" lon="175.2650884">
                <ele>304.5</ele>
            </trkpt>
            <trkpt lat="-41.1093203" lon="175.2648899">
                <ele>309.5</ele>
            </trkpt>
            <trkpt lat="-41.1093283" lon="175.2647719">
                <ele>311</ele>
            </trkpt>
            <trkpt lat="-41.1093203" lon="175.2646378">
                <ele>312</ele>
            </trkpt>
            <trkpt lat="-41.109296" lon="175.2645305">
                <ele>311.4</ele>
            </trkpt>
            <trkpt lat="-41.1092515" lon="175.2644178">
                <ele>310.8</ele>
            </trkpt>
            <trkpt lat="-41.1091828" lon="175.2643079">
                <ele>308.2</ele>
            </trkpt>
            <trkpt lat="-41.1091182" lon="175.2642596">
                <ele>305.2</ele>
            </trkpt>
            <trkpt lat="-41.1090292" lon="175.2642301">
                <ele>301</ele>
            </trkpt>
            <trkpt lat="-41.1089363" lon="175.2642193">
                <ele>296.5</ele>
            </trkpt>
            <trkpt lat="-41.1088251" lon="175.2642247">
                <ele>290.8</ele>
            </trkpt>
            <trkpt lat="-41.1087443" lon="175.264214">
                <ele>286.5</ele>
            </trkpt>
            <trkpt lat="-41.1086756" lon="175.2641872">
                <ele>283.2</ele>
            </trkpt>
            <trkpt lat="-41.108623" lon="175.2641228">
                <ele>281.8</ele>
            </trkpt>
            <trkpt lat="-41.1085705" lon="175.2639994">
                <ele>281.5</ele>
            </trkpt>
            <trkpt lat="-41.1084775" lon="175.2635944">
                <ele>282.8</ele>
            </trkpt>
            <trkpt lat="-41.1084553" lon="175.2634281">
                <ele>282.5</ele>
            </trkpt>
            <trkpt lat="-41.1084634" lon="175.2633181">
                <ele>283</ele>
            </trkpt>
            <trkpt lat="-41.1084816" lon="175.2632377">
                <ele>283.8</ele>
            </trkpt>
            <trkpt lat="-41.1085301" lon="175.2631465">
                <ele>286</ele>
            </trkpt>
            <trkpt lat="-41.1086089" lon="175.2630606">
                <ele>289.8</ele>
            </trkpt>
            <trkpt lat="-41.1087564" lon="175.2628997">
                <ele>295.8</ele>
            </trkpt>
            <trkpt lat="-41.1088433" lon="175.2627763">
                <ele>297.8</ele>
            </trkpt>
            <trkpt lat="-41.1089343" lon="175.262602">
                <ele>297.5</ele>
            </trkpt>
            <trkpt lat="-41.1089989" lon="175.262484">
                <ele>297.8</ele>
            </trkpt>
            <trkpt lat="-41.1090757" lon="175.2623928">
                <ele>299.5</ele>
            </trkpt>
            <trkpt lat="-41.1091485" lon="175.2623498">
                <ele>302</ele>
            </trkpt>
            <trkpt lat="-41.109298" lon="175.2623203">
                <ele>308.8</ele>
            </trkpt>
            <trkpt lat="-41.1093748" lon="175.2622935">
                <ele>312.2</ele>
            </trkpt>
            <trkpt lat="-41.1094577" lon="175.2622211">
                <ele>315.8</ele>
            </trkpt>
            <trkpt lat="-41.1095506" lon="175.2620924">
                <ele>318.8</ele>
            </trkpt>
            <trkpt lat="-41.1096375" lon="175.2619368">
                <ele>320.8</ele>
            </trkpt>
            <trkpt lat="-41.109684" lon="175.2617705">
                <ele>321.2</ele>
            </trkpt>
            <trkpt lat="-41.109686" lon="175.2616417">
                <ele>319.8</ele>
            </trkpt>
            <trkpt lat="-41.1096759" lon="175.2614808">
                <ele>316.8</ele>
            </trkpt>
            <trkpt lat="-41.1096578" lon="175.2613011">
                <ele>313</ele>
            </trkpt>
            <trkpt lat="-41.1096598" lon="175.2611026">
                <ele>310.2</ele>
            </trkpt>
            <trkpt lat="-41.1098619" lon="175.2603409">
                <ele>309.8</ele>
            </trkpt>
            <trkpt lat="-41.1099205" lon="175.2602041">
                <ele>311</ele>
            </trkpt>
            <trkpt lat="-41.1100155" lon="175.2600834">
                <ele>314.2</ele>
            </trkpt>
            <trkpt lat="-41.1105389" lon="175.2595657">
                <ele>331.5</ele>
            </trkpt>
            <trkpt lat="-41.1107591" lon="175.2593377">
                <ele>335.8</ele>
            </trkpt>
            <trkpt lat="-41.1109006" lon="175.2592438">
                <ele>339.8</ele>
            </trkpt>
            <trkpt lat="-41.1111148" lon="175.2591527">
                <ele>346.8</ele>
            </trkpt>
            <trkpt lat="-41.1112866" lon="175.2590561">
                <ele>352</ele>
            </trkpt>
            <trkpt lat="-41.1114402" lon="175.2589542">
                <ele>356.5</ele>
            </trkpt>
            <trkpt lat="-41.1114988" lon="175.2588844">
                <ele>357.8</ele>
            </trkpt>
            <trkpt lat="-41.111519" lon="175.2587691">
                <ele>357.2</ele>
            </trkpt>
            <trkpt lat="-41.1115109" lon="175.2586725">
                <ele>356.5</ele>
            </trkpt>
            <trkpt lat="-41.1114685" lon="175.2585894">
                <ele>355.2</ele>
            </trkpt>
            <trkpt lat="-41.1113836" lon="175.2585304">
                <ele>353</ele>
            </trkpt>
            <trkpt lat="-41.1112381" lon="175.2584794">
                <ele>349</ele>
            </trkpt>
            <trkpt lat="-41.1109491" lon="175.2583802">
                <ele>344.5</ele>
            </trkpt>
            <trkpt lat="-41.1105672" lon="175.2582514">
                <ele>340.5</ele>
            </trkpt>
            <trkpt lat="-41.1104055" lon="175.2582005">
                <ele>338.8</ele>
            </trkpt>
            <trkpt lat="-41.1102378" lon="175.2581871">
                <ele>335</ele>
            </trkpt>
            <trkpt lat="-41.1101266" lon="175.2581656">
                <ele>333.2</ele>
            </trkpt>
            <trkpt lat="-41.1100316" lon="175.2581146">
                <ele>334.5</ele>
            </trkpt>
            <trkpt lat="-41.1099548" lon="175.2580208">
                <ele>335.8</ele>
            </trkpt>
            <trkpt lat="-41.1098861" lon="175.2579081">
                <ele>339.5</ele>
            </trkpt>
            <trkpt lat="-41.1098255" lon="175.2577338">
                <ele>346.5</ele>
            </trkpt>
            <trkpt lat="-41.1097285" lon="175.2574682">
                <ele>356.2</ele>
            </trkpt>
            <trkpt lat="-41.10968" lon="175.2573609">
                <ele>359.5</ele>
            </trkpt>
            <trkpt lat="-41.1096295" lon="175.2572858">
                <ele>361.5</ele>
            </trkpt>
            <trkpt lat="-41.1095648" lon="175.2572402">
                <ele>362.2</ele>
            </trkpt>
            <trkpt lat="-41.1095001" lon="175.2572241">
                <ele>362</ele>
            </trkpt>
            <trkpt lat="-41.1094092" lon="175.257251">
                <ele>359.8</ele>
            </trkpt>
            <trkpt lat="-41.109298" lon="175.2573153">
                <ele>356.2</ele>
            </trkpt>
            <trkpt lat="-41.1090899" lon="175.2574736">
                <ele>350.2</ele>
            </trkpt>
            <trkpt lat="-41.1089605" lon="175.2575943">
                <ele>346.8</ele>
            </trkpt>
            <trkpt lat="-41.1087807" lon="175.2577981">
                <ele>340.8</ele>
            </trkpt>
            <trkpt lat="-41.1086392" lon="175.2579725">
                <ele>334.5</ele>
            </trkpt>
            <trkpt lat="-41.1085462" lon="175.2580422">
                <ele>332.8</ele>
            </trkpt>
            <trkpt lat="-41.1084593" lon="175.2580798">
                <ele>332.5</ele>
            </trkpt>
            <trkpt lat="-41.108328" lon="175.2580985">
                <ele>333.2</ele>
            </trkpt>
            <trkpt lat="-41.1082128" lon="175.2581012">
                <ele>333.8</ele>
            </trkpt>
            <trkpt lat="-41.1081057" lon="175.2580932">
                <ele>334.2</ele>
            </trkpt>
            <trkpt lat="-41.1080289" lon="175.258069">
                <ele>334.6</ele>
            </trkpt>
            <trkpt lat="-41.1079622" lon="175.2580047">
                <ele>335</ele>
            </trkpt>
            <trkpt lat="-41.1079137" lon="175.2579188">
                <ele>337</ele>
            </trkpt>
            <trkpt lat="-41.1078753" lon="175.2578357">
                <ele>338.8</ele>
            </trkpt>
            <trkpt lat="-41.1078591" lon="175.2577445">
                <ele>340.8</ele>
            </trkpt>
            <trkpt lat="-41.107853" lon="175.2575997">
                <ele>343.8</ele>
            </trkpt>
            <trkpt lat="-41.1078813" lon="175.2573824">
                <ele>349</ele>
            </trkpt>
            <trkpt lat="-41.1079379" lon="175.2569506">
                <ele>356.5</ele>
            </trkpt>
            <trkpt lat="-41.1079986" lon="175.2565858">
                <ele>361.2</ele>
            </trkpt>
            <trkpt lat="-41.108043" lon="175.2563927">
                <ele>363.5</ele>
            </trkpt>
            <trkpt lat="-41.1081016" lon="175.2561781">
                <ele>367.2</ele>
            </trkpt>
            <trkpt lat="-41.108136" lon="175.2560279">
                <ele>369.5</ele>
            </trkpt>
            <trkpt lat="-41.1081522" lon="175.2558669">
                <ele>371</ele>
            </trkpt>
            <trkpt lat="-41.1081501" lon="175.2554995">
                <ele>371.8</ele>
            </trkpt>
            <trkpt lat="-41.1081582" lon="175.2553627">
                <ele>372.5</ele>
            </trkpt>
            <trkpt lat="-41.1081744" lon="175.2552474">
                <ele>373.8</ele>
            </trkpt>
            <trkpt lat="-41.108235" lon="175.2551132">
                <ele>377.8</ele>
            </trkpt>
            <trkpt lat="-41.1083138" lon="175.2549577">
                <ele>382.8</ele>
            </trkpt>
            <trkpt lat="-41.1083664" lon="175.2548397">
                <ele>386.2</ele>
            </trkpt>
            <trkpt lat="-41.1083926" lon="175.2547538">
                <ele>388.2</ele>
            </trkpt>
            <trkpt lat="-41.1084007" lon="175.2546278">
                <ele>389.2</ele>
            </trkpt>
            <trkpt lat="-41.1083886" lon="175.2545258">
                <ele>388.8</ele>
            </trkpt>
            <trkpt lat="-41.1083441" lon="175.2543783">
                <ele>386</ele>
            </trkpt>
            <trkpt lat="-41.1083179" lon="175.254271">
                <ele>384</ele>
            </trkpt>
            <trkpt lat="-41.1083037" lon="175.2541664">
                <ele>382.5</ele>
            </trkpt>
            <trkpt lat="-41.1083179" lon="175.2540109">
                <ele>382.2</ele>
            </trkpt>
            <trkpt lat="-41.108425" lon="175.2534476">
                <ele>380.5</ele>
            </trkpt>
            <trkpt lat="-41.1084755" lon="175.2532625">
                <ele>378.8</ele>
            </trkpt>
            <trkpt lat="-41.108522" lon="175.2531686">
                <ele>378.5</ele>
            </trkpt>
            <trkpt lat="-41.1086048" lon="175.2531043">
                <ele>380.8</ele>
            </trkpt>
            <trkpt lat="-41.1086837" lon="175.2530774">
                <ele>383.5</ele>
            </trkpt>
            <trkpt lat="-41.108813" lon="175.2530935">
                <ele>389.2</ele>
            </trkpt>
            <trkpt lat="-41.1089161" lon="175.253123">
                <ele>393.5</ele>
            </trkpt>
            <trkpt lat="-41.1090434" lon="175.2531311">
                <ele>397.8</ele>
            </trkpt>
            <trkpt lat="-41.1091404" lon="175.2531204">
                <ele>400.5</ele>
            </trkpt>
            <trkpt lat="-41.1092152" lon="175.2531016">
                <ele>402.5</ele>
            </trkpt>
            <trkpt lat="-41.1093566" lon="175.2530318">
                <ele>406</ele>
            </trkpt>
            <trkpt lat="-41.1095284" lon="175.2529541">
                <ele>411.8</ele>
            </trkpt>
            <trkpt lat="-41.1097628" lon="175.2528387">
                <ele>421</ele>
            </trkpt>
            <trkpt lat="-41.1098437" lon="175.2527502">
                <ele>423</ele>
            </trkpt>
            <trkpt lat="-41.109874" lon="175.2526966">
                <ele>423.8</ele>
            </trkpt>
            <trkpt lat="-41.1099144" lon="175.2526027">
                <ele>424.8</ele>
            </trkpt>
            <trkpt lat="-41.1099366" lon="175.25249">
                <ele>425.2</ele>
            </trkpt>
            <trkpt lat="-41.1099286" lon="175.2523881">
                <ele>425</ele>
            </trkpt>
            <trkpt lat="-41.1099164" lon="175.252313">
                <ele>424.8</ele>
            </trkpt>
            <trkpt lat="-41.1098699" lon="175.2521816">
                <ele>424</ele>
            </trkpt>
            <trkpt lat="-41.1097891" lon="175.2520582">
                <ele>422</ele>
            </trkpt>
            <trkpt lat="-41.1096739" lon="175.2519161">
                <ele>420</ele>
            </trkpt>
            <trkpt lat="-41.1095587" lon="175.2517954">
                <ele>417</ele>
            </trkpt>
            <trkpt lat="-41.1094294" lon="175.2516693">
                <ele>413.5</ele>
            </trkpt>
            <trkpt lat="-41.1093203" lon="175.25157">
                <ele>410</ele>
            </trkpt>
            <trkpt lat="-41.1092111" lon="175.2514467">
                <ele>407.2</ele>
            </trkpt>
            <trkpt lat="-41.1091283" lon="175.2513286">
                <ele>405.2</ele>
            </trkpt>
            <trkpt lat="-41.1090939" lon="175.2511945">
                <ele>405.6</ele>
            </trkpt>
            <trkpt lat="-41.1090656" lon="175.251039">
                <ele>406</ele>
            </trkpt>
            <trkpt lat="-41.1090454" lon="175.2509183">
                <ele>406.5</ele>
            </trkpt>
            <trkpt lat="-41.1090434" lon="175.2507573">
                <ele>408</ele>
            </trkpt>
            <trkpt lat="-41.1090515" lon="175.250591">
                <ele>409.5</ele>
            </trkpt>
            <trkpt lat="-41.1090757" lon="175.2504462">
                <ele>411.8</ele>
            </trkpt>
            <trkpt lat="-41.1091182" lon="175.2502531">
                <ele>415</ele>
            </trkpt>
            <trkpt lat="-41.1092192" lon="175.2499259">
                <ele>421.2</ele>
            </trkpt>
            <trkpt lat="-41.1092758" lon="175.2497622">
                <ele>424.8</ele>
            </trkpt>
            <trkpt lat="-41.1093142" lon="175.2496389">
                <ele>427</ele>
            </trkpt>
            <trkpt lat="-41.1093425" lon="175.2494887">
                <ele>428.5</ele>
            </trkpt>
            <trkpt lat="-41.1093728" lon="175.2493063">
                <ele>429.5</ele>
            </trkpt>
            <trkpt lat="-41.1094516" lon="175.2485391">
                <ele>429</ele>
            </trkpt>
            <trkpt lat="-41.10949" lon="175.2482978">
                <ele>428</ele>
            </trkpt>
            <trkpt lat="-41.1095405" lon="175.2481073">
                <ele>427.5</ele>
            </trkpt>
            <trkpt lat="-41.1096133" lon="175.2479276">
                <ele>427</ele>
            </trkpt>
            <trkpt lat="-41.1097103" lon="175.247764">
                <ele>426.8</ele>
            </trkpt>
            <trkpt lat="-41.1098012" lon="175.2476513">
                <ele>427</ele>
            </trkpt>
            <trkpt lat="-41.1098558" lon="175.2476218">
                <ele>428</ele>
            </trkpt>
            <trkpt lat="-41.1099164" lon="175.2476004">
                <ele>429.2</ele>
            </trkpt>
            <trkpt lat="-41.1100054" lon="175.2476004">
                <ele>432</ele>
            </trkpt>
            <trkpt lat="-41.1100821" lon="175.2476218">
                <ele>435</ele>
            </trkpt>
            <trkpt lat="-41.1102155" lon="175.2477103">
                <ele>441.5</ele>
            </trkpt>
            <trkpt lat="-41.1106217" lon="175.2480054">
                <ele>462.2</ele>
            </trkpt>
            <trkpt lat="-41.1107531" lon="175.2480483">
                <ele>466.8</ele>
            </trkpt>
            <trkpt lat="-41.1108501" lon="175.2480295">
                <ele>469.2</ele>
            </trkpt>
            <trkpt lat="-41.1109531" lon="175.247992">
                <ele>472</ele>
            </trkpt>
            <trkpt lat="-41.1110057" lon="175.2479357">
                <ele>473</ele>
            </trkpt>
            <trkpt lat="-41.1110522" lon="175.2478284">
                <ele>473.5</ele>
            </trkpt>
            <trkpt lat="-41.1110643" lon="175.247713">
                <ele>472.5</ele>
            </trkpt>
            <trkpt lat="-41.1110421" lon="175.2475038">
                <ele>468.5</ele>
            </trkpt>
            <trkpt lat="-41.1109855" lon="175.2470747">
                <ele>460.2</ele>
            </trkpt>
            <trkpt lat="-41.1109693" lon="175.2468976">
                <ele>456.8</ele>
            </trkpt>
            <trkpt lat="-41.1109754" lon="175.2467206">
                <ele>455</ele>
            </trkpt>
            <trkpt lat="-41.1109996" lon="175.2466026">
                <ele>455.5</ele>
            </trkpt>
            <trkpt lat="-41.11104" lon="175.246506">
                <ele>457.2</ele>
            </trkpt>
            <trkpt lat="-41.1111088" lon="175.2464148">
                <ele>461.2</ele>
            </trkpt>
            <trkpt lat="-41.1111633" lon="175.2463612">
                <ele>464.5</ele>
            </trkpt>
            <trkpt lat="-41.111234" lon="175.2463263">
                <ele>468.8</ele>
            </trkpt>
            <trkpt lat="-41.1113796" lon="175.2462646">
                <ele>477</ele>
            </trkpt>
            <trkpt lat="-41.1114503" lon="175.2462029">
                <ele>480.5</ele>
            </trkpt>
            <trkpt lat="-41.1114907" lon="175.2461171">
                <ele>482</ele>
            </trkpt>
            <trkpt lat="-41.1115129" lon="175.2460259">
                <ele>482.8</ele>
            </trkpt>
            <trkpt lat="-41.111519" lon="175.245932">
                <ele>482.8</ele>
            </trkpt>
            <trkpt lat="-41.111521" lon="175.2458328">
                <ele>482.9</ele>
            </trkpt>
            <trkpt lat="-41.111515" lon="175.2457443">
                <ele>483</ele>
            </trkpt>
            <trkpt lat="-41.1115069" lon="175.2456772">
                <ele>482.6</ele>
            </trkpt>
            <trkpt lat="-41.1114826" lon="175.2456129">
                <ele>482.2</ele>
            </trkpt>
            <trkpt lat="-41.1114503" lon="175.2455485">
                <ele>481.2</ele>
            </trkpt>
            <trkpt lat="-41.1113897" lon="175.245468">
                <ele>478.8</ele>
            </trkpt>
            <trkpt lat="-41.1112967" lon="175.2453527">
                <ele>474.5</ele>
            </trkpt>
            <trkpt lat="-41.111226" lon="175.2452508">
                <ele>471</ele>
            </trkpt>
            <trkpt lat="-41.1111694" lon="175.2451435">
                <ele>468.2</ele>
            </trkpt>
            <trkpt lat="-41.1111249" lon="175.2450067">
                <ele>466.2</ele>
            </trkpt>
            <trkpt lat="-41.1110946" lon="175.2448431">
                <ele>464.8</ele>
            </trkpt>
            <trkpt lat="-41.1110906" lon="175.2447063">
                <ele>464</ele>
            </trkpt>
            <trkpt lat="-41.1111027" lon="175.2445668">
                <ele>463.5</ele>
            </trkpt>
            <trkpt lat="-41.111133" lon="175.24443">
                <ele>463.2</ele>
            </trkpt>
            <trkpt lat="-41.1111734" lon="175.2443147">
                <ele>463</ele>
            </trkpt>
            <trkpt lat="-41.1112421" lon="175.2442262">
                <ele>464.8</ele>
            </trkpt>
            <trkpt lat="-41.1113311" lon="175.2441698">
                <ele>468</ele>
            </trkpt>
            <trkpt lat="-41.1114139" lon="175.2441537">
                <ele>471.2</ele>
            </trkpt>
            <trkpt lat="-41.1116645" lon="175.2441323">
                <ele>481.2</ele>
            </trkpt>
            <trkpt lat="-41.1117918" lon="175.2440947">
                <ele>485.8</ele>
            </trkpt>
            <trkpt lat="-41.1119333" lon="175.2440518">
                <ele>491.2</ele>
            </trkpt>
            <trkpt lat="-41.1120444" lon="175.2439928">
                <ele>495.2</ele>
            </trkpt>
            <trkpt lat="-41.1121071" lon="175.2439338">
                <ele>497</ele>
            </trkpt>
            <trkpt lat="-41.1121414" lon="175.2438775">
                <ele>497.5</ele>
            </trkpt>
            <trkpt lat="-41.1121636" lon="175.2437729">
                <ele>496</ele>
            </trkpt>
            <trkpt lat="-41.1121737" lon="175.2435905">
                <ele>491.8</ele>
            </trkpt>
            <trkpt lat="-41.112194" lon="175.2434242">
                <ele>488.8</ele>
            </trkpt>
            <trkpt lat="-41.1122182" lon="175.2433625">
                <ele>489</ele>
            </trkpt>
            <trkpt lat="-41.1122546" lon="175.243282">
                <ele>489.2</ele>
            </trkpt>
            <trkpt lat="-41.1123071" lon="175.2432123">
                <ele>490.8</ele>
            </trkpt>
            <trkpt lat="-41.1123698" lon="175.2431399">
                <ele>492.8</ele>
            </trkpt>
            <trkpt lat="-41.1124567" lon="175.2430514">
                <ele>495.8</ele>
            </trkpt>
            <trkpt lat="-41.1125132" lon="175.242995">
                <ele>498</ele>
            </trkpt>
            <trkpt lat="-41.1125678" lon="175.2429146">
                <ele>499.8</ele>
            </trkpt>
            <trkpt lat="-41.1125981" lon="175.24281">
                <ele>499.2</ele>
            </trkpt>
            <trkpt lat="-41.1126102" lon="175.2426758">
                <ele>498.5</ele>
            </trkpt>
            <trkpt lat="-41.1126183" lon="175.2425578">
                <ele>497.2</ele>
            </trkpt>
            <trkpt lat="-41.1126244" lon="175.2424237">
                <ele>496</ele>
            </trkpt>
            <trkpt lat="-41.1126345" lon="175.2423003">
                <ele>495.2</ele>
            </trkpt>
            <trkpt lat="-41.1126507" lon="175.2421904">
                <ele>495</ele>
            </trkpt>
            <trkpt lat="-41.112679" lon="175.2420965">
                <ele>495.5</ele>
            </trkpt>
            <trkpt lat="-41.1127194" lon="175.2419919">
                <ele>496.8</ele>
            </trkpt>
            <trkpt lat="-41.1127679" lon="175.2419087">
                <ele>498.8</ele>
            </trkpt>
            <trkpt lat="-41.1128184" lon="175.2418417">
                <ele>501.2</ele>
            </trkpt>
            <trkpt lat="-41.1128952" lon="175.2417585">
                <ele>505</ele>
            </trkpt>
            <trkpt lat="-41.1129982" lon="175.2416486">
                <ele>510</ele>
            </trkpt>
            <trkpt lat="-41.1130629" lon="175.2415574">
                <ele>512.8</ele>
            </trkpt>
            <trkpt lat="-41.1131074" lon="175.2414635">
                <ele>514.5</ele>
            </trkpt>
            <trkpt lat="-41.1131599" lon="175.2413347">
                <ele>516.8</ele>
            </trkpt>
            <trkpt lat="-41.1131983" lon="175.2411899">
                <ele>518.2</ele>
            </trkpt>
            <trkpt lat="-41.1132064" lon="175.2410692">
                <ele>518.5</ele>
            </trkpt>
            <trkpt lat="-41.1131922" lon="175.2409405">
                <ele>518</ele>
            </trkpt>
            <trkpt lat="-41.113164" lon="175.2408332">
                <ele>516.8</ele>
            </trkpt>
            <trkpt lat="-41.1131013" lon="175.2406964">
                <ele>513.2</ele>
            </trkpt>
            <trkpt lat="-41.1130286" lon="175.2405703">
                <ele>509</ele>
            </trkpt>
            <trkpt lat="-41.1129598" lon="175.2404416">
                <ele>505.5</ele>
            </trkpt>
            <trkpt lat="-41.1129215" lon="175.2403316">
                <ele>503.5</ele>
            </trkpt>
            <trkpt lat="-41.1128891" lon="175.240227">
                <ele>501.8</ele>
            </trkpt>
            <trkpt lat="-41.1128689" lon="175.2401143">
                <ele>500.2</ele>
            </trkpt>
            <trkpt lat="-41.1128608" lon="175.2399507">
                <ele>499.2</ele>
            </trkpt>
            <trkpt lat="-41.112875" lon="175.2397951">
                <ele>499.8</ele>
            </trkpt>
            <trkpt lat="-41.1129174" lon="175.2396691">
                <ele>500.2</ele>
            </trkpt>
            <trkpt lat="-41.1130063" lon="175.2395725">
                <ele>503.5</ele>
            </trkpt>
            <trkpt lat="-41.1132044" lon="175.2394518">
                <ele>510.8</ele>
            </trkpt>
            <trkpt lat="-41.1133559" lon="175.2393338">
                <ele>516.2</ele>
            </trkpt>
            <trkpt lat="-41.1134469" lon="175.2391917">
                <ele>518</ele>
            </trkpt>
            <trkpt lat="-41.11356" lon="175.2390146">
                <ele>520.8</ele>
            </trkpt>
            <trkpt lat="-41.113849" lon="175.2386472">
                <ele>531.5</ele>
            </trkpt>
            <trkpt lat="-41.1139116" lon="175.2385023">
                <ele>532.8</ele>
            </trkpt>
            <trkpt lat="-41.1139278" lon="175.2383441">
                <ele>531.2</ele>
            </trkpt>
            <trkpt lat="-41.1139157" lon="175.2381751">
                <ele>528.5</ele>
            </trkpt>
            <trkpt lat="-41.1138126" lon="175.2377942">
                <ele>518.8</ele>
            </trkpt>
            <trkpt lat="-41.1137965" lon="175.237703">
                <ele>517</ele>
            </trkpt>
            <trkpt lat="-41.1138005" lon="175.2375957">
                <ele>516.2</ele>
            </trkpt>
            <trkpt lat="-41.1138349" lon="175.2374938">
                <ele>516.8</ele>
            </trkpt>
            <trkpt lat="-41.1139056" lon="175.2374026">
                <ele>518.8</ele>
            </trkpt>
            <trkpt lat="-41.1140268" lon="175.2373195">
                <ele>523.2</ele>
            </trkpt>
            <trkpt lat="-41.1142168" lon="175.237231">
                <ele>531.5</ele>
            </trkpt>
            <trkpt lat="-41.1143784" lon="175.2371451">
                <ele>538.8</ele>
            </trkpt>
            <trkpt lat="-41.1144714" lon="175.23707">
                <ele>542.8</ele>
            </trkpt>
            <trkpt lat="-41.1145401" lon="175.2369708">
                <ele>545.2</ele>
            </trkpt>
            <trkpt lat="-41.1145866" lon="175.2368608">
                <ele>546.8</ele>
            </trkpt>
            <trkpt lat="-41.1146614" lon="175.2365658">
                <ele>548.5</ele>
            </trkpt>
            <trkpt lat="-41.1146795" lon="175.236429">
                <ele>548.8</ele>
            </trkpt>
            <trkpt lat="-41.1146755" lon="175.2363163">
                <ele>548.2</ele>
            </trkpt>
            <trkpt lat="-41.1146533" lon="175.236201">
                <ele>547</ele>
            </trkpt>
            <trkpt lat="-41.1146007" lon="175.236083">
                <ele>543.8</ele>
            </trkpt>
            <trkpt lat="-41.1145381" lon="175.2359408">
                <ele>540</ele>
            </trkpt>
            <trkpt lat="-41.114526" lon="175.2358416">
                <ele>539.5</ele>
            </trkpt>
            <trkpt lat="-41.1145239" lon="175.2357316">
                <ele>539.8</ele>
            </trkpt>
            <trkpt lat="-41.1145441" lon="175.2356029">
                <ele>541.5</ele>
            </trkpt>
            <trkpt lat="-41.1146209" lon="175.2354097">
                <ele>545.8</ele>
            </trkpt>
            <trkpt lat="-41.1147482" lon="175.2351227">
                <ele>551.2</ele>
            </trkpt>
            <trkpt lat="-41.1148109" lon="175.2349135">
                <ele>553.2</ele>
            </trkpt>
            <trkpt lat="-41.1148351" lon="175.2347204">
                <ele>553</ele>
            </trkpt>
            <trkpt lat="-41.114825" lon="175.2344844">
                <ele>550.2</ele>
            </trkpt>
            <trkpt lat="-41.1148392" lon="175.23431">
                <ele>549</ele>
            </trkpt>
            <trkpt lat="-41.1148695" lon="175.2341625">
                <ele>548.8</ele>
            </trkpt>
            <trkpt lat="-41.114918" lon="175.2340472">
                <ele>549.8</ele>
            </trkpt>
            <trkpt lat="-41.1150069" lon="175.2339372">
                <ele>553</ele>
            </trkpt>
            <trkpt lat="-41.115211" lon="175.233795">
                <ele>564</ele>
            </trkpt>
            <trkpt lat="-41.1152514" lon="175.2337655">
                <ele>566</ele>
            </trkpt>
            <trkpt lat="-41.1152898" lon="175.233728">
                <ele>568</ele>
            </trkpt>
            <trkpt lat="-41.1153181" lon="175.2336851">
                <ele>569.2</ele>
            </trkpt>
            <trkpt lat="-41.1153383" lon="175.2336287">
                <ele>570</ele>
            </trkpt>
            <trkpt lat="-41.1153484" lon="175.2335617">
                <ele>569.9</ele>
            </trkpt>
            <trkpt lat="-41.1153504" lon="175.233492">
                <ele>569.8</ele>
            </trkpt>
            <trkpt lat="-41.1153444" lon="175.2334169">
                <ele>568</ele>
            </trkpt>
            <trkpt lat="-41.115308" lon="175.2331057">
                <ele>564.8</ele>
            </trkpt>
            <trkpt lat="-41.1152878" lon="175.2329743">
                <ele>563.5</ele>
            </trkpt>
            <trkpt lat="-41.1152635" lon="175.2328187">
                <ele>562.5</ele>
            </trkpt>
            <trkpt lat="-41.1152454" lon="175.2327275">
                <ele>561.8</ele>
            </trkpt>
            <trkpt lat="-41.1152312" lon="175.2326524">
                <ele>561</ele>
            </trkpt>
            <trkpt lat="-41.115213" lon="175.2325746">
                <ele>560</ele>
            </trkpt>
            <trkpt lat="-41.1151928" lon="175.2324995">
                <ele>559</ele>
            </trkpt>
            <trkpt lat="-41.1151686" lon="175.2324432">
                <ele>558</ele>
            </trkpt>
            <trkpt lat="-41.1151423" lon="175.2323923">
                <ele>557</ele>
            </trkpt>
            <trkpt lat="-41.1150877" lon="175.2323225">
                <ele>556</ele>
            </trkpt>
            <trkpt lat="-41.1150291" lon="175.2322581">
                <ele>554.2</ele>
            </trkpt>
            <trkpt lat="-41.1149968" lon="175.2322233">
                <ele>553.2</ele>
            </trkpt>
            <trkpt lat="-41.1149685" lon="175.2321857">
                <ele>552.5</ele>
            </trkpt>
            <trkpt lat="-41.1149382" lon="175.2321428">
                <ele>551.8</ele>
            </trkpt>
            <trkpt lat="-41.114918" lon="175.2321053">
                <ele>551.2</ele>
            </trkpt>
            <trkpt lat="-41.1149038" lon="175.2320677">
                <ele>550.8</ele>
            </trkpt>
            <trkpt lat="-41.1148937" lon="175.2320302">
                <ele>550.5</ele>
            </trkpt>
            <trkpt lat="-41.1148877" lon="175.2319846">
                <ele>550</ele>
            </trkpt>
            <trkpt lat="-41.1148836" lon="175.2319363">
                <ele>549.5</ele>
            </trkpt>
            <trkpt lat="-41.1148857" lon="175.2318853">
                <ele>549.2</ele>
            </trkpt>
            <trkpt lat="-41.1148917" lon="175.2318478">
                <ele>549</ele>
            </trkpt>
            <trkpt lat="-41.1149038" lon="175.2317995">
                <ele>548.8</ele>
            </trkpt>
            <trkpt lat="-41.114922" lon="175.2317512">
                <ele>548.5</ele>
            </trkpt>
            <trkpt lat="-41.1149483" lon="175.2317002">
                <ele>548.2</ele>
            </trkpt>
            <trkpt lat="-41.1149887" lon="175.2316386">
                <ele>548.4</ele>
            </trkpt>
            <trkpt lat="-41.1150352" lon="175.2315876">
                <ele>548.5</ele>
            </trkpt>
            <trkpt lat="-41.1150898" lon="175.2315366">
                <ele>549</ele>
            </trkpt>
            <trkpt lat="-41.1151302" lon="175.2315044">
                <ele>549.5</ele>
            </trkpt>
            <trkpt lat="-41.1151665" lon="175.231483">
                <ele>550.2</ele>
            </trkpt>
            <trkpt lat="-41.1151948" lon="175.2314669">
                <ele>550.8</ele>
            </trkpt>
            <trkpt lat="-41.1152292" lon="175.2314535">
                <ele>551</ele>
            </trkpt>
            <trkpt lat="-41.1152858" lon="175.2314374">
                <ele>552.8</ele>
            </trkpt>
            <trkpt lat="-41.1153585" lon="175.2314267">
                <ele>555.2</ele>
            </trkpt>
            <trkpt lat="-41.1154414" lon="175.2314186">
                <ele>558.2</ele>
            </trkpt>
            <trkpt lat="-41.1154899" lon="175.2314079">
                <ele>560</ele>
            </trkpt>
            <trkpt lat="-41.1155424" lon="175.2313837">
                <ele>561.5</ele>
            </trkpt>
            <trkpt lat="-41.1155869" lon="175.2313462">
                <ele>562.5</ele>
            </trkpt>
            <trkpt lat="-41.1156253" lon="175.2313033">
                <ele>563</ele>
            </trkpt>
            <trkpt lat="-41.1156495" lon="175.231263">
                <ele>562.9</ele>
            </trkpt>
            <trkpt lat="-41.1156717" lon="175.2312228">
                <ele>562.8</ele>
            </trkpt>
            <trkpt lat="-41.1156839" lon="175.2311826">
                <ele>562.8</ele>
            </trkpt>
            <trkpt lat="-41.115698" lon="175.2311289">
                <ele>562.2</ele>
            </trkpt>
            <trkpt lat="-41.1157121" lon="175.2310672">
                <ele>561.5</ele>
            </trkpt>
            <trkpt lat="-41.1157344" lon="175.2309492">
                <ele>559.8</ele>
            </trkpt>
            <trkpt lat="-41.1158617" lon="175.230276">
                <ele>550.5</ele>
            </trkpt>
            <trkpt lat="-41.1158799" lon="175.2301687">
                <ele>549.5</ele>
            </trkpt>
            <trkpt lat="-41.1158859" lon="175.2301097">
                <ele>549</ele>
            </trkpt>
            <trkpt lat="-41.115896" lon="175.2300104">
                <ele>548.2</ele>
            </trkpt>
            <trkpt lat="-41.115898" lon="175.2299246">
                <ele>547.5</ele>
            </trkpt>
            <trkpt lat="-41.115898" lon="175.2298522">
                <ele>546.8</ele>
            </trkpt>
            <trkpt lat="-41.115892" lon="175.2297798">
                <ele>546</ele>
            </trkpt>
            <trkpt lat="-41.1158819" lon="175.2296939">
                <ele>545</ele>
            </trkpt>
            <trkpt lat="-41.1158617" lon="175.2295947">
                <ele>543.8</ele>
            </trkpt>
            <trkpt lat="-41.1158374" lon="175.2295169">
                <ele>542.8</ele>
            </trkpt>
            <trkpt lat="-41.1158011" lon="175.2294123">
                <ele>541.5</ele>
            </trkpt>
            <trkpt lat="-41.1157606" lon="175.2293211">
                <ele>540.8</ele>
            </trkpt>
            <trkpt lat="-41.1157041" lon="175.2292192">
                <ele>540</ele>
            </trkpt>
            <trkpt lat="-41.1153828" lon="175.2286693">
                <ele>537.2</ele>
            </trkpt>
            <trkpt lat="-41.1151888" lon="175.2283663">
                <ele>535.5</ele>
            </trkpt>
            <trkpt lat="-41.1150736" lon="175.2282107">
                <ele>534.5</ele>
            </trkpt>
            <trkpt lat="-41.1149624" lon="175.2281007">
                <ele>532.2</ele>
            </trkpt>
            <trkpt lat="-41.114526" lon="175.2277359">
                <ele>521.8</ele>
            </trkpt>
            <trkpt lat="-41.1144148" lon="175.2276072">
                <ele>518.5</ele>
            </trkpt>
            <trkpt lat="-41.114334" lon="175.2274784">
                <ele>516.2</ele>
            </trkpt>
            <trkpt lat="-41.1142895" lon="175.2273417">
                <ele>515.2</ele>
            </trkpt>
            <trkpt lat="-41.1142774" lon="175.2271888">
                <ele>515.4</ele>
            </trkpt>
            <trkpt lat="-41.1142835" lon="175.22706">
                <ele>515.6</ele>
            </trkpt>
            <trkpt lat="-41.1143057" lon="175.2269447">
                <ele>515.8</ele>
            </trkpt>
            <trkpt lat="-41.1143461" lon="175.2268267">
                <ele>516.8</ele>
            </trkpt>
            <trkpt lat="-41.1144088" lon="175.2267087">
                <ele>518.8</ele>
            </trkpt>
            <trkpt lat="-41.1144775" lon="175.2266175">
                <ele>521.2</ele>
            </trkpt>
            <trkpt lat="-41.1147482" lon="175.22625">
                <ele>529.5</ele>
            </trkpt>
            <trkpt lat="-41.114821" lon="175.2261132">
                <ele>530.8</ele>
            </trkpt>
            <trkpt lat="-41.1148634" lon="175.225963">
                <ele>530.2</ele>
            </trkpt>
            <trkpt lat="-41.1148816" lon="175.2258047">
                <ele>529.8</ele>
            </trkpt>
            <trkpt lat="-41.1148776" lon="175.2256545">
                <ele>528.5</ele>
            </trkpt>
            <trkpt lat="-41.1148452" lon="175.2254882">
                <ele>526.5</ele>
            </trkpt>
            <trkpt lat="-41.1147846" lon="175.2253085">
                <ele>523.8</ele>
            </trkpt>
            <trkpt lat="-41.1146715" lon="175.2250189">
                <ele>520</ele>
            </trkpt>
            <trkpt lat="-41.1146209" lon="175.2248713">
                <ele>518</ele>
            </trkpt>
            <trkpt lat="-41.1145886" lon="175.2247265">
                <ele>516.2</ele>
            </trkpt>
            <trkpt lat="-41.1145745" lon="175.2245951">
                <ele>514.8</ele>
            </trkpt>
            <trkpt lat="-41.1145724" lon="175.2244556">
                <ele>513.2</ele>
            </trkpt>
            <trkpt lat="-41.1145886" lon="175.2243081">
                <ele>511.5</ele>
            </trkpt>
            <trkpt lat="-41.1146573" lon="175.2240184">
                <ele>507.8</ele>
            </trkpt>
            <trkpt lat="-41.1147523" lon="175.2236375">
                <ele>500.5</ele>
            </trkpt>
            <trkpt lat="-41.1147967" lon="175.2233934">
                <ele>497.5</ele>
            </trkpt>
            <trkpt lat="-41.1147988" lon="175.2232459">
                <ele>496</ele>
            </trkpt>
            <trkpt lat="-41.1147846" lon="175.2230957">
                <ele>495</ele>
            </trkpt>
            <trkpt lat="-41.1147604" lon="175.2230126">
                <ele>494.5</ele>
            </trkpt>
            <trkpt lat="-41.1147179" lon="175.2228972">
                <ele>494</ele>
            </trkpt>
            <trkpt lat="-41.1146513" lon="175.2227792">
                <ele>493.2</ele>
            </trkpt>
            <trkpt lat="-41.1145583" lon="175.2226746">
                <ele>491.8</ele>
            </trkpt>
            <trkpt lat="-41.1144512" lon="175.2225941">
                <ele>489.2</ele>
            </trkpt>
            <trkpt lat="-41.1143178" lon="175.2225003">
                <ele>485.8</ele>
            </trkpt>
            <trkpt lat="-41.1141986" lon="175.2224198">
                <ele>482.5</ele>
            </trkpt>
            <trkpt lat="-41.1141016" lon="175.222342">
                <ele>480.2</ele>
            </trkpt>
            <trkpt lat="-41.1138975" lon="175.2221596">
                <ele>476.5</ele>
            </trkpt>
            <trkpt lat="-41.113752" lon="175.2220309">
                <ele>472.5</ele>
            </trkpt>
            <trkpt lat="-41.1136388" lon="175.2219129">
                <ele>469</ele>
            </trkpt>
            <trkpt lat="-41.1135459" lon="175.2218136">
                <ele>466</ele>
            </trkpt>
            <trkpt lat="-41.1134711" lon="175.2216876">
                <ele>464.5</ele>
            </trkpt>
            <trkpt lat="-41.1134388" lon="175.2215615">
                <ele>464.8</ele>
            </trkpt>
            <trkpt lat="-41.1134246" lon="175.2214274">
                <ele>465.5</ele>
            </trkpt>
            <trkpt lat="-41.1134206" lon="175.2212638">
                <ele>466.5</ele>
            </trkpt>
            <trkpt lat="-41.1134307" lon="175.2211297">
                <ele>467.5</ele>
            </trkpt>
            <trkpt lat="-41.1134529" lon="175.2209714">
                <ele>468.5</ele>
            </trkpt>
            <trkpt lat="-41.1134853" lon="175.2208292">
                <ele>469.8</ele>
            </trkpt>
            <trkpt lat="-41.1134974" lon="175.2206254">
                <ele>468.5</ele>
            </trkpt>
            <trkpt lat="-41.1135136" lon="175.2203652">
                <ele>466</ele>
            </trkpt>
            <trkpt lat="-41.1135216" lon="175.2202043">
                <ele>464</ele>
            </trkpt>
            <trkpt lat="-41.1135398" lon="175.2200863">
                <ele>463</ele>
            </trkpt>
            <trkpt lat="-41.1135903" lon="175.2199656">
                <ele>464</ele>
            </trkpt>
            <trkpt lat="-41.1136409" lon="175.2198717">
                <ele>465</ele>
            </trkpt>
            <trkpt lat="-41.1136974" lon="175.2197832">
                <ele>466.5</ele>
            </trkpt>
            <trkpt lat="-41.1138025" lon="175.2196625">
                <ele>470</ele>
            </trkpt>
            <trkpt lat="-41.1138773" lon="175.2195659">
                <ele>472.2</ele>
            </trkpt>
            <trkpt lat="-41.1139339" lon="175.2194613">
                <ele>473.2</ele>
            </trkpt>
            <trkpt lat="-41.1139945" lon="175.2192977">
                <ele>473.8</ele>
            </trkpt>
            <trkpt lat="-41.1140511" lon="175.2191207">
                <ele>474</ele>
            </trkpt>
            <trkpt lat="-41.1140895" lon="175.218941">
                <ele>473.2</ele>
            </trkpt>
            <trkpt lat="-41.1141016" lon="175.2188337">
                <ele>473</ele>
            </trkpt>
            <trkpt lat="-41.1140996" lon="175.2187586">
                <ele>472.8</ele>
            </trkpt>
            <trkpt lat="-41.1140875" lon="175.2186432">
                <ele>473</ele>
            </trkpt>
            <trkpt lat="-41.1140713" lon="175.2185145">
                <ele>472.8</ele>
            </trkpt>
            <trkpt lat="-41.1140289" lon="175.2183777">
                <ele>472</ele>
            </trkpt>
            <trkpt lat="-41.1139884" lon="175.2182785">
                <ele>471.2</ele>
            </trkpt>
            <trkpt lat="-41.1139197" lon="175.2182034">
                <ele>469.2</ele>
            </trkpt>
            <trkpt lat="-41.1138126" lon="175.2181551">
                <ele>466</ele>
            </trkpt>
            <trkpt lat="-41.1136914" lon="175.2181363">
                <ele>462.2</ele>
            </trkpt>
            <trkpt lat="-41.1134691" lon="175.2181041">
                <ele>455.8</ele>
            </trkpt>
            <trkpt lat="-41.1133418" lon="175.2180746">
                <ele>452.2</ele>
            </trkpt>
            <trkpt lat="-41.1132347" lon="175.2180237">
                <ele>450</ele>
            </trkpt>
            <trkpt lat="-41.113166" lon="175.2179566">
                <ele>449.5</ele>
            </trkpt>
            <trkpt lat="-41.1131094" lon="175.2178761">
                <ele>450</ele>
            </trkpt>
            <trkpt lat="-41.1130427" lon="175.217734">
                <ele>451.8</ele>
            </trkpt>
            <trkpt lat="-41.1129922" lon="175.2175999">
                <ele>453.8</ele>
            </trkpt>
            <trkpt lat="-41.1128891" lon="175.2173799">
                <ele>456</ele>
            </trkpt>
            <trkpt lat="-41.1127618" lon="175.2171949">
                <ele>457</ele>
            </trkpt>
            <trkpt lat="-41.1126587" lon="175.2170688">
                <ele>458.5</ele>
            </trkpt>
            <trkpt lat="-41.1125678" lon="175.2169776">
                <ele>460</ele>
            </trkpt>
            <trkpt lat="-41.1124769" lon="175.216932">
                <ele>460.5</ele>
            </trkpt>
            <trkpt lat="-41.1123981" lon="175.2169052">
                <ele>460.8</ele>
            </trkpt>
            <trkpt lat="-41.1123213" lon="175.2169159">
                <ele>460</ele>
            </trkpt>
            <trkpt lat="-41.1122263" lon="175.2169669">
                <ele>458.2</ele>
            </trkpt>
            <trkpt lat="-41.1121556" lon="175.2170232">
                <ele>456.5</ele>
            </trkpt>
            <trkpt lat="-41.112105" lon="175.2170876">
                <ele>454.5</ele>
            </trkpt>
            <trkpt lat="-41.1120565" lon="175.217168">
                <ele>452</ele>
            </trkpt>
            <trkpt lat="-41.1120323" lon="175.2172324">
                <ele>450.2</ele>
            </trkpt>
            <trkpt lat="-41.1119878" lon="175.2173343">
                <ele>447.8</ele>
            </trkpt>
            <trkpt lat="-41.1119515" lon="175.2174416">
                <ele>445.5</ele>
            </trkpt>
            <trkpt lat="-41.1118585" lon="175.217734">
                <ele>439.8</ele>
            </trkpt>
            <trkpt lat="-41.1116746" lon="175.2182946">
                <ele>425.8</ele>
            </trkpt>
            <trkpt lat="-41.1115857" lon="175.2185279">
                <ele>419.2</ele>
            </trkpt>
            <trkpt lat="-41.1115453" lon="175.2186137">
                <ele>416.5</ele>
            </trkpt>
            <trkpt lat="-41.1114907" lon="175.2186915">
                <ele>413.8</ele>
            </trkpt>
            <trkpt lat="-41.1114341" lon="175.2187371">
                <ele>412</ele>
            </trkpt>
            <trkpt lat="-41.1113654" lon="175.2187559">
                <ele>411</ele>
            </trkpt>
            <trkpt lat="-41.1112927" lon="175.2187479">
                <ele>410.8</ele>
            </trkpt>
            <trkpt lat="-41.1112361" lon="175.2187264">
                <ele>411</ele>
            </trkpt>
            <trkpt lat="-41.1111411" lon="175.2186164">
                <ele>413.8</ele>
            </trkpt>
            <trkpt lat="-41.1108885" lon="175.2182892">
                <ele>418.2</ele>
            </trkpt>
            <trkpt lat="-41.1108177" lon="175.2181926">
                <ele>418.5</ele>
            </trkpt>
            <trkpt lat="-41.1107733" lon="175.2181122">
                <ele>418.8</ele>
            </trkpt>
            <trkpt lat="-41.1107369" lon="175.2180156">
                <ele>419.8</ele>
            </trkpt>
            <trkpt lat="-41.1107046" lon="175.2178761">
                <ele>422.5</ele>
            </trkpt>
            <trkpt lat="-41.1106359" lon="175.2175918">
                <ele>427.2</ele>
            </trkpt>
            <trkpt lat="-41.1105752" lon="175.2173853">
                <ele>429.5</ele>
            </trkpt>
            <trkpt lat="-41.1105106" lon="175.2171895">
                <ele>431.5</ele>
            </trkpt>
            <trkpt lat="-41.1104479" lon="175.217042">
                <ele>432.8</ele>
            </trkpt>
            <trkpt lat="-41.1103934" lon="175.2169561">
                <ele>432.2</ele>
            </trkpt>
            <trkpt lat="-41.1103348" lon="175.2168891">
                <ele>430.5</ele>
            </trkpt>
            <trkpt lat="-41.110264" lon="175.2168328">
                <ele>427.8</ele>
            </trkpt>
            <trkpt lat="-41.110163" lon="175.2167496">
                <ele>424</ele>
            </trkpt>
            <trkpt lat="-41.1100761" lon="175.2166745">
                <ele>420.8</ele>
            </trkpt>
            <trkpt lat="-41.1100276" lon="175.2166155">
                <ele>419</ele>
            </trkpt>
            <trkpt lat="-41.1099872" lon="175.2165458">
                <ele>417.8</ele>
            </trkpt>
            <trkpt lat="-41.1098639" lon="175.2162346">
                <ele>415</ele>
            </trkpt>
            <trkpt lat="-41.1097386" lon="175.2158538">
                <ele>409.8</ele>
            </trkpt>
            <trkpt lat="-41.1097244" lon="175.2157196">
                <ele>408.5</ele>
            </trkpt>
            <trkpt lat="-41.1097224" lon="175.2156231">
                <ele>408</ele>
            </trkpt>
            <trkpt lat="-41.1097467" lon="175.2155319">
                <ele>409</ele>
            </trkpt>
            <trkpt lat="-41.1097992" lon="175.2154219">
                <ele>411.8</ele>
            </trkpt>
            <trkpt lat="-41.1099205" lon="175.2152073">
                <ele>418.8</ele>
            </trkpt>
            <trkpt lat="-41.1100054" lon="175.2150652">
                <ele>424.5</ele>
            </trkpt>
            <trkpt lat="-41.1100478" lon="175.2149686">
                <ele>427.5</ele>
            </trkpt>
            <trkpt lat="-41.1100842" lon="175.2148506">
                <ele>430.2</ele>
            </trkpt>
            <trkpt lat="-41.1100943" lon="175.2147299">
                <ele>431.5</ele>
            </trkpt>
            <trkpt lat="-41.1100963" lon="175.214628">
                <ele>432.8</ele>
            </trkpt>
            <trkpt lat="-41.1100761" lon="175.2145287">
                <ele>432.2</ele>
            </trkpt>
            <trkpt lat="-41.1100336" lon="175.2144295">
                <ele>431.5</ele>
            </trkpt>
            <trkpt lat="-41.1099831" lon="175.214341">
                <ele>429.8</ele>
            </trkpt>
            <trkpt lat="-41.1098801" lon="175.2142149">
                <ele>425.8</ele>
            </trkpt>
            <trkpt lat="-41.1096234" lon="175.2139521">
                <ele>416.2</ele>
            </trkpt>
            <trkpt lat="-41.1095163" lon="175.2138421">
                <ele>412.5</ele>
            </trkpt>
            <trkpt lat="-41.1093809" lon="175.2136651">
                <ele>409.5</ele>
            </trkpt>
            <trkpt lat="-41.1092475" lon="175.2134827">
                <ele>407.8</ele>
            </trkpt>
            <trkpt lat="-41.1091101" lon="175.2132761">
                <ele>407.5</ele>
            </trkpt>
            <trkpt lat="-41.1089828" lon="175.2130857">
                <ele>408</ele>
            </trkpt>
            <trkpt lat="-41.1088878" lon="175.2129865">
                <ele>407.2</ele>
            </trkpt>
            <trkpt lat="-41.1087928" lon="175.2129087">
                <ele>405.8</ele>
            </trkpt>
            <trkpt lat="-41.1082977" lon="175.2125305">
                <ele>398</ele>
            </trkpt>
            <trkpt lat="-41.1081703" lon="175.2124527">
                <ele>396</ele>
            </trkpt>
            <trkpt lat="-41.1080915" lon="175.2123696">
                <ele>395</ele>
            </trkpt>
            <trkpt lat="-41.1080269" lon="175.2122945">
                <ele>393.8</ele>
            </trkpt>
            <trkpt lat="-41.1079844" lon="175.2121979">
                <ele>393.2</ele>
            </trkpt>
            <trkpt lat="-41.10794" lon="175.2120262">
                <ele>392.9</ele>
            </trkpt>
            <trkpt lat="-41.1078894" lon="175.2116293">
                <ele>392.2</ele>
            </trkpt>
            <trkpt lat="-41.107849" lon="175.2113047">
                <ele>391.5</ele>
            </trkpt>
            <trkpt lat="-41.1078268" lon="175.2111036">
                <ele>392.5</ele>
            </trkpt>
            <trkpt lat="-41.1078207" lon="175.2109158">
                <ele>394.5</ele>
            </trkpt>
            <trkpt lat="-41.1078227" lon="175.2107576">
                <ele>396.5</ele>
            </trkpt>
            <trkpt lat="-41.1077763" lon="175.2106154">
                <ele>396.8</ele>
            </trkpt>
            <trkpt lat="-41.1077257" lon="175.2105108">
                <ele>397</ele>
            </trkpt>
            <trkpt lat="-41.1076449" lon="175.2104276">
                <ele>397.5</ele>
            </trkpt>
            <trkpt lat="-41.1074266" lon="175.210382">
                <ele>396.2</ele>
            </trkpt>
            <trkpt lat="-41.107271" lon="175.210382">
                <ele>395.8</ele>
            </trkpt>
            <trkpt lat="-41.1071518" lon="175.2104303">
                <ele>393.8</ele>
            </trkpt>
            <trkpt lat="-41.107077" lon="175.2105081">
                <ele>390.5</ele>
            </trkpt>
            <trkpt lat="-41.1070022" lon="175.2106047">
                <ele>386.8</ele>
            </trkpt>
            <trkpt lat="-41.1067718" lon="175.2108997">
                <ele>376.2</ele>
            </trkpt>
            <trkpt lat="-41.1066607" lon="175.2110311">
                <ele>371</ele>
            </trkpt>
            <trkpt lat="-41.1065475" lon="175.2111277">
                <ele>367</ele>
            </trkpt>
            <trkpt lat="-41.1064181" lon="175.2112108">
                <ele>363.5</ele>
            </trkpt>
            <trkpt lat="-41.1062383" lon="175.211294">
                <ele>359.5</ele>
            </trkpt>
            <trkpt lat="-41.106119" lon="175.2113315">
                <ele>357.5</ele>
            </trkpt>
            <trkpt lat="-41.1059654" lon="175.2113503">
                <ele>356.2</ele>
            </trkpt>
            <trkpt lat="-41.1057977" lon="175.2113611">
                <ele>355.8</ele>
            </trkpt>
            <trkpt lat="-41.1055875" lon="175.2113396">
                <ele>357.5</ele>
            </trkpt>
            <trkpt lat="-41.1054804" lon="175.2113155">
                <ele>359</ele>
            </trkpt>
            <trkpt lat="-41.1053793" lon="175.2112672">
                <ele>361.2</ele>
            </trkpt>
            <trkpt lat="-41.1053086" lon="175.2112404">
                <ele>362.5</ele>
            </trkpt>
            <trkpt lat="-41.1052439" lon="175.2112404">
                <ele>362.2</ele>
            </trkpt>
            <trkpt lat="-41.1051691" lon="175.2112618">
                <ele>361</ele>
            </trkpt>
            <trkpt lat="-41.1050782" lon="175.2113235">
                <ele>357.8</ele>
            </trkpt>
            <trkpt lat="-41.1049468" lon="175.2114415">
                <ele>352</ele>
            </trkpt>
            <trkpt lat="-41.1048498" lon="175.2115166">
                <ele>348.5</ele>
            </trkpt>
            <trkpt lat="-41.1047306" lon="175.2115944">
                <ele>345</ele>
            </trkpt>
            <trkpt lat="-41.1046315" lon="175.2116373">
                <ele>343</ele>
            </trkpt>
            <trkpt lat="-41.1045062" lon="175.2116829">
                <ele>340.2</ele>
            </trkpt>
            <trkpt lat="-41.1044153" lon="175.2117097">
                <ele>338.2</ele>
            </trkpt>
            <trkpt lat="-41.1043223" lon="175.2117231">
                <ele>338</ele>
            </trkpt>
            <trkpt lat="-41.104195" lon="175.2117097">
                <ele>337.2</ele>
            </trkpt>
            <trkpt lat="-41.1040697" lon="175.2116641">
                <ele>337.8</ele>
            </trkpt>
            <trkpt lat="-41.1039504" lon="175.2116051">
                <ele>338.5</ele>
            </trkpt>
            <trkpt lat="-41.1037503" lon="175.2114764">
                <ele>339.2</ele>
            </trkpt>
            <trkpt lat="-41.1036089" lon="175.2113745">
                <ele>339</ele>
            </trkpt>
            <trkpt lat="-41.1034411" lon="175.211235">
                <ele>339.2</ele>
            </trkpt>
            <trkpt lat="-41.1033603" lon="175.2111411">
                <ele>339.2</ele>
            </trkpt>
            <trkpt lat="-41.1032956" lon="175.2110472">
                <ele>339.5</ele>
            </trkpt>
            <trkpt lat="-41.103243" lon="175.2109319">
                <ele>340.5</ele>
            </trkpt>
            <trkpt lat="-41.1031602" lon="175.2106932">
                <ele>342.2</ele>
            </trkpt>
            <trkpt lat="-41.1031097" lon="175.2105322">
                <ele>343</ele>
            </trkpt>
            <trkpt lat="-41.1030369" lon="175.210366">
                <ele>342.8</ele>
            </trkpt>
            <trkpt lat="-41.1029338" lon="175.2101621">
                <ele>341</ele>
            </trkpt>
            <trkpt lat="-41.1028388" lon="175.2099958">
                <ele>338.5</ele>
            </trkpt>
            <trkpt lat="-41.1027762" lon="175.209859">
                <ele>337</ele>
            </trkpt>
            <trkpt lat="-41.1027459" lon="175.2097785">
                <ele>336</ele>
            </trkpt>
            <trkpt lat="-41.1027196" lon="175.2096927">
                <ele>335.2</ele>
            </trkpt>
            <trkpt lat="-41.1026852" lon="175.2095693">
                <ele>335</ele>
            </trkpt>
            <trkpt lat="-41.1026509" lon="175.2093601">
                <ele>335.5</ele>
            </trkpt>
            <trkpt lat="-41.1025983" lon="175.2090141">
                <ele>337</ele>
            </trkpt>
            <trkpt lat="-41.102566" lon="175.2086949">
                <ele>340.5</ele>
            </trkpt>
            <trkpt lat="-41.1025377" lon="175.2085769">
                <ele>341.8</ele>
            </trkpt>
            <trkpt lat="-41.1025013" lon="175.2084938">
                <ele>342.8</ele>
            </trkpt>
            <trkpt lat="-41.1024427" lon="175.2084267">
                <ele>343.2</ele>
            </trkpt>
            <trkpt lat="-41.1023679" lon="175.2083999">
                <ele>343</ele>
            </trkpt>
            <trkpt lat="-41.1023275" lon="175.2084026">
                <ele>342.5</ele>
            </trkpt>
            <trkpt lat="-41.1022487" lon="175.2084267">
                <ele>341</ele>
            </trkpt>
            <trkpt lat="-41.1021698" lon="175.208475">
                <ele>339</ele>
            </trkpt>
            <trkpt lat="-41.1021213" lon="175.2085394">
                <ele>337</ele>
            </trkpt>
            <trkpt lat="-41.1020506" lon="175.2086547">
                <ele>332.8</ele>
            </trkpt>
            <trkpt lat="-41.1017777" lon="175.2091295">
                <ele>316</ele>
            </trkpt>
            <trkpt lat="-41.101705" lon="175.2092421">
                <ele>312.5</ele>
            </trkpt>
            <trkpt lat="-41.1016443" lon="175.2092904">
                <ele>310.5</ele>
            </trkpt>
            <trkpt lat="-41.1015898" lon="175.2093306">
                <ele>308.5</ele>
            </trkpt>
            <trkpt lat="-41.101517" lon="175.2093387">
                <ele>307</ele>
            </trkpt>
            <trkpt lat="-41.1014422" lon="175.2093172">
                <ele>306.5</ele>
            </trkpt>
            <trkpt lat="-41.1013775" lon="175.2092716">
                <ele>306.8</ele>
            </trkpt>
            <trkpt lat="-41.1012603" lon="175.2091563">
                <ele>308</ele>
            </trkpt>
            <trkpt lat="-41.1009632" lon="175.2088398">
                <ele>309.5</ele>
            </trkpt>
            <trkpt lat="-41.1008338" lon="175.2087352">
                <ele>309.2</ele>
            </trkpt>
            <trkpt lat="-41.1005549" lon="175.2085018">
                <ele>307</ele>
            </trkpt>
            <trkpt lat="-41.1004235" lon="175.2083838">
                <ele>305.2</ele>
            </trkpt>
            <trkpt lat="-41.1003386" lon="175.2082765">
                <ele>304.5</ele>
            </trkpt>
            <trkpt lat="-41.1002719" lon="175.2081639">
                <ele>305</ele>
            </trkpt>
            <trkpt lat="-41.1002093" lon="175.2080137">
                <ele>305.5</ele>
            </trkpt>
            <trkpt lat="-41.1001567" lon="175.2078635">
                <ele>307</ele>
            </trkpt>
            <trkpt lat="-41.1001102" lon="175.207724">
                <ele>308.5</ele>
            </trkpt>
            <trkpt lat="-41.1000435" lon="175.2075845">
                <ele>307.5</ele>
            </trkpt>
            <trkpt lat="-41.0997121" lon="175.207032">
                <ele>303</ele>
            </trkpt>
            <trkpt lat="-41.0996454" lon="175.2069274">
                <ele>302.5</ele>
            </trkpt>
            <trkpt lat="-41.0995665" lon="175.2068308">
                <ele>300.8</ele>
            </trkpt>
            <trkpt lat="-41.0994978" lon="175.2067611">
                <ele>299</ele>
            </trkpt>
            <trkpt lat="-41.0994352" lon="175.2067181">
                <ele>297</ele>
            </trkpt>
            <trkpt lat="-41.0993624" lon="175.2066886">
                <ele>294.5</ele>
            </trkpt>
            <trkpt lat="-41.0992573" lon="175.2066672">
                <ele>291.2</ele>
            </trkpt>
            <trkpt lat="-41.0991461" lon="175.2066511">
                <ele>288</ele>
            </trkpt>
            <trkpt lat="-41.0989965" lon="175.2066323">
                <ele>284.2</ele>
            </trkpt>
            <trkpt lat="-41.0989096" lon="175.2066109">
                <ele>282.5</ele>
            </trkpt>
            <trkpt lat="-41.0988328" lon="175.2065814">
                <ele>281.2</ele>
            </trkpt>
            <trkpt lat="-41.0987621" lon="175.2065358">
                <ele>280.2</ele>
            </trkpt>
            <trkpt lat="-41.0987095" lon="175.2064902">
                <ele>279.5</ele>
            </trkpt>
            <trkpt lat="-41.0986267" lon="175.206399">
                <ele>278.8</ele>
            </trkpt>
            <trkpt lat="-41.0985438" lon="175.2062729">
                <ele>278.2</ele>
            </trkpt>
            <trkpt lat="-41.098378" lon="175.2060369">
                <ele>278</ele>
            </trkpt>
            <trkpt lat="-41.0982588" lon="175.2058893">
                <ele>277.8</ele>
            </trkpt>
            <trkpt lat="-41.0981699" lon="175.2058035">
                <ele>277</ele>
            </trkpt>
            <trkpt lat="-41.0981092" lon="175.2057606">
                <ele>276.2</ele>
            </trkpt>
            <trkpt lat="-41.0980324" lon="175.2057043">
                <ele>275.8</ele>
            </trkpt>
            <trkpt lat="-41.0979273" lon="175.2056479">
                <ele>275</ele>
            </trkpt>
            <trkpt lat="-41.0977636" lon="175.2055863">
                <ele>273.8</ele>
            </trkpt>
            <trkpt lat="-41.0976423" lon="175.2055487">
                <ele>273.2</ele>
            </trkpt>
            <trkpt lat="-41.0975291" lon="175.2055246">
                <ele>273.2</ele>
            </trkpt>
            <trkpt lat="-41.0974119" lon="175.2055138">
                <ele>273.1</ele>
            </trkpt>
            <trkpt lat="-41.0973027" lon="175.2055085">
                <ele>273.1</ele>
            </trkpt>
            <trkpt lat="-41.0971976" lon="175.2055192">
                <ele>273</ele>
            </trkpt>
            <trkpt lat="-41.0970945" lon="175.2055353">
                <ele>272.8</ele>
            </trkpt>
            <trkpt lat="-41.0970056" lon="175.2055621">
                <ele>272.5</ele>
            </trkpt>
            <trkpt lat="-41.0969025" lon="175.205605">
                <ele>272</ele>
            </trkpt>
            <trkpt lat="-41.0967934" lon="175.2056694">
                <ele>271.5</ele>
            </trkpt>
            <trkpt lat="-41.0966963" lon="175.2057418">
                <ele>271</ele>
            </trkpt>
            <trkpt lat="-41.0965973" lon="175.2058303">
                <ele>270.2</ele>
            </trkpt>
            <trkpt lat="-41.0961324" lon="175.2062863">
                <ele>267</ele>
            </trkpt>
            <trkpt lat="-41.0959242" lon="175.2064741">
                <ele>264.2</ele>
            </trkpt>
            <trkpt lat="-41.0958251" lon="175.2065518">
                <ele>263.2</ele>
            </trkpt>
            <trkpt lat="-41.0957463" lon="175.2066055">
                <ele>262.5</ele>
            </trkpt>
            <trkpt lat="-41.0956432" lon="175.2066323">
                <ele>262</ele>
            </trkpt>
            <trkpt lat="-41.0955401" lon="175.206635">
                <ele>262.2</ele>
            </trkpt>
            <trkpt lat="-41.0954249" lon="175.2066001">
                <ele>262.5</ele>
            </trkpt>
            <trkpt lat="-41.0949539" lon="175.206399">
                <ele>266.8</ele>
            </trkpt>
            <trkpt lat="-41.0948044" lon="175.2063426">
                <ele>267.8</ele>
            </trkpt>
            <trkpt lat="-41.0946629" lon="175.2063024">
                <ele>268</ele>
            </trkpt>
            <trkpt lat="-41.0945335" lon="175.2062756">
                <ele>267.8</ele>
            </trkpt>
            <trkpt lat="-41.0944061" lon="175.2062675">
                <ele>267</ele>
            </trkpt>
            <trkpt lat="-41.0942889" lon="175.2062729">
                <ele>266</ele>
            </trkpt>
            <trkpt lat="-41.0941575" lon="175.2063105">
                <ele>264.2</ele>
            </trkpt>
            <trkpt lat="-41.094018" lon="175.2063721">
                <ele>262.2</ele>
            </trkpt>
            <trkpt lat="-41.0936138" lon="175.2065787">
                <ele>258.8</ele>
            </trkpt>
            <trkpt lat="-41.0931973" lon="175.2067825">
                <ele>258.6</ele>
            </trkpt>
            <trkpt lat="-41.0927951" lon="175.2070078">
                <ele>258.5</ele>
            </trkpt>
            <trkpt lat="-41.0923969" lon="175.2072573">
                <ele>258</ele>
            </trkpt>
            <trkpt lat="-41.0919926" lon="175.2075335">
                <ele>254.5</ele>
            </trkpt>
            <trkpt lat="-41.0918915" lon="175.2075925">
                <ele>253.5</ele>
            </trkpt>
            <trkpt lat="-41.0917722" lon="175.2076435">
                <ele>252.8</ele>
            </trkpt>
            <trkpt lat="-41.0916388" lon="175.2076757">
                <ele>252.2</ele>
            </trkpt>
            <trkpt lat="-41.0915094" lon="175.2076972">
                <ele>251.8</ele>
            </trkpt>
            <trkpt lat="-41.0913336" lon="175.2076998">
                <ele>251.5</ele>
            </trkpt>
            <trkpt lat="-41.0911577" lon="175.2076864">
                <ele>251.8</ele>
            </trkpt>
            <trkpt lat="-41.0909879" lon="175.2076569">
                <ele>252.2</ele>
            </trkpt>
            <trkpt lat="-41.0900256" lon="175.2074638">
                <ele>249.2</ele>
            </trkpt>
            <trkpt lat="-41.0898943" lon="175.2074423">
                <ele>248.8</ele>
            </trkpt>
            <trkpt lat="-41.0897548" lon="175.2074397">
                <ele>248.2</ele>
            </trkpt>
            <trkpt lat="-41.0895769" lon="175.207437">
                <ele>247.5</ele>
            </trkpt>
            <trkpt lat="-41.0892554" lon="175.2074584">
                <ele>245.2</ele>
            </trkpt>
            <trkpt lat="-41.0888956" lon="175.2074584">
                <ele>244.8</ele>
            </trkpt>
            <trkpt lat="-41.0883174" lon="175.207445">
                <ele>243.8</ele>
            </trkpt>
            <trkpt lat="-41.0881517" lon="175.207437">
                <ele>243.2</ele>
            </trkpt>
            <trkpt lat="-41.0879536" lon="175.2074021">
                <ele>242</ele>
            </trkpt>
            <trkpt lat="-41.0877878" lon="175.2073672">
                <ele>240.8</ele>
            </trkpt>
            <trkpt lat="-41.0866254" lon="175.2070507">
                <ele>239</ele>
            </trkpt>
            <trkpt lat="-41.0847755" lon="175.2065143">
                <ele>233.2</ele>
            </trkpt>
            <trkpt lat="-41.0841266" lon="175.2063319">
                <ele>232.8</ele>
            </trkpt>
            <trkpt lat="-41.0835201" lon="175.2061602">
                <ele>230.8</ele>
            </trkpt>
            <trkpt lat="-41.0833361" lon="175.2061066">
                <ele>229.8</ele>
            </trkpt>
            <trkpt lat="-41.0825921" lon="175.2059269">
                <ele>228.5</ele>
            </trkpt>
            <trkpt lat="-41.0817793" lon="175.2056935">
                <ele>225</ele>
            </trkpt>
            <trkpt lat="-41.0816115" lon="175.2056265">
                <ele>224</ele>
            </trkpt>
            <trkpt lat="-41.0814417" lon="175.2055594">
                <ele>223</ele>
            </trkpt>
            <trkpt lat="-41.0812517" lon="175.2054709">
                <ele>222.2</ele>
            </trkpt>
            <trkpt lat="-41.0810657" lon="175.2053609">
                <ele>221.8</ele>
            </trkpt>
            <trkpt lat="-41.0808695" lon="175.2052242">
                <ele>220.8</ele>
            </trkpt>
            <trkpt lat="-41.0806795" lon="175.2050847">
                <ele>219.8</ele>
            </trkpt>
            <trkpt lat="-41.0804834" lon="175.2049184">
                <ele>218.8</ele>
            </trkpt>
            <trkpt lat="-41.0803135" lon="175.2047548">
                <ele>218</ele>
            </trkpt>
            <trkpt lat="-41.0801619" lon="175.2045885">
                <ele>217.8</ele>
            </trkpt>
            <trkpt lat="-41.0800002" lon="175.2043846">
                <ele>218</ele>
            </trkpt>
            <trkpt lat="-41.0798384" lon="175.2041566">
                <ele>218.5</ele>
            </trkpt>
            <trkpt lat="-41.0797151" lon="175.2039635">
                <ele>218.2</ele>
            </trkpt>
            <trkpt lat="-41.0795998" lon="175.2037677">
                <ele>218</ele>
            </trkpt>
            <trkpt lat="-41.0795008" lon="175.2035773">
                <ele>217.2</ele>
            </trkpt>
            <trkpt lat="-41.0794037" lon="175.2033868">
                <ele>215.5</ele>
            </trkpt>
            <trkpt lat="-41.0793026" lon="175.2031562">
                <ele>213.8</ele>
            </trkpt>
            <trkpt lat="-41.0792298" lon="175.2029711">
                <ele>212.5</ele>
            </trkpt>
            <trkpt lat="-41.0791712" lon="175.2028021">
                <ele>211</ele>
            </trkpt>
            <trkpt lat="-41.0791146" lon="175.2026358">
                <ele>211</ele>
            </trkpt>
            <trkpt lat="-41.0790843" lon="175.2025339">
                <ele>211</ele>
            </trkpt>
            <trkpt lat="-41.0790519" lon="175.2024078">
                <ele>211</ele>
            </trkpt>
            <trkpt lat="-41.0790196" lon="175.2022764">
                <ele>211</ele>
            </trkpt>
            <trkpt lat="-41.0789913" lon="175.2021557">
                <ele>211</ele>
            </trkpt>
            <trkpt lat="-41.078965" lon="175.202027">
                <ele>211</ele>
            </trkpt>
            <trkpt lat="-41.0789407" lon="175.2018982">
                <ele>204</ele>
            </trkpt>
            <trkpt lat="-41.0789205" lon="175.2017775">
                <ele>203.2</ele>
            </trkpt>
            <trkpt lat="-41.0788841" lon="175.2015629">
                <ele>203</ele>
            </trkpt>
            <trkpt lat="-41.0788497" lon="175.2012786">
                <ele>203.5</ele>
            </trkpt>
            <trkpt lat="-41.0787203" lon="175.2001119">
                <ele>203.8</ele>
            </trkpt>
            <trkpt lat="-41.0783948" lon="175.1971239">
                <ele>208.5</ele>
            </trkpt>
            <trkpt lat="-41.0783625" lon="175.1967779">
                <ele>209.5</ele>
            </trkpt>
            <trkpt lat="-41.0783422" lon="175.1964828">
                <ele>209.9</ele>
            </trkpt>
            <trkpt lat="-41.0783301" lon="175.1961905">
                <ele>210.2</ele>
            </trkpt>
            <trkpt lat="-41.0783281" lon="175.1953161">
                <ele>213</ele>
            </trkpt>
            <trkpt lat="-41.078417" lon="175.190303">
                <ele>221.5</ele>
            </trkpt>
            <trkpt lat="-41.0784534" lon="175.1872131">
                <ele>223.8</ele>
            </trkpt>
            <trkpt lat="-41.0784878" lon="175.1840991">
                <ele>219.5</ele>
            </trkpt>
            <trkpt lat="-41.0784939" lon="175.1838604">
                <ele>218.8</ele>
            </trkpt>
            <trkpt lat="-41.0784999" lon="175.1836351">
                <ele>217.2</ele>
            </trkpt>
            <trkpt lat="-41.0785141" lon="175.183399">
                <ele>216</ele>
            </trkpt>
            <trkpt lat="-41.0785384" lon="175.1831523">
                <ele>215.7</ele>
            </trkpt>
            <trkpt lat="-41.0785626" lon="175.1829243">
                <ele>215.5</ele>
            </trkpt>
            <trkpt lat="-41.078599" lon="175.1826963">
                <ele>216</ele>
            </trkpt>
            <trkpt lat="-41.0786415" lon="175.1824656">
                <ele>217.2</ele>
            </trkpt>
            <trkpt lat="-41.07869" lon="175.1822484">
                <ele>218.5</ele>
            </trkpt>
            <trkpt lat="-41.0787466" lon="175.1820177">
                <ele>220</ele>
            </trkpt>
            <trkpt lat="-41.0788093" lon="175.1817951">
                <ele>222</ele>
            </trkpt>
            <trkpt lat="-41.0799375" lon="175.1776671">
                <ele>229</ele>
            </trkpt>
            <trkpt lat="-41.0800022" lon="175.1774365">
                <ele>229.4</ele>
            </trkpt>
            <trkpt lat="-41.0800689" lon="175.1772138">
                <ele>229.8</ele>
            </trkpt>
            <trkpt lat="-41.0801498" lon="175.1769966">
                <ele>230.5</ele>
            </trkpt>
            <trkpt lat="-41.0802408" lon="175.1767847">
                <ele>231.2</ele>
            </trkpt>
            <trkpt lat="-41.0803479" lon="175.1765862">
                <ele>232</ele>
            </trkpt>
            <trkpt lat="-41.0804632" lon="175.176385">
                <ele>233.5</ele>
            </trkpt>
            <trkpt lat="-41.0805804" lon="175.1762134">
                <ele>234.5</ele>
            </trkpt>
            <trkpt lat="-41.080724" lon="175.1760283">
                <ele>236</ele>
            </trkpt>
            <trkpt lat="-41.0808574" lon="175.1758808">
                <ele>237.5</ele>
            </trkpt>
            <trkpt lat="-41.0810111" lon="175.1757225">
                <ele>239</ele>
            </trkpt>
            <trkpt lat="-41.0819148" lon="175.1749071">
                <ele>246</ele>
            </trkpt>
            <trkpt lat="-41.0820543" lon="175.1747784">
                <ele>247</ele>
            </trkpt>
            <trkpt lat="-41.0823555" lon="175.1745048">
                <ele>248.8</ele>
            </trkpt>
            <trkpt lat="-41.0825011" lon="175.1743627">
                <ele>249.2</ele>
            </trkpt>
            <trkpt lat="-41.0826346" lon="175.1742098">
                <ele>249.8</ele>
            </trkpt>
            <trkpt lat="-41.0827619" lon="175.1740408">
                <ele>251.2</ele>
            </trkpt>
            <trkpt lat="-41.0828792" lon="175.173853">
                <ele>252.8</ele>
            </trkpt>
            <trkpt lat="-41.0829702" lon="175.1736653">
                <ele>253.8</ele>
            </trkpt>
            <trkpt lat="-41.083047" lon="175.1734668">
                <ele>255</ele>
            </trkpt>
            <trkpt lat="-41.0831157" lon="175.1732522">
                <ele>256</ele>
            </trkpt>
            <trkpt lat="-41.0831703" lon="175.1730216">
                <ele>256.1</ele>
            </trkpt>
            <trkpt lat="-41.0832027" lon="175.1727936">
                <ele>256.3</ele>
            </trkpt>
            <trkpt lat="-41.0832188" lon="175.1725629">
                <ele>256.4</ele>
            </trkpt>
            <trkpt lat="-41.0832188" lon="175.1723215">
                <ele>256.5</ele>
            </trkpt>
            <trkpt lat="-41.0832047" lon="175.1720667">
                <ele>256.6</ele>
            </trkpt>
            <trkpt lat="-41.0831622" lon="175.1717126">
                <ele>256.8</ele>
            </trkpt>
            <trkpt lat="-41.0830369" lon="175.1707202">
                <ele>255.8</ele>
            </trkpt>
            <trkpt lat="-41.0829924" lon="175.170401">
                <ele>255.5</ele>
            </trkpt>
            <trkpt lat="-41.0829601" lon="175.1701006">
                <ele>254.5</ele>
            </trkpt>
            <trkpt lat="-41.0829338" lon="175.1696983">
                <ele>252.2</ele>
            </trkpt>
            <trkpt lat="-41.0829338" lon="175.1693898">
                <ele>251</ele>
            </trkpt>
            <trkpt lat="-41.0829398" lon="175.1691484">
                <ele>248.5</ele>
            </trkpt>
            <trkpt lat="-41.0829601" lon="175.1689178">
                <ele>247</ele>
            </trkpt>
            <trkpt lat="-41.0829782" lon="175.1687273">
                <ele>246</ele>
            </trkpt>
            <trkpt lat="-41.0830045" lon="175.1685396">
                <ele>244.8</ele>
            </trkpt>
            <trkpt lat="-41.0830429" lon="175.1683491">
                <ele>243</ele>
            </trkpt>
            <trkpt lat="-41.0831804" lon="175.1678449">
                <ele>240</ele>
            </trkpt>
            <trkpt lat="-41.0832815" lon="175.1674265">
                <ele>239.7</ele>
            </trkpt>
            <trkpt lat="-41.0834655" lon="175.1666728">
                <ele>239.2</ele>
            </trkpt>
            <trkpt lat="-41.083795" lon="175.1653397">
                <ele>250.2</ele>
            </trkpt>
            <trkpt lat="-41.0838456" lon="175.1651198">
                <ele>252</ele>
            </trkpt>
            <trkpt lat="-41.0839588" lon="175.1646477">
                <ele>255.8</ele>
            </trkpt>
            <trkpt lat="-41.083981" lon="175.1645645">
                <ele>256.8</ele>
            </trkpt>
            <trkpt lat="-41.0840356" lon="175.1643687">
                <ele>259</ele>
            </trkpt>
            <trkpt lat="-41.0840942" lon="175.164181">
                <ele>261</ele>
            </trkpt>
            <trkpt lat="-41.0841751" lon="175.1639611">
                <ele>263.2</ele>
            </trkpt>
            <trkpt lat="-41.0842499" lon="175.1637679">
                <ele>264.8</ele>
            </trkpt>
            <trkpt lat="-41.084347" lon="175.1635319">
                <ele>266.5</ele>
            </trkpt>
            <trkpt lat="-41.0845653" lon="175.1631054">
                <ele>268</ele>
            </trkpt>
            <trkpt lat="-41.0851293" lon="175.1620379">
                <ele>270.5</ele>
            </trkpt>
            <trkpt lat="-41.0858187" lon="175.1607317">
                <ele>280</ele>
            </trkpt>
            <trkpt lat="-41.0860654" lon="175.1602703">
                <ele>281</ele>
            </trkpt>
            <trkpt lat="-41.0865526" lon="175.1593396">
                <ele>280</ele>
            </trkpt>
            <trkpt lat="-41.0866294" lon="175.1592055">
                <ele>280.2</ele>
            </trkpt>
            <trkpt lat="-41.0867649" lon="175.1589695">
                <ele>279.5</ele>
            </trkpt>
            <trkpt lat="-41.0868619" lon="175.1588193">
                <ele>278.5</ele>
            </trkpt>
            <trkpt lat="-41.0870822" lon="175.158492">
                <ele>276.8</ele>
            </trkpt>
            <trkpt lat="-41.0872056" lon="175.1583204">
                <ele>276</ele>
            </trkpt>
            <trkpt lat="-41.0873855" lon="175.1580924">
                <ele>275</ele>
            </trkpt>
            <trkpt lat="-41.0879151" lon="175.1575157">
                <ele>271</ele>
            </trkpt>
            <trkpt lat="-41.0883983" lon="175.1569846">
                <ele>266.2</ele>
            </trkpt>
            <trkpt lat="-41.0885823" lon="175.1567808">
                <ele>266</ele>
            </trkpt>
            <trkpt lat="-41.0889077" lon="175.156424">
                <ele>265.6</ele>
            </trkpt>
            <trkpt lat="-41.0889765" lon="175.1563489">
                <ele>265.5</ele>
            </trkpt>
            <trkpt lat="-41.0890978" lon="175.1562148">
                <ele>265.2</ele>
            </trkpt>
            <trkpt lat="-41.0891806" lon="175.1561102">
                <ele>264.8</ele>
            </trkpt>
            <trkpt lat="-41.0893565" lon="175.1558822">
                <ele>262.8</ele>
            </trkpt>
            <trkpt lat="-41.0894576" lon="175.1556891">
                <ele>260.8</ele>
            </trkpt>
            <trkpt lat="-41.0895506" lon="175.1554585">
                <ele>257.8</ele>
            </trkpt>
            <trkpt lat="-41.0895991" lon="175.1552975">
                <ele>255.2</ele>
            </trkpt>
            <trkpt lat="-41.0896517" lon="175.155099">
                <ele>252</ele>
            </trkpt>
            <trkpt lat="-41.089684" lon="175.1549327">
                <ele>249.2</ele>
            </trkpt>
            <trkpt lat="-41.0897002" lon="175.1547611">
                <ele>246.8</ele>
            </trkpt>
            <trkpt lat="-41.0897164" lon="175.1546162">
                <ele>244.5</ele>
            </trkpt>
            <trkpt lat="-41.0897204" lon="175.1544821">
                <ele>242.2</ele>
            </trkpt>
            <trkpt lat="-41.0897204" lon="175.1543695">
                <ele>240.5</ele>
            </trkpt>
            <trkpt lat="-41.0897123" lon="175.1542354">
                <ele>239</ele>
            </trkpt>
            <trkpt lat="-41.0896941" lon="175.1540047">
                <ele>237</ele>
            </trkpt>
            <trkpt lat="-41.0896496" lon="175.1537418">
                <ele>234.8</ele>
            </trkpt>
            <trkpt lat="-41.089593" lon="175.1535407">
                <ele>232.8</ele>
            </trkpt>
            <trkpt lat="-41.0895203" lon="175.1533315">
                <ele>232</ele>
            </trkpt>
            <trkpt lat="-41.0894394" lon="175.153141">
                <ele>231.2</ele>
            </trkpt>
            <trkpt lat="-41.0893242" lon="175.1529291">
                <ele>230</ele>
            </trkpt>
            <trkpt lat="-41.0892211" lon="175.1527762">
                <ele>228.5</ele>
            </trkpt>
            <trkpt lat="-41.0890998" lon="175.1526207">
                <ele>227.2</ele>
            </trkpt>
            <trkpt lat="-41.0889805" lon="175.1524812">
                <ele>225.8</ele>
            </trkpt>
            <trkpt lat="-41.0888451" lon="175.1523337">
                <ele>223.8</ele>
            </trkpt>
            <trkpt lat="-41.0886368" lon="175.1521271">
                <ele>220.2</ele>
            </trkpt>
            <trkpt lat="-41.0884084" lon="175.1518992">
                <ele>216.2</ele>
            </trkpt>
            <trkpt lat="-41.0882204" lon="175.151706">
                <ele>212.8</ele>
            </trkpt>
            <trkpt lat="-41.0880526" lon="175.1515183">
                <ele>210</ele>
            </trkpt>
            <trkpt lat="-41.0879212" lon="175.1513439">
                <ele>207.8</ele>
            </trkpt>
            <trkpt lat="-41.0878343" lon="175.1512206">
                <ele>206.2</ele>
            </trkpt>
            <trkpt lat="-41.0877554" lon="175.1510918">
                <ele>205</ele>
            </trkpt>
            <trkpt lat="-41.0877009" lon="175.1509765">
                <ele>203.8</ele>
            </trkpt>
            <trkpt lat="-41.0876443" lon="175.1508531">
                <ele>202.8</ele>
            </trkpt>
            <trkpt lat="-41.0875775" lon="175.1506734">
                <ele>201.8</ele>
            </trkpt>
            <trkpt lat="-41.0875412" lon="175.1505634">
                <ele>201.2</ele>
            </trkpt>
            <trkpt lat="-41.0875129" lon="175.1504669">
                <ele>200.8</ele>
            </trkpt>
            <trkpt lat="-41.0874785" lon="175.1503327">
                <ele>199.8</ele>
            </trkpt>
            <trkpt lat="-41.0874441" lon="175.1501584">
                <ele>198.8</ele>
            </trkpt>
            <trkpt lat="-41.0874178" lon="175.1499921">
                <ele>198</ele>
            </trkpt>
            <trkpt lat="-41.0874037" lon="175.1498553">
                <ele>197</ele>
            </trkpt>
            <trkpt lat="-41.0873956" lon="175.1497212">
                <ele>196.2</ele>
            </trkpt>
            <trkpt lat="-41.0873895" lon="175.1495683">
                <ele>194.5</ele>
            </trkpt>
            <trkpt lat="-41.0873976" lon="175.1493376">
                <ele>192</ele>
            </trkpt>
            <trkpt lat="-41.0874118" lon="175.1491016">
                <ele>189</ele>
            </trkpt>
            <trkpt lat="-41.0874421" lon="175.1488924">
                <ele>187</ele>
            </trkpt>
            <trkpt lat="-41.0874704" lon="175.1487368">
                <ele>185.5</ele>
            </trkpt>
            <trkpt lat="-41.0875048" lon="175.1485947">
                <ele>184</ele>
            </trkpt>
            <trkpt lat="-41.0875513" lon="175.1484391">
                <ele>183.2</ele>
            </trkpt>
            <trkpt lat="-41.0876321" lon="175.1481736">
                <ele>182</ele>
            </trkpt>
            <trkpt lat="-41.0879536" lon="175.1472536">
                <ele>179.5</ele>
            </trkpt>
            <trkpt lat="-41.0881416" lon="175.1466957">
                <ele>173</ele>
            </trkpt>
            <trkpt lat="-41.0882063" lon="175.146516">
                <ele>170.5</ele>
            </trkpt>
            <trkpt lat="-41.0882709" lon="175.1463255">
                <ele>167.8</ele>
            </trkpt>
            <trkpt lat="-41.0883235" lon="175.1461807">
                <ele>165.8</ele>
            </trkpt>
            <trkpt lat="-41.0883882" lon="175.146001">
                <ele>163.5</ele>
            </trkpt>
            <trkpt lat="-41.0884387" lon="175.1458374">
                <ele>162</ele>
            </trkpt>
            <trkpt lat="-41.0884913" lon="175.1456577">
                <ele>161</ele>
            </trkpt>
            <trkpt lat="-41.0885297" lon="175.1455101">
                <ele>160.8</ele>
            </trkpt>
            <trkpt lat="-41.0885479" lon="175.1454377">
                <ele>160.6</ele>
            </trkpt>
            <trkpt lat="-41.0885681" lon="175.1453573">
                <ele>160.5</ele>
            </trkpt>
            <trkpt lat="-41.0886025" lon="175.1451695">
                <ele>160.8</ele>
            </trkpt>
            <trkpt lat="-41.088653" lon="175.1448423">
                <ele>161.2</ele>
            </trkpt>
            <trkpt lat="-41.0886732" lon="175.1444641">
                <ele>159.2</ele>
            </trkpt>
            <trkpt lat="-41.0887116" lon="175.1439223">
                <ele>157.5</ele>
            </trkpt>
            <trkpt lat="-41.0887298" lon="175.1433831">
                <ele>155</ele>
            </trkpt>
            <trkpt lat="-41.0887501" lon="175.1429781">
                <ele>153.2</ele>
            </trkpt>
            <trkpt lat="-41.0887945" lon="175.1425141">
                <ele>151.5</ele>
            </trkpt>
            <trkpt lat="-41.0888471" lon="175.1421547">
                <ele>151.2</ele>
            </trkpt>
            <trkpt lat="-41.0889401" lon="175.1417282">
                <ele>149.8</ele>
            </trkpt>
            <trkpt lat="-41.0890695" lon="175.1413152">
                <ele>146.8</ele>
            </trkpt>
            <trkpt lat="-41.0892858" lon="175.1407814">
                <ele>144.7</ele>
            </trkpt>
            <trkpt lat="-41.0894151" lon="175.1404649">
                <ele>143.5</ele>
            </trkpt>
            <trkpt lat="-41.0895708" lon="175.1401109">
                <ele>144.5</ele>
            </trkpt>
            <trkpt lat="-41.0898174" lon="175.1395717">
                <ele>145.2</ele>
            </trkpt>
            <trkpt lat="-41.0900823" lon="175.138987">
                <ele>141.8</ele>
            </trkpt>
            <trkpt lat="-41.0902965" lon="175.1384345">
                <ele>134</ele>
            </trkpt>
            <trkpt lat="-41.0906463" lon="175.1376083">
                <ele>127.8</ele>
            </trkpt>
            <trkpt lat="-41.0910081" lon="175.1366535">
                <ele>117.5</ele>
            </trkpt>
            <trkpt lat="-41.0910728" lon="175.1364201">
                <ele>114.8</ele>
            </trkpt>
            <trkpt lat="-41.0911375" lon="175.1361546">
                <ele>112.8</ele>
            </trkpt>
            <trkpt lat="-41.09119" lon="175.1358032">
                <ele>110</ele>
            </trkpt>
            <trkpt lat="-41.0912386" lon="175.1351944">
                <ele>109.3</ele>
            </trkpt>
            <trkpt lat="-41.0912911" lon="175.1345453">
                <ele>108.5</ele>
            </trkpt>
            <trkpt lat="-41.0913154" lon="175.1343119">
                <ele>108.3</ele>
            </trkpt>
            <trkpt lat="-41.0913416" lon="175.134092">
                <ele>108</ele>
            </trkpt>
            <trkpt lat="-41.0913598" lon="175.1339686">
                <ele>107.9</ele>
            </trkpt>
            <trkpt lat="-41.091376" lon="175.133864">
                <ele>107.8</ele>
            </trkpt>
            <trkpt lat="-41.0914225" lon="175.1336467">
                <ele>107</ele>
            </trkpt>
            <trkpt lat="-41.091473" lon="175.1334268">
                <ele>106</ele>
            </trkpt>
            <trkpt lat="-41.0915175" lon="175.1332337">
                <ele>105.2</ele>
            </trkpt>
            <trkpt lat="-41.0916469" lon="175.1328367">
                <ele>104.2</ele>
            </trkpt>
            <trkpt lat="-41.0917096" lon="175.1326892">
                <ele>104</ele>
            </trkpt>
            <trkpt lat="-41.0918167" lon="175.1324746">
                <ele>103.5</ele>
            </trkpt>
            <trkpt lat="-41.0919319" lon="175.1322332">
                <ele>102.5</ele>
            </trkpt>
            <trkpt lat="-41.0921826" lon="175.1317397">
                <ele>102.2</ele>
            </trkpt>
            <trkpt lat="-41.0930215" lon="175.1300123">
                <ele>101.2</ele>
            </trkpt>
            <trkpt lat="-41.09345" lon="175.1291862">
                <ele>101</ele>
            </trkpt>
            <trkpt lat="-41.093731" lon="175.1286149">
                <ele>98.8</ele>
            </trkpt>
            <trkpt lat="-41.0937836" lon="175.1284915">
                <ele>98.5</ele>
            </trkpt>
            <trkpt lat="-41.0938482" lon="175.1283306">
                <ele>98</ele>
            </trkpt>
            <trkpt lat="-41.0939069" lon="175.128167">
                <ele>96.5</ele>
            </trkpt>
            <trkpt lat="-41.0939655" lon="175.1279846">
                <ele>95.2</ele>
            </trkpt>
            <trkpt lat="-41.0940241" lon="175.1277781">
                <ele>94</ele>
            </trkpt>
            <trkpt lat="-41.0940807" lon="175.1275474">
                <ele>93.5</ele>
            </trkpt>
            <trkpt lat="-41.0941373" lon="175.1272818">
                <ele>93.8</ele>
            </trkpt>
            <trkpt lat="-41.0942444" lon="175.1265952">
                <ele>93.8</ele>
            </trkpt>
            <trkpt lat="-41.0943111" lon="175.1261526">
                <ele>98</ele>
            </trkpt>
            <trkpt lat="-41.0943778" lon="175.1257315">
                <ele>99.8</ele>
            </trkpt>
            <trkpt lat="-41.0944648" lon="175.1252514">
                <ele>101.2</ele>
            </trkpt>
            <trkpt lat="-41.0945416" lon="175.1248893">
                <ele>101.8</ele>
            </trkpt>
            <trkpt lat="-41.0946588" lon="175.1243904">
                <ele>100</ele>
            </trkpt>
            <trkpt lat="-41.0948225" lon="175.1236796">
                <ele>97.8</ele>
            </trkpt>
            <trkpt lat="-41.0948893" lon="175.1233819">
                <ele>97.9</ele>
            </trkpt>
            <trkpt lat="-41.0949357" lon="175.1231056">
                <ele>98</ele>
            </trkpt>
            <trkpt lat="-41.0949762" lon="175.1227731">
                <ele>97.8</ele>
            </trkpt>
            <trkpt lat="-41.0950368" lon="175.1220998">
                <ele>97.5</ele>
            </trkpt>
            <trkpt lat="-41.0950772" lon="175.121668">
                <ele>98.2</ele>
            </trkpt>
            <trkpt lat="-41.0951318" lon="175.1212898">
                <ele>99.5</ele>
            </trkpt>
            <trkpt lat="-41.0951904" lon="175.1209465">
                <ele>100</ele>
            </trkpt>
            <trkpt lat="-41.0952814" lon="175.1205736">
                <ele>102</ele>
            </trkpt>
            <trkpt lat="-41.0954876" lon="175.1197904">
                <ele>103.2</ele>
            </trkpt>
            <trkpt lat="-41.0957059" lon="175.118967">
                <ele>102.8</ele>
            </trkpt>
            <trkpt lat="-41.0958069" lon="175.1185647">
                <ele>102.2</ele>
            </trkpt>
            <trkpt lat="-41.0958474" lon="175.1183099">
                <ele>101.5</ele>
            </trkpt>
            <trkpt lat="-41.0958737" lon="175.1181141">
                <ele>100.5</ele>
            </trkpt>
            <trkpt lat="-41.0958797" lon="175.1178887">
                <ele>98.8</ele>
            </trkpt>
            <trkpt lat="-41.0958777" lon="175.1176447">
                <ele>97</ele>
            </trkpt>
            <trkpt lat="-41.0958757" lon="175.1172665">
                <ele>95.2</ele>
            </trkpt>
            <trkpt lat="-41.0958676" lon="175.1167247">
                <ele>94.5</ele>
            </trkpt>
            <trkpt lat="-41.0958716" lon="175.1164082">
                <ele>94.8</ele>
            </trkpt>
            <trkpt lat="-41.0958838" lon="175.1161775">
                <ele>95.2</ele>
            </trkpt>
            <trkpt lat="-41.0959161" lon="175.1159281">
                <ele>95.8</ele>
            </trkpt>
            <trkpt lat="-41.0959767" lon="175.1156759">
                <ele>97</ele>
            </trkpt>
            <trkpt lat="-41.0960354" lon="175.1154774">
                <ele>98</ele>
            </trkpt>
            <trkpt lat="-41.0961769" lon="175.1150993">
                <ele>99.8</ele>
            </trkpt>
            <trkpt lat="-41.0962557" lon="175.1149061">
                <ele>100.2</ele>
            </trkpt>
            <trkpt lat="-41.0965831" lon="175.1140907">
                <ele>101.8</ele>
            </trkpt>
            <trkpt lat="-41.0970501" lon="175.1129079">
                <ele>102</ele>
            </trkpt>
            <trkpt lat="-41.0974725" lon="175.1118565">
                <ele>104.8</ele>
            </trkpt>
            <trkpt lat="-41.0976423" lon="175.1114327">
                <ele>105.1</ele>
            </trkpt>
            <trkpt lat="-41.0977272" lon="175.1111859">
                <ele>105.2</ele>
            </trkpt>
            <trkpt lat="-41.0978121" lon="175.1108882">
                <ele>105</ele>
            </trkpt>
            <trkpt lat="-41.0979192" lon="175.1104885">
                <ele>105.8</ele>
            </trkpt>
            <trkpt lat="-41.0980466" lon="175.1099977">
                <ele>106</ele>
            </trkpt>
            <trkpt lat="-41.0981779" lon="175.1095203">
                <ele>108</ele>
            </trkpt>
            <trkpt lat="-41.0982588" lon="175.1092628">
                <ele>109.2</ele>
            </trkpt>
            <trkpt lat="-41.0982992" lon="175.1091555">
                <ele>109.5</ele>
            </trkpt>
            <trkpt lat="-41.09837" lon="175.1089999">
                <ele>110</ele>
            </trkpt>
            <trkpt lat="-41.0984387" lon="175.1088524">
                <ele>110.5</ele>
            </trkpt>
            <trkpt lat="-41.0985539" lon="175.1086351">
                <ele>111.5</ele>
            </trkpt>
            <trkpt lat="-41.0988591" lon="175.108045">
                <ele>112.5</ele>
            </trkpt>
            <trkpt lat="-41.0992128" lon="175.1073664">
                <ele>112.2</ele>
            </trkpt>
            <trkpt lat="-41.099799" lon="175.1062399">
                <ele>113</ele>
            </trkpt>
            <trkpt lat="-41.0999667" lon="175.1058671">
                <ele>114.5</ele>
            </trkpt>
            <trkpt lat="-41.1000334" lon="175.1056981">
                <ele>115</ele>
            </trkpt>
            <trkpt lat="-41.1000961" lon="175.1055318">
                <ele>114.8</ele>
            </trkpt>
            <trkpt lat="-41.1001931" lon="175.1052663">
                <ele>115.5</ele>
            </trkpt>
            <trkpt lat="-41.1002639" lon="175.1050463">
                <ele>116.5</ele>
            </trkpt>
            <trkpt lat="-41.1003629" lon="175.1047003">
                <ele>117.8</ele>
            </trkpt>
            <trkpt lat="-41.1004579" lon="175.1043785">
                <ele>118.5</ele>
            </trkpt>
            <trkpt lat="-41.1005731" lon="175.1040807">
                <ele>119</ele>
            </trkpt>
            <trkpt lat="-41.1007631" lon="175.1035684">
                <ele>120.8</ele>
            </trkpt>
            <trkpt lat="-41.1008096" lon="175.1034048">
                <ele>121.2</ele>
            </trkpt>
            <trkpt lat="-41.1009794" lon="175.1029783">
                <ele>121.8</ele>
            </trkpt>
            <trkpt lat="-41.1011491" lon="175.1025411">
                <ele>120.5</ele>
            </trkpt>
            <trkpt lat="-41.1012704" lon="175.1022381">
                <ele>119.8</ele>
            </trkpt>
            <trkpt lat="-41.1013897" lon="175.1019216">
                <ele>119.5</ele>
            </trkpt>
            <trkpt lat="-41.101426" lon="175.1018196">
                <ele>119.2</ele>
            </trkpt>
            <trkpt lat="-41.1015311" lon="175.1015353">
                <ele>119</ele>
            </trkpt>
            <trkpt lat="-41.1016888" lon="175.1011196">
                <ele>118.5</ele>
            </trkpt>
            <trkpt lat="-41.1017656" lon="175.1009211">
                <ele>118.2</ele>
            </trkpt>
            <trkpt lat="-41.1019334" lon="175.1004893">
                <ele>117.8</ele>
            </trkpt>
            <trkpt lat="-41.1020607" lon="175.1001567">
                <ele>116.5</ele>
            </trkpt>
            <trkpt lat="-41.1022143" lon="175.0998482">
                <ele>114.2</ele>
            </trkpt>
            <trkpt lat="-41.1023234" lon="175.0996631">
                <ele>112.8</ele>
            </trkpt>
            <trkpt lat="-41.1024811" lon="175.0994512">
                <ele>109.8</ele>
            </trkpt>
            <trkpt lat="-41.1025276" lon="175.0993842">
                <ele>108.8</ele>
            </trkpt>
            <trkpt lat="-41.1025781" lon="175.0993252">
                <ele>108</ele>
            </trkpt>
            <trkpt lat="-41.1026448" lon="175.0992581">
                <ele>107</ele>
            </trkpt>
            <trkpt lat="-41.1027115" lon="175.0992045">
                <ele>106</ele>
            </trkpt>
            <trkpt lat="-41.1028085" lon="175.0991535">
                <ele>104.8</ele>
            </trkpt>
            <trkpt lat="-41.1030329" lon="175.0990275">
                <ele>102.2</ele>
            </trkpt>
            <trkpt lat="-41.1034351" lon="175.0987968">
                <ele>101.6</ele>
            </trkpt>
            <trkpt lat="-41.1035786" lon="175.0987244">
                <ele>101.4</ele>
            </trkpt>
            <trkpt lat="-41.10372" lon="175.0986519">
                <ele>101.2</ele>
            </trkpt>
            <trkpt lat="-41.1039141" lon="175.0985554">
                <ele>100.9</ele>
            </trkpt>
            <trkpt lat="-41.1040313" lon="175.0985071">
                <ele>100.8</ele>
            </trkpt>
            <trkpt lat="-41.1041687" lon="175.0984669">
                <ele>100.5</ele>
            </trkpt>
            <trkpt lat="-41.1043082" lon="175.0984293">
                <ele>100</ele>
            </trkpt>
            <trkpt lat="-41.1046376" lon="175.0983569">
                <ele>99</ele>
            </trkpt>
            <trkpt lat="-41.1048417" lon="175.0983247">
                <ele>99</ele>
            </trkpt>
            <trkpt lat="-41.1049266" lon="175.0983113">
                <ele>98.2</ele>
            </trkpt>
            <trkpt lat="-41.1053894" lon="175.0982469">
                <ele>98</ele>
            </trkpt>
            <trkpt lat="-41.1059897" lon="175.0981665">
                <ele>96</ele>
            </trkpt>
            <trkpt lat="-41.1061008" lon="175.0981504">
                <ele>96</ele>
            </trkpt>
            <trkpt lat="-41.1069214" lon="175.0980297">
                <ele>93</ele>
            </trkpt>
            <trkpt lat="-41.1070669" lon="175.0980082">
                <ele>92</ele>
            </trkpt>
            <trkpt lat="-41.1075034" lon="175.0979412">
                <ele>90.5</ele>
            </trkpt>
            <trkpt lat="-41.1076126" lon="175.0979251">
                <ele>90</ele>
            </trkpt>
            <trkpt lat="-41.1076894" lon="175.0979143">
                <ele>90.2</ele>
            </trkpt>
            <trkpt lat="-41.1077439" lon="175.0979063">
                <ele>90</ele>
            </trkpt>
            <trkpt lat="-41.1078429" lon="175.0978902">
                <ele>89</ele>
            </trkpt>
            <trkpt lat="-41.1082451" lon="175.0978285">
                <ele>87.8</ele>
            </trkpt>
            <trkpt lat="-41.1085523" lon="175.0977802">
                <ele>87</ele>
            </trkpt>
            <trkpt lat="-41.1086594" lon="175.0977641">
                <ele>87</ele>
            </trkpt>
            <trkpt lat="-41.1087605" lon="175.097748">
                <ele>87</ele>
            </trkpt>
            <trkpt lat="-41.1089565" lon="175.0977185">
                <ele>87</ele>
            </trkpt>
            <trkpt lat="-41.1092455" lon="175.0976756">
                <ele>87</ele>
            </trkpt>
            <trkpt lat="-41.1096476" lon="175.0976139">
                <ele>86.5</ele>
            </trkpt>
            <trkpt lat="-41.1101771" lon="175.0975415">
                <ele>84.8</ele>
            </trkpt>
            <trkpt lat="-41.110454" lon="175.0974959">
                <ele>83.2</ele>
            </trkpt>
            <trkpt lat="-41.1106237" lon="175.0974503">
                <ele>82.8</ele>
            </trkpt>
            <trkpt lat="-41.1107955" lon="175.0973886">
                <ele>82.7</ele>
            </trkpt>
            <trkpt lat="-41.1109228" lon="175.0973377">
                <ele>82.6</ele>
            </trkpt>
            <trkpt lat="-41.1110744" lon="175.0972492">
                <ele>82.5</ele>
            </trkpt>
            <trkpt lat="-41.1112058" lon="175.0971606">
                <ele>82.8</ele>
            </trkpt>
            <trkpt lat="-41.1113452" lon="175.0970614">
                <ele>82.9</ele>
            </trkpt>
            <trkpt lat="-41.11142" lon="175.0970024">
                <ele>83</ele>
            </trkpt>
            <trkpt lat="-41.1115311" lon="175.0968817">
                <ele>82.9</ele>
            </trkpt>
            <trkpt lat="-41.1116483" lon="175.0967422">
                <ele>82.8</ele>
            </trkpt>
            <trkpt lat="-41.1117069" lon="175.0966725">
                <ele>82.8</ele>
            </trkpt>
            <trkpt lat="-41.1117837" lon="175.0965571">
                <ele>82.6</ele>
            </trkpt>
            <trkpt lat="-41.1118403" lon="175.096474">
                <ele>82.5</ele>
            </trkpt>
            <trkpt lat="-41.111909" lon="175.096356">
                <ele>82.8</ele>
            </trkpt>
            <trkpt lat="-41.1120181" lon="175.0961763">
                <ele>83</ele>
            </trkpt>
            <trkpt lat="-41.112105" lon="175.0960127">
                <ele>83</ele>
            </trkpt>
            <trkpt lat="-41.112202" lon="175.0959751">
                <ele>83</ele>
            </trkpt>
            <trkpt lat="-41.1122687" lon="175.0958222">
                <ele>82.8</ele>
            </trkpt>
            <trkpt lat="-41.1123496" lon="175.0956506">
                <ele>82.2</ele>
            </trkpt>
            <trkpt lat="-41.112396" lon="175.0955594">
                <ele>82</ele>
            </trkpt>
            <trkpt lat="-41.1124445" lon="175.0954413">
                <ele>81.8</ele>
            </trkpt>
            <trkpt lat="-41.112487" lon="175.0953555">
                <ele>81.9</ele>
            </trkpt>
            <trkpt lat="-41.1125274" lon="175.0952831">
                <ele>82</ele>
            </trkpt>
            <trkpt lat="-41.1127295" lon="175.0948459">
                <ele>79.5</ele>
            </trkpt>
            <trkpt lat="-41.1128204" lon="175.0946286">
                <ele>77.8</ele>
            </trkpt>
            <trkpt lat="-41.1129113" lon="175.094398">
                <ele>76.5</ele>
            </trkpt>
            <trkpt lat="-41.1129376" lon="175.0942183">
                <ele>75</ele>
            </trkpt>
            <trkpt lat="-41.1131114" lon="175.0936818">
                <ele>73</ele>
            </trkpt>
            <trkpt lat="-41.1132367" lon="175.0933412">
                <ele>71.8</ele>
            </trkpt>
            <trkpt lat="-41.1133499" lon="175.0929442">
                <ele>70.5</ele>
            </trkpt>
            <trkpt lat="-41.1134327" lon="175.092566">
                <ele>70.2</ele>
            </trkpt>
            <trkpt lat="-41.1134752" lon="175.0923809">
                <ele>70</ele>
            </trkpt>
            <trkpt lat="-41.1135196" lon="175.0920376">
                <ele>69.5</ele>
            </trkpt>
            <trkpt lat="-41.1135681" lon="175.0916165">
                <ele>69</ele>
            </trkpt>
            <trkpt lat="-41.1135782" lon="175.0915307">
                <ele>68.8</ele>
            </trkpt>
            <trkpt lat="-41.1135843" lon="175.0914824">
                <ele>68.5</ele>
            </trkpt>
            <trkpt lat="-41.1136489" lon="175.0909728">
                <ele>67.8</ele>
            </trkpt>
            <trkpt lat="-41.1136995" lon="175.0905168">
                <ele>66.8</ele>
            </trkpt>
            <trkpt lat="-41.1137682" lon="175.0900474">
                <ele>66.2</ele>
            </trkpt>
            <trkpt lat="-41.1138248" lon="175.0895941">
                <ele>65.8</ele>
            </trkpt>
            <trkpt lat="-41.1138813" lon="175.0892213">
                <ele>66.5</ele>
            </trkpt>
            <trkpt lat="-41.1139399" lon="175.0888377">
                <ele>66.7</ele>
            </trkpt>
            <trkpt lat="-41.1139521" lon="175.0887519">
                <ele>66.7</ele>
            </trkpt>
            <trkpt lat="-41.1140612" lon="175.0880733">
                <ele>67</ele>
            </trkpt>
            <trkpt lat="-41.1142067" lon="175.0872472">
                <ele>66.5</ele>
            </trkpt>
            <trkpt lat="-41.114336" lon="175.0865552">
                <ele>66</ele>
            </trkpt>
            <trkpt lat="-41.1144896" lon="175.0857317">
                <ele>66.5</ele>
            </trkpt>
            <trkpt lat="-41.114627" lon="175.085021">
                <ele>66.7</ele>
            </trkpt>
            <trkpt lat="-41.1147806" lon="175.0842109">
                <ele>66.9</ele>
            </trkpt>
            <trkpt lat="-41.1148776" lon="175.0836718">
                <ele>67</ele>
            </trkpt>
            <trkpt lat="-41.1149685" lon="175.0833419">
                <ele>67</ele>
            </trkpt>
            <trkpt lat="-41.1150695" lon="175.0828081">
                <ele>67</ele>
            </trkpt>
            <trkpt lat="-41.1151443" lon="175.0823951">
                <ele>66.5</ele>
            </trkpt>
            <trkpt lat="-41.1152171" lon="175.0819713">
                <ele>66</ele>
            </trkpt>
            <trkpt lat="-41.1152736" lon="175.0815099">
                <ele>65.2</ele>
            </trkpt>
            <trkpt lat="-41.1152797" lon="175.0814644">
                <ele>65.2</ele>
            </trkpt>
            <trkpt lat="-41.1152999" lon="175.0813705">
                <ele>65</ele>
            </trkpt>
            <trkpt lat="-41.1153262" lon="175.0812551">
                <ele>65</ele>
            </trkpt>
            <trkpt lat="-41.1154515" lon="175.0801849">
                <ele>64</ele>
            </trkpt>
            <trkpt lat="-41.1155141" lon="175.079568">
                <ele>64</ele>
            </trkpt>
            <trkpt lat="-41.1155141" lon="175.0791094">
                <ele>64</ele>
            </trkpt>
            <trkpt lat="-41.115597" lon="175.0781384">
                <ele>63</ele>
            </trkpt>
            <trkpt lat="-41.1156717" lon="175.0773257">
                <ele>63.1</ele>
            </trkpt>
            <trkpt lat="-41.1157505" lon="175.0764325">
                <ele>63.1</ele>
            </trkpt>
            <trkpt lat="-41.115795" lon="175.0759605">
                <ele>63.2</ele>
            </trkpt>
            <trkpt lat="-41.1158415" lon="175.0753891">
                <ele>63.2</ele>
            </trkpt>
            <trkpt lat="-41.1158879" lon="175.0748017">
                <ele>63.2</ele>
            </trkpt>
            <trkpt lat="-41.1159122" lon="175.0744289">
                <ele>62.5</ele>
            </trkpt>
            <trkpt lat="-41.1159304" lon="175.074048">
                <ele>62.6</ele>
            </trkpt>
            <trkpt lat="-41.1159385" lon="175.0736779">
                <ele>62.7</ele>
            </trkpt>
            <trkpt lat="-41.1159385" lon="175.0732514">
                <ele>62.8</ele>
            </trkpt>
            <trkpt lat="-41.1159344" lon="175.0729349">
                <ele>62.9</ele>
            </trkpt>
            <trkpt lat="-41.1159223" lon="175.0726399">
                <ele>62.9</ele>
            </trkpt>
            <trkpt lat="-41.1159061" lon="175.0723341">
                <ele>63</ele>
            </trkpt>
            <trkpt lat="-41.1158698" lon="175.0716287">
                <ele>62.5</ele>
            </trkpt>
            <trkpt lat="-41.1158597" lon="175.0712961">
                <ele>62.6</ele>
            </trkpt>
            <trkpt lat="-41.1158597" lon="175.0710681">
                <ele>62.8</ele>
            </trkpt>
            <trkpt lat="-41.1158597" lon="175.0708428">
                <ele>63</ele>
            </trkpt>
            <trkpt lat="-41.1158718" lon="175.070529">
                <ele>62.8</ele>
            </trkpt>
            <trkpt lat="-41.11589" lon="175.0701991">
                <ele>62</ele>
            </trkpt>
            <trkpt lat="-41.1159203" lon="175.069668">
                <ele>61</ele>
            </trkpt>
            <trkpt lat="-41.1160779" lon="175.0675437">
                <ele>59</ele>
            </trkpt>
            <trkpt lat="-41.1161284" lon="175.0666881">
                <ele>59</ele>
            </trkpt>
            <trkpt lat="-41.1161607" lon="175.0661543">
                <ele>59</ele>
            </trkpt>
            <trkpt lat="-41.1161789" lon="175.0658217">
                <ele>60</ele>
            </trkpt>
            <trkpt lat="-41.1161991" lon="175.0655079">
                <ele>60</ele>
            </trkpt>
            <trkpt lat="-41.1162052" lon="175.0653818">
                <ele>60</ele>
            </trkpt>
            <trkpt lat="-41.1162113" lon="175.0652611">
                <ele>60</ele>
            </trkpt>
            <trkpt lat="-41.1162173" lon="175.0651404">
                <ele>60</ele>
            </trkpt>
            <trkpt lat="-41.1162234" lon="175.065017">
                <ele>60</ele>
            </trkpt>
            <trkpt lat="-41.1162274" lon="175.0648963">
                <ele>60</ele>
            </trkpt>
            <trkpt lat="-41.1162315" lon="175.0647756">
                <ele>59.5</ele>
            </trkpt>
            <trkpt lat="-41.1162335" lon="175.0646549">
                <ele>59</ele>
            </trkpt>
            <trkpt lat="-41.1162375" lon="175.0645342">
                <ele>58.8</ele>
            </trkpt>
            <trkpt lat="-41.1162396" lon="175.0644109">
                <ele>58.6</ele>
            </trkpt>
            <trkpt lat="-41.1162396" lon="175.0642902">
                <ele>58.5</ele>
            </trkpt>
            <trkpt lat="-41.1162396" lon="175.0641695">
                <ele>58.2</ele>
            </trkpt>
            <trkpt lat="-41.1162396" lon="175.0640488">
                <ele>58</ele>
            </trkpt>
            <trkpt lat="-41.1162396" lon="175.0639254">
                <ele>58</ele>
            </trkpt>
            <trkpt lat="-41.1162375" lon="175.0638047">
                <ele>58</ele>
            </trkpt>
            <trkpt lat="-41.1162355" lon="175.063684">
                <ele>58</ele>
            </trkpt>
            <trkpt lat="-41.1162315" lon="175.0635552">
                <ele>58</ele>
            </trkpt>
            <trkpt lat="-41.1161284" lon="175.0613049">
                <ele>59</ele>
            </trkpt>
            <trkpt lat="-41.1161244" lon="175.0611252">
                <ele>58.8</ele>
            </trkpt>
            <trkpt lat="-41.1161203" lon="175.059548">
                <ele>56</ele>
            </trkpt>
            <trkpt lat="-41.1160981" lon="175.0568765">
                <ele>57</ele>
            </trkpt>
            <trkpt lat="-41.1160941" lon="175.0558949">
                <ele>55.5</ele>
            </trkpt>
            <trkpt lat="-41.1160961" lon="175.0553879">
                <ele>55.2</ele>
            </trkpt>
            <trkpt lat="-41.1161102" lon="175.0548702">
                <ele>54.8</ele>
            </trkpt>
            <trkpt lat="-41.1161304" lon="175.0544223">
                <ele>55.5</ele>
            </trkpt>
            <trkpt lat="-41.1161587" lon="175.0539342">
                <ele>56</ele>
            </trkpt>
            <trkpt lat="-41.116189" lon="175.0535318">
                <ele>56.1</ele>
            </trkpt>
            <trkpt lat="-41.1162274" lon="175.0531429">
                <ele>56.2</ele>
            </trkpt>
            <trkpt lat="-41.1162719" lon="175.0527567">
                <ele>56.4</ele>
            </trkpt>
            <trkpt lat="-41.1163305" lon="175.052349">
                <ele>56.5</ele>
            </trkpt>
            <trkpt lat="-41.1164174" lon="175.0517884">
                <ele>56.2</ele>
            </trkpt>
            <trkpt lat="-41.1164942" lon="175.0513539">
                <ele>56</ele>
            </trkpt>
            <trkpt lat="-41.1165811" lon="175.0509167">
                <ele>55.7</ele>
            </trkpt>
            <trkpt lat="-41.116678" lon="175.0504473">
                <ele>55.5</ele>
            </trkpt>
            <trkpt lat="-41.1167872" lon="175.0499859">
                <ele>56.8</ele>
            </trkpt>
            <trkpt lat="-41.1170296" lon="175.0491384">
                <ele>55</ele>
            </trkpt>
            <trkpt lat="-41.1171832" lon="175.0487629">
                <ele>53.8</ele>
            </trkpt>
            <trkpt lat="-41.1173913" lon="175.0481996">
                <ele>53.9</ele>
            </trkpt>
            <trkpt lat="-41.1174843" lon="175.0479394">
                <ele>54</ele>
            </trkpt>
            <trkpt lat="-41.1175692" lon="175.0476819">
                <ele>55</ele>
            </trkpt>
            <trkpt lat="-41.1177086" lon="175.0473467">
                <ele>55</ele>
            </trkpt>
            <trkpt lat="-41.1178561" lon="175.0470194">
                <ele>55</ele>
            </trkpt>
            <trkpt lat="-41.117947" lon="175.0468183">
                <ele>55</ele>
            </trkpt>
            <trkpt lat="-41.1182441" lon="175.0462067">
                <ele>53.8</ele>
            </trkpt>
            <trkpt lat="-41.1184057" lon="175.0459036">
                <ele>53</ele>
            </trkpt>
            <trkpt lat="-41.1187977" lon="175.0452143">
                <ele>52</ele>
            </trkpt>
            <trkpt lat="-41.1188604" lon="175.0451419">
                <ele>52</ele>
            </trkpt>
            <trkpt lat="-41.1190766" lon="175.0447905">
                <ele>51.9</ele>
            </trkpt>
            <trkpt lat="-41.1192665" lon="175.0444955">
                <ele>51.8</ele>
            </trkpt>
            <trkpt lat="-41.1194423" lon="175.044238">
                <ele>52</ele>
            </trkpt>
            <trkpt lat="-41.1196727" lon="175.0438973">
                <ele>52</ele>
            </trkpt>
            <trkpt lat="-41.1202586" lon="175.0430658">
                <ele>52</ele>
            </trkpt>
            <trkpt lat="-41.1208931" lon="175.0421888">
                <ele>52.5</ele>
            </trkpt>
            <trkpt lat="-41.1215275" lon="175.0413278">
                <ele>52.2</ele>
            </trkpt>
            <trkpt lat="-41.1219135" lon="175.0407887">
                <ele>53</ele>
            </trkpt>
            <trkpt lat="-41.1221681" lon="175.0404641">
                <ele>53</ele>
            </trkpt>
            <trkpt lat="-41.1223539" lon="175.0402093">
                <ele>53.2</ele>
            </trkpt>
            <trkpt lat="-41.1224651" lon="175.0400484">
                <ele>53.5</ele>
            </trkpt>
            <trkpt lat="-41.122554" lon="175.0398928">
                <ele>53.8</ele>
            </trkpt>
            <trkpt lat="-41.1226328" lon="175.0397319">
                <ele>54</ele>
            </trkpt>
            <trkpt lat="-41.1226995" lon="175.0395548">
                <ele>54</ele>
            </trkpt>
            <trkpt lat="-41.1227399" lon="175.0393778">
                <ele>53.9</ele>
            </trkpt>
            <trkpt lat="-41.1227904" lon="175.0391793">
                <ele>53.8</ele>
            </trkpt>
            <trkpt lat="-41.1228227" lon="175.038946">
                <ele>53.9</ele>
            </trkpt>
            <trkpt lat="-41.1228409" lon="175.0387663">
                <ele>54</ele>
            </trkpt>
            <trkpt lat="-41.122847" lon="175.0386482">
                <ele>53.8</ele>
            </trkpt>
            <trkpt lat="-41.122847" lon="175.0385195">
                <ele>53.5</ele>
            </trkpt>
            <trkpt lat="-41.1228429" lon="175.0384283">
                <ele>53.4</ele>
            </trkpt>
            <trkpt lat="-41.1228328" lon="175.038313">
                <ele>53.3</ele>
            </trkpt>
            <trkpt lat="-41.1227863" lon="175.0381038">
                <ele>53</ele>
            </trkpt>
            <trkpt lat="-41.1227742" lon="175.0380018">
                <ele>53</ele>
            </trkpt>
            <trkpt lat="-41.1227096" lon="175.0374091">
                <ele>53</ele>
            </trkpt>
            <trkpt lat="-41.1226934" lon="175.0372455">
                <ele>53</ele>
            </trkpt>
            <trkpt lat="-41.1226833" lon="175.0370738">
                <ele>53</ele>
            </trkpt>
            <trkpt lat="-41.1226793" lon="175.0369102">
                <ele>53</ele>
            </trkpt>
            <trkpt lat="-41.1226793" lon="175.03676">
                <ele>53</ele>
            </trkpt>
            <trkpt lat="-41.1226873" lon="175.0366205">
                <ele>53</ele>
            </trkpt>
            <trkpt lat="-41.1227015" lon="175.0364837">
                <ele>53</ele>
            </trkpt>
            <trkpt lat="-41.1227197" lon="175.0363442">
                <ele>53</ele>
            </trkpt>
            <trkpt lat="-41.122752" lon="175.0361672">
                <ele>53</ele>
            </trkpt>
            <trkpt lat="-41.1227783" lon="175.0360465">
                <ele>53</ele>
            </trkpt>
            <trkpt lat="-41.1228207" lon="175.0359043">
                <ele>54</ele>
            </trkpt>
            <trkpt lat="-41.1228692" lon="175.0357515">
                <ele>55</ele>
            </trkpt>
            <trkpt lat="-41.1229318" lon="175.0355932">
                <ele>55.2</ele>
            </trkpt>
            <trkpt lat="-41.1230086" lon="175.0354376">
                <ele>55</ele>
            </trkpt>
            <trkpt lat="-41.1230975" lon="175.0352687">
                <ele>54.8</ele>
            </trkpt>
            <trkpt lat="-41.1232167" lon="175.0350675">
                <ele>54.8</ele>
            </trkpt>
            <trkpt lat="-41.1234713" lon="175.0346544">
                <ele>55</ele>
            </trkpt>
            <trkpt lat="-41.1235703" lon="175.0345364">
                <ele>54.8</ele>
            </trkpt>
            <trkpt lat="-41.1238148" lon="175.034118">
                <ele>54.2</ele>
            </trkpt>
            <trkpt lat="-41.1240835" lon="175.0336057">
                <ele>54.1</ele>
            </trkpt>
            <trkpt lat="-41.1242108" lon="175.0333294">
                <ele>54</ele>
            </trkpt>
            <trkpt lat="-41.1243583" lon="175.0329861">
                <ele>53.2</ele>
            </trkpt>
            <trkpt lat="-41.1244876" lon="175.0326642">
                <ele>52</ele>
            </trkpt>
            <trkpt lat="-41.124924" lon="175.0316209">
                <ele>50</ele>
            </trkpt>
            <trkpt lat="-41.1253705" lon="175.0304407">
                <ele>45.8</ele>
            </trkpt>
            <trkpt lat="-41.1257302" lon="175.0294">
                <ele>48</ele>
            </trkpt>
            <trkpt lat="-41.1258615" lon="175.0290513">
                <ele>49</ele>
            </trkpt>
            <trkpt lat="-41.125908" lon="175.0289333">
                <ele>48.8</ele>
            </trkpt>
            <trkpt lat="-41.1260656" lon="175.0285524">
                <ele>48.5</ele>
            </trkpt>
            <trkpt lat="-41.1262777" lon="175.028083">
                <ele>46.8</ele>
            </trkpt>
            <trkpt lat="-41.1266656" lon="175.0273213">
                <ele>47.2</ele>
            </trkpt>
            <trkpt lat="-41.1267545" lon="175.0271523">
                <ele>46.8</ele>
            </trkpt>
            <trkpt lat="-41.1268293" lon="175.0270209">
                <ele>47</ele>
            </trkpt>
            <trkpt lat="-41.1269384" lon="175.0268224">
                <ele>47.2</ele>
            </trkpt>
            <trkpt lat="-41.1271182" lon="175.026522">
                <ele>47</ele>
            </trkpt>
            <trkpt lat="-41.1273182" lon="175.0262001">
                <ele>48</ele>
            </trkpt>
            <trkpt lat="-41.1276435" lon="175.0257039">
                <ele>50.2</ele>
            </trkpt>
            <trkpt lat="-41.1281041" lon="175.0250655">
                <ele>51</ele>
            </trkpt>
            <trkpt lat="-41.1290456" lon="175.0237754">
                <ele>46.8</ele>
            </trkpt>
            <trkpt lat="-41.1298335" lon="175.0227079">
                <ele>45.2</ele>
            </trkpt>
            <trkpt lat="-41.1305184" lon="175.0217557">
                <ele>44.8</ele>
            </trkpt>
            <trkpt lat="-41.1311386" lon="175.0209028">
                <ele>44.3</ele>
            </trkpt>
            <trkpt lat="-41.1316598" lon="175.0201839">
                <ele>44</ele>
            </trkpt>
            <trkpt lat="-41.1318679" lon="175.0198996">
                <ele>43.5</ele>
            </trkpt>
            <trkpt lat="-41.1321891" lon="175.0194409">
                <ele>43</ele>
            </trkpt>
            <trkpt lat="-41.1323629" lon="175.0191835">
                <ele>42.8</ele>
            </trkpt>
            <trkpt lat="-41.1325528" lon="175.0188857">
                <ele>42</ele>
            </trkpt>
            <trkpt lat="-41.1327629" lon="175.0185478">
                <ele>42.4</ele>
            </trkpt>
            <trkpt lat="-41.132971" lon="175.0182018">
                <ele>42.8</ele>
            </trkpt>
            <trkpt lat="-41.1332336" lon="175.017727">
                <ele>44</ele>
            </trkpt>
            <trkpt lat="-41.1335487" lon="175.0171155">
                <ele>44.2</ele>
            </trkpt>
            <trkpt lat="-41.1337002" lon="175.0167936">
                <ele>43</ele>
            </trkpt>
            <trkpt lat="-41.1339103" lon="175.0163081">
                <ele>43.8</ele>
            </trkpt>
            <trkpt lat="-41.1341144" lon="175.0158361">
                <ele>44.5</ele>
            </trkpt>
            <trkpt lat="-41.1342659" lon="175.015474">
                <ele>43.8</ele>
            </trkpt>
            <trkpt lat="-41.1345831" lon="175.0146934">
                <ele>42.2</ele>
            </trkpt>
            <trkpt lat="-41.134878" lon="175.013988">
                <ele>42</ele>
            </trkpt>
            <trkpt lat="-41.1351245" lon="175.0134301">
                <ele>42.5</ele>
            </trkpt>
            <trkpt lat="-41.1353446" lon="175.0129527">
                <ele>42</ele>
            </trkpt>
            <trkpt lat="-41.1356436" lon="175.0123358">
                <ele>42.8</ele>
            </trkpt>
            <trkpt lat="-41.1359103" lon="175.0117967">
                <ele>44.5</ele>
            </trkpt>
            <trkpt lat="-41.1362678" lon="175.0111315">
                <ele>43.8</ele>
            </trkpt>
            <trkpt lat="-41.1364658" lon="175.0107801">
                <ele>44.2</ele>
            </trkpt>
            <trkpt lat="-41.1366799" lon="175.0104019">
                <ele>44.5</ele>
            </trkpt>
            <trkpt lat="-41.1370294" lon="175.0098172">
                <ele>44.3</ele>
            </trkpt>
            <trkpt lat="-41.1373284" lon="175.0093317">
                <ele>44.1</ele>
            </trkpt>
            <trkpt lat="-41.1375768" lon="175.0089347">
                <ele>44</ele>
            </trkpt>
            <trkpt lat="-41.1380556" lon="175.008122">
                <ele>44.5</ele>
            </trkpt>
            <trkpt lat="-41.1383162" lon="175.0076821">
                <ele>45.5</ele>
            </trkpt>
            <trkpt lat="-41.1385727" lon="175.0072101">
                <ele>44.8</ele>
            </trkpt>
            <trkpt lat="-41.1387646" lon="175.006848">
                <ele>44.2</ele>
            </trkpt>
            <trkpt lat="-41.1391343" lon="175.0060889">
                <ele>42.8</ele>
            </trkpt>
            <trkpt lat="-41.1394151" lon="175.0054801">
                <ele>43.8</ele>
            </trkpt>
            <trkpt lat="-41.1397746" lon="175.0046808">
                <ele>45.2</ele>
            </trkpt>
            <trkpt lat="-41.1399948" lon="175.0042167">
                <ele>45.5</ele>
            </trkpt>
            <trkpt lat="-41.1401746" lon="175.0038573">
                <ele>44.8</ele>
            </trkpt>
            <trkpt lat="-41.1404372" lon="175.0033531">
                <ele>45.2</ele>
            </trkpt>
            <trkpt lat="-41.1407462" lon="175.0027952">
                <ele>45.5</ele>
            </trkpt>
            <trkpt lat="-41.1410169" lon="175.0023419">
                <ele>44.5</ele>
            </trkpt>
            <trkpt lat="-41.1413623" lon="175.0017947">
                <ele>43.5</ele>
            </trkpt>
            <trkpt lat="-41.1416815" lon="175.0013199">
                <ele>42.2</ele>
            </trkpt>
            <trkpt lat="-41.1421945" lon="175.0006092">
                <ele>44</ele>
            </trkpt>
            <trkpt lat="-41.142853" lon="174.9997401">
                <ele>51</ele>
            </trkpt>
            <trkpt lat="-41.1433762" lon="174.9990991">
                <ele>49</ele>
            </trkpt>
            <trkpt lat="-41.1435398" lon="174.9988899">
                <ele>48.5</ele>
            </trkpt>
            <trkpt lat="-41.1436792" lon="174.9987128">
                <ele>48.2</ele>
            </trkpt>
            <trkpt lat="-41.1438811" lon="174.9984232">
                <ele>47.5</ele>
            </trkpt>
            <trkpt lat="-41.1440831" lon="174.9980959">
                <ele>47.2</ele>
            </trkpt>
            <trkpt lat="-41.1442912" lon="174.997758">
                <ele>46.2</ele>
            </trkpt>
            <trkpt lat="-41.1444144" lon="174.9975353">
                <ele>45</ele>
            </trkpt>
            <trkpt lat="-41.1445053" lon="174.9973556">
                <ele>43</ele>
            </trkpt>
            <trkpt lat="-41.1446548" lon="174.9970257">
                <ele>42</ele>
            </trkpt>
            <trkpt lat="-41.1447598" lon="174.996779">
                <ele>42</ele>
            </trkpt>
            <trkpt lat="-41.1449173" lon="174.9963847">
                <ele>41.8</ele>
            </trkpt>
            <trkpt lat="-41.1449658" lon="174.9962372">
                <ele>42.2</ele>
            </trkpt>
            <trkpt lat="-41.1451557" lon="174.9957517">
                <ele>42</ele>
            </trkpt>
            <trkpt lat="-41.1452405" lon="174.9955317">
                <ele>42.2</ele>
            </trkpt>
            <trkpt lat="-41.1453718" lon="174.9951911">
                <ele>42.5</ele>
            </trkpt>
            <trkpt lat="-41.145596" lon="174.9945742">
                <ele>44.2</ele>
            </trkpt>
            <trkpt lat="-41.1457293" lon="174.9941665">
                <ele>46</ele>
            </trkpt>
            <trkpt lat="-41.1458242" lon="174.99385">
                <ele>47.5</ele>
            </trkpt>
            <trkpt lat="-41.1459596" lon="174.993386">
                <ele>49.2</ele>
            </trkpt>
            <trkpt lat="-41.1460828" lon="174.992981">
                <ele>51</ele>
            </trkpt>
            <trkpt lat="-41.1461312" lon="174.9928361">
                <ele>51.5</ele>
            </trkpt>
            <trkpt lat="-41.1461858" lon="174.9926752">
                <ele>52.2</ele>
            </trkpt>
            <trkpt lat="-41.1463049" lon="174.9923533">
                <ele>53.2</ele>
            </trkpt>
            <trkpt lat="-41.146414" lon="174.9920797">
                <ele>54.5</ele>
            </trkpt>
            <trkpt lat="-41.1468967" lon="174.9909773">
                <ele>48.2</ele>
            </trkpt>
            <trkpt lat="-41.1474138" lon="174.9898106">
                <ele>49.2</ele>
            </trkpt>
            <trkpt lat="-41.1475875" lon="174.9894378">
                <ele>50.5</ele>
            </trkpt>
            <trkpt lat="-41.1477632" lon="174.9890703">
                <ele>50.8</ele>
            </trkpt>
            <trkpt lat="-41.1479733" lon="174.9886706">
                <ele>51.5</ele>
            </trkpt>
            <trkpt lat="-41.1482197" lon="174.9882576">
                <ele>52.2</ele>
            </trkpt>
            <trkpt lat="-41.1484923" lon="174.9878418">
                <ele>52.8</ele>
            </trkpt>
            <trkpt lat="-41.1486519" lon="174.9876085">
                <ele>52.8</ele>
            </trkpt>
            <trkpt lat="-41.1489872" lon="174.9871981">
                <ele>53</ele>
            </trkpt>
            <trkpt lat="-41.1495749" lon="174.9864846">
                <ele>53.2</ele>
            </trkpt>
            <trkpt lat="-41.1496415" lon="174.9864069">
                <ele>52.8</ele>
            </trkpt>
            <trkpt lat="-41.1497082" lon="174.9863264">
                <ele>52.2</ele>
            </trkpt>
            <trkpt lat="-41.1497748" lon="174.9862513">
                <ele>51.8</ele>
            </trkpt>
            <trkpt lat="-41.1498435" lon="174.9861735">
                <ele>51.2</ele>
            </trkpt>
            <trkpt lat="-41.1499122" lon="174.9860984">
                <ele>51</ele>
            </trkpt>
            <trkpt lat="-41.1499809" lon="174.9860233">
                <ele>50.2</ele>
            </trkpt>
            <trkpt lat="-41.1500515" lon="174.9859509">
                <ele>49.5</ele>
            </trkpt>
            <trkpt lat="-41.1501222" lon="174.9858785">
                <ele>48.8</ele>
            </trkpt>
            <trkpt lat="-41.1501929" lon="174.9858087">
                <ele>48</ele>
            </trkpt>
            <trkpt lat="-41.1502636" lon="174.985739">
                <ele>47.2</ele>
            </trkpt>
            <trkpt lat="-41.1503363" lon="174.9856693">
                <ele>46.2</ele>
            </trkpt>
            <trkpt lat="-41.150409" lon="174.9856022">
                <ele>45.5</ele>
            </trkpt>
            <trkpt lat="-41.1504837" lon="174.9855351">
                <ele>45</ele>
            </trkpt>
            <trkpt lat="-41.1505585" lon="174.9854708">
                <ele>44.8</ele>
            </trkpt>
            <trkpt lat="-41.1506332" lon="174.9854064">
                <ele>44.5</ele>
            </trkpt>
            <trkpt lat="-41.1507079" lon="174.9853447">
                <ele>44.2</ele>
            </trkpt>
            <trkpt lat="-41.1507847" lon="174.985283">
                <ele>44.3</ele>
            </trkpt>
            <trkpt lat="-41.1508594" lon="174.985224">
                <ele>44.4</ele>
            </trkpt>
            <trkpt lat="-41.1509382" lon="174.9851623">
                <ele>44.5</ele>
            </trkpt>
            <trkpt lat="-41.1517077" lon="174.9845776">
                <ele>47.2</ele>
            </trkpt>
            <trkpt lat="-41.1517844" lon="174.9845186">
                <ele>47.8</ele>
            </trkpt>
            <trkpt lat="-41.1518611" lon="174.9844596">
                <ele>48.2</ele>
            </trkpt>
            <trkpt lat="-41.1519379" lon="174.9843979">
                <ele>48.8</ele>
            </trkpt>
            <trkpt lat="-41.1520146" lon="174.9843362">
                <ele>49.5</ele>
            </trkpt>
            <trkpt lat="-41.1520894" lon="174.9842718">
                <ele>50</ele>
            </trkpt>
            <trkpt lat="-41.1521641" lon="174.9842075">
                <ele>50.2</ele>
            </trkpt>
            <trkpt lat="-41.1522368" lon="174.9841404">
                <ele>50.8</ele>
            </trkpt>
            <trkpt lat="-41.1523115" lon="174.9840733">
                <ele>51.2</ele>
            </trkpt>
            <trkpt lat="-41.1523842" lon="174.9840063">
                <ele>51.8</ele>
            </trkpt>
            <trkpt lat="-41.1524569" lon="174.9839365">
                <ele>52</ele>
            </trkpt>
            <trkpt lat="-41.1525296" lon="174.9838668">
                <ele>51.9</ele>
            </trkpt>
            <trkpt lat="-41.1526003" lon="174.9837944">
                <ele>51.9</ele>
            </trkpt>
            <trkpt lat="-41.152671" lon="174.983722">
                <ele>51.8</ele>
            </trkpt>
            <trkpt lat="-41.1527417" lon="174.9836496">
                <ele>51.8</ele>
            </trkpt>
            <trkpt lat="-41.1528104" lon="174.9835745">
                <ele>51.2</ele>
            </trkpt>
            <trkpt lat="-41.152879" lon="174.9834993">
                <ele>50.8</ele>
            </trkpt>
            <trkpt lat="-41.1529477" lon="174.9834242">
                <ele>50.2</ele>
            </trkpt>
            <trkpt lat="-41.1530143" lon="174.9833465">
                <ele>49.5</ele>
            </trkpt>
            <trkpt lat="-41.153083" lon="174.9832687">
                <ele>48.8</ele>
            </trkpt>
            <trkpt lat="-41.1531476" lon="174.9831882">
                <ele>48.2</ele>
            </trkpt>
            <trkpt lat="-41.1532143" lon="174.9831104">
                <ele>47.8</ele>
            </trkpt>
            <trkpt lat="-41.1532789" lon="174.9830273">
                <ele>47.2</ele>
            </trkpt>
            <trkpt lat="-41.1533435" lon="174.9829468">
                <ele>46.8</ele>
            </trkpt>
            <trkpt lat="-41.1534061" lon="174.9828637">
                <ele>46.2</ele>
            </trkpt>
            <trkpt lat="-41.1534708" lon="174.9827778">
                <ele>45.8</ele>
            </trkpt>
            <trkpt lat="-41.1535313" lon="174.9826947">
                <ele>45.2</ele>
            </trkpt>
            <trkpt lat="-41.153594" lon="174.9826089">
                <ele>44.5</ele>
            </trkpt>
            <trkpt lat="-41.1536545" lon="174.9825203">
                <ele>44</ele>
            </trkpt>
            <trkpt lat="-41.1537151" lon="174.9824345">
                <ele>43.5</ele>
            </trkpt>
            <trkpt lat="-41.1537737" lon="174.982346">
                <ele>43</ele>
            </trkpt>
            <trkpt lat="-41.1538323" lon="174.9822575">
                <ele>42.8</ele>
            </trkpt>
            <trkpt lat="-41.1538908" lon="174.9821663">
                <ele>42.5</ele>
            </trkpt>
            <trkpt lat="-41.1563546" lon="174.9782744">
                <ele>37</ele>
            </trkpt>
            <trkpt lat="-41.1570756" lon="174.9771345">
                <ele>37.2</ele>
            </trkpt>
            <trkpt lat="-41.1571362" lon="174.9770379">
                <ele>37</ele>
            </trkpt>
            <trkpt lat="-41.1571947" lon="174.9769413">
                <ele>37</ele>
            </trkpt>
            <trkpt lat="-41.1572533" lon="174.9768448">
                <ele>36.8</ele>
            </trkpt>
            <trkpt lat="-41.1573098" lon="174.9767482">
                <ele>36.5</ele>
            </trkpt>
            <trkpt lat="-41.1573664" lon="174.976649">
                <ele>36.2</ele>
            </trkpt>
            <trkpt lat="-41.1574229" lon="174.9765497">
                <ele>36</ele>
            </trkpt>
            <trkpt lat="-41.1574795" lon="174.9764505">
                <ele>36.2</ele>
            </trkpt>
            <trkpt lat="-41.157534" lon="174.9763486">
                <ele>36.5</ele>
            </trkpt>
            <trkpt lat="-41.1575865" lon="174.9762493">
                <ele>36.8</ele>
            </trkpt>
            <trkpt lat="-41.157641" lon="174.9761474">
                <ele>36.8</ele>
            </trkpt>
            <trkpt lat="-41.1576935" lon="174.9760455">
                <ele>36.8</ele>
            </trkpt>
            <trkpt lat="-41.157744" lon="174.9759409">
                <ele>36.8</ele>
            </trkpt>
            <trkpt lat="-41.1577965" lon="174.9758363">
                <ele>36.9</ele>
            </trkpt>
            <trkpt lat="-41.157847" lon="174.9757317">
                <ele>36.9</ele>
            </trkpt>
            <trkpt lat="-41.1578955" lon="174.9756271">
                <ele>36.9</ele>
            </trkpt>
            <trkpt lat="-41.1579439" lon="174.9755225">
                <ele>36.9</ele>
            </trkpt>
            <trkpt lat="-41.1579924" lon="174.9754152">
                <ele>37</ele>
            </trkpt>
            <trkpt lat="-41.1580389" lon="174.9753079">
                <ele>37</ele>
            </trkpt>
            <trkpt lat="-41.1580853" lon="174.9752006">
                <ele>37.2</ele>
            </trkpt>
            <trkpt lat="-41.1581318" lon="174.9750933">
                <ele>37.5</ele>
            </trkpt>
            <trkpt lat="-41.1581762" lon="174.974986">
                <ele>37.8</ele>
            </trkpt>
            <trkpt lat="-41.1587416" lon="174.9735644">
                <ele>38.8</ele>
            </trkpt>
            <trkpt lat="-41.158786" lon="174.9734545">
                <ele>38.5</ele>
            </trkpt>
            <trkpt lat="-41.1588305" lon="174.9733445">
                <ele>38.5</ele>
            </trkpt>
            <trkpt lat="-41.1588749" lon="174.9732372">
                <ele>38.6</ele>
            </trkpt>
            <trkpt lat="-41.1589213" lon="174.9731272">
                <ele>38.6</ele>
            </trkpt>
            <trkpt lat="-41.1589678" lon="174.97302">
                <ele>38.7</ele>
            </trkpt>
            <trkpt lat="-41.1590142" lon="174.9729127">
                <ele>38.7</ele>
            </trkpt>
            <trkpt lat="-41.1590627" lon="174.9728054">
                <ele>38.8</ele>
            </trkpt>
            <trkpt lat="-41.1591112" lon="174.9727008">
                <ele>38.7</ele>
            </trkpt>
            <trkpt lat="-41.1591596" lon="174.9725935">
                <ele>38.6</ele>
            </trkpt>
            <trkpt lat="-41.1592101" lon="174.9724889">
                <ele>38.5</ele>
            </trkpt>
            <trkpt lat="-41.1592606" lon="174.9723843">
                <ele>38.2</ele>
            </trkpt>
            <trkpt lat="-41.1593111" lon="174.9722797">
                <ele>38.4</ele>
            </trkpt>
            <trkpt lat="-41.1593636" lon="174.9721777">
                <ele>38.5</ele>
            </trkpt>
            <trkpt lat="-41.1594161" lon="174.9720731">
                <ele>38.8</ele>
            </trkpt>
            <trkpt lat="-41.1594686" lon="174.9719712">
                <ele>38.5</ele>
            </trkpt>
            <trkpt lat="-41.1595211" lon="174.9718693">
                <ele>38.2</ele>
            </trkpt>
            <trkpt lat="-41.1595756" lon="174.9717674">
                <ele>38.1</ele>
            </trkpt>
            <trkpt lat="-41.1596302" lon="174.9716681">
                <ele>38</ele>
            </trkpt>
            <trkpt lat="-41.1596867" lon="174.9715689">
                <ele>37.8</ele>
            </trkpt>
            <trkpt lat="-41.1597412" lon="174.971467">
                <ele>37.9</ele>
            </trkpt>
            <trkpt lat="-41.1597978" lon="174.9713704">
                <ele>38</ele>
            </trkpt>
            <trkpt lat="-41.1598563" lon="174.9712712">
                <ele>38.5</ele>
            </trkpt>
            <trkpt lat="-41.1599129" lon="174.9711746">
                <ele>39</ele>
            </trkpt>
            <trkpt lat="-41.1599714" lon="174.9710754">
                <ele>39.2</ele>
            </trkpt>
            <trkpt lat="-41.16003" lon="174.9709788">
                <ele>39.5</ele>
            </trkpt>
            <trkpt lat="-41.1600906" lon="174.9708849">
                <ele>39.8</ele>
            </trkpt>
            <trkpt lat="-41.1601511" lon="174.9707884">
                <ele>40</ele>
            </trkpt>
            <trkpt lat="-41.1602117" lon="174.9706945">
                <ele>40</ele>
            </trkpt>
            <trkpt lat="-41.1602723" lon="174.9706006">
                <ele>40.1</ele>
            </trkpt>
            <trkpt lat="-41.1603329" lon="174.9705067">
                <ele>40.1</ele>
            </trkpt>
            <trkpt lat="-41.1603955" lon="174.9704129">
                <ele>40.2</ele>
            </trkpt>
            <trkpt lat="-41.1604581" lon="174.9703217">
                <ele>40.2</ele>
            </trkpt>
            <trkpt lat="-41.1605227" lon="174.9702305">
                <ele>40.5</ele>
            </trkpt>
            <trkpt lat="-41.1605853" lon="174.9701393">
                <ele>40.8</ele>
            </trkpt>
            <trkpt lat="-41.1606499" lon="174.9700508">
                <ele>40.8</ele>
            </trkpt>
            <trkpt lat="-41.1607166" lon="174.9699622">
                <ele>40.8</ele>
            </trkpt>
            <trkpt lat="-41.1607812" lon="174.969871">
                <ele>40.9</ele>
            </trkpt>
            <trkpt lat="-41.1608478" lon="174.9697852">
                <ele>40.9</ele>
            </trkpt>
            <trkpt lat="-41.1609145" lon="174.9696967">
                <ele>41</ele>
            </trkpt>
            <trkpt lat="-41.1609811" lon="174.9696109">
                <ele>41.2</ele>
            </trkpt>
            <trkpt lat="-41.1610498" lon="174.969525">
                <ele>41.5</ele>
            </trkpt>
            <trkpt lat="-41.1611164" lon="174.9694392">
                <ele>41.5</ele>
            </trkpt>
            <trkpt lat="-41.1611851" lon="174.9693561">
                <ele>41.4</ele>
            </trkpt>
            <trkpt lat="-41.1612557" lon="174.9692729">
                <ele>41.4</ele>
            </trkpt>
            <trkpt lat="-41.1613244" lon="174.9691898">
                <ele>41.3</ele>
            </trkpt>
            <trkpt lat="-41.1613951" lon="174.9691066">
                <ele>41.2</ele>
            </trkpt>
            <trkpt lat="-41.1614657" lon="174.9690261">
                <ele>41</ele>
            </trkpt>
            <trkpt lat="-41.1615364" lon="174.9689457">
                <ele>41</ele>
            </trkpt>
            <trkpt lat="-41.1616091" lon="174.9688652">
                <ele>40.8</ele>
            </trkpt>
            <trkpt lat="-41.1616798" lon="174.9687874">
                <ele>40.5</ele>
            </trkpt>
            <trkpt lat="-41.1617525" lon="174.9687096">
                <ele>40.2</ele>
            </trkpt>
            <trkpt lat="-41.1618252" lon="174.9686319">
                <ele>40</ele>
            </trkpt>
            <trkpt lat="-41.1618999" lon="174.9685541">
                <ele>39.8</ele>
            </trkpt>
            <trkpt lat="-41.1619726" lon="174.968479">
                <ele>39.5</ele>
            </trkpt>
            <trkpt lat="-41.1620473" lon="174.9684039">
                <ele>39.2</ele>
            </trkpt>
            <trkpt lat="-41.162122" lon="174.9683288">
                <ele>39</ele>
            </trkpt>
            <trkpt lat="-41.1621988" lon="174.9682564">
                <ele>38.8</ele>
            </trkpt>
            <trkpt lat="-41.1622735" lon="174.9681813">
                <ele>38.5</ele>
            </trkpt>
            <trkpt lat="-41.1632205" lon="174.9672908">
                <ele>34</ele>
            </trkpt>
            <trkpt lat="-41.1632932" lon="174.9672183">
                <ele>34</ele>
            </trkpt>
            <trkpt lat="-41.1633639" lon="174.9671486">
                <ele>34</ele>
            </trkpt>
            <trkpt lat="-41.1634345" lon="174.9670762">
                <ele>33.9</ele>
            </trkpt>
            <trkpt lat="-41.1635052" lon="174.9670038">
                <ele>33.8</ele>
            </trkpt>
            <trkpt lat="-41.1635759" lon="174.9669313">
                <ele>33.8</ele>
            </trkpt>
            <trkpt lat="-41.1636446" lon="174.9668562">
                <ele>33.9</ele>
            </trkpt>
            <trkpt lat="-41.1637132" lon="174.9667811">
                <ele>34</ele>
            </trkpt>
            <trkpt lat="-41.1637819" lon="174.966706">
                <ele>34.2</ele>
            </trkpt>
            <trkpt lat="-41.1638505" lon="174.9666309">
                <ele>34.5</ele>
            </trkpt>
            <trkpt lat="-41.1639192" lon="174.9665532">
                <ele>35</ele>
            </trkpt>
            <trkpt lat="-41.1639858" lon="174.9664754">
                <ele>35.8</ele>
            </trkpt>
            <trkpt lat="-41.1640524" lon="174.9663976">
                <ele>36.8</ele>
            </trkpt>
            <trkpt lat="-41.1641191" lon="174.9663171">
                <ele>37.8</ele>
            </trkpt>
            <trkpt lat="-41.1641837" lon="174.9662367">
                <ele>38.8</ele>
            </trkpt>
            <trkpt lat="-41.1642483" lon="174.9661562">
                <ele>39.2</ele>
            </trkpt>
            <trkpt lat="-41.1643129" lon="174.9660757">
                <ele>39.5</ele>
            </trkpt>
            <trkpt lat="-41.1643775" lon="174.9659926">
                <ele>39.6</ele>
            </trkpt>
            <trkpt lat="-41.1644422" lon="174.9659094">
                <ele>39.8</ele>
            </trkpt>
            <trkpt lat="-41.1645047" lon="174.9658263">
                <ele>40</ele>
            </trkpt>
            <trkpt lat="-41.1645673" lon="174.9657431">
                <ele>40.2</ele>
            </trkpt>
            <trkpt lat="-41.1646279" lon="174.9656573">
                <ele>40.1</ele>
            </trkpt>
            <trkpt lat="-41.1646905" lon="174.9655715">
                <ele>40</ele>
            </trkpt>
            <trkpt lat="-41.1647511" lon="174.9654856">
                <ele>39.8</ele>
            </trkpt>
            <trkpt lat="-41.1657122" lon="174.9640828">
                <ele>35</ele>
            </trkpt>
            <trkpt lat="-41.1657728" lon="174.9639943">
                <ele>35.5</ele>
            </trkpt>
            <trkpt lat="-41.1658354" lon="174.9639085">
                <ele>36</ele>
            </trkpt>
            <trkpt lat="-41.165896" lon="174.9638227">
                <ele>36.5</ele>
            </trkpt>
            <trkpt lat="-41.1659566" lon="174.9637368">
                <ele>37</ele>
            </trkpt>
            <trkpt lat="-41.1660192" lon="174.963651">
                <ele>37.2</ele>
            </trkpt>
            <trkpt lat="-41.1660817" lon="174.9635652">
                <ele>37</ele>
            </trkpt>
            <trkpt lat="-41.1661443" lon="174.963482">
                <ele>36.8</ele>
            </trkpt>
            <trkpt lat="-41.1662069" lon="174.9633962">
                <ele>36.2</ele>
            </trkpt>
            <trkpt lat="-41.1662695" lon="174.963313">
                <ele>36</ele>
            </trkpt>
            <trkpt lat="-41.1663321" lon="174.9632272">
                <ele>35.9</ele>
            </trkpt>
            <trkpt lat="-41.1663947" lon="174.9631441">
                <ele>35.8</ele>
            </trkpt>
            <trkpt lat="-41.1664593" lon="174.9630609">
                <ele>35.8</ele>
            </trkpt>
            <trkpt lat="-41.1665239" lon="174.9629778">
                <ele>35.5</ele>
            </trkpt>
            <trkpt lat="-41.1665865" lon="174.9628973">
                <ele>35.4</ele>
            </trkpt>
            <trkpt lat="-41.1666512" lon="174.9628142">
                <ele>35.2</ele>
            </trkpt>
            <trkpt lat="-41.168214" lon="174.9608642">
                <ele>38</ele>
            </trkpt>
            <trkpt lat="-41.168749" lon="174.9601963">
                <ele>37.5</ele>
            </trkpt>
            <trkpt lat="-41.1693204" lon="174.9594828">
                <ele>32.8</ele>
            </trkpt>
            <trkpt lat="-41.1699302" lon="174.9586648">
                <ele>29.5</ele>
            </trkpt>
            <trkpt lat="-41.1703905" lon="174.9579674">
                <ele>28.8</ele>
            </trkpt>
            <trkpt lat="-41.1707742" lon="174.9572861">
                <ele>29.5</ele>
            </trkpt>
            <trkpt lat="-41.1713294" lon="174.9563339">
                <ele>31.2</ele>
            </trkpt>
            <trkpt lat="-41.1716141" lon="174.9559021">
                <ele>32.5</ele>
            </trkpt>
            <trkpt lat="-41.1719371" lon="174.9554327">
                <ele>35</ele>
            </trkpt>
            <trkpt lat="-41.1723167" lon="174.954958">
                <ele>33.7</ele>
            </trkpt>
            <trkpt lat="-41.1727548" lon="174.9544564">
                <ele>32.2</ele>
            </trkpt>
            <trkpt lat="-41.1735119" lon="174.9535793">
                <ele>31.8</ele>
            </trkpt>
            <trkpt lat="-41.1742347" lon="174.9527532">
                <ele>33.8</ele>
            </trkpt>
            <trkpt lat="-41.1746001" lon="174.9522945">
                <ele>31.2</ele>
            </trkpt>
            <trkpt lat="-41.1749393" lon="174.951809">
                <ele>29.8</ele>
            </trkpt>
            <trkpt lat="-41.175337" lon="174.95116">
                <ele>31</ele>
            </trkpt>
            <trkpt lat="-41.1757812" lon="174.9503607">
                <ele>33.5</ele>
            </trkpt>
            <trkpt lat="-41.1759891" lon="174.9499905">
                <ele>33.2</ele>
            </trkpt>
            <trkpt lat="-41.1762152" lon="174.9496204">
                <ele>31.2</ele>
            </trkpt>
            <trkpt lat="-41.1763888" lon="174.9493575">
                <ele>30.5</ele>
            </trkpt>
            <trkpt lat="-41.1765685" lon="174.9491027">
                <ele>30</ele>
            </trkpt>
            <trkpt lat="-41.1767522" lon="174.9488479">
                <ele>31.2</ele>
            </trkpt>
            <trkpt lat="-41.1768915" lon="174.9486789">
                <ele>31.5</ele>
            </trkpt>
            <trkpt lat="-41.17715" lon="174.9483705">
                <ele>30.5</ele>
            </trkpt>
            <trkpt lat="-41.1775557" lon="174.9479306">
                <ele>32</ele>
            </trkpt>
            <trkpt lat="-41.1779837" lon="174.9474934">
                <ele>30</ele>
            </trkpt>
            <trkpt lat="-41.1790335" lon="174.9464098">
                <ele>27</ele>
            </trkpt>
            <trkpt lat="-41.1797058" lon="174.9457151">
                <ele>28.8</ele>
            </trkpt>
            <trkpt lat="-41.1803477" lon="174.9450606">
                <ele>30.5</ele>
            </trkpt>
            <trkpt lat="-41.1807858" lon="174.9446073">
                <ele>27.5</ele>
            </trkpt>
            <trkpt lat="-41.1811492" lon="174.9442184">
                <ele>25.2</ele>
            </trkpt>
            <trkpt lat="-41.1815529" lon="174.9437329">
                <ele>24.8</ele>
            </trkpt>
            <trkpt lat="-41.1820596" lon="174.9430409">
                <ele>23.2</ele>
            </trkpt>
            <trkpt lat="-41.1827742" lon="174.9419707">
                <ele>23</ele>
            </trkpt>
            <trkpt lat="-41.1834928" lon="174.9409059">
                <ele>22</ele>
            </trkpt>
            <trkpt lat="-41.1835251" lon="174.9408576">
                <ele>22.1</ele>
            </trkpt>
            <trkpt lat="-41.1839349" lon="174.940246">
                <ele>23.2</ele>
            </trkpt>
            <trkpt lat="-41.1841065" lon="174.9399698">
                <ele>23.8</ele>
            </trkpt>
            <trkpt lat="-41.184274" lon="174.9396908">
                <ele>23.2</ele>
            </trkpt>
            <trkpt lat="-41.1844355" lon="174.9394038">
                <ele>22.9</ele>
            </trkpt>
            <trkpt lat="-41.1848554" lon="174.938626">
                <ele>22</ele>
            </trkpt>
            <trkpt lat="-41.1853399" lon="174.9377167">
                <ele>22.2</ele>
            </trkpt>
            <trkpt lat="-41.1862058" lon="174.9360913">
                <ele>27.2</ele>
            </trkpt>
            <trkpt lat="-41.1871283" lon="174.9343586">
                <ele>31</ele>
            </trkpt>
            <trkpt lat="-41.1875421" lon="174.9335861">
                <ele>30.4</ele>
            </trkpt>
            <trkpt lat="-41.1878651" lon="174.9330309">
                <ele>30</ele>
            </trkpt>
            <trkpt lat="-41.188404" lon="174.9321592">
                <ele>33.5</ele>
            </trkpt>
            <trkpt lat="-41.188949" lon="174.9313143">
                <ele>31.8</ele>
            </trkpt>
            <trkpt lat="-41.1892437" lon="174.930861">
                <ele>31</ele>
            </trkpt>
            <trkpt lat="-41.1895788" lon="174.9303648">
                <ele>29</ele>
            </trkpt>
            <trkpt lat="-41.1897463" lon="174.9301153">
                <ele>29</ele>
            </trkpt>
            <trkpt lat="-41.1898856" lon="174.9299061">
                <ele>28</ele>
            </trkpt>
            <trkpt lat="-41.189928" lon="174.9298444">
                <ele>27</ele>
            </trkpt>
            <trkpt lat="-41.1899764" lon="174.9297693">
                <ele>27</ele>
            </trkpt>
            <trkpt lat="-41.19015" lon="174.9294636">
                <ele>26</ele>
            </trkpt>
            <trkpt lat="-41.1904649" lon="174.9289057">
                <ele>22.8</ele>
            </trkpt>
            <trkpt lat="-41.1905153" lon="174.9288172">
                <ele>23</ele>
            </trkpt>
            <trkpt lat="-41.1905981" lon="174.9286696">
                <ele>23</ele>
            </trkpt>
            <trkpt lat="-41.1906425" lon="174.9285918">
                <ele>24</ele>
            </trkpt>
            <trkpt lat="-41.1907434" lon="174.9284014">
                <ele>25.2</ele>
            </trkpt>
            <trkpt lat="-41.191028" lon="174.9278918">
                <ele>29</ele>
            </trkpt>
            <trkpt lat="-41.1911653" lon="174.9276558">
                <ele>28.9</ele>
            </trkpt>
            <trkpt lat="-41.1913086" lon="174.9274251">
                <ele>28.8</ele>
            </trkpt>
            <trkpt lat="-41.1917304" lon="174.9267465">
                <ele>26</ele>
            </trkpt>
            <trkpt lat="-41.1921886" lon="174.9260008">
                <ele>24.2</ele>
            </trkpt>
            <trkpt lat="-41.1925882" lon="174.9253222">
                <ele>22.2</ele>
            </trkpt>
            <trkpt lat="-41.1931836" lon="174.9242654">
                <ele>21</ele>
            </trkpt>
            <trkpt lat="-41.1937952" lon="174.9231711">
                <ele>17.5</ele>
            </trkpt>
            <trkpt lat="-41.1942755" lon="174.9223101">
                <ele>17.2</ele>
            </trkpt>
            <trkpt lat="-41.1944491" lon="174.9219775">
                <ele>17.8</ele>
            </trkpt>
            <trkpt lat="-41.1946953" lon="174.9215296">
                <ele>17</ele>
            </trkpt>
            <trkpt lat="-41.1949214" lon="174.9211273">
                <ele>18.8</ele>
            </trkpt>
            <trkpt lat="-41.1949355" lon="174.9211031">
                <ele>18.8</ele>
            </trkpt>
            <trkpt lat="-41.1950223" lon="174.920961">
                <ele>19</ele>
            </trkpt>
            <trkpt lat="-41.1953997" lon="174.9202394">
                <ele>21</ele>
            </trkpt>
            <trkpt lat="-41.1961525" lon="174.9188125">
                <ele>25.8</ele>
            </trkpt>
            <trkpt lat="-41.19676" lon="174.9176618">
                <ele>24.5</ele>
            </trkpt>
            <trkpt lat="-41.196976" lon="174.9172541">
                <ele>24.4</ele>
            </trkpt>
            <trkpt lat="-41.1971718" lon="174.916884">
                <ele>24.2</ele>
            </trkpt>
            <trkpt lat="-41.1973958" lon="174.9164844">
                <ele>23.2</ele>
            </trkpt>
            <trkpt lat="-41.1978055" lon="174.9157763">
                <ele>21</ele>
            </trkpt>
            <trkpt lat="-41.1981486" lon="174.9151969">
                <ele>21.5</ele>
            </trkpt>
            <trkpt lat="-41.1983948" lon="174.9147677">
                <ele>23.5</ele>
            </trkpt>
            <trkpt lat="-41.1985744" lon="174.9144325">
                <ele>25.8</ele>
            </trkpt>
            <trkpt lat="-41.1988388" lon="174.9139148">
                <ele>26.5</ele>
            </trkpt>
            <trkpt lat="-41.1990789" lon="174.9134696">
                <ele>26.2</ele>
            </trkpt>
            <trkpt lat="-41.1992021" lon="174.9132174">
                <ele>26</ele>
            </trkpt>
            <trkpt lat="-41.1993837" lon="174.9128768">
                <ele>25</ele>
            </trkpt>
            <trkpt lat="-41.1997187" lon="174.9122545">
                <ele>21.2</ele>
            </trkpt>
            <trkpt lat="-41.2001728" lon="174.9114579">
                <ele>18.8</ele>
            </trkpt>
            <trkpt lat="-41.2009316" lon="174.9101329">
                <ele>19.5</ele>
            </trkpt>
            <trkpt lat="-41.2017812" lon="174.9086684">
                <ele>21</ele>
            </trkpt>
            <trkpt lat="-41.2019083" lon="174.9084485">
                <ele>20.8</ele>
            </trkpt>
            <trkpt lat="-41.201977" lon="174.9083224">
                <ele>20.5</ele>
            </trkpt>
            <trkpt lat="-41.2021364" lon="174.9080247">
                <ele>20</ele>
            </trkpt>
            <trkpt lat="-41.2022635" lon="174.9077886">
                <ele>19</ele>
            </trkpt>
            <trkpt lat="-41.202316" lon="174.9076948">
                <ele>19</ele>
            </trkpt>
            <trkpt lat="-41.2024996" lon="174.9073407">
                <ele>19.2</ele>
            </trkpt>
            <trkpt lat="-41.20254" lon="174.9072602">
                <ele>19</ele>
            </trkpt>
            <trkpt lat="-41.2025622" lon="174.907212">
                <ele>19</ele>
            </trkpt>
            <trkpt lat="-41.2026752" lon="174.9069706">
                <ele>19</ele>
            </trkpt>
            <trkpt lat="-41.2028387" lon="174.9066353">
                <ele>17</ele>
            </trkpt>
            <trkpt lat="-41.2029517" lon="174.9063858">
                <ele>16</ele>
            </trkpt>
            <trkpt lat="-41.2030607" lon="174.9061444">
                <ele>15.5</ele>
            </trkpt>
            <trkpt lat="-41.203095" lon="174.9060693">
                <ele>16</ele>
            </trkpt>
            <trkpt lat="-41.2031373" lon="174.9059781">
                <ele>16</ele>
            </trkpt>
            <trkpt lat="-41.2031797" lon="174.9058869">
                <ele>16.2</ele>
            </trkpt>
            <trkpt lat="-41.2032806" lon="174.9056697">
                <ele>16</ele>
            </trkpt>
            <trkpt lat="-41.2035874" lon="174.9050152">
                <ele>18</ele>
            </trkpt>
            <trkpt lat="-41.2039849" lon="174.9041784">
                <ele>18.2</ele>
            </trkpt>
            <trkpt lat="-41.2048224" lon="174.902443">
                <ele>20</ele>
            </trkpt>
            <trkpt lat="-41.2048648" lon="174.9023545">
                <ele>20.2</ele>
            </trkpt>
            <trkpt lat="-41.2051695" lon="174.9017295">
                <ele>20.5</ele>
            </trkpt>
            <trkpt lat="-41.2053632" lon="174.9013379">
                <ele>19</ele>
            </trkpt>
            <trkpt lat="-41.2055186" lon="174.901059">
                <ele>17.5</ele>
            </trkpt>
            <trkpt lat="-41.205682" lon="174.9007881">
                <ele>15</ele>
            </trkpt>
            <trkpt lat="-41.2060332" lon="174.9002436">
                <ele>12.5</ele>
            </trkpt>
            <trkpt lat="-41.2062087" lon="174.8999727">
                <ele>12</ele>
            </trkpt>
            <trkpt lat="-41.2063681" lon="174.8997098">
                <ele>12.2</ele>
            </trkpt>
            <trkpt lat="-41.2065336" lon="174.8994201">
                <ele>13.2</ele>
            </trkpt>
            <trkpt lat="-41.2067515" lon="174.8990366">
                <ele>13.8</ele>
            </trkpt>
            <trkpt lat="-41.2071713" lon="174.8982802">
                <ele>13.2</ele>
            </trkpt>
            <trkpt lat="-41.2075385" lon="174.8976097">
                <ele>15.8</ele>
            </trkpt>
            <trkpt lat="-41.2078311" lon="174.8970464">
                <ele>18</ele>
            </trkpt>
            <trkpt lat="-41.2080935" lon="174.8965287">
                <ele>17.5</ele>
            </trkpt>
            <trkpt lat="-41.2084405" lon="174.8958501">
                <ele>17.8</ele>
            </trkpt>
            <trkpt lat="-41.2089753" lon="174.8947397">
                <ele>18.2</ele>
            </trkpt>
            <trkpt lat="-41.2093324" lon="174.8939914">
                <ele>19</ele>
            </trkpt>
            <trkpt lat="-41.209399" lon="174.8938519">
                <ele>19</ele>
            </trkpt>
            <trkpt lat="-41.2098853" lon="174.89283">
                <ele>19.2</ele>
            </trkpt>
            <trkpt lat="-41.2099559" lon="174.8926798">
                <ele>20</ele>
            </trkpt>
            <trkpt lat="-41.2102445" lon="174.8920843">
                <ele>22.2</ele>
            </trkpt>
            <trkpt lat="-41.2104483" lon="174.8917061">
                <ele>22.5</ele>
            </trkpt>
            <trkpt lat="-41.2106077" lon="174.8914352">
                <ele>22.7</ele>
            </trkpt>
            <trkpt lat="-41.2107187" lon="174.8912555">
                <ele>22.8</ele>
            </trkpt>
            <trkpt lat="-41.2108902" lon="174.8909926">
                <ele>23</ele>
            </trkpt>
            <trkpt lat="-41.2110738" lon="174.8907298">
                <ele>22.7</ele>
            </trkpt>
            <trkpt lat="-41.2113402" lon="174.8903489">
                <ele>22.2</ele>
            </trkpt>
            <trkpt lat="-41.2116509" lon="174.8899278">
                <ele>21.5</ele>
            </trkpt>
            <trkpt lat="-41.2120484" lon="174.8893753">
                <ele>20.5</ele>
            </trkpt>
            <trkpt lat="-41.212684" lon="174.8885089">
                <ele>21.2</ele>
            </trkpt>
            <trkpt lat="-41.2129766" lon="174.8880824">
                <ele>21.5</ele>
            </trkpt>
            <trkpt lat="-41.2136363" lon="174.8871759">
                <ele>21.2</ele>
            </trkpt>
            <trkpt lat="-41.2140782" lon="174.8865375">
                <ele>19.8</ele>
            </trkpt>
            <trkpt lat="-41.2143143" lon="174.8861861">
                <ele>20.2</ele>
            </trkpt>
            <trkpt lat="-41.214617" lon="174.8856658">
                <ele>19.2</ele>
            </trkpt>
            <trkpt lat="-41.2148187" lon="174.8853117">
                <ele>18.8</ele>
            </trkpt>
            <trkpt lat="-41.2149135" lon="174.8851427">
                <ele>18.5</ele>
            </trkpt>
            <trkpt lat="-41.2150205" lon="174.8849496">
                <ele>18.2</ele>
            </trkpt>
            <trkpt lat="-41.2151758" lon="174.8846331">
                <ele>17.5</ele>
            </trkpt>
            <trkpt lat="-41.2153978" lon="174.8841611">
                <ele>16.2</ele>
            </trkpt>
            <trkpt lat="-41.2156036" lon="174.8837185">
                <ele>15</ele>
            </trkpt>
            <trkpt lat="-41.2158134" lon="174.8832545">
                <ele>14.8</ele>
            </trkpt>
            <trkpt lat="-41.2159506" lon="174.8829004">
                <ele>14.5</ele>
            </trkpt>
            <trkpt lat="-41.2160636" lon="174.8826161">
                <ele>14</ele>
            </trkpt>
            <trkpt lat="-41.2162048" lon="174.8822621">
                <ele>14.8</ele>
            </trkpt>
            <trkpt lat="-41.2163501" lon="174.8819456">
                <ele>14.2</ele>
            </trkpt>
            <trkpt lat="-41.2165559" lon="174.8815003">
                <ele>14.1</ele>
            </trkpt>
            <trkpt lat="-41.2167758" lon="174.8810363">
                <ele>14</ele>
            </trkpt>
            <trkpt lat="-41.2171007" lon="174.8803684">
                <ele>14</ele>
            </trkpt>
            <trkpt lat="-41.2174114" lon="174.8796979">
                <ele>14</ele>
            </trkpt>
            <trkpt lat="-41.2175082" lon="174.8795101">
                <ele>14</ele>
            </trkpt>
            <trkpt lat="-41.2177261" lon="174.879038">
                <ele>13.5</ele>
            </trkpt>
            <trkpt lat="-41.2178694" lon="174.8786813">
                <ele>12.5</ele>
            </trkpt>
            <trkpt lat="-41.2181619" lon="174.8779088">
                <ele>13.8</ele>
            </trkpt>
            <trkpt lat="-41.2185372" lon="174.8768547">
                <ele>15.8</ele>
            </trkpt>
            <trkpt lat="-41.2190718" lon="174.8754331">
                <ele>15</ele>
            </trkpt>
            <trkpt lat="-41.2193462" lon="174.8746982">
                <ele>15.2</ele>
            </trkpt>
            <trkpt lat="-41.2196327" lon="174.8739928">
                <ele>14.5</ele>
            </trkpt>
            <trkpt lat="-41.2203106" lon="174.8724934">
                <ele>16.2</ele>
            </trkpt>
            <trkpt lat="-41.2205749" lon="174.8719329">
                <ele>15</ele>
            </trkpt>
            <trkpt lat="-41.2207585" lon="174.8715574">
                <ele>13.5</ele>
            </trkpt>
            <trkpt lat="-41.2209643" lon="174.8711148">
                <ele>13.8</ele>
            </trkpt>
            <trkpt lat="-41.2213395" lon="174.870286">
                <ele>13</ele>
            </trkpt>
            <trkpt lat="-41.2215635" lon="174.8697549">
                <ele>12</ele>
            </trkpt>
            <trkpt lat="-41.2217592" lon="174.8692694">
                <ele>10.5</ele>
            </trkpt>
            <trkpt lat="-41.2219306" lon="174.8688081">
                <ele>9</ele>
            </trkpt>
            <trkpt lat="-41.2222312" lon="174.8679873">
                <ele>8.5</ele>
            </trkpt>
            <trkpt lat="-41.2225056" lon="174.8671532">
                <ele>10</ele>
            </trkpt>
            <trkpt lat="-41.2229535" lon="174.8658469">
                <ele>8.2</ele>
            </trkpt>
            <trkpt lat="-41.2234296" lon="174.8643342">
                <ele>7.7</ele>
            </trkpt>
            <trkpt lat="-41.2236273" lon="174.863728">
                <ele>7.5</ele>
            </trkpt>
            <trkpt lat="-41.2237241" lon="174.8633873">
                <ele>7.2</ele>
            </trkpt>
            <trkpt lat="-41.2238008" lon="174.8631003">
                <ele>7</ele>
            </trkpt>
            <trkpt lat="-41.2238593" lon="174.8627999">
                <ele>5.8</ele>
            </trkpt>
            <trkpt lat="-41.2239118" lon="174.8625022">
                <ele>5.8</ele>
            </trkpt>
            <trkpt lat="-41.2239481" lon="174.862234">
                <ele>5.9</ele>
            </trkpt>
            <trkpt lat="-41.2239703" lon="174.8619765">
                <ele>5.9</ele>
            </trkpt>
            <trkpt lat="-41.2239904" lon="174.8616251">
                <ele>6</ele>
            </trkpt>
            <trkpt lat="-41.2239965" lon="174.8612952">
                <ele>6.5</ele>
            </trkpt>
            <trkpt lat="-41.2239925" lon="174.8610458">
                <ele>7</ele>
            </trkpt>
            <trkpt lat="-41.2239864" lon="174.8609251">
                <ele>7</ele>
            </trkpt>
            <trkpt lat="-41.2239763" lon="174.8607963">
                <ele>8</ele>
            </trkpt>
            <trkpt lat="-41.2239743" lon="174.8607481">
                <ele>8.1</ele>
            </trkpt>
            <trkpt lat="-41.2239642" lon="174.8605871">
                <ele>8.3</ele>
            </trkpt>
            <trkpt lat="-41.2239521" lon="174.8604423">
                <ele>8.5</ele>
            </trkpt>
            <trkpt lat="-41.2239279" lon="174.8602921">
                <ele>9</ele>
            </trkpt>
            <trkpt lat="-41.2239077" lon="174.8601553">
                <ele>9.6</ele>
            </trkpt>
            <trkpt lat="-41.2238593" lon="174.8598441">
                <ele>11</ele>
            </trkpt>
            <trkpt lat="-41.223829" lon="174.8596671">
                <ele>13</ele>
            </trkpt>
            <trkpt lat="-41.2238129" lon="174.8595491">
                <ele>14.2</ele>
            </trkpt>
            <trkpt lat="-41.2238008" lon="174.8594043">
                <ele>15.8</ele>
            </trkpt>
            <trkpt lat="-41.2237947" lon="174.8592862">
                <ele>16.8</ele>
            </trkpt>
            <trkpt lat="-41.2238069" lon="174.8591602">
                <ele>17.8</ele>
            </trkpt>
            <trkpt lat="-41.223827" lon="174.8590341">
                <ele>18.8</ele>
            </trkpt>
            <trkpt lat="-41.2238674" lon="174.8588786">
                <ele>19</ele>
            </trkpt>
            <trkpt lat="-41.2239339" lon="174.8586693">
                <ele>18.5</ele>
            </trkpt>
            <trkpt lat="-41.2240389" lon="174.8583636">
                <ele>18</ele>
            </trkpt>
            <trkpt lat="-41.2242043" lon="174.8578808">
                <ele>17</ele>
            </trkpt>
            <trkpt lat="-41.2249245" lon="174.8557028">
                <ele>17</ele>
            </trkpt>
            <trkpt lat="-41.2253945" lon="174.854292">
                <ele>17.8</ele>
            </trkpt>
            <trkpt lat="-41.2258747" lon="174.8528033">
                <ele>21.8</ele>
            </trkpt>
            <trkpt lat="-41.226034" lon="174.8523098">
                <ele>22.8</ele>
            </trkpt>
            <trkpt lat="-41.2262216" lon="174.8518378">
                <ele>16.2</ele>
            </trkpt>
            <trkpt lat="-41.2266453" lon="174.8509929">
                <ele>18.2</ele>
            </trkpt>
            <trkpt lat="-41.2268046" lon="174.8506361">
                <ele>25.2</ele>
            </trkpt>
            <trkpt lat="-41.2269459" lon="174.8502687">
                <ele>29</ele>
            </trkpt>
            <trkpt lat="-41.2270629" lon="174.8498717">
                <ele>16.2</ele>
            </trkpt>
            <trkpt lat="-41.2271718" lon="174.8494747">
                <ele>20.8</ele>
            </trkpt>
            <trkpt lat="-41.2272525" lon="174.8491743">
                <ele>17</ele>
            </trkpt>
            <trkpt lat="-41.2273836" lon="174.8486754">
                <ele>16.2</ele>
            </trkpt>
            <trkpt lat="-41.2279989" lon="174.8463231">
                <ele>12.8</ele>
            </trkpt>
            <trkpt lat="-41.2284185" lon="174.8446387">
                <ele>19</ele>
            </trkpt>
            <trkpt lat="-41.2285617" lon="174.8441291">
                <ele>19.8</ele>
            </trkpt>
            <trkpt lat="-41.2286847" lon="174.8437858">
                <ele>14.2</ele>
            </trkpt>
            <trkpt lat="-41.2288461" lon="174.8434451">
                <ele>12.8</ele>
            </trkpt>
            <trkpt lat="-41.2290781" lon="174.843016">
                <ele>11.5</ele>
            </trkpt>
            <trkpt lat="-41.2293303" lon="174.8426646">
                <ele>10</ele>
            </trkpt>
            <trkpt lat="-41.2296046" lon="174.8423508">
                <ele>8.5</ele>
            </trkpt>
            <trkpt lat="-41.2299213" lon="174.8420584">
                <ele>10.2</ele>
            </trkpt>
            <trkpt lat="-41.2306354" lon="174.8414013">
                <ele>13.8</ele>
            </trkpt>
            <trkpt lat="-41.2308452" lon="174.8411652">
                <ele>16.5</ele>
            </trkpt>
            <trkpt lat="-41.2310126" lon="174.8409426">
                <ele>16</ele>
            </trkpt>
            <trkpt lat="-41.2312607" lon="174.8405483">
                <ele>13</ele>
            </trkpt>
            <trkpt lat="-41.2314342" lon="174.8402131">
                <ele>12.5</ele>
            </trkpt>
            <trkpt lat="-41.2316299" lon="174.8397303">
                <ele>15.2</ele>
            </trkpt>
            <trkpt lat="-41.2319445" lon="174.8386976">
                <ele>31.5</ele>
            </trkpt>
            <trkpt lat="-41.2320999" lon="174.8382282">
                <ele>11</ele>
            </trkpt>
            <trkpt lat="-41.2322471" lon="174.8378688">
                <ele>12</ele>
            </trkpt>
            <trkpt lat="-41.2324428" lon="174.8374906">
                <ele>11</ele>
            </trkpt>
            <trkpt lat="-41.2326606" lon="174.8371607">
                <ele>11.2</ele>
            </trkpt>
            <trkpt lat="-41.23282" lon="174.8369488">
                <ele>10.5</ele>
            </trkpt>
            <trkpt lat="-41.2329914" lon="174.8367503">
                <ele>9.5</ele>
            </trkpt>
            <trkpt lat="-41.2342824" lon="174.8353475">
                <ele>11.8</ele>
            </trkpt>
            <trkpt lat="-41.2349904" lon="174.8344463">
                <ele>10.5</ele>
            </trkpt>
            <trkpt lat="-41.2356983" lon="174.8333734">
                <ele>12.5</ele>
            </trkpt>
            <trkpt lat="-41.2371062" lon="174.8309809">
                <ele>14</ele>
            </trkpt>
            <trkpt lat="-41.2388711" lon="174.8278964">
                <ele>15.8</ele>
            </trkpt>
            <trkpt lat="-41.2399844" lon="174.8263273">
                <ele>14.2</ele>
            </trkpt>
            <trkpt lat="-41.2409565" lon="174.8246562">
                <ele>17.8</ele>
            </trkpt>
            <trkpt lat="-41.2421142" lon="174.822607">
                <ele>14.5</ele>
            </trkpt>
            <trkpt lat="-41.2426951" lon="174.8215905">
                <ele>23</ele>
            </trkpt>
            <trkpt lat="-41.2432477" lon="174.8205712">
                <ele>13.2</ele>
            </trkpt>
            <trkpt lat="-41.2435744" lon="174.8200133">
                <ele>14</ele>
            </trkpt>
            <trkpt lat="-41.2439838" lon="174.819265">
                <ele>15</ele>
            </trkpt>
            <trkpt lat="-41.2442782" lon="174.8187661">
                <ele>16.2</ele>
            </trkpt>
            <trkpt lat="-41.2446634" lon="174.8181787">
                <ele>15</ele>
            </trkpt>
            <trkpt lat="-41.2450406" lon="174.8176208">
                <ele>14</ele>
            </trkpt>
            <trkpt lat="-41.2455891" lon="174.8169288">
                <ele>13</ele>
            </trkpt>
            <trkpt lat="-41.2461074" lon="174.8162556">
                <ele>12</ele>
            </trkpt>
            <trkpt lat="-41.2464281" lon="174.8158398">
                <ele>10.8</ele>
            </trkpt>
            <trkpt lat="-41.2466842" lon="174.8154965">
                <ele>10</ele>
            </trkpt>
            <trkpt lat="-41.2469423" lon="174.8151344">
                <ele>9.5</ele>
            </trkpt>
            <trkpt lat="-41.2471561" lon="174.8148152">
                <ele>8.8</ele>
            </trkpt>
            <trkpt lat="-41.2474526" lon="174.8143592">
                <ele>9</ele>
            </trkpt>
            <trkpt lat="-41.2476925" lon="174.8139837">
                <ele>9</ele>
            </trkpt>
            <trkpt lat="-41.2479749" lon="174.8135439">
                <ele>8</ele>
            </trkpt>
            <trkpt lat="-41.2482733" lon="174.8130691">
                <ele>7.2</ele>
            </trkpt>
            <trkpt lat="-41.248602" lon="174.8125488">
                <ele>7</ele>
            </trkpt>
            <trkpt lat="-41.2491203" lon="174.8116475">
                <ele>6.2</ele>
            </trkpt>
            <trkpt lat="-41.2495196" lon="174.8109072">
                <ele>6</ele>
            </trkpt>
            <trkpt lat="-41.2506711" lon="174.8088098">
                <ele>10</ele>
            </trkpt>
            <trkpt lat="-41.2509897" lon="174.8082358">
                <ele>11</ele>
            </trkpt>
            <trkpt lat="-41.2512095" lon="174.8078522">
                <ele>11.2</ele>
            </trkpt>
            <trkpt lat="-41.2514454" lon="174.8074955">
                <ele>11.5</ele>
            </trkpt>
            <trkpt lat="-41.2516632" lon="174.8071897">
                <ele>11</ele>
            </trkpt>
            <trkpt lat="-41.2518508" lon="174.806951">
                <ele>10.5</ele>
            </trkpt>
            <trkpt lat="-41.2520685" lon="174.8067042">
                <ele>8.8</ele>
            </trkpt>
            <trkpt lat="-41.2523488" lon="174.8064038">
                <ele>8</ele>
            </trkpt>
            <trkpt lat="-41.2526775" lon="174.8060551">
                <ele>8.2</ele>
            </trkpt>
            <trkpt lat="-41.2529498" lon="174.8057413">
                <ele>8</ele>
            </trkpt>
            <trkpt lat="-41.2531615" lon="174.8054811">
                <ele>8.2</ele>
            </trkpt>
            <trkpt lat="-41.2535124" lon="174.8050091">
                <ele>9.8</ele>
            </trkpt>
            <trkpt lat="-41.2537846" lon="174.8045585">
                <ele>5.2</ele>
            </trkpt>
            <trkpt lat="-41.25396" lon="174.80425">
                <ele>5.8</ele>
            </trkpt>
            <trkpt lat="-41.2541274" lon="174.803912">
                <ele>5.1</ele>
            </trkpt>
            <trkpt lat="-41.2545145" lon="174.8031503">
                <ele>3.5</ele>
            </trkpt>
            <trkpt lat="-41.2547384" lon="174.8026541">
                <ele>3.2</ele>
            </trkpt>
            <trkpt lat="-41.2549582" lon="174.8020667">
                <ele>3.8</ele>
            </trkpt>
            <trkpt lat="-41.2551275" lon="174.8015302">
                <ele>4.2</ele>
            </trkpt>
            <trkpt lat="-41.2553191" lon="174.8007953">
                <ele>5</ele>
            </trkpt>
            <trkpt lat="-41.2555066" lon="174.8000282">
                <ele>1.5</ele>
            </trkpt>
            <trkpt lat="-41.2557123" lon="174.799363">
                <ele>6</ele>
            </trkpt>
            <trkpt lat="-41.2559644" lon="174.7986791">
                <ele>4.4</ele>
            </trkpt>
            <trkpt lat="-41.2563092" lon="174.7978556">
                <ele>2.5</ele>
            </trkpt>
            <trkpt lat="-41.2568314" lon="174.7966406">
                <ele>4.2</ele>
            </trkpt>
            <trkpt lat="-41.2570109" lon="174.7962409">
                <ele>2.8</ele>
            </trkpt>
            <trkpt lat="-41.2572407" lon="174.7957447">
                <ele>2.8</ele>
            </trkpt>
            <trkpt lat="-41.2574968" lon="174.7952566">
                <ele>6</ele>
            </trkpt>
            <trkpt lat="-41.257884" lon="174.7946021">
                <ele>4.5</ele>
            </trkpt>
            <trkpt lat="-41.2584626" lon="174.7937599">
                <ele>2.8</ele>
            </trkpt>
            <trkpt lat="-41.25888" lon="174.7932315">
                <ele>2.2</ele>
            </trkpt>
            <trkpt lat="-41.2591825" lon="174.7928855">
                <ele>3.5</ele>
            </trkpt>
            <trkpt lat="-41.2594869" lon="174.7925636">
                <ele>4.8</ele>
            </trkpt>
            <trkpt lat="-41.2598499" lon="174.7922149">
                <ele>5.2</ele>
            </trkpt>
            <trkpt lat="-41.2601442" lon="174.7919467">
                <ele>6.8</ele>
            </trkpt>
            <trkpt lat="-41.2605878" lon="174.791539">
                <ele>6.5</ele>
            </trkpt>
            <trkpt lat="-41.2608721" lon="174.7912708">
                <ele>6.4</ele>
            </trkpt>
            <trkpt lat="-41.2610758" lon="174.7910616">
                <ele>6.2</ele>
            </trkpt>
            <trkpt lat="-41.2612774" lon="174.7908175">
                <ele>6.2</ele>
            </trkpt>
            <trkpt lat="-41.2614427" lon="174.7905815">
                <ele>6.2</ele>
            </trkpt>
            <trkpt lat="-41.2616464" lon="174.7902435">
                <ele>6.2</ele>
            </trkpt>
            <trkpt lat="-41.2618197" lon="174.7899002">
                <ele>6.2</ele>
            </trkpt>
            <trkpt lat="-41.262094" lon="174.7893128">
                <ele>6.2</ele>
            </trkpt>
            <trkpt lat="-41.2623238" lon="174.7888219">
                <ele>6.2</ele>
            </trkpt>
            <trkpt lat="-41.2623641" lon="174.7887415">
                <ele>6.2</ele>
            </trkpt>
            <trkpt lat="-41.2624911" lon="174.7884893">
                <ele>6.2</ele>
            </trkpt>
            <trkpt lat="-41.2626766" lon="174.7881675">
                <ele>6.2</ele>
            </trkpt>
            <trkpt lat="-41.2627633" lon="174.7880334">
                <ele>6.2</ele>
            </trkpt>
            <trkpt lat="-41.2628742" lon="174.7878939">
                <ele>6.2</ele>
            </trkpt>
            <trkpt lat="-41.2630819" lon="174.7876579">
                <ele>6.2</ele>
            </trkpt>
            <trkpt lat="-41.2632996" lon="174.7874326">
                <ele>6.2</ele>
            </trkpt>
            <trkpt lat="-41.2640295" lon="174.7867513">
                <ele>6.2</ele>
            </trkpt>
            <trkpt lat="-41.2649166" lon="174.7859198">
                <ele>6.2</ele>
            </trkpt>
            <trkpt lat="-41.2651948" lon="174.7856462">
                <ele>6.2</ele>
            </trkpt>
            <trkpt lat="-41.266848" lon="174.7837982">
                <ele>6.2</ele>
            </trkpt>
            <trkpt lat="-41.2671524" lon="174.7834736">
                <ele>6.2</ele>
            </trkpt>
            <trkpt lat="-41.2676061" lon="174.7830391">
                <ele>6.2</ele>
            </trkpt>
            <trkpt lat="-41.2680919" lon="174.7825912">
                <ele>6.2</ele>
            </trkpt>
            <trkpt lat="-41.2697955" lon="174.7810328">
                <ele>6.2</ele>
            </trkpt>
            <trkpt lat="-41.2700313" lon="174.7807807">
                <ele>6.2</ele>
            </trkpt>
            <trkpt lat="-41.2702813" lon="174.7804588">
                <ele>20</ele>
            </trkpt>
            <trkpt lat="-41.2704224" lon="174.7802523">
                <ele>21</ele>
            </trkpt>
            <trkpt lat="-41.2706583" lon="174.7798607">
                <ele>22</ele>
            </trkpt>
            <trkpt lat="-41.2708095" lon="174.7796085">
                <ele>22</ele>
            </trkpt>
            <trkpt lat="-41.2709103" lon="174.7794423">
                <ele>21.7</ele>
            </trkpt>
            <trkpt lat="-41.2711844" lon="174.7789782">
                <ele>21</ele>
            </trkpt>
            <trkpt lat="-41.271507" lon="174.7785088">
                <ele>21.5</ele>
            </trkpt>
            <trkpt lat="-41.2719364" lon="174.7779992">
                <ele>22</ele>
            </trkpt>
            <trkpt lat="-41.2721944" lon="174.7776908">
                <ele>23</ele>
            </trkpt>
            <trkpt lat="-41.27239" lon="174.7774574">
                <ele>23.8</ele>
            </trkpt>
            <trkpt lat="-41.2734685" lon="174.7761914">
                <ele>28</ele>
            </trkpt>
            <trkpt lat="-41.2742345" lon="174.7752795">
                <ele>28.2</ele>
            </trkpt>
            <trkpt lat="-41.2745792" lon="174.7748664">
                <ele>29.8</ele>
            </trkpt>
            <trkpt lat="-41.2749501" lon="174.7744668">
                <ele>31.8</ele>
            </trkpt>
            <trkpt lat="-41.2752323" lon="174.7741932">
                <ele>34</ele>
            </trkpt>
            <trkpt lat="-41.2754641" lon="174.7740027">
                <ele>34.8</ele>
            </trkpt>
            <trkpt lat="-41.275696" lon="174.7738418">
                <ele>35</ele>
            </trkpt>
            <trkpt lat="-41.275954" lon="174.7736943">
                <ele>35.5</ele>
            </trkpt>
            <trkpt lat="-41.2762039" lon="174.7735816">
                <ele>36</ele>
            </trkpt>
            <trkpt lat="-41.2764237" lon="174.7734985">
                <ele>35.5</ele>
            </trkpt>
            <trkpt lat="-41.276726" lon="174.77341">
                <ele>35</ele>
            </trkpt>
            <trkpt lat="-41.2769961" lon="174.773367">
                <ele>34</ele>
            </trkpt>
            <trkpt lat="-41.277234" lon="174.773351">
                <ele>34</ele>
            </trkpt>
            <trkpt lat="-41.2773953" lon="174.773351">
                <ele>34</ele>
            </trkpt>
            <trkpt lat="-41.2776916" lon="174.773359">
                <ele>34</ele>
            </trkpt>
            <trkpt lat="-41.2781149" lon="174.7733939">
                <ele>32</ele>
            </trkpt>
            <trkpt lat="-41.2783386" lon="174.773418">
                <ele>33</ele>
            </trkpt>
            <trkpt lat="-41.2788546" lon="174.7734609">
                <ele>36</ele>
            </trkpt>
            <trkpt lat="-41.279034" lon="174.773469">
                <ele>36.8</ele>
            </trkpt>
            <trkpt lat="-41.2792537" lon="174.7734582">
                <ele>36.6</ele>
            </trkpt>
            <trkpt lat="-41.2794835" lon="174.7734502">
                <ele>36.5</ele>
            </trkpt>
            <trkpt lat="-41.2796992" lon="174.7734556">
                <ele>37</ele>
            </trkpt>
            <trkpt lat="-41.2798625" lon="174.773469">
                <ele>37.2</ele>
            </trkpt>
            <trkpt lat="-41.2801769" lon="174.7735199">
                <ele>38</ele>
            </trkpt>
            <trkpt lat="-41.2804934" lon="174.7735736">
                <ele>39.5</ele>
            </trkpt>
            <trkpt lat="-41.2811868" lon="174.7736862">
                <ele>41</ele>
            </trkpt>
            <trkpt lat="-41.2816463" lon="174.7737533">
                <ele>41</ele>
            </trkpt>
            <trkpt lat="-41.2819507" lon="174.7737989">
                <ele>41</ele>
            </trkpt>
            <trkpt lat="-41.2823437" lon="174.7738498">
                <ele>41</ele>
            </trkpt>
            <trkpt lat="-41.2824707" lon="174.7738552">
                <ele>41</ele>
            </trkpt>
            <trkpt lat="-41.2827448" lon="174.7738472">
                <ele>41</ele>
            </trkpt>
            <trkpt lat="-41.2830048" lon="174.7738096">
                <ele>41</ele>
            </trkpt>
            <trkpt lat="-41.2833193" lon="174.7737372">
                <ele>41</ele>
            </trkpt>
            <trkpt lat="-41.2835954" lon="174.7736353">
                <ele>41</ele>
            </trkpt>
            <trkpt lat="-41.2843008" lon="174.7732812">
                <ele>41</ele>
            </trkpt>
            <trkpt lat="-41.2850244" lon="174.7728977">
                <ele>41</ele>
            </trkpt>
            <trkpt lat="-41.2851494" lon="174.7728333">
                <ele>44</ele>
            </trkpt>
            <trkpt lat="-41.2854134" lon="174.7726992">
                <ele>45</ele>
            </trkpt>
            <trkpt lat="-41.285752" lon="174.7725061">
                <ele>46.2</ele>
            </trkpt>
            <trkpt lat="-41.2858568" lon="174.7724497">
                <ele>46.8</ele>
            </trkpt>
            <trkpt lat="-41.2863667" lon="174.7721735">
                <ele>50.8</ele>
            </trkpt>
            <trkpt lat="-41.2865763" lon="174.7720689">
                <ele>52.5</ele>
            </trkpt>
            <trkpt lat="-41.2865844" lon="174.7720635">
                <ele>52.6</ele>
            </trkpt>
            <trkpt lat="-41.2869089" lon="174.7718972">
                <ele>55.8</ele>
            </trkpt>
            <trkpt lat="-41.2871205" lon="174.7717631">
                <ele>55.8</ele>
            </trkpt>
            <trkpt lat="-41.2871709" lon="174.771747">
                <ele>55.8</ele>
            </trkpt>
            <trkpt lat="-41.2874289" lon="174.7716451">
                <ele>55.8</ele>
            </trkpt>
            <trkpt lat="-41.2877392" lon="174.7715592">
                <ele>55.8</ele>
            </trkpt>
            <trkpt lat="-41.2880194" lon="174.7715244">
                <ele>55.8</ele>
            </trkpt>
            <trkpt lat="-41.2883277" lon="174.7715163">
                <ele>55.8</ele>
            </trkpt>
            <trkpt lat="-41.2886522" lon="174.7715458">
                <ele>55.8</ele>
            </trkpt>
            <trkpt lat="-41.2912782" lon="174.7717738">
                <ele>34</ele>
            </trkpt>
            <trkpt lat="-41.2914294" lon="174.7717899">
                <ele>32</ele>
            </trkpt>
            <trkpt lat="-41.2914657" lon="174.7717926">
                <ele>31.8</ele>
            </trkpt>
            <trkpt lat="-41.2915664" lon="174.7718033">
                <ele>31</ele>
            </trkpt>
            <trkpt lat="-41.2917599" lon="174.7718436">
                <ele>29.8</ele>
            </trkpt>
            <trkpt lat="-41.2918345" lon="174.7718543">
                <ele>29.5</ele>
            </trkpt>
            <trkpt lat="-41.2919836" lon="174.7718543">
                <ele>29.2</ele>
            </trkpt>
            <trkpt lat="-41.2922033" lon="174.7718355">
                <ele>29.1</ele>
            </trkpt>
            <trkpt lat="-41.292296" lon="174.7718275">
                <ele>29.1</ele>
            </trkpt>
            <trkpt lat="-41.2924048" lon="174.7718087">
                <ele>29</ele>
            </trkpt>
            <trkpt lat="-41.2925862" lon="174.7717711">
                <ele>29.2</ele>
            </trkpt>
            <trkpt lat="-41.2927192" lon="174.7717282">
                <ele>30</ele>
            </trkpt>
            <trkpt lat="-41.2928905" lon="174.7716585">
                <ele>30.5</ele>
            </trkpt>
            <trkpt lat="-41.2930517" lon="174.7715861">
                <ele>30.2</ele>
            </trkpt>
            <trkpt lat="-41.2931404" lon="174.7715485">
                <ele>30.5</ele>
            </trkpt>
            <trkpt lat="-41.293221" lon="174.7715163">
                <ele>30.8</ele>
            </trkpt>
            <trkpt lat="-41.2932976" lon="174.771511">
                <ele>30.6</ele>
            </trkpt>
            <trkpt lat="-41.2933761" lon="174.771519">
                <ele>30.5</ele>
            </trkpt>
            <trkpt lat="-41.2935031" lon="174.7715673">
                <ele>30.2</ele>
            </trkpt>
            <trkpt lat="-41.2935837" lon="174.7716317">
                <ele>30</ele>
            </trkpt>
            <trkpt lat="-41.2936462" lon="174.7716907">
                <ele>30</ele>
            </trkpt>
            <trkpt lat="-41.2937127" lon="174.7717738">
                <ele>29.8</ele>
            </trkpt>
            <trkpt lat="-41.293749" lon="174.7718301">
                <ele>29.5</ele>
            </trkpt>
            <trkpt lat="-41.2937832" lon="174.7718972">
                <ele>29.2</ele>
            </trkpt>
            <trkpt lat="-41.2938094" lon="174.7719616">
                <ele>29</ele>
            </trkpt>
            <trkpt lat="-41.2938175" lon="174.7719803">
                <ele>29</ele>
            </trkpt>
            <trkpt lat="-41.2938497" lon="174.7720581">
                <ele>29</ele>
            </trkpt>
            <trkpt lat="-41.293888" lon="174.7721735">
                <ele>28.5</ele>
            </trkpt>
            <trkpt lat="-41.2939807" lon="174.7724551">
                <ele>27</ele>
            </trkpt>
            <trkpt lat="-41.2940271" lon="174.7725597">
                <ele>26.5</ele>
            </trkpt>
            <trkpt lat="-41.2941016" lon="174.7727823">
                <ele>25.2</ele>
            </trkpt>
            <trkpt lat="-41.2941117" lon="174.7728091">
                <ele>25</ele>
            </trkpt>
            <trkpt lat="-41.2941379" lon="174.7729084">
                <ele>25</ele>
            </trkpt>
            <trkpt lat="-41.2941681" lon="174.773021">
                <ele>24</ele>
            </trkpt>
            <trkpt lat="-41.2943253" lon="174.7735173">
                <ele>23</ele>
            </trkpt>
            <trkpt lat="-41.2944785" lon="174.7740027">
                <ele>21.8</ele>
            </trkpt>
            <trkpt lat="-41.2945268" lon="174.7741503">
                <ele>21.6</ele>
            </trkpt>
            <trkpt lat="-41.294541" lon="174.7741878">
                <ele>21.6</ele>
            </trkpt>
            <trkpt lat="-41.2946357" lon="174.7744775">
                <ele>21.2</ele>
            </trkpt>
            <trkpt lat="-41.2947364" lon="174.7747859">
                <ele>20.8</ele>
            </trkpt>
            <trkpt lat="-41.2947445" lon="174.7748101">
                <ele>20.7</ele>
            </trkpt>
            <trkpt lat="-41.2947687" lon="174.7748825">
                <ele>20.7</ele>
            </trkpt>
            <trkpt lat="-41.2947989" lon="174.774971">
                <ele>20.6</ele>
            </trkpt>
            <trkpt lat="-41.29495" lon="174.775427">
                <ele>20.2</ele>
            </trkpt>
            <trkpt lat="-41.2950689" lon="174.7757971">
                <ele>18.8</ele>
            </trkpt>
            <trkpt lat="-41.2951133" lon="174.7759393">
                <ele>18.5</ele>
            </trkpt>
            <trkpt lat="-41.2951858" lon="174.7761673">
                <ele>18.3</ele>
            </trkpt>
            <trkpt lat="-41.2952201" lon="174.7762772">
                <ele>18.2</ele>
            </trkpt>
            <trkpt lat="-41.2953087" lon="174.7765481">
                <ele>17.2</ele>
            </trkpt>
            <trkpt lat="-41.2953793" lon="174.7767842">
                <ele>17</ele>
            </trkpt>
            <trkpt lat="-41.2954377" lon="174.7769746">
                <ele>16.8</ele>
            </trkpt>
            <trkpt lat="-41.2954458" lon="174.7770014">
                <ele>16.8</ele>
            </trkpt>
            <trkpt lat="-41.2954921" lon="174.7771409">
                <ele>17</ele>
            </trkpt>
            <trkpt lat="-41.2955385" lon="174.777275">
                <ele>17</ele>
            </trkpt>
            <trkpt lat="-41.2957178" lon="174.7778383">
                <ele>16.8</ele>
            </trkpt>
            <trkpt lat="-41.2958327" lon="174.7781816">
                <ele>16.6</ele>
            </trkpt>
            <trkpt lat="-41.2959012" lon="174.7783989">
                <ele>16.5</ele>
            </trkpt>
            <trkpt lat="-41.2959435" lon="174.778533">
                <ele>16.8</ele>
            </trkpt>
            <trkpt lat="-41.296139" lon="174.7791526">
                <ele>18.2</ele>
            </trkpt>
            <trkpt lat="-41.2962377" lon="174.7794637">
                <ele>17.5</ele>
            </trkpt>
            <trkpt lat="-41.2962478" lon="174.7794986">
                <ele>17.4</ele>
            </trkpt>
            <trkpt lat="-41.296272" lon="174.779571">
                <ele>17.2</ele>
            </trkpt>
            <trkpt lat="-41.2963022" lon="174.7796488">
                <ele>17</ele>
            </trkpt>
            <trkpt lat="-41.2964151" lon="174.7799948">
                <ele>16</ele>
            </trkpt>
            <trkpt lat="-41.2964171" lon="174.7800028">
                <ele>16</ele>
            </trkpt>
            <trkpt lat="-41.2965219" lon="174.7803301">
                <ele>15</ele>
            </trkpt>
            <trkpt lat="-41.296534" lon="174.7803676">
                <ele>14.9</ele>
            </trkpt>
            <trkpt lat="-41.2966851" lon="174.780829">
                <ele>14.2</ele>
            </trkpt>
            <trkpt lat="-41.2967194" lon="174.7809309">
                <ele>14</ele>
            </trkpt>
            <trkpt lat="-41.296798" lon="174.7811723">
                <ele>13.5</ele>
            </trkpt>
            <trkpt lat="-41.296935" lon="174.7816041">
                <ele>11</ele>
            </trkpt>
            <trkpt lat="-41.2970196" lon="174.781867">
                <ele>10.5</ele>
            </trkpt>
            <trkpt lat="-41.2970277" lon="174.7818938">
                <ele>10.6</ele>
            </trkpt>
            <trkpt lat="-41.2970539" lon="174.781985">
                <ele>11</ele>
            </trkpt>
            <trkpt lat="-41.297074" lon="174.782044">
                <ele>10</ele>
            </trkpt>
            <trkpt lat="-41.2970962" lon="174.782111">
                <ele>9.8</ele>
            </trkpt>
            <trkpt lat="-41.2971466" lon="174.782272">
                <ele>10</ele>
            </trkpt>
            <trkpt lat="-41.2975133" lon="174.7820681">
                <ele>9.5</ele>
            </trkpt>
            <trkpt lat="-41.2977491" lon="174.7819367">
                <ele>9.2</ele>
            </trkpt>
            <trkpt lat="-41.2981058" lon="174.7817355">
                <ele>9</ele>
            </trkpt>
            <trkpt lat="-41.2982952" lon="174.7816309">
                <ele>9</ele>
            </trkpt>
            <trkpt lat="-41.2984483" lon="174.7815451">
                <ele>9</ele>
            </trkpt>
            <trkpt lat="-41.2989239" lon="174.7812769">
                <ele>9</ele>
            </trkpt>
            <trkpt lat="-41.2991718" lon="174.7811401">
                <ele>10</ele>
            </trkpt>
            <trkpt lat="-41.2992564" lon="174.7810918">
                <ele>10</ele>
            </trkpt>
            <trkpt lat="-41.2992765" lon="174.7810811">
                <ele>10</ele>
            </trkpt>
            <trkpt lat="-41.299339" lon="174.7810435">
                <ele>10.1</ele>
            </trkpt>
            <trkpt lat="-41.2993833" lon="174.7810167">
                <ele>10.1</ele>
            </trkpt>
            <trkpt lat="-41.2994297" lon="174.7810033">
                <ele>10.2</ele>
            </trkpt>
            <trkpt lat="-41.2994861" lon="174.7809979">
                <ele>10.2</ele>
            </trkpt>
            <trkpt lat="-41.2995466" lon="174.7810087">
                <ele>10.5</ele>
            </trkpt>
            <trkpt lat="-41.2995848" lon="174.7810248">
                <ele>10.7</ele>
            </trkpt>
            <trkpt lat="-41.2996534" lon="174.7810864">
                <ele>11</ele>
            </trkpt>
            <trkpt lat="-41.2997017" lon="174.7811455">
                <ele>11.1</ele>
            </trkpt>
            <trkpt lat="-41.299742" lon="174.781242">
                <ele>11.2</ele>
            </trkpt>
            <trkpt lat="-41.2998085" lon="174.7814405">
                <ele>11.1</ele>
            </trkpt>
            <trkpt lat="-41.2998448" lon="174.7815344">
                <ele>11</ele>
            </trkpt>
            <trkpt lat="-41.2999012" lon="174.7816283">
                <ele>11.2</ele>
            </trkpt>
            <trkpt lat="-41.2999536" lon="174.7816846">
                <ele>11.5</ele>
            </trkpt>
            <trkpt lat="-41.3000201" lon="174.7817329">
                <ele>12</ele>
            </trkpt>
            <trkpt lat="-41.3001027" lon="174.7817758">
                <ele>12.5</ele>
            </trkpt>
            <trkpt lat="-41.3001813" lon="174.7817865">
                <ele>12.8</ele>
            </trkpt>
            <trkpt lat="-41.3002518" lon="174.7817865">
                <ele>13</ele>
            </trkpt>
            <trkpt lat="-41.3004836" lon="174.7817731">
                <ele>14</ele>
            </trkpt>
            <trkpt lat="-41.3005077" lon="174.7817677">
                <ele>14</ele>
            </trkpt>
            <trkpt lat="-41.3005359" lon="174.7817704">
                <ele>14.1</ele>
            </trkpt>
            <trkpt lat="-41.3005702" lon="174.7817785">
                <ele>14.1</ele>
            </trkpt>
            <trkpt lat="-41.3005964" lon="174.7817919">
                <ele>14.1</ele>
            </trkpt>
            <trkpt lat="-41.3006367" lon="174.7818267">
                <ele>14.2</ele>
            </trkpt>
            <trkpt lat="-41.3006629" lon="174.7818643">
                <ele>14.2</ele>
            </trkpt>
            <trkpt lat="-41.3006931" lon="174.781934">
                <ele>14.2</ele>
            </trkpt>
            <trkpt lat="-41.3007475" lon="174.7821057">
                <ele>15.2</ele>
            </trkpt>
            <trkpt lat="-41.3008704" lon="174.7823068">
                <ele>16</ele>
            </trkpt>
            <trkpt lat="-41.300947" lon="174.7824302">
                <ele>17.2</ele>
            </trkpt>
            <trkpt lat="-41.3011324" lon="174.782685">
                <ele>19</ele>
            </trkpt>
            <trkpt lat="-41.3011989" lon="174.7827843">
                <ele>19.8</ele>
            </trkpt>
            <trkpt lat="-41.3012392" lon="174.7828487">
                <ele>20.2</ele>
            </trkpt>
            <trkpt lat="-41.3012875" lon="174.7829559">
                <ele>21.2</ele>
            </trkpt>
            <trkpt lat="-41.301352" lon="174.7831383">
                <ele>22.8</ele>
            </trkpt>
            <trkpt lat="-41.3014467" lon="174.7834146">
                <ele>26</ele>
            </trkpt>
            <trkpt lat="-41.3016361" lon="174.7839779">
                <ele>32</ele>
            </trkpt>
            <trkpt lat="-41.3018437" lon="174.7845653">
                <ele>32</ele>
            </trkpt>
            <trkpt lat="-41.304175" lon="174.7913539">
                <ele>61</ele>
            </trkpt>
            <trkpt lat="-41.3044208" lon="174.7920755">
                <ele>49</ele>
            </trkpt>
            <trkpt lat="-41.3044369" lon="174.7921211">
                <ele>48.2</ele>
            </trkpt>
            <trkpt lat="-41.3044974" lon="174.7922525">
                <ele>45.8</ele>
            </trkpt>
            <trkpt lat="-41.3045054" lon="174.7922739">
                <ele>45</ele>
            </trkpt>
            <trkpt lat="-41.3045961" lon="174.792408">
                <ele>42.2</ele>
            </trkpt>
            <trkpt lat="-41.3047371" lon="174.7925663">
                <ele>40</ele>
            </trkpt>
            <trkpt lat="-41.3047916" lon="174.7926146">
                <ele>39</ele>
            </trkpt>
            <trkpt lat="-41.3048742" lon="174.7926655">
                <ele>37.8</ele>
            </trkpt>
            <trkpt lat="-41.3049507" lon="174.7927031">
                <ele>37</ele>
            </trkpt>
            <trkpt lat="-41.3050333" lon="174.7927326">
                <ele>36</ele>
            </trkpt>
            <trkpt lat="-41.3051421" lon="174.7927541">
                <ele>35</ele>
            </trkpt>
            <trkpt lat="-41.3052389" lon="174.7927541">
                <ele>34.5</ele>
            </trkpt>
            <trkpt lat="-41.3053174" lon="174.792746">
                <ele>34.2</ele>
            </trkpt>
            <trkpt lat="-41.3053456" lon="174.7927406">
                <ele>34</ele>
            </trkpt>
            <trkpt lat="-41.3053759" lon="174.7927353">
                <ele>33.8</ele>
            </trkpt>
            <trkpt lat="-41.3055774" lon="174.7927004">
                <ele>32.8</ele>
            </trkpt>
            <trkpt lat="-41.3058615" lon="174.7926387">
                <ele>31.8</ele>
            </trkpt>
            <trkpt lat="-41.3060569" lon="174.7925904">
                <ele>30.8</ele>
            </trkpt>
            <trkpt lat="-41.3062302" lon="174.7925448">
                <ele>29.8</ele>
            </trkpt>
            <trkpt lat="-41.3066654" lon="174.7923866">
                <ele>28.5</ele>
            </trkpt>
            <trkpt lat="-41.3070804" lon="174.7922283">
                <ele>29</ele>
            </trkpt>
            <trkpt lat="-41.3073545" lon="174.7921264">
                <ele>28.3</ele>
            </trkpt>
            <trkpt lat="-41.3079589" lon="174.7919038">
                <ele>26.8</ele>
            </trkpt>
            <trkpt lat="-41.3086822" lon="174.7916248">
                <ele>22.2</ele>
            </trkpt>
            <trkpt lat="-41.3087144" lon="174.7916114">
                <ele>22</ele>
            </trkpt>
            <trkpt lat="-41.3089743" lon="174.7915041">
                <ele>21</ele>
            </trkpt>
            <trkpt lat="-41.3097803" lon="174.7911716">
                <ele>20.8</ele>
            </trkpt>
            <trkpt lat="-41.3099515" lon="174.7910991">
                <ele>21</ele>
            </trkpt>
            <trkpt lat="-41.3102356" lon="174.7909865">
                <ele>22</ele>
            </trkpt>
            <trkpt lat="-41.3108199" lon="174.7907478">
                <ele>26</ele>
            </trkpt>
            <trkpt lat="-41.3110556" lon="174.7906539">
                <ele>28.5</ele>
            </trkpt>
            <trkpt lat="-41.3111926" lon="174.7905895">
                <ele>30</ele>
            </trkpt>
            <trkpt lat="-41.3112389" lon="174.7905922">
                <ele>30.2</ele>
            </trkpt>
            <trkpt lat="-41.3115995" lon="174.7904581">
                <ele>34.8</ele>
            </trkpt>
            <trkpt lat="-41.3116801" lon="174.7904393">
                <ele>35.2</ele>
            </trkpt>
            <trkpt lat="-41.3117627" lon="174.7904554">
                <ele>35</ele>
            </trkpt>
            <trkpt lat="-41.3118131" lon="174.7904956">
                <ele>35</ele>
            </trkpt>
            <trkpt lat="-41.3118554" lon="174.7906029">
                <ele>33</ele>
            </trkpt>
            <trkpt lat="-41.3118756" lon="174.7906941">
                <ele>31.5</ele>
            </trkpt>
            <trkpt lat="-41.3118977" lon="174.7908926">
                <ele>28.5</ele>
            </trkpt>
            <trkpt lat="-41.3119158" lon="174.7909489">
                <ele>27</ele>
            </trkpt>
            <trkpt lat="-41.3119219" lon="174.791303">
                <ele>23.2</ele>
            </trkpt>
            <trkpt lat="-41.3119259" lon="174.7914156">
                <ele>22.5</ele>
            </trkpt>
            <trkpt lat="-41.3119299" lon="174.7914988">
                <ele>22</ele>
            </trkpt>
            <trkpt lat="-41.3119662" lon="174.7923571">
                <ele>17</ele>
            </trkpt>
            <trkpt lat="-41.3119763" lon="174.7926334">
                <ele>15</ele>
            </trkpt>
            <trkpt lat="-41.3119823" lon="174.7928774">
                <ele>14</ele>
            </trkpt>
            <trkpt lat="-41.3119884" lon="174.7929901">
                <ele>13.5</ele>
            </trkpt>
            <trkpt lat="-41.3120045" lon="174.7933817">
                <ele>12</ele>
            </trkpt>
            <trkpt lat="-41.3120045" lon="174.7933924">
                <ele>12</ele>
            </trkpt>
            <trkpt lat="-41.3120105" lon="174.7935051">
                <ele>12</ele>
            </trkpt>
            <trkpt lat="-41.3120327" lon="174.7935963">
                <ele>11.8</ele>
            </trkpt>
            <trkpt lat="-41.3120468" lon="174.7936526">
                <ele>11.5</ele>
            </trkpt>
            <trkpt lat="-41.3120831" lon="174.793784">
                <ele>11</ele>
            </trkpt>
            <trkpt lat="-41.3121657" lon="174.794122">
                <ele>10.9</ele>
            </trkpt>
            <trkpt lat="-41.3122221" lon="174.7943714">
                <ele>10.8</ele>
            </trkpt>
            <trkpt lat="-41.3122745" lon="174.7946155">
                <ele>10.7</ele>
            </trkpt>
            <trkpt lat="-41.3123268" lon="174.7949937">
                <ele>10.5</ele>
            </trkpt>
            <trkpt lat="-41.312353" lon="174.7952512">
                <ele>10</ele>
            </trkpt>
            <trkpt lat="-41.3122906" lon="174.7955087">
                <ele>9.2</ele>
            </trkpt>
            <trkpt lat="-41.3122664" lon="174.795565">
                <ele>9</ele>
            </trkpt>
            <trkpt lat="-41.3122261" lon="174.7956321">
                <ele>9</ele>
            </trkpt>
            <trkpt lat="-41.3121878" lon="174.7956884">
                <ele>9</ele>
            </trkpt>
            <trkpt lat="-41.3120891" lon="174.7957957">
                <ele>9</ele>
            </trkpt>
            <trkpt lat="-41.3117386" lon="174.7960371">
                <ele>11</ele>
            </trkpt>
            <trkpt lat="-41.3116741" lon="174.7961095">
                <ele>11.4</ele>
            </trkpt>
            <trkpt lat="-41.3116237" lon="174.7961953">
                <ele>11.8</ele>
            </trkpt>
            <trkpt lat="-41.3114424" lon="174.7965199">
                <ele>11</ele>
            </trkpt>
            <trkpt lat="-41.3115049" lon="174.7965762">
                <ele>10</ele>
            </trkpt>
            <trkpt lat="-41.3116036" lon="174.7966701">
                <ele>8.8</ele>
            </trkpt>
            <trkpt lat="-41.3117083" lon="174.7964957">
                <ele>9</ele>
            </trkpt>
            <trkpt lat="-41.3118816" lon="174.7962168">
                <ele>8.8</ele>
            </trkpt>
            <trkpt lat="-41.3119126" lon="174.7962907">
                <ele>8.4</ele>
            </trkpt>
            <extensions>
                <osmand:route>
                    <segment id="48847757" length="80" startTrkptIdx="0" segmentTime="332.51" speed="9.72" turnType="C" turnAngle="" types="0,1,2" pointTypes=";3;4;4;;5;;3;;3;;4;;4;;;3;6;;6;;;4;;6;6;4;;4;4;4;4;4;;;;;;;3;;;;4;4;4;3;3;;;;3;6;7;5;;;;;6;6;;;3;3;5;5;3;4;3;4;;;;;3;4;;;" names="0"/>
                    <segment id="1088739044" length="2" startTrkptIdx="79" segmentTime="0.81" speed="9.72" turnType="" turnAngle="" types="8,0,1,2" pointTypes="" names="0"/>
                    <segment id="1088739043" length="51" startTrkptIdx="80" segmentTime="308.12" speed="9.72" turnType="" turnAngle="" types="0,1,2" pointTypes=";;;;;5;6;;;;;5;7;6;4;;;4;3;4;5;;;3;7;;7;3;;4;4;;;;;;;3;5;;;4;4;;;5;5;4;;;9,10" names="0"/>
                    <segment id="1056351300" length="3" startTrkptIdx="130" segmentTime="12.15" speed="1.72" turnType="" turnAngle="" types="0,11,1,2" pointTypes="9,10;;" names="0"/>
                    <segment id="1056351298" length="2" startTrkptIdx="132" segmentTime="2.57" speed="9.72" turnType="" turnAngle="" types="8,0,11,1,2" pointTypes="" names="0"/>
                    <segment id="1056351299" length="2" startTrkptIdx="133" segmentTime="3.04" speed="9.72" turnType="" turnAngle="" types="0,11,1,2" pointTypes=";" names="0"/>
                    <segment id="1056351297" length="14" startTrkptIdx="134" segmentTime="91.99" speed="9.72" turnType="" turnAngle="" types="0,1,2" pointTypes=";;;;;;;;;4;5;4;4;" names="0"/>
                    <segment id="118990432" length="19" startTrkptIdx="147" segmentTime="161.01" speed="26.07" turnType="TR" turnAngle="70.14" types="12,13,14,15,16,17,18,19,20,21,22,23,24,25,26,27,28,29,30,31,32,33,34,35,36,37,38,39,40,41,42,43,44" pointTypes=";45,4;;45,4;;45,4;46,3;46,3;45,4;45,4;;;;45,4;45,4;45,4;45,4;47,5;45,4" names="0,0,237,238,239,240,241,242,243,244,245,246,247,248,249,250,251,252,253"/>
                    <segment id="118990432" length="4" startTrkptIdx="165" segmentTime="66.16" speed="26.07" turnType="" turnAngle="" types="12,13,14,15,16,17,18,19,20,21,22,23,24,25,26,27,28,29,30,31,32,33,34,35,36,37,38,39,40,41,42,43,44" pointTypes="45,4;45,4;;" names="0,0,237,238,239,240,241,242,243,244,245,246,247,248,249,250,251,252,253"/>
                    <segment id="118990432" length="15" startTrkptIdx="168" segmentTime="114.28" speed="26.07" turnType="" turnAngle="" types="12,13,14,15,16,17,18,19,20,21,22,23,24,25,26,27,28,29,30,31,32,33,34,35,36,37,38,39,40,41,42,43,44" pointTypes=";48;;;;;;;;49,6;46,3;47,5;46,3;45,4;45,4" names="0,0,237,238,239,240,241,242,243,244,245,246,247,248,249,250,251,252,253"/>
                    <segment id="591501121" length="9" startTrkptIdx="182" segmentTime="51.99" speed="26.07" turnType="" turnAngle="" types="12,13,14,15,16,17,50,18,19,20,21,51,52,22,23,24,25,26,27,28,29,30,31,32,33,34,35,36,37,38,39,40,41,42,43,44" pointTypes=";45,4;53,54;;45,4;;45,4" names="0,0,237,238,239,240,241,242,243,244,245,246,254,255,256,257,258,259,260,261,262,247,248,249,250,251,252,253"/>
                    <segment id="87654866" length="2" startTrkptIdx="190" segmentTime="2.41" speed="26.07" turnType="" turnAngle="" types="12,8,13,14,15,16,17,18,19,20,21,51,52,22,23,24,25,26,27,28,29,30,31,32,33,34,35,36,37,38,39,40,41,42,43,44" pointTypes="" names="0,0,237,238,239,240,241,242,243,244,245,246,254,255,256,257,258,259,260,261,262,247,248,249,250,251,252,253"/>
                    <segment id="48036647" length="44" startTrkptIdx="191" segmentTime="178.22" speed="26.07" turnType="" turnAngle="" types="12,13,14,15,16,17,50,18,19,20,21,51,52,22,23,24,25,26,27,28,29,30,31,32,33,34,35,36,37,38,39,40,41,42,43,44" pointTypes=";45,4;45,4;;;;;45,4;;;;45,4;;;;;;;;;;;;53,54;;;;;53,54;;;;;;;;;;53,54;;;45,4;45,4;45,4" names="0,0,237,238,239,240,241,242,243,244,245,246,254,255,256,257,258,259,260,261,262,247,248,249,250,251,252,253"/>
                    <segment id="162939628" length="7" startTrkptIdx="234" segmentTime="27.10" speed="13.89" turnType="" turnAngle="" types="12,13,14,15,55,17,18,19,20,21,51,52,22,23,24,25,26,27,28,29,30,31,32,33,34,35,36,37,38,39,40,41,42,43,44" pointTypes=";45,4;45,4;46,3;45,4;45,4;45,4" names="0,0,237,238,239,240,241,242,243,244,245,246,254,255,256,257,258,259,260,261,262,247,248,249,250,251,252,253"/>
                    <segment id="114493714" length="13" startTrkptIdx="240" segmentTime="43.27" speed="11.96" turnType="" turnAngle="" types="12,13,14,15,56,55,18,19,20,21,51,52,22,23,24,25,26,27,28,29,30,31,32,33,34,35,36,37,38,39,40,41,42,43,44" pointTypes=";;45,4;;57,58,59,60;45,4;;;;;;61,60,62,45,4;" names="0,0,237,238,239,240,241,242,243,244,245,246,254,255,256,257,258,259,260,261,262,247,248,249,250,251,252,253"/>
                    <segment id="819634105" length="2" startTrkptIdx="252" segmentTime="5.16" speed="13.89" turnType="" turnAngle="" types="12,13,14,15,56,55,18,19,20,21,51,52,22,23,24,25,26,27,28,29,30,31,32,33,34,35,36,37,38,39,40,41,42,43,44" pointTypes=";46,3" names="0,0,237,238,239,240,241,242,243,244,245,246,254,255,256,257,258,259,260,261,262,247,248,249,250,251,252,253"/>
                    <segment id="1377350525" length="2" startTrkptIdx="253" segmentTime="1.38" speed="13.89" turnType="" turnAngle="" types="12,13,14,15,56,55,18,19,20,21,51,52,22,63,23,24,25,26,27,28,29,30,31,32,33,34,35,36,37,38,39,40,41,42,43,44" pointTypes=";48,46,3" names="0,0,237,238,239,240,241,242,243,244,245,246,254,255,256,257,258,259,260,261,262,247,248,249,250,251,252,253"/>
                    <segment id="466737030" length="3" startTrkptIdx="254" segmentTime="3.19" speed="13.89" turnType="TL" turnAngle="-78.24" types="64,15,55,17,65,66,51,52,67,68,69,70,71" pointTypes="48;72,10;" names="0,0,263,264,265,254,266,256,257,258,267,260,268,269,270,271,272"/>
                    <segment id="819634106" length="2" startTrkptIdx="256" segmentTime="8.58" speed="13.89" turnType="" turnAngle="" types="64,15,55,17,65,66,51,52,67,68,69,70,71" pointTypes=";" names="0,0,263,264,265,254,266,256,257,258,267,260,268,269,270,271"/>
                    <segment id="1024109247" length="3" startTrkptIdx="257" segmentTime="16.55" speed="9.69" turnType="" turnAngle="" types="64,15,55,17,65,66,51,52,67,68,69,70,71" pointTypes=";61,60,4,62;" names="0,0,263,264,265,254,266,256,257,258,267,260,268,269,270,271"/>
                    <segment id="1411693533" length="7" startTrkptIdx="259" segmentTime="0.91" speed="13.89" turnType="RNLB2" turnAngle="-0.49" types="64,73,11,55,65,67" pointTypes="" names="0"/>
                    <segment id="1411693534" length="8" startTrkptIdx="265" segmentTime="1.19" speed="13.89" turnType="" turnAngle="" types="64,73,11,55,65,67" pointTypes="" names="0"/>
                    <segment id="114493720" length="3" startTrkptIdx="272" segmentTime="5.83" speed="13.89" turnType="" turnAngle="" types="64,15,55,17,65,66,51,52,67,68,69,70,71" pointTypes=";;4" names="0,0,263,264,265,254,266,256,257,258,267,260,268,269,270,271"/>
                    <segment id="1411693498" length="4" startTrkptIdx="274" segmentTime="9.04" speed="13.89" turnType="" turnAngle="" types="64,15,55,17,65,66,51,52,67,68,69,70,71" pointTypes=";;4;" names="0,0,263,264,265,254,266,256,257,258,267,260,268,269,270,271"/>
                    <segment id="1411693499" length="3" startTrkptIdx="277" segmentTime="17.45" speed="13.89" turnType="" turnAngle="" types="64,15,55,17,74,75,76,77,65,66,51,52,78,68,69,70,71" pointTypes=";4;" names="0,0,263,264,265,254,266,256,257,258,267,260,268,269,270,271"/>
                    <segment id="1411693500" length="3" startTrkptIdx="279" segmentTime="11.11" speed="7.64" turnType="" turnAngle="" types="64,15,55,17,65,66,51,52,67,68,69,70,71" pointTypes=";58,61,60,62;4" names="0,0,263,264,265,254,266,256,257,258,267,260,268,269,270,271"/>
                    <segment id="1411693501" length="2" startTrkptIdx="281" segmentTime="9.23" speed="13.89" turnType="" turnAngle="" types="64,15,55,17,65,66,51,52,67,68,69,70,71" pointTypes=";4" names="0,0,263,264,265,254,266,256,257,258,267,260,268,269,270,271"/>
                    <segment id="1411693502" length="2" startTrkptIdx="282" segmentTime="6.42" speed="13.89" turnType="" turnAngle="" types="64,15,55,17,65,66,51,52,67,68,69,70,71" pointTypes=";" names="0,0,263,264,265,254,266,256,257,258,267,260,268,269,270,271"/>
                    <segment id="164558612" length="6" startTrkptIdx="283" segmentTime="18.72" speed="13.89" turnType="" turnAngle="" types="64,15,56,55,17,79,65,66,51,52,78,68,69,70,71" pointTypes=";;;;;" names="0,0,263,264,265,254,266,256,257,258,267,260,268,269,270,271"/>
                    <segment id="87329833" length="9" startTrkptIdx="288" segmentTime="17.60" speed="16.44" turnType="" turnAngle="" types="64,15,80,17,79,65,66,51,52,78,68,69,70,71" pointTypes="4;;;;3;;" names="0,0,263,264,265,254,266,256,257,258,267,260,268,269,270,271"/>
                    <segment id="87329832" length="2" startTrkptIdx="296" segmentTime="7.08" speed="16.44" turnType="" turnAngle="" types="8,64,15,80,17,65,66,51,52,67,68,69,70,71" pointTypes="" names="0,0,263,264,265,254,266,256,257,258,267,260,268,269,270,271"/>
                    <segment id="31890578" length="10" startTrkptIdx="297" segmentTime="28.24" speed="16.44" turnType="" turnAngle="" types="64,15,81,80,17,77,65,66,51,52,78,68,69,70,71" pointTypes="4;;;;;;;4;4" names="0,0,263,264,265,254,266,256,257,258,267,260,268,269,270,271"/>
                    <segment id="31890578" length="2" startTrkptIdx="306" segmentTime="4.99" speed="16.44" turnType="" turnAngle="" types="64,15,81,80,17,77,65,66,51,52,78,68,69,70,71" pointTypes="4;" names="0,0,263,264,265,254,266,256,257,258,267,260,268,269,270,271"/>
                    <segment id="466737033" length="4" startTrkptIdx="307" segmentTime="2.52" speed="16.44" turnType="C" turnAngle="-0.66" types="64,15,80,17,65,66,51,52,67,68,69,70,71" pointTypes=";;" names="0,0,263,264,265,254,266,256,257,258,267,260,268,269,270,271"/>
                    <segment id="1067020203" length="9" startTrkptIdx="310" segmentTime="7.16" speed="16.44" turnType="" turnAngle="" types="64,15,80,65,67" pointTypes="4;4;;;;;;;" names="0"/>
                    <segment id="1067457101" length="28" startTrkptIdx="318" segmentTime="125.63" speed="26.07" turnType="" turnAngle="" types="64,15,16,79,65,78" pointTypes=";;;;;;;;;;;;;;;;;4;4;;4;4;;;;;4;" names="0"/>
                    <segment id="1067457102" length="2" startTrkptIdx="345" segmentTime="0.89" speed="26.07" turnType="" turnAngle="" types="8,64,15,16,18,22" pointTypes="" names="0"/>
                    <segment id="27614751" length="69" startTrkptIdx="346" segmentTime="157.71" speed="26.07" turnType="" turnAngle="" types="64,15,16,65,67" pointTypes=";;;3;4;4;;;;;4;4;;;4;4;3;3;;3;4;;;;;;5;5;5;;6;;;6;6;5;6;3;3;4;3;6;5;5;;;4;;;;;;;;;;;;;;;;;;;;3;5" names="0"/>
                    <segment id="27614751" length="3" startTrkptIdx="414" segmentTime="6.16" speed="26.07" turnType="" turnAngle="" types="64,15,16,65,67" pointTypes="5;5;3" names="0"/>
                    <segment id="27614751" length="28" startTrkptIdx="416" segmentTime="73.46" speed="26.07" turnType="" turnAngle="" types="64,15,16,65,67" pointTypes="3;;;4;;;;;;5;4;4;;5;;;;;;;4;;;;3;4;;" names="0"/>
                    <segment id="1067455613" length="9" startTrkptIdx="443" segmentTime="22.93" speed="21.26" turnType="" turnAngle="" types="64,15,82,18,22" pointTypes=";;;;;;;;" names="0"/>
                    <segment id="1067455614" length="2" startTrkptIdx="451" segmentTime="2.10" speed="21.26" turnType="" turnAngle="" types="64,11,82,83,18,22" pointTypes=";" names="0"/>
                    <segment id="400079142" length="2" startTrkptIdx="452" segmentTime="3.37" speed="21.26" turnType="" turnAngle="" types="8,64,11,82,83,18,22" pointTypes="" names="0"/>
                    <segment id="1067455615" length="3" startTrkptIdx="453" segmentTime="1.88" speed="21.26" turnType="" turnAngle="" types="64,11,82,83,18,22" pointTypes="3;3;9,10" names="0"/>
                    <segment id="1067455616" length="24" startTrkptIdx="455" segmentTime="38.68" speed="21.26" turnType="" turnAngle="" types="64,15,82,18,22" pointTypes="9,10,6;6;5;3;4;;;3;;4;4;4;4;;;4;4;;;;3;5;5;" names="0"/>
                    <segment id="400079141" length="68" startTrkptIdx="478" segmentTime="155.22" speed="26.07" turnType="" turnAngle="" types="64,15,16,18,22" pointTypes="4;;;;;4;;;;4;;;;4;6;;;;;;;;;;;4;4;;;;;4;3;;;;3;3;;;;;;3;;4;;;;;;;;;;;;;;;;;;;;;;" names="0"/>
                    <segment id="400079141" length="2" startTrkptIdx="545" segmentTime="0.71" speed="26.07" turnType="" turnAngle="" types="64,15,16,18,22" pointTypes=";" names="0"/>
                    <segment id="1067999292" length="2" startTrkptIdx="546" segmentTime="1.39" speed="26.07" turnType="" turnAngle="" types="8,64,15,16,18,22" pointTypes="" names="0"/>
                    <segment id="1068022095" length="39" startTrkptIdx="547" segmentTime="58.02" speed="26.07" turnType="" turnAngle="" types="64,15,16,18,22" pointTypes="6;7;7;7;;;6;;5;5;6;6;5;6;3;3;5;3;4;;3;;;;;4;4;4;;;4;;4;;;;;;" names="0"/>
                    <segment id="1068022095" length="4" startTrkptIdx="585" segmentTime="5.62" speed="26.07" turnType="" turnAngle="" types="64,15,16,18,22" pointTypes=";;;" names="0"/>
                    <segment id="1068022098" length="8" startTrkptIdx="588" segmentTime="8.12" speed="26.07" turnType="" turnAngle="" types="64,84,85,86,16,18,22" pointTypes=";;;;;;;" names="0"/>
                    <segment id="1068022097" length="17" startTrkptIdx="595" segmentTime="16.81" speed="26.07" turnType="" turnAngle="" types="64,15,16,18,22" pointTypes=";;;;;;;;;;;;;;;4;" names="0"/>
                    <segment id="1068022096" length="2" startTrkptIdx="611" segmentTime="0.49" speed="26.07" turnType="" turnAngle="" types="8,64,15,16,18,22" pointTypes="" names="0"/>
                    <segment id="520153786" length="70" startTrkptIdx="612" segmentTime="155.79" speed="26.07" turnType="" turnAngle="" types="64,16,18,22" pointTypes="4;3;3;3;4;;;;;;;4;3;3;5;3;4;4;4;4;4;4;;;;;4;3;;3;4;;;;4;;;;4;4;;;6;;6;5;5;;5;6;;;3;4;;4;4;;4;;;;;;;;3;;;" names="0"/>
                    <segment id="681748375" length="68" startTrkptIdx="681" segmentTime="185.99" speed="26.07" turnType="" turnAngle="" types="87,16,18,22" pointTypes=";;;;;;;;;;;;;;;;;;;;;;;;4;;;;;;;;;;3;4;;;;;;;;;;;4;;;3;4;;;;;;4;4;;;;;;;;;4;" names="0"/>
                    <segment id="681748376" length="2" startTrkptIdx="748" segmentTime="1.69" speed="26.07" turnType="" turnAngle="" types="8,87,16,18,22" pointTypes="" names="0"/>
                    <segment id="27614725" length="66" startTrkptIdx="749" segmentTime="165.71" speed="26.07" turnType="" turnAngle="" types="87,16,18,22" pointTypes="4;;;;;;5;;;3;5;4;3;;;;4;4;;;;;;;3;4;4;;6;3;;;;4;;;;;;;4;4;5;3;;;;;;;;;;3;5;6;3;;;;;;;;;" names="0"/>
                    <segment id="161494128" length="65" startTrkptIdx="814" segmentTime="156.61" speed="26.07" turnType="" turnAngle="" types="87,16,18,22" pointTypes="4;3;3;4;4;;;3;5;3;4;4;;;;;4;;;;;3;;;3;;;3;;;;;;;;;;;;;4;;4;;5;;3;4;4;4;;;;;;4;3;;;;;;;;" names="0"/>
                    <segment id="1237409493" length="9" startTrkptIdx="878" segmentTime="12.66" speed="26.07" turnType="TSLL" turnAngle="-12.78" types="87,16,18,22" pointTypes=";;;;;;;;" names="0"/>
                    <segment id="1237409494" length="2" startTrkptIdx="886" segmentTime="1.23" speed="26.07" turnType="" turnAngle="" types="8,87,16,18,22" pointTypes="" names="0"/>
                    <segment id="27575770" length="81" startTrkptIdx="887" segmentTime="247.63" speed="25.02" turnType="" turnAngle="" types="87,16,18,22" pointTypes=";3;;;;;;4;3;3;3;;;;;;;;4;3;4;;;;;;4;5;3;3;4;4;4;;;;;;;;;4;4;4;4;;4;3;6;;;4;4;;;;4;;;;;;4;3;5;4;4;5;5;6;5;3;;;;;;;72,10;" names="0"/>
                    <segment id="775148840" length="3" startTrkptIdx="967" segmentTime="6.64" speed="26.07" turnType="TR" turnAngle="91.42" types="87,16,18,22" pointTypes=";;72,10" names="0"/>
                    <segment id="400079376" length="4" startTrkptIdx="969" segmentTime="11.52" speed="3.43" turnType="" turnAngle="" types="87,11,16,18,22" pointTypes="72,10;;;" names="0"/>
                    <segment id="400079375" length="2" startTrkptIdx="972" segmentTime="1.83" speed="26.07" turnType="" turnAngle="" types="8,87,11,16,83,18,22" pointTypes="" names="0"/>
                    <segment id="775148841" length="2" startTrkptIdx="973" segmentTime="0.84" speed="26.07" turnType="" turnAngle="" types="87,11,16,18,22" pointTypes=";" names="0"/>
                    <segment id="1237408452" length="5" startTrkptIdx="974" segmentTime="8.93" speed="26.07" turnType="" turnAngle="" types="87,16,18,22" pointTypes=";;;" names="0"/>
                    <segment id="1237408452" length="37" startTrkptIdx="978" segmentTime="126.31" speed="26.07" turnType="" turnAngle="" types="87,16,18,22" pointTypes=";;;;;;;;4;4;;;4;;;4;4;5;4;;;;;4;;3;;;4;;5;;;;;;" names="0"/>
                    <segment id="1237408453" length="2" startTrkptIdx="1014" segmentTime="2.51" speed="26.07" turnType="" turnAngle="" types="8,87,16,18,22" pointTypes="" names="0"/>
                    <segment id="775143035" length="16" startTrkptIdx="1015" segmentTime="42.71" speed="26.07" turnType="" turnAngle="" types="87,16,18,22" pointTypes="3;;;;4;;;;3;3;4;;;;4;3" names="0"/>
                    <segment id="775143035" length="91" startTrkptIdx="1030" segmentTime="156.43" speed="26.07" turnType="TSLR" turnAngle="12.23" types="87,16,18,22" pointTypes="3;3;3;5;;6;3;3;4;;3;5;;6;;3;;5;7;6;4;;;;;;;;;4;6;5;5;;;;;3;;;;4;6;;;;;;3;5;4;3;;;;3;;;6;6;;;;;;4;;;;;;;;5;;3;;3;;;4;;;;;;;;;;6" names="0"/>
                    <segment id="775143035" length="160" startTrkptIdx="1120" segmentTime="243.71" speed="26.07" turnType="" turnAngle="" types="87,16,18,22" pointTypes="6;;;;;;;;;;;;;;;;;;;;;;;;;;;;;;;;;;;;;3;3;4;4;3;5;3;4;4;5;3;4;4;4;;;;;4;5;4;5;3;;;;;;;4;3;5;3;;;;;;;3;;;;;;;;;;;;;;;;;;5;6;;5;;;;;;;;;;;;;;4;4;4;;;4;;;;;;;4;;;;;4;;;3;5;4;;;;;;;;;;;;;;;;;;;;;;;;;;" names="0"/>
                    <segment id="1008268899" length="3" startTrkptIdx="1279" segmentTime="2.03" speed="26.07" turnType="" turnAngle="" types="8,87,16,18,22" pointTypes="" names="0"/>
                    <segment id="1008268898" length="15" startTrkptIdx="1281" segmentTime="28.76" speed="26.07" turnType="" turnAngle="" types="87,16,18,22" pointTypes="4;;4;5;4;;;;;;;;;;" names="0"/>
                    <segment id="1008268898" length="6" startTrkptIdx="1295" segmentTime="7.52" speed="26.07" turnType="C" turnAngle="0.55" types="87,16,18,22" pointTypes=";;;;;" names="0"/>
                    <segment id="775143036" length="2" startTrkptIdx="1300" segmentTime="1.20" speed="26.07" turnType="" turnAngle="" types="8,87,16,18,22" pointTypes="" names="0"/>
                    <segment id="206465081" length="74" startTrkptIdx="1301" segmentTime="131.85" speed="26.07" turnType="" turnAngle="" types="87,16,18,22" pointTypes=";;;4;4;4;3;3;4;3;5;3;3;4;5;5;3;5;5;3;5;3;5;3;3;3;3;3;5;6;5;5;;5;5;5;6;3;;4;5;6;6;5;;5;3;3;4;;;;;;;;;;;;;;;;;;;;;;;;;" names="0"/>
                    <segment id="1390632592" length="9" startTrkptIdx="1374" segmentTime="22.98" speed="7.84" turnType="" turnAngle="" types="87,55,18,22" pointTypes=";3;3;3;5;4;4;88,4;" names="235"/>
                    <segment id="27575854" length="21" startTrkptIdx="1382" segmentTime="62.99" speed="5.69" turnType="" turnAngle="" types="87,89,65,67" pointTypes=";88,4;;;;4;4;;;4;;;;;3;88,3;3;3;4;;3" names="235"/>
                    <segment id="27575854" length="6" startTrkptIdx="1402" segmentTime="16.71" speed="8.33" turnType="" turnAngle="" types="87,89,65,67" pointTypes="3;3" names="235"/>
                    <segment id="206465838" length="2" startTrkptIdx="1407" segmentTime="1.23" speed="8.33" turnType="" turnAngle="" types="8,87,15,89,18,22" pointTypes="" names="235"/>
                    <segment id="385084650" length="56" startTrkptIdx="1408" segmentTime="105.86" speed="4.40" turnType="" turnAngle="" types="87,89,65,67" pointTypes=";;;;;88,6;5;;;;;;;;;;;;;;;;;57,59,60,90;;;;;;;;;57,59,60,90,3;;;;;;;57,59,60,90;4;;4;;;;;;;57,59,60,90,3;5;;;;;" names="235"/>
                    <segment id="206465837" length="29" startTrkptIdx="1463" segmentTime="61.45" speed="4.13" turnType="" turnAngle="" types="91,89,18,22" pointTypes=";;88;;;57,92,59,60,93;;;;;;;4;;;88;;4;3;3;3;5;88,5;;7;7;7;;" names="235"/>
                    <segment id="206465837" length="11" startTrkptIdx="1491" segmentTime="3.85" speed="8.33" turnType="TSLR" turnAngle="27.92" types="91,89,18,22" pointTypes=";;6" names="235"/>
                    <segment id="997603632" length="17" startTrkptIdx="1501" segmentTime="6.33" speed="8.33" turnType="" turnAngle="" types="91,89,94,65,67" pointTypes="3;;;;;;;4;;;;;;;;;" names="235"/>
                    <segment id="997603633" length="3" startTrkptIdx="1517" segmentTime="1.96" speed="8.33" turnType="TL" turnAngle="-55.75" types="95,96,77,65,78" pointTypes=";;" names="0"/>
                    <segment id="997603633" length="3" startTrkptIdx="1519" segmentTime="1.96" speed="8.33" turnType="C" turnAngle="" types="95,96,77,65,78" pointTypes=";;" names=""/>
                    <segment id="997603632" length="18" startTrkptIdx="1521" segmentTime="5.52" speed="8.33" turnType="TL" turnAngle="-78.90" types="91,89,94,65,67" pointTypes=";;;;;;;;;5;;;;;;;;3" names="235"/>
                    <segment id="206465837" length="39" startTrkptIdx="1538" segmentTime="65.30" speed="4.38" turnType="" turnAngle="" types="91,89,18,22" pointTypes="6;;;;7;7;7;;88,5;5;3;3;3;4;;88;;;4;;;;;;;57,92,59,60,93;;;88;;" names="235"/>
                    <segment id="385084650" length="56" startTrkptIdx="1576" segmentTime="105.86" speed="4.40" turnType="" turnAngle="" types="87,89,65,67" pointTypes=";;;;;5;57,59,60,90,3;;;;;;;4;;4;57,59,60,90;;;;;;;57,59,60,90,3;;;;;;;;;57,59,60,90;;;;;;;;;;;;;;;;;5;88,6;;;;;" names="235"/>
                    <segment id="206465838" length="2" startTrkptIdx="1631" segmentTime="1.23" speed="8.33" turnType="" turnAngle="" types="8,87,15,89,18,22" pointTypes="" names="235"/>
                    <segment id="27575854" length="2" startTrkptIdx="1632" segmentTime="1.51" speed="8.33" turnType="" turnAngle="" types="87,89,65,67" pointTypes="" names="235"/>
                    <segment id="27575854" length="25" startTrkptIdx="1633" segmentTime="78.19" speed="6.20" turnType="" turnAngle="" types="87,89,65,67" pointTypes="3;3;;4;3;3;88,3;3;;;;;4;;;4;4;;;;88,4;" names="235"/>
                    <segment id="1390632592" length="9" startTrkptIdx="1657" segmentTime="22.98" speed="7.84" turnType="" turnAngle="" types="87,55,18,22" pointTypes=";88,4;4;4;5;3;3;3;" names="235"/>
                    <segment id="206465081" length="74" startTrkptIdx="1665" segmentTime="131.85" speed="26.07" turnType="" turnAngle="" types="87,16,18,22" pointTypes=";;;;;;;;;;;;;;;;;;;;;;;;;4;3;3;5;;5;6;6;5;4;;3;6;5;5;5;;5;5;6;5;3;3;3;3;3;5;3;5;3;5;5;3;5;5;4;3;3;5;3;4;3;3;4;4;4;;;" names="275"/>
                    <segment id="775143036" length="2" startTrkptIdx="1738" segmentTime="1.20" speed="26.07" turnType="" turnAngle="" types="8,87,16,18,22" pointTypes="" names="275"/>
                    <segment id="1008268898" length="8" startTrkptIdx="1739" segmentTime="17.47" speed="26.07" turnType="" turnAngle="" types="87,16,18,22" pointTypes=";;;;;;;" names="275"/>
                    <segment id="1008268898" length="13" startTrkptIdx="1746" segmentTime="18.81" speed="26.07" turnType="" turnAngle="" types="87,16,18,22" pointTypes=";;;;;;;;4;5;4;;4" names="275"/>
                    <segment id="1008268899" length="3" startTrkptIdx="1758" segmentTime="2.03" speed="26.07" turnType="" turnAngle="" types="8,87,16,18,22" pointTypes="" names="275"/>
                    <segment id="775143035" length="137" startTrkptIdx="1760" segmentTime="204.38" speed="26.07" turnType="" turnAngle="" types="87,16,18,22" pointTypes=";;;;;;;;;;;;;;;;;;;;;;;;;;4;5;3;;;4;;;;;4;;;;;;;4;;;4;4;4;;;;;;;;;;;;;;5;;6;5;;;;;;;;;;;;;;;;;;3;;;;;;;3;5;3;4;;;;;;;3;5;4;5;4;;;;;4;4;4;3;5;4;4;3;5;3;4;4;3;3;;;;;;;;;;;;;;" names="275"/>
                    <segment id="775143035" length="115" startTrkptIdx="1896" segmentTime="196.54" speed="26.07" turnType="" turnAngle="" types="87,16,18,22" pointTypes=";;;;;;;;;;;;;;;;;;;;;;;6;;;;;;;;;;4;;;3;;3;;5;;;;;;;;4;;;;;;6;6;;;3;;;;3;4;5;3;;;;;;6;4;;;;3;;;;;5;5;6;4;;;;;;;;;4;6;7;5;;3;;6;;5;3;;4;3;3;6;;5;3;3;3;4" names="275"/>
                    <segment id="775143035" length="15" startTrkptIdx="2010" segmentTime="41.94" speed="26.07" turnType="" turnAngle="" types="87,16,18,22" pointTypes="4;;;;4;3;3;;;;4;;;;3" names="275"/>
                    <segment id="1237408453" length="2" startTrkptIdx="2024" segmentTime="2.51" speed="26.07" turnType="" turnAngle="" types="8,87,16,18,22" pointTypes="" names="275"/>
                    <segment id="1237408452" length="41" startTrkptIdx="2025" segmentTime="135.23" speed="26.07" turnType="" turnAngle="" types="87,16,18,22" pointTypes=";;;;;;5;;4;;;3;;4;;;;;4;5;4;4;;;4;;;4;4;;;;;;;;;;;" names="275"/>
                    <segment id="775148841" length="2" startTrkptIdx="2065" segmentTime="0.84" speed="26.07" turnType="" turnAngle="" types="87,11,16,18,22" pointTypes=";" names="275"/>
                    <segment id="400079375" length="2" startTrkptIdx="2066" segmentTime="1.83" speed="26.07" turnType="" turnAngle="" types="8,87,11,16,83,18,22" pointTypes="" names="275"/>
                    <segment id="400079376" length="4" startTrkptIdx="2067" segmentTime="1.52" speed="26.07" turnType="" turnAngle="" types="87,11,16,18,22" pointTypes=";;;72,10" names="275"/>
                    <segment id="775148840" length="3" startTrkptIdx="2070" segmentTime="6.64" speed="26.07" turnType="" turnAngle="" types="87,16,18,22" pointTypes="72,10;;" names="275"/>
                    <segment id="27575770" length="81" startTrkptIdx="2072" segmentTime="237.63" speed="26.07" turnType="TL" turnAngle="-91.42" types="87,16,18,22" pointTypes=";72,10;;;;;;;3;5;6;5;5;4;4;5;3;4;;;;;;4;;;;4;4;;;6;3;4;;4;4;4;4;;;;;;;;;4;4;4;3;3;5;4;;;;;;4;3;4;;;;;;;;3;3;3;4;;;;;;3;" names="275"/>
                    <segment id="1237409494" length="2" startTrkptIdx="2152" segmentTime="1.23" speed="26.07" turnType="" turnAngle="" types="8,87,16,18,22" pointTypes="" names="275"/>
                    <segment id="1237409493" length="3" startTrkptIdx="2153" segmentTime="8.13" speed="26.07" turnType="" turnAngle="" types="87,16,18,22" pointTypes=";;" names="275"/>
                    <segment id="1237409493" length="7" startTrkptIdx="2155" segmentTime="4.53" speed="26.07" turnType="C" turnAngle="1.82" types="87,16,18,22" pointTypes=";;;;;;" names="275"/>
                    <segment id="161494128" length="65" startTrkptIdx="2161" segmentTime="156.61" speed="26.07" turnType="" turnAngle="" types="87,16,18,22" pointTypes=";;;;;;;;3;4;;;;;;4;4;4;3;;5;;4;;4;;;;;;;;;;;;;3;;;3;;;3;;;;;4;;;;;4;4;3;5;3;;;4;4;3;3;4" names="275"/>
                    <segment id="27614725" length="66" startTrkptIdx="2225" segmentTime="165.71" speed="26.07" turnType="" turnAngle="" types="87,16,18,22" pointTypes=";;;;;;;;;3;6;5;3;;;;;;;;;;3;5;4;4;;;;;;;4;;;;3;6;;4;4;3;;;;;;;4;4;;;;3;4;5;3;;;5;;;;;;4" names="275"/>
                    <segment id="681748376" length="2" startTrkptIdx="2290" segmentTime="1.69" speed="26.07" turnType="" turnAngle="" types="8,87,16,18,22" pointTypes="" names="275"/>
                    <segment id="681748375" length="68" startTrkptIdx="2291" segmentTime="185.99" speed="26.07" turnType="" turnAngle="" types="87,16,18,22" pointTypes=";4;;;;;;;;;4;4;;;;;;4;3;;;4;;;;;;;;;;;4;3;;;;;;;;;;4;;;;;;;;;;;;;;;;;;;;;;;;" names="275"/>
                    <segment id="520153786" length="2" startTrkptIdx="2358" segmentTime="8.18" speed="26.07" turnType="" turnAngle="" types="64,16,18,22" pointTypes=";" names="275"/>
                    <segment id="520153786" length="69" startTrkptIdx="2359" segmentTime="147.61" speed="26.07" turnType="" turnAngle="" types="64,16,18,22" pointTypes=";;3;;;;;;;;4;;4;4;;4;3;;;6;5;;5;5;6;;6;;;4;4;;;;4;;;;4;3;;3;4;;;;;4;4;4;4;4;4;3;5;3;3;4;;;;;;;4;3;3;3;4" names="275"/>
                    <segment id="1068022096" length="2" startTrkptIdx="2427" segmentTime="0.49" speed="26.07" turnType="" turnAngle="" types="8,64,15,16,18,22" pointTypes="" names="275"/>
                    <segment id="1068022097" length="17" startTrkptIdx="2428" segmentTime="16.81" speed="26.07" turnType="" turnAngle="" types="64,15,16,18,22" pointTypes=";4;;;;;;;;;;;;;;;" names="275"/>
                    <segment id="1068022098" length="8" startTrkptIdx="2444" segmentTime="8.12" speed="26.07" turnType="" turnAngle="" types="64,84,85,86,16,18,22" pointTypes=";;;;;;;" names="275"/>
                    <segment id="1068022095" length="42" startTrkptIdx="2451" segmentTime="63.64" speed="26.07" turnType="" turnAngle="" types="64,15,16,18,22" pointTypes=";;;;;;;;;4;;4;;;4;4;4;;;;;3;;4;3;5;3;3;6;5;6;6;5;5;;6;;;7;7;7;6" names="275"/>
                    <segment id="1067999292" length="2" startTrkptIdx="2492" segmentTime="1.39" speed="26.07" turnType="" turnAngle="" types="8,64,15,16,18,22" pointTypes="" names="275"/>
                    <segment id="400079141" length="69" startTrkptIdx="2493" segmentTime="155.92" speed="26.07" turnType="" turnAngle="" types="64,15,16,18,22" pointTypes=";;;;;;;;;;;;;;;;;;;;;;;4;;3;;;;;;3;3;;;;3;4;;;;;4;4;;;;;;;;;;;6;4;;;;4;;;;4;;;;;4" names="275"/>
                    <segment id="1067455616" length="24" startTrkptIdx="2561" segmentTime="38.68" speed="21.26" turnType="" turnAngle="" types="64,15,82,18,22" pointTypes=";5;5;3;;;;4;4;;;4;4;4;4;;3;;;4;3;5;6;9,10,6" names="275"/>
                    <segment id="1067455615" length="3" startTrkptIdx="2584" segmentTime="11.88" speed="3.37" turnType="" turnAngle="" types="64,11,82,83,18,22" pointTypes="9,10;3;3" names="275"/>
                    <segment id="400079142" length="2" startTrkptIdx="2586" segmentTime="3.37" speed="21.26" turnType="" turnAngle="" types="8,64,11,82,83,18,22" pointTypes="" names="275"/>
                    <segment id="1067455614" length="2" startTrkptIdx="2587" segmentTime="2.10" speed="21.26" turnType="" turnAngle="" types="64,11,82,83,18,22" pointTypes=";" names="275"/>
                    <segment id="1067455613" length="9" startTrkptIdx="2588" segmentTime="22.93" speed="21.26" turnType="" turnAngle="" types="64,15,82,18,22" pointTypes=";;;;;;;;" names="275"/>
                    <segment id="27614751" length="29" startTrkptIdx="2596" segmentTime="74.14" speed="26.07" turnType="" turnAngle="" types="64,15,16,65,67" pointTypes=";;4;3;;;;4;;;;;;;5;;4;4;5;;;;;;4;;;3;5" names="275"/>
                    <segment id="27614751" length="12" startTrkptIdx="2624" segmentTime="38.69" speed="26.07" turnType="" turnAngle="" types="64,15,16,65,67" pointTypes="5;5;3;;;;;;;;;" names="275"/>
                    <segment id="27614751" length="59" startTrkptIdx="2635" segmentTime="124.50" speed="26.07" turnType="" turnAngle="" types="64,15,16,65,67" pointTypes=";;;;;;;;;;;4;;;5;5;6;3;4;3;3;6;5;6;6;;;6;;5;5;5;;;;;;4;3;;3;3;4;4;;;4;4;;;;;4;4;3;;;" names="275"/>
                    <segment id="1067457102" length="2" startTrkptIdx="2693" segmentTime="0.89" speed="26.07" turnType="" turnAngle="" types="8,64,15,16,18,22" pointTypes="" names="275"/>
                    <segment id="1067457101" length="28" startTrkptIdx="2694" segmentTime="125.63" speed="26.07" turnType="" turnAngle="" types="64,15,16,79,65,78" pointTypes=";4;;;;;4;4;;4;4;;;;;;;;;;;;;;;;;" names="275"/>
                    <segment id="1067020203" length="9" startTrkptIdx="2721" segmentTime="7.16" speed="16.44" turnType="" turnAngle="" types="64,15,80,65,67" pointTypes=";;;;;;;4;4" names="275"/>
                    <segment id="466737033" length="4" startTrkptIdx="2729" segmentTime="2.52" speed="16.44" turnType="" turnAngle="" types="64,15,80,17,65,66,51,52,67,68,69,70,71" pointTypes=";;" names="277,278,263,264,265,254,266,256,257,258,267,260,268,269,270,271"/>
                    <segment id="31890578" length="3" startTrkptIdx="2732" segmentTime="16.45" speed="16.44" turnType="" turnAngle="" types="64,15,81,80,17,77,65,66,51,52,78,68,69,70,71" pointTypes=";4;4" names="277,278,263,264,265,254,266,256,257,258,267,260,268,269,270,271"/>
                    <segment id="31890578" length="9" startTrkptIdx="2734" segmentTime="16.78" speed="16.44" turnType="" turnAngle="" types="64,15,81,80,17,77,65,66,51,52,78,68,69,70,71" pointTypes="4;;;;;;;4" names="277,278,263,264,265,254,266,256,257,258,267,260,268,269,270,271"/>
                    <segment id="87329832" length="2" startTrkptIdx="2742" segmentTime="7.08" speed="16.44" turnType="" turnAngle="" types="8,64,15,80,17,65,66,51,52,67,68,69,70,71" pointTypes="" names="277,278,263,264,265,254,266,256,257,258,267,260,268,269,270,271"/>
                    <segment id="87329833" length="9" startTrkptIdx="2743" segmentTime="17.60" speed="16.44" turnType="" turnAngle="" types="64,15,80,17,79,65,66,51,52,78,68,69,70,71" pointTypes=";;3;;;;4" names="277,278,263,264,265,254,266,256,257,258,267,260,268,269,270,271"/>
                    <segment id="164558612" length="6" startTrkptIdx="2751" segmentTime="18.72" speed="13.89" turnType="" turnAngle="" types="64,15,56,55,17,79,65,66,51,52,78,68,69,70,71" pointTypes=";;;;;" names="277,278,263,264,265,254,266,256,257,258,267,260,268,269,270,271"/>
                    <segment id="1411693502" length="2" startTrkptIdx="2756" segmentTime="6.42" speed="13.89" turnType="" turnAngle="" types="64,15,55,17,65,66,51,52,67,68,69,70,71" pointTypes=";" names="277,278,263,264,265,254,266,256,257,258,267,260,268,269,270,271"/>
                    <segment id="1411693501" length="2" startTrkptIdx="2757" segmentTime="9.23" speed="13.89" turnType="" turnAngle="" types="64,15,55,17,65,66,51,52,67,68,69,70,71" pointTypes="4;" names="277,278,263,264,265,254,266,256,257,258,267,260,268,269,270,271"/>
                    <segment id="1411693500" length="3" startTrkptIdx="2758" segmentTime="11.11" speed="7.64" turnType="" turnAngle="" types="64,15,55,17,65,66,51,52,67,68,69,70,71" pointTypes="4;58,61,60,62;" names="277,278,263,264,265,254,266,256,257,258,267,260,268,269,270,271"/>
                    <segment id="1411693499" length="3" startTrkptIdx="2760" segmentTime="17.45" speed="13.89" turnType="" turnAngle="" types="64,15,55,17,74,75,76,77,65,66,51,52,78,68,69,70,71" pointTypes=";4;" names="277,278,263,264,265,254,266,256,257,258,267,260,268,269,270,271"/>
                    <segment id="1411693498" length="4" startTrkptIdx="2762" segmentTime="9.04" speed="13.89" turnType="" turnAngle="" types="64,15,55,17,65,66,51,52,67,68,69,70,71" pointTypes=";4;;" names="277,278,263,264,265,254,266,256,257,258,267,260,268,269,270,271"/>
                    <segment id="114493720" length="3" startTrkptIdx="2765" segmentTime="5.83" speed="13.89" turnType="" turnAngle="" types="64,15,55,17,65,66,51,52,67,68,69,70,71" pointTypes="4;;" names="277,278,263,264,265,254,266,256,257,258,267,260,268,269,270,271"/>
                    <segment id="1411693536" length="3" startTrkptIdx="2767" segmentTime="0.29" speed="13.89" turnType="RNLB2" turnAngle="0.49" types="64,73,11,55,65,97,51,52,67" pointTypes="" names="277,263,279,254,266,256,257,258,267,260,268,269,270"/>
                    <segment id="1411693537" length="3" startTrkptIdx="2769" segmentTime="0.30" speed="13.89" turnType="" turnAngle="" types="64,73,11,55,65,97,51,52,67" pointTypes="" names="277,263,279,254,266,256,257,258,267,260,268,269,270"/>
                    <segment id="1024109246" length="2" startTrkptIdx="2771" segmentTime="0.13" speed="13.89" turnType="" turnAngle="" types="64,73,11,55,65,97,51,52,67" pointTypes="" names="277,263,279,254,266,256,257,258,267,260,268,269,270"/>
                    <segment id="1411693535" length="6" startTrkptIdx="2772" segmentTime="0.81" speed="13.89" turnType="" turnAngle="" types="64,73,11,55,65,97,51,52,67" pointTypes="" names="277,263,279,254,266,256,257,258,267,260,268,269,270"/>
                    <segment id="1024109247" length="3" startTrkptIdx="2777" segmentTime="16.55" speed="9.69" turnType="" turnAngle="" types="64,15,55,17,65,66,51,52,67,68,69,70,71" pointTypes=";61,60,4,62;" names="277,278,263,264,265,254,266,256,257,258,267,260,268,269,270,271"/>
                    <segment id="819634106" length="2" startTrkptIdx="2779" segmentTime="8.58" speed="13.89" turnType="" turnAngle="" types="64,15,55,17,65,66,51,52,67,68,69,70,71" pointTypes=";" names="277,278,263,264,265,254,266,256,257,258,267,260,268,269,270,271"/>
                    <segment id="259687997" length="5" startTrkptIdx="2780" segmentTime="13.77" speed="3.81" turnType="TSLL" turnAngle="-22.57" types="98,15,55,94,65,97,51,52,67" pointTypes=";4;3;9,10,4;4" names="277,263,279,254,280,256,257,258,281,260,282,283,270"/>
                    <segment id="89634254" length="7" startTrkptIdx="2784" segmentTime="11.30" speed="7.74" turnType="" turnAngle="" types="12,13,14,11,56,55,94,99,100,18,19,101,51,52,22,23,24,25,102,103,104,105,106,34,35,36,107,108,109,110,111" pointTypes=";45,4;45,4;45,4;45,4;58,61,60,62,45,4;45,4" names="284,285,237,286,240,287,243,288,289,254,255,256,257,258,259,260,261,262,290,291,292,293,294,295,296,297,298,247,248,299,300,301"/>
                    <segment id="27575368" length="2" startTrkptIdx="2790" segmentTime="5.12" speed="13.89" turnType="" turnAngle="" types="12,8,13,14,15,56,55,94,99,100,18,112,19,101,51,52,22,23,24,25,102,103,104,105,106,34,35,36,107,108,109,110,111" pointTypes="" names="284,285,237,286,240,287,243,288,289,254,280,256,257,258,281,260,282,283,247,248,299,300,301"/>
                    <segment id="200238775" length="6" startTrkptIdx="2791" segmentTime="13.41" speed="3.53" turnType="" turnAngle="" types="12,13,14,15,56,55,94,99,100,65,112,19,101,51,52,67,23,24,25,102,103,104,105,106,34,35,36,107,108,109,110,111" pointTypes=";;;45,4;9,10,45,4;46,3" names="284,285,237,286,240,287,243,288,289,254,280,256,257,258,281,260,282,283,247,248,299,300,301"/>
                    <segment id="816200037" length="2" startTrkptIdx="2796" segmentTime="0.07" speed="13.89" turnType="RNLB3" turnAngle="125.89" types="13,14,73,11,56,55,99,100,65,19,101,51,52,67,23,24,25,102,103,104,105,106,34,35,36,107,108,109,110,111" pointTypes="" names="302,285,237,286,240,287,243,288,289,254,280,256,257,258,281,260,282,283,247,248,299,300,301"/>
                    <segment id="660613613" length="6" startTrkptIdx="2797" segmentTime="2.62" speed="13.89" turnType="" turnAngle="" types="13,14,73,11,56,55,50,65,19,101,67,23,24,25,102,103,104,105,106,34,35,36,107,108,109,110,111" pointTypes=";45,4" names="302,285,237,286,240,287,243,288,289,247,248,299,300,301"/>
                    <segment id="816200036" length="2" startTrkptIdx="2802" segmentTime="0.11" speed="13.89" turnType="" turnAngle="" types="13,14,73,11,56,55,65,19,101,51,52,67,23,24,25,102,103,104,105,106,34,35,36,107,108,109,110,111" pointTypes="" names="302,285,237,286,240,287,243,288,289,254,266,256,257,258,267,260,268,269,247,248,299,300,301"/>
                    <segment id="660613612" length="6" startTrkptIdx="2803" segmentTime="2.71" speed="13.89" turnType="" turnAngle="" types="12,13,14,73,11,56,55,50,65,19,101,51,52,67,23,24,25,102,103,104,105,106,34,35,36,107,108,109,110,111" pointTypes=";;;;;53,113" names="302,285,237,286,240,287,243,288,289,254,266,256,257,258,267,260,268,269,247,248,299,300,301"/>
                    <segment id="830804543" length="2" startTrkptIdx="2808" segmentTime="0.06" speed="13.89" turnType="" turnAngle="" types="12,13,14,73,11,56,55,65,19,101,51,52,67,23,24,25,102,103,104,105,106,34,35,36,107,108,109,110,111" pointTypes="" names="302,285,237,286,240,287,243,288,289,254,266,256,257,258,267,260,268,269,247,248,299,300,301"/>
                    <segment id="87471746" length="5" startTrkptIdx="2809" segmentTime="9.11" speed="6.26" turnType="" turnAngle="" types="12,13,14,11,56,55,94,99,100,65,19,101,67,23,24,25,102,103,104,105,106,34,35,36,107,108,109,110,111" pointTypes=";53,54;61,60,62" names="303,304,285,237,286,240,287,243,288,289,247,248,299,300,301"/>
                    <segment id="200238771" length="5" startTrkptIdx="2813" segmentTime="3.97" speed="13.89" turnType="" turnAngle="" types="12,13,14,15,56,55,17,114,65,19,20,21,67,63,23,24,25,26,27,28,29,30,31,32,33,34,35,36,37,38,39,40,41,42,43,44" pointTypes=";;;53,54;53,54" names="304,285,237,238,239,240,241,242,243,244,245,246,247,248,249,250,251,252,253"/>
                    <segment id="1411696909" length="6" startTrkptIdx="2817" segmentTime="10.26" speed="13.89" turnType="" turnAngle="" types="12,13,14,15,56,55,17,114,65,19,20,21,67,63,23,24,25,26,27,28,29,30,31,32,33,34,35,36,37,38,39,40,41,42,43,44" pointTypes=";53,113;53,54;;;45,4" names="304,285,237,238,239,240,241,242,243,244,245,246,247,248,249,250,251,252,253"/>
                    <segment id="1411696910" length="2" startTrkptIdx="2822" segmentTime="11.33" speed="13.89" turnType="" turnAngle="" types="12,13,14,15,56,55,17,114,65,19,20,21,67,63,23,24,25,26,27,28,29,30,31,32,33,34,35,36,37,38,39,40,41,42,43,44" pointTypes=";" names="304,285,237,238,239,240,241,242,243,244,245,246,247,248,249,250,251,252,253"/>
                    <segment id="1411696907" length="3" startTrkptIdx="2823" segmentTime="10.22" speed="13.89" turnType="" turnAngle="" types="12,13,14,15,56,55,17,114,65,19,20,21,67,63,23,24,25,26,27,28,29,30,31,32,33,34,35,36,37,38,39,40,41,42,43,44" pointTypes=";;45,4" names="304,285,237,238,239,240,241,242,243,244,245,246,247,248,249,250,251,252,253"/>
                    <segment id="1411696908" length="9" startTrkptIdx="2825" segmentTime="19.25" speed="5.95" turnType="" turnAngle="" types="12,13,14,15,56,55,17,114,65,19,20,21,67,63,23,24,25,26,27,28,29,30,31,32,33,34,35,36,37,38,39,40,41,42,43,44" pointTypes=";;;;;;57,58,59,60;9,10" names="304,285,237,238,239,240,241,242,243,244,245,246,247,248,249,250,251,252,253"/>
                    <segment id="1411693508" length="5" startTrkptIdx="2833" segmentTime="0.92" speed="13.89" turnType="RNLB2" turnAngle="-2.52" types="12,13,14,73,11,56,55,99,100,18,19,22,23,24,25,26,27,28,34,35,36,37,38,39" pointTypes="" names="285,237,240,243,244,247,248,250"/>
                    <segment id="1411693509" length="6" startTrkptIdx="2837" segmentTime="1.05" speed="13.89" turnType="" turnAngle="" types="12,13,14,73,11,56,55,99,100,18,19,22,23,24,25,26,27,28,34,35,36,37,38,39" pointTypes="" names="285,237,240,243,244,247,248,250"/>
                    <segment id="157331202" length="14" startTrkptIdx="2842" segmentTime="39.50" speed="8.61" turnType="" turnAngle="" types="12,13,14,15,56,55,17,114,65,19,20,21,67,63,23,24,25,26,27,28,29,30,31,32,33,34,35,36,37,38,39,40,41,42,43,44" pointTypes=";72,10;;;;;58,61,60,62;;45,4;45,4;58,61,60,90,62;;" names="304,285,237,238,239,240,241,242,243,244,245,246,247,248,249,250,251,252,253"/>
                    <segment id="819169680" length="5" startTrkptIdx="2855" segmentTime="9.60" speed="13.89" turnType="" turnAngle="" types="12,13,14,15,56,55,17,114,65,19,20,21,67,63,23,24,25,26,27,28,29,30,31,32,33,34,35,36,37,38,39,40,41,42,43,44" pointTypes=";;;53,54;53,113" names="304,285,237,238,239,240,241,242,243,244,245,246,247,248,249,250,251,252,253"/>
                    <segment id="119129521" length="6" startTrkptIdx="2859" segmentTime="0.64" speed="13.89" turnType="RNLB2" turnAngle="-1.24" types="12,13,14,73,11,55,99,100,65,19,101,67,23,24,25,102,103,104,105,106,34,35,36,107,108,109,110,111" pointTypes="" names="305,285,237,286,240,287,243,288,289,247,248,299,300,301"/>
                    <segment id="1411693510" length="9" startTrkptIdx="2864" segmentTime="1.25" speed="13.89" turnType="" turnAngle="" types="12,13,14,73,11,55,99,100,65,19,67,23,24,25,26,27,28,34,35,36,37,38,39" pointTypes="" names="305,285,237,240,243,244,247,248,250"/>
                    <segment id="157331204" length="6" startTrkptIdx="2872" segmentTime="12.99" speed="13.89" turnType="" turnAngle="" types="12,13,14,15,56,55,17,114,65,19,20,21,67,63,23,24,25,26,27,28,29,30,31,32,33,34,35,36,37,38,39,40,41,42,43,44" pointTypes="" names="304,285,237,238,239,240,241,242,243,244,245,246,247,248,249,250,251,252,253"/>
                    <segment id="200366372" length="3" startTrkptIdx="2877" segmentTime="2.80" speed="13.89" turnType="" turnAngle="" types="12,13,14,11,56,55,94,99,100,65,19,101,67,63,23,24,25,102,103,104,105,106,34,35,36,107,108,109,110,111" pointTypes=";45,4;45,4" names="304,285,237,286,240,287,243,288,289,247,248,299,300,301"/>
                    <segment id="200366372" length="4" startTrkptIdx="2879" segmentTime="11.37" speed="7.78" turnType="" turnAngle="" types="12,13,14,11,56,55,94,99,100,65,19,101,67,63,23,24,25,102,103,104,105,106,34,35,36,107,108,109,110,111" pointTypes="45,4;61,60,62;;45,4" names="304,285,237,286,240,287,243,288,289,247,248,299,300,301"/>
                    <segment id="200366369" length="6" startTrkptIdx="2882" segmentTime="12.75" speed="13.89" turnType="" turnAngle="" types="12,13,14,15,56,55,17,114,65,19,20,21,67,63,23,24,25,26,27,28,29,30,31,32,33,34,35,36,37,38,39,40,41,42,43,44" pointTypes=";;;;53,54;" names="304,285,237,238,239,240,241,242,243,244,245,246,247,248,249,250,251,252,253"/>
                    <segment id="88476431" length="7" startTrkptIdx="2887" segmentTime="25.79" speed="13.35" turnType="" turnAngle="" types="12,13,14,15,56,55,17,114,18,19,20,21,22,63,23,24,25,26,27,28,29,30,31,32,33,34,35,36,37,38,39,40,41,42,43,44" pointTypes=";53,54;;57,58,59,60;;46,3;" names="304,285,237,238,239,240,241,242,243,244,245,246,247,248,249,250,251,252,253"/>
                    <segment id="88476470" length="2" startTrkptIdx="2893" segmentTime="4.61" speed="13.89" turnType="" turnAngle="" types="12,13,14,15,56,55,114,18,19,20,21,22,63,23,24,25,26,27,28,29,30,31,32,33,34,35,36,37,38,39,40,41,42,43,44" pointTypes="" names="304,285,237,238,239,240,241,242,243,244,245,246,247,248,249,250,251,252,253"/>
                    <segment id="819195191" length="7" startTrkptIdx="2894" segmentTime="9.45" speed="13.89" turnType="" turnAngle="" types="12,13,14,15,56,55,17,114,18,19,20,21,22,63,23,24,25,26,27,28,29,30,31,32,33,34,35,36,37,38,39,40,41,42,43,44" pointTypes=";;;45,4" names="304,285,237,238,239,240,241,242,243,244,245,246,247,248,249,250,251,252,253"/>
                    <segment id="87472269" length="6" startTrkptIdx="2900" segmentTime="7.65" speed="12.07" turnType="" turnAngle="" types="12,13,14,15,56,55,17,115,76,18,19,20,21,22,63,23,24,25,26,27,28,29,30,31,32,33,34,35,36,37,38,39,40,41,42,43,44" pointTypes=";57,58,59,60;;;" names="304,285,237,238,239,240,241,242,243,244,245,246,247,248,249,250,251,252,253"/>
                    <segment id="326311676" length="6" startTrkptIdx="2905" segmentTime="12.11" speed="2.42" turnType="" turnAngle="" types="12,13,14,11,56,55,94,50,18,19,101,22,63,23,24,25,102,103,104,105,106,34,35,36,107,108,109,110,111" pointTypes=";;;;9,10" names="304,285,237,286,240,287,243,288,289,247,248,299,300,301"/>
                    <segment id="1469345044" length="3" startTrkptIdx="2910" segmentTime="0.43" speed="13.89" turnType="RNLB3" turnAngle="39.62" types="12,13,14,73,11,56,55,50,65,19,101,67,23,24,25,102,103,104,105,106,34,35,36,107,108,109,110,111" pointTypes="" names="306,285,237,286,240,287,243,288,289,247,248,299,300,301"/>
                    <segment id="87481180" length="4" startTrkptIdx="2912" segmentTime="0.81" speed="13.89" turnType="" turnAngle="" types="12,13,14,73,11,56,55,50,65,19,101,67,23,24,25,102,103,104,105,106,34,35,36,107,108,109,110,111" pointTypes="" names="306,285,237,286,240,287,243,288,289,247,248,299,300,301"/>
                    <segment id="1469345045" length="4" startTrkptIdx="2915" segmentTime="0.99" speed="13.89" turnType="" turnAngle="" types="12,13,14,73,11,56,55,99,100,65,19,101,67,23,24,25,102,103,104,105,106,34,35,36,107,108,109,110,111" pointTypes="" names="306,285,237,286,240,287,243,288,289,247,248,299,300,301"/>
                    <segment id="1469345046" length="4" startTrkptIdx="2918" segmentTime="0.98" speed="13.89" turnType="" turnAngle="" types="12,13,14,73,11,56,55,99,100,65,19,101,67,23,24,25,102,103,104,105,106,34,35,36,107,108,109,110,111" pointTypes="" names="306,285,237,286,240,287,243,288,289,247,248,299,300,301"/>
                    <segment id="165568184" length="6" startTrkptIdx="2921" segmentTime="6.09" speed="13.89" turnType="" turnAngle="" types="12,13,14,11,56,55,94,99,100,18,19,101,22,23,24,25,102,103,104,105,106,34,35,36,107,108,109,110,111" pointTypes="" names="303,307,285,237,286,240,287,243,288,289,247,248,299,300,301"/>
                    <segment id="819195192" length="2" startTrkptIdx="2926" segmentTime="7.58" speed="13.89" turnType="" turnAngle="" types="12,13,14,15,56,55,17,18,19,20,21,22,116,23,24,25,26,27,28,29,30,31,32,33,34,35,36,37,38,39,40,41,42,43,44" pointTypes=";" names="307,285,237,238,239,240,241,242,243,244,245,246,247,248,249,250,251,252,253"/>
                    <segment id="326311678" length="19" startTrkptIdx="2927" segmentTime="63.87" speed="11.71" turnType="" turnAngle="" types="12,13,14,15,56,55,17,18,19,20,21,22,116,23,24,25,26,27,28,29,30,31,32,33,34,35,36,37,38,39,40,41,42,43,44" pointTypes=";;61,60,62;53,54;53,54;53,54;;;;;;;;45,4;53,54;;;61,60,62" names="307,285,237,238,239,240,241,242,243,244,245,246,247,248,249,250,251,252,253"/>
                    <segment id="88476471" length="14" startTrkptIdx="2945" segmentTime="33.01" speed="13.89" turnType="" turnAngle="" types="12,13,14,15,56,55,17,114,18,19,20,21,22,23,24,25,26,27,28,29,30,31,32,33,34,35,36,37,38,39,40,41,42,43,44" pointTypes=";;53,54;46,3;45,4;;;;53,54;53,113;53,113;;53,54;53,54" names="307,285,237,238,239,240,241,242,243,244,245,246,247,248,249,250,251,252,253"/>
                    <segment id="88476433" length="3" startTrkptIdx="2958" segmentTime="11.97" speed="13.89" turnType="" turnAngle="" types="12,13,14,15,56,55,17,114,18,19,20,21,22,23,24,25,26,27,28,29,30,31,32,33,34,35,36,37,38,39,40,41,42,43,44" pointTypes=";;" names="307,285,237,238,239,240,241,242,243,244,245,246,247,248,249,250,251,252,253"/>
                    <segment id="1377350550" length="3" startTrkptIdx="2960" segmentTime="11.99" speed="13.89" turnType="" turnAngle="" types="12,13,14,15,56,55,17,18,19,20,21,22,63,116,23,24,25,26,27,28,29,30,31,32,33,34,35,36,37,38,39,40,41,42,43,44" pointTypes=";;61,60,62" names="307,285,237,238,239,240,241,242,243,244,245,246,247,248,249,250,251,252,253"/>
                    <segment id="1377350549" length="6" startTrkptIdx="2962" segmentTime="16.06" speed="9.57" turnType="" turnAngle="" types="12,13,14,15,56,55,17,114,117,18,19,20,21,22,23,24,25,26,27,28,29,30,31,32,33,34,35,36,37,38,39,40,41,42,43,44" pointTypes="61,60,62;;;53,113" names="307,285,237,238,239,240,241,242,243,244,245,246,247,248,249,250,251,252,253"/>
                    <segment id="1377350548" length="4" startTrkptIdx="2967" segmentTime="7.19" speed="13.89" turnType="" turnAngle="" types="12,13,14,15,56,55,17,117,18,19,20,21,22,63,116,23,24,25,26,27,28,29,30,31,32,33,34,35,36,37,38,39,40,41,42,43,44" pointTypes=";53,54;53,54" names="307,285,237,238,239,240,241,242,243,244,245,246,247,248,249,250,251,252,253"/>
                    <segment id="1377350547" length="5" startTrkptIdx="2970" segmentTime="9.66" speed="13.89" turnType="" turnAngle="" types="12,13,14,15,56,55,17,117,18,19,20,21,22,116,23,24,25,26,27,28,29,30,31,32,33,34,35,36,37,38,39,40,41,42,43,44" pointTypes="" names="307,285,237,238,239,240,241,242,243,244,245,246,247,248,249,250,251,252,253"/>
                    <segment id="88608167" length="7" startTrkptIdx="2974" segmentTime="28.65" speed="18.85" turnType="" turnAngle="" types="12,13,14,15,118,17,114,18,19,20,21,22,23,24,25,26,27,28,29,30,31,32,33,34,35,36,37,38,39,40,41,42,43,44" pointTypes=";;;;;53,54" names="307,285,237,238,239,240,241,242,243,244,245,246,247,248,249,250,251,252,253"/>
                    <segment id="1377350546" length="3" startTrkptIdx="2980" segmentTime="2.97" speed="13.89" turnType="" turnAngle="" types="12,13,14,15,55,17,18,19,20,21,22,63,23,24,25,26,27,28,29,30,31,32,33,34,35,36,37,38,39,40,41,42,43,44" pointTypes="" names="307,285,237,238,239,240,241,242,243,244,245,246,247,248,249,250,251,252,253"/>
                    <segment id="1377350545" length="7" startTrkptIdx="2982" segmentTime="23.13" speed="2.55" turnType="" turnAngle="" types="12,13,14,15,118,17,18,19,20,21,22,23,24,25,26,27,28,29,30,31,32,33,34,35,36,37,38,39,40,41,42,43,44" pointTypes=";9,10;62,119,60;62,119,60;72,10;53,54;53,113" names="307,285,237,238,239,240,241,242,243,244,245,246,247,248,249,250,251,252,253"/>
                    <segment id="1423242913" length="5" startTrkptIdx="2988" segmentTime="2.29" speed="18.85" turnType="" turnAngle="" types="14,118,94,19,101,67,23,24,25,102,103,104,105,106,34,35,36,107,108,109,110,111" pointTypes=";;;53,113;53,54" names="307,285,237,286,240,287,243,288,289,247,248,299,300,301"/>
                    <segment id="1458922029" length="3" startTrkptIdx="2992" segmentTime="0.42" speed="18.85" turnType="RNLB1" turnAngle="5.14" types="14,73,11,118,19,101,67,23,24,25,102,103,34,35,36,107,108" pointTypes="" names="237,286,240,287,243,288,247,248,299,300"/>
                    <segment id="1423242912" length="5" startTrkptIdx="2994" segmentTime="2.70" speed="18.85" turnType="" turnAngle="" types="14,118,94,19,101,67,23,24,25,102,103,104,105,106,34,35,36,107,108,109,110,111" pointTypes=";;45,4;53,54;53,54" names="307,285,237,286,240,287,243,288,289,247,248,299,300,301"/>
                    <segment id="1263383465" length="2" startTrkptIdx="2998" segmentTime="0.18" speed="18.85" turnType="" turnAngle="" types="12,13,14,15,118,17,18,120,19,20,21,121,22,23,24,25,26,27,28,29,30,31,32,33,34,35,36,37,38,39,40,41,42,43,44" pointTypes=";" names="307,285,237,238,239,240,241,242,243,244,245,246,308,309,310,311,312,313,314,315,316,317,318,319,247,248,249,250,251,252,253"/>
                    <segment id="1263383465" length="5" startTrkptIdx="2999" segmentTime="4.27" speed="18.85" turnType="" turnAngle="" types="12,13,14,15,118,17,18,120,19,20,21,121,22,23,24,25,26,27,28,29,30,31,32,33,34,35,36,37,38,39,40,41,42,43,44" pointTypes=";;45,4;45,4;45,4" names="307,285,237,238,239,240,241,242,243,244,245,246,308,309,310,311,312,313,314,315,316,317,318,319,247,248,249,250,251,252,253"/>
                    <segment id="1377350533" length="3" startTrkptIdx="3003" segmentTime="4.07" speed="18.85" turnType="" turnAngle="" types="12,13,14,15,118,17,18,120,19,20,21,121,22,63,23,24,25,26,27,28,29,30,31,32,33,34,35,36,37,38,39,40,41,42,43,44" pointTypes="" names="307,285,237,238,239,240,241,242,243,244,245,246,308,309,310,311,312,313,314,315,316,317,318,319,247,248,249,250,251,252,253"/>
                    <segment id="1377350532" length="2" startTrkptIdx="3005" segmentTime="4.94" speed="13.89" turnType="" turnAngle="" types="12,13,14,15,55,17,18,120,19,20,21,121,22,23,24,25,26,27,28,29,30,31,32,33,34,35,36,37,38,39,40,41,42,43,44" pointTypes=";45,4" names="307,285,237,238,239,240,241,242,243,244,245,246,308,309,310,311,312,313,314,315,316,317,318,319,247,248,249,250,251,252,253"/>
                    <segment id="31889916" length="2" startTrkptIdx="3006" segmentTime="5.25" speed="26.07" turnType="" turnAngle="" types="12,8,13,14,15,16,17,18,120,19,20,21,121,22,23,24,25,26,27,28,29,30,31,32,33,34,35,36,37,38,39,40,41,42,43,44" pointTypes="" names="320,285,237,238,239,240,241,242,243,244,245,246,308,309,310,311,312,313,314,315,316,317,318,319,247,248,249,250,251,252,253"/>
                    <segment id="671501765" length="10" startTrkptIdx="3007" segmentTime="18.81" speed="26.07" turnType="" turnAngle="" types="12,13,14,15,16,17,50,18,120,19,20,21,121,22,23,24,25,26,27,28,29,30,31,32,33,34,35,36,37,38,39,40,41,42,43,44" pointTypes=";;;;;53,54;45,4;;;" names="320,285,237,238,239,240,241,242,243,244,245,246,308,309,310,311,312,313,314,315,316,317,318,319,247,248,249,250,251,252,253"/>
                    <segment id="819983576" length="5" startTrkptIdx="3016" segmentTime="5.79" speed="21.26" turnType="" turnAngle="" types="12,13,14,15,82,17,50,18,120,19,20,21,121,22,23,24,25,26,27,28,29,30,31,32,33,34,35,36,37,38,39,40,41,42,43,44" pointTypes="45,4;45,4;45,4;;" names="320,285,237,238,239,240,241,242,243,244,245,246,308,309,310,311,312,313,314,315,316,317,318,319,247,248,249,250,251,252,253"/>
                    <segment id="1423241761" length="10" startTrkptIdx="3020" segmentTime="5.93" speed="26.07" turnType="" turnAngle="" types="12,13,14,11,16,94,50,18,19,101,22,23,24,25,102,103,104,105,106,34,35,36,107,108,109,110,111" pointTypes=";;;53,54;;;;;;45,4" names="320,285,237,286,240,287,243,288,289,247,248,299,300,301"/>
                    <segment id="1458922274" length="9" startTrkptIdx="3029" segmentTime="1.57" speed="26.07" turnType="RNLB2" turnAngle="26.67" types="14,73,11,16,50,19,101,67,23,24,25,102,103,34,35,36,107,108" pointTypes=";45,4;;;;53,113;;53,113" names="237,286,240,287,243,288,247,248,299,300"/>
                    <segment id="1411097883" length="25" startTrkptIdx="3037" segmentTime="81.16" speed="22.86" turnType="" turnAngle="" types="12,13,14,11,16,94,50,18,19,101,22,23,24,25,102,103,104,105,106,34,35,36,107,108,109,110,111" pointTypes=";;;;;45,4;;;;45,4;;;;45,4;45,4;;;;;;;;;9,10" names="320,285,237,286,240,287,243,288,289,247,248,299,300,301"/>
                    <segment id="1411693551" length="2" startTrkptIdx="3061" segmentTime="0.15" speed="26.07" turnType="RNLB2" turnAngle="-4.92" types="14,73,11,16,94,65,19,20,21,67,23,24,25,26,27,28,29,30,34,35,36,37,38,39,40,41" pointTypes="" names="237,238,239,240,241,242,243,244,245,247,248,249,250,251,252"/>
                    <segment id="1411097876" length="5" startTrkptIdx="3062" segmentTime="0.79" speed="26.07" turnType="" turnAngle="" types="14,73,11,16,94,65,19,20,21,67,23,24,25,26,27,28,29,30,34,35,36,37,38,39,40,41" pointTypes=";;53,54;53,113" names="237,238,239,240,241,242,243,244,245,247,248,249,250,251,252"/>
                    <segment id="1411693548" length="3" startTrkptIdx="3066" segmentTime="0.25" speed="26.07" turnType="" turnAngle="" types="14,73,11,16,94,65,19,20,21,67,23,24,25,26,27,28,29,30,34,35,36,37,38,39,40,41" pointTypes=";53,113;53,113" names="237,238,239,240,241,242,243,244,245,247,248,249,250,251,252"/>
                    <segment id="1411097877" length="33" startTrkptIdx="3068" segmentTime="133.63" speed="26.07" turnType="" turnAngle="" types="12,13,14,11,16,94,50,18,19,101,22,23,24,25,102,103,104,105,106,34,35,36,107,108,109,110,111" pointTypes=";53,54;;45,4;45,4;;45,4;;;;;;45,4;;;;;45,4;;;53,54;;;;46,3;45,4;45,4;45,4;45,4;;;;45,4" names="320,285,237,286,240,287,243,288,289,247,248,299,300,301"/>
                    <segment id="1411097877" length="5" startTrkptIdx="3100" segmentTime="7.66" speed="26.07" turnType="KL" turnAngle="-0.07" types="12,13,14,11,16,94,50,18,19,101,22,23,24,25,102,103,104,105,106,34,35,36,107,108,109,110,111" pointTypes="45,4;45,4;;45,4" names="320,285,237,286,240,287,243,288,289,247,248,299,300,301"/>
                    <segment id="168410506" length="18" startTrkptIdx="3104" segmentTime="59.61" speed="26.07" turnType="KR" turnAngle="-1.81" types="12,13,14,15,16,17,50,18,19,20,21,22,23,24,25,26,27,28,29,30,31,32,33,34,35,36,37,38,39,40,41,42,43,44" pointTypes="53,54;53,54;;53,54;;;;;;;53,54" names="320,285,237,238,239,240,241,242,243,244,245,246,247,248,249,250,251,252,253"/>
                    <segment id="168410506" length="2" startTrkptIdx="3121" segmentTime="10.33" speed="26.07" turnType="" turnAngle="" types="12,13,14,15,16,17,50,18,19,20,21,22,23,24,25,26,27,28,29,30,31,32,33,34,35,36,37,38,39,40,41,42,43,44" pointTypes="53,54;" names="320,285,237,238,239,240,241,242,243,244,245,246,247,248,249,250,251,252,253"/>
                    <segment id="158982183" length="6" startTrkptIdx="3122" segmentTime="25.92" speed="18.85" turnType="" turnAngle="" types="12,13,14,15,118,17,50,18,19,20,21,22,23,24,25,26,27,28,29,30,31,32,33,34,35,36,37,38,39,40,41,42,43,44" pointTypes=";;;;;" names="320,285,237,238,239,240,241,242,243,244,245,246,247,248,249,250,251,252,253"/>
                    <segment id="660603035" length="14" startTrkptIdx="3127" segmentTime="49.35" speed="13.89" turnType="" turnAngle="" types="12,13,14,15,55,17,114,18,19,20,21,22,23,24,25,26,27,28,29,30,31,32,33,34,35,36,37,38,39,40,41,42,43,44" pointTypes="53,54;;;53,54;;53,54;;;;;;;;" names="321,285,237,238,239,240,241,242,243,244,245,246,247,248,249,250,251,252,253"/>
                    <segment id="1169535274" length="4" startTrkptIdx="3140" segmentTime="21.28" speed="5.89" turnType="" turnAngle="" types="12,13,14,15,56,122,17,114,18,19,20,21,22,23,24,25,26,27,28,29,30,31,32,33,34,35,36,37,38,39,40,41,42,43,44" pointTypes="72,10;" names="321,285,237,238,239,240,241,242,243,244,245,246,247,248,249,250,251,252,253"/>
                    <segment id="1411693528" length="7" startTrkptIdx="3143" segmentTime="1.10" speed="11.11" turnType="RNLB2" turnAngle="-8.06" types="12,13,14,73,11,56,122,99,100,18,19,22,23,24,25,26,27,28,34,35,36,37,38,39" pointTypes="" names="321,285,237,240,243,244,247,248,250"/>
                    <segment id="1411693529" length="2" startTrkptIdx="3149" segmentTime="0.17" speed="11.11" turnType="" turnAngle="" types="12,13,14,73,11,122,18,19,22,23,24,25,26,27,28,34,35,36,37,38,39" pointTypes="" names="321,285,237,240,243,244,247,248,250"/>
                    <segment id="660603038" length="5" startTrkptIdx="3150" segmentTime="0.73" speed="11.11" turnType="" turnAngle="" types="12,13,14,73,11,56,122,99,100,18,19,22,23,24,25,26,27,28,34,35,36,37,38,39" pointTypes="" names="321,285,237,240,243,244,247,248,250"/>
                    <segment id="1411693517" length="4" startTrkptIdx="3154" segmentTime="6.37" speed="9.37" turnType="" turnAngle="" types="12,13,14,15,122,17,18,19,20,21,22,23,24,25,26,27,28,29,30,31,32,33,34,35,36,37,38,39,40,41,42,43,44" pointTypes="9,10;57,58,59,60,123,53,54;" names="321,285,237,238,239,240,241,242,243,244,245,246,247,248,249,250,251,252,253"/>
                    <segment id="1411693516" length="3" startTrkptIdx="3157" segmentTime="9.94" speed="5.52" turnType="" turnAngle="" types="12,13,14,15,122,17,114,18,19,20,21,22,23,24,25,26,27,28,29,30,31,32,33,34,35,36,37,38,39,40,41,42,43,44" pointTypes="53,54;92,61,60,123,62,53,54;" names="321,285,237,238,239,240,241,242,243,244,245,246,247,248,249,250,251,252,253"/>
                    <segment id="167405730" length="2" startTrkptIdx="3159" segmentTime="8.77" speed="11.11" turnType="" turnAngle="" types="12,13,14,15,122,17,114,18,19,20,21,22,23,24,25,26,27,28,29,30,31,32,33,34,35,36,37,38,39,40,41,42,43,44" pointTypes="53,54;" names="321,285,237,238,239,240,241,242,243,244,245,246,247,248,249,250,251,252,253"/>
                    <segment id="1169535275" length="12" startTrkptIdx="3160" segmentTime="58.49" speed="8.26" turnType="" turnAngle="" types="12,13,14,15,122,17,114,18,19,20,21,22,23,24,25,26,27,28,29,30,31,32,33,34,35,36,37,38,39,40,41,42,43,44" pointTypes="92,61,60,123,62;;;;;53,54;;;92,61,60,124,123,90,62;;" names="322,285,237,238,239,240,241,242,243,244,245,246,247,248,249,250,251,252,253"/>
                    <segment id="158982181" length="15" startTrkptIdx="3171" segmentTime="77.06" speed="12.09" turnType="" turnAngle="" types="12,13,14,15,55,17,114,18,19,20,21,22,23,24,25,26,27,28,29,30,31,32,33,34,35,36,37,38,39,40,41,42,43,44" pointTypes=";;53,54;;92,61,60,123,62;53,54;;;;;53,54;92,61,60,123,62;53,54;;" names="322,285,237,238,239,240,241,242,243,244,245,246,247,248,249,250,251,252,253"/>
                    <segment id="1469317398" length="3" startTrkptIdx="3185" segmentTime="11.25" speed="13.89" turnType="" turnAngle="" types="12,13,14,15,55,17,99,125,18,19,20,21,22,23,24,25,26,27,28,29,30,31,32,33,34,35,36,37,38,39,40,41,42,43,44" pointTypes="53,54;;" names="322,285,237,238,239,240,241,242,243,244,245,246,247,248,249,250,251,252,253"/>
                    <segment id="1469317397" length="9" startTrkptIdx="3187" segmentTime="55.74" speed="12.64" turnType="" turnAngle="" types="12,13,14,15,56,55,17,114,18,19,20,21,22,23,24,25,26,27,28,29,30,31,32,33,34,35,36,37,38,39,40,41,42,43,44" pointTypes=";;;53,54;;92,61,60,123,62;;" names="322,285,237,238,239,240,241,242,243,244,245,246,247,248,249,250,251,252,253"/>
                    <segment id="1469317394" length="8" startTrkptIdx="3195" segmentTime="33.92" speed="13.89" turnType="" turnAngle="" types="12,13,14,15,55,17,115,76,18,19,20,21,22,23,24,25,26,27,28,29,30,31,32,33,34,35,36,37,38,39,40,41,42,43,44" pointTypes="53,54;45,4;;" names="322,285,237,238,239,240,241,242,243,244,245,246,247,248,249,250,251,252,253"/>
                    <segment id="1469317391" length="2" startTrkptIdx="3202" segmentTime="4.34" speed="13.89" turnType="" turnAngle="" types="12,13,14,15,55,17,18,19,20,21,22,23,24,25,26,27,28,29,30,31,32,33,34,35,36,37,38,39,40,41,42,43,44" pointTypes=";" names="322,285,237,238,239,240,241,242,243,244,245,246,247,248,249,250,251,252,253"/>
                    <segment id="48036652" length="2" startTrkptIdx="3203" segmentTime="2.91" speed="26.07" turnType="" turnAngle="" types="12,13,14,15,16,17,50,18,19,20,21,22,23,24,25,26,27,28,29,30,31,32,33,34,35,36,37,38,39,40,41,42,43,44" pointTypes="53,54;" names="320,285,237,238,239,240,241,242,243,244,245,246,247,248,249,250,251,252,253"/>
                    <segment id="158982182" length="7" startTrkptIdx="3204" segmentTime="17.96" speed="26.07" turnType="" turnAngle="" types="12,13,14,84,126,127,16,17,50,18,19,20,21,22,23,24,25,26,27,28,29,30,31,32,33,34,35,36,37,38,39,40,41,42,43,44" pointTypes="53,113;53,54;;45,4;;53,54;" names="320,285,237,238,239,240,241,242,243,244,245,246,247,248,249,250,251,252,253"/>
                    <segment id="158982193" length="7" startTrkptIdx="3210" segmentTime="17.70" speed="26.07" turnType="" turnAngle="" types="12,13,14,15,16,17,50,18,19,20,21,22,23,24,25,26,27,28,29,30,31,32,33,34,35,36,37,38,39,40,41,42,43,44" pointTypes="53,54;53,54;53,54;53,54;53,113;53,54;" names="320,285,237,238,239,240,241,242,243,244,245,246,247,248,249,250,251,252,253"/>
                    <segment id="158982193" length="13" startTrkptIdx="3216" segmentTime="18.05" speed="26.07" turnType="" turnAngle="" types="12,13,14,15,16,17,50,18,19,20,21,22,23,24,25,26,27,28,29,30,31,32,33,34,35,36,37,38,39,40,41,42,43,44" pointTypes=";53,54;53,54;;;;53,54;53,113;;;;45,4;" names="320,285,237,238,239,240,241,242,243,244,245,246,247,248,249,250,251,252,253"/>
                    <segment id="158982192" length="2" startTrkptIdx="3228" segmentTime="2.01" speed="26.07" turnType="" turnAngle="" types="12,8,13,14,15,16,17,18,19,20,21,22,23,24,25,26,27,28,29,30,31,32,33,34,35,36,37,38,39,40,41,42,43,44" pointTypes="" names="320,285,237,238,239,240,241,242,243,244,245,246,247,248,249,250,251,252,253"/>
                    <segment id="675579221" length="3" startTrkptIdx="3229" segmentTime="4.90" speed="26.07" turnType="" turnAngle="" types="12,13,14,15,16,17,18,19,20,21,22,23,24,25,26,27,28,29,30,31,32,33,34,35,36,37,38,39,40,41,42,43,44" pointTypes="" names="320,285,237,238,239,240,241,242,243,244,245,246,247,248,249,250,251,252,253"/>
                    <segment id="675579221" length="2" startTrkptIdx="3231" segmentTime="1.56" speed="26.07" turnType="" turnAngle="" types="12,13,14,15,16,17,18,19,20,21,22,23,24,25,26,27,28,29,30,31,32,33,34,35,36,37,38,39,40,41,42,43,44" pointTypes="" names="320,285,237,238,239,240,241,242,243,244,245,246,247,248,249,250,251,252,253"/>
                    <segment id="675579222" length="2" startTrkptIdx="3232" segmentTime="0.76" speed="21.26" turnType="" turnAngle="" types="12,8,13,14,15,82,17,18,19,20,21,22,23,24,25,26,27,28,29,30,31,32,33,34,35,36,37,38,39,40,41,42,43,44" pointTypes="" names="320,285,237,238,239,240,241,242,243,244,245,246,247,248,249,250,251,252,253"/>
                    <segment id="168806573" length="5" startTrkptIdx="3233" segmentTime="7.07" speed="26.07" turnType="" turnAngle="" types="12,13,14,15,16,17,18,19,20,21,22,23,24,25,26,27,28,29,30,31,32,33,34,35,36,37,38,39,40,41,42,43,44" pointTypes="" names="320,285,237,238,239,240,241,242,243,244,245,246,247,248,249,250,251,252,253"/>
                    <segment id="158982184" length="4" startTrkptIdx="3237" segmentTime="3.61" speed="26.07" turnType="" turnAngle="" types="12,8,13,14,15,16,17,18,19,20,21,22,23,24,25,26,27,28,29,30,31,32,33,34,35,36,37,38,39,40,41,42,43,44" pointTypes="" names="320,285,237,238,239,240,241,242,243,244,245,246,247,248,249,250,251,252,253"/>
                    <segment id="168806575" length="30" startTrkptIdx="3240" segmentTime="81.52" speed="26.07" turnType="" turnAngle="" types="12,13,14,15,16,17,50,18,19,20,21,22,23,24,25,26,27,28,29,30,31,32,33,34,35,36,37,38,39,40,41,42,43,44" pointTypes="53,54;;;;;;;;53,54;45,4;48,45,4;;;;;;;;45,4;45,4;53,54;53,54;53,54;;;45,4;46,3;;;" names="320,285,237,238,239,240,241,242,243,244,245,246,247,248,249,250,251,252,253"/>
                    <segment id="48036654" length="3" startTrkptIdx="3269" segmentTime="40.17" speed="18.85" turnType="" turnAngle="" types="12,13,14,15,118,17,50,18,19,20,21,22,23,24,25,26,27,28,29,30,31,32,33,34,35,36,37,38,39,40,41,42,43,44" pointTypes=";;" names="320,285,237,238,239,240,241,242,243,244,245,246,247,248,249,250,251,252,253"/>
                    <segment id="157650549" length="4" startTrkptIdx="3271" segmentTime="45.92" speed="13.89" turnType="" turnAngle="" types="12,13,14,15,56,55,17,114,65,19,20,21,67,23,24,25,26,27,28,29,30,31,32,33,34,35,36,37,38,39,40,41,42,43,44" pointTypes=";" names="323,285,237,238,239,240,241,242,243,244,245,246,247,248,249,250,251,252,253"/>
                    <segment id="1169535276" length="2" startTrkptIdx="3274" segmentTime="1.80" speed="11.11" turnType="" turnAngle="" types="12,128,13,14,15,56,122,17,114,117,65,19,20,21,67,23,24,25,26,27,28,29,30,31,32,33,34,35,36,37,38,39,40,41,42,43,44" pointTypes="" names="323,285,237,238,239,240,241,242,243,244,245,246,247,248,249,250,251,252,253"/>
                    <segment id="157650550" length="12" startTrkptIdx="3275" segmentTime="76.54" speed="8.21" turnType="" turnAngle="" types="12,128,13,14,15,56,122,17,114,65,19,20,21,67,23,24,25,26,27,28,29,30,31,32,33,34,35,36,37,38,39,40,41,42,43,44" pointTypes="53,54;92,61,60,130,123,62;;;;;92,61,60,130,123,62;53,54;62,92,119,60,93;92,61,60,129,123,62;;" names="323,285,237,238,239,240,241,242,243,244,245,246,247,248,249,250,251,252,253"/>
                    <segment id="1169535277" length="5" startTrkptIdx="3286" segmentTime="43.19" speed="13.89" turnType="" turnAngle="" types="12,13,14,15,56,55,17,114,65,19,20,21,67,23,24,25,26,27,28,29,30,31,32,33,34,35,36,37,38,39,40,41,42,43,44" pointTypes=";;;53,54;" names="323,285,237,238,239,240,241,242,243,244,245,246,247,248,249,250,251,252,253"/>
                    <segment id="816686658" length="5" startTrkptIdx="3290" segmentTime="23.80" speed="13.89" turnType="" turnAngle="" types="12,13,14,15,55,17,114,65,19,20,21,67,23,24,25,26,27,28,29,30,31,32,33,34,35,36,37,38,39,40,41,42,43,44" pointTypes="53,54;53,54;;;" names="323,285,237,238,239,240,241,242,243,244,245,246,247,248,249,250,251,252,253"/>
                    <segment id="1469317313" length="3" startTrkptIdx="3294" segmentTime="7.43" speed="13.89" turnType="" turnAngle="" types="12,13,14,15,55,17,99,100,65,19,20,21,67,23,24,25,26,27,28,29,30,31,32,33,34,35,36,37,38,39,40,41,42,43,44" pointTypes="53,54;;" names="323,285,237,238,239,240,241,242,243,244,245,246,247,248,249,250,251,252,253"/>
                    <segment id="816686657" length="2" startTrkptIdx="3296" segmentTime="2.03" speed="13.89" turnType="" turnAngle="" types="12,13,14,15,55,17,50,65,19,20,21,67,23,24,25,26,27,28,29,30,31,32,33,34,35,36,37,38,39,40,41,42,43,44" pointTypes="" names="323,285,237,238,239,240,241,242,243,244,245,246,247,248,249,250,251,252,253"/>
                    <segment id="816686913" length="5" startTrkptIdx="3297" segmentTime="2.64" speed="13.89" turnType="C" turnAngle="2.06" types="12,13,14,15,55,17,50,65,19,20,21,67,23,24,25,26,27,28,29,30,31,32,33,34,35,36,37,38,39,40,41,42,43,44" pointTypes="" names="323,285,237,238,239,240,241,242,243,244,245,246,247,248,249,250,251,252,253"/>
                    <segment id="170030561" length="5" startTrkptIdx="3301" segmentTime="6.34" speed="13.89" turnType="" turnAngle="" types="12,13,14,15,55,17,65,19,20,21,67,23,24,25,26,27,28,29,30,31,32,33,34,35,36,37,38,39,40,41,42,43,44" pointTypes="" names="324,285,237,238,239,240,241,242,243,244,245,246,247,248,249,250,251,252,253"/>
                    <segment id="817123569" length="2" startTrkptIdx="3305" segmentTime="8.93" speed="26.07" turnType="" turnAngle="" types="12,13,14,15,16,17,65,19,20,21,67,23,24,25,26,27,28,29,30,31,32,33,34,35,36,37,38,39,40,41,42,43,44" pointTypes=";" names="324,285,237,238,239,240,241,242,243,244,245,246,247,248,249,250,251,252,253"/>
                    <segment id="158463315" length="5" startTrkptIdx="3306" segmentTime="24.78" speed="26.07" turnType="" turnAngle="" types="12,13,14,15,16,17,65,19,20,21,67,23,24,25,26,27,28,29,30,31,32,33,34,35,36,37,38,39,40,41,42,43,44" pointTypes=";;;" names="320,285,237,238,239,240,241,242,243,244,245,246,247,248,249,250,251,252,253"/>
                    <segment id="158463317" length="2" startTrkptIdx="3310" segmentTime="25.03" speed="26.07" turnType="" turnAngle="" types="12,13,14,84,126,127,16,17,65,19,20,21,67,23,24,25,26,27,28,29,30,31,32,33,34,35,36,37,38,39,40,41,42,43,44" pointTypes="" names="320,285,237,238,239,240,241,242,243,244,245,246,247,248,249,250,251,252,253"/>
                    <segment id="158463306" length="8" startTrkptIdx="3311" segmentTime="192.87" speed="26.07" turnType="" turnAngle="" types="12,13,14,15,16,17,65,19,20,21,67,23,24,25,26,27,28,29,30,31,32,33,34,35,36,37,38,39,40,41,42,43,44" pointTypes=";45,4;;;;;;" names="320,285,237,238,239,240,241,242,243,244,245,246,247,248,249,250,251,252,253"/>
                    <segment id="162535162" length="11" startTrkptIdx="3318" segmentTime="12.41" speed="26.07" turnType="" turnAngle="" types="12,13,14,15,16,17,18,19,20,21,22,23,24,25,26,27,28,29,30,31,32,33,34,35,36,37,38,39,40,41,42,43,44" pointTypes="46,3;45,4;;53,113;;;45,4;;53,54;53,54;" names="320,285,237,238,239,240,241,242,243,244,245,246,247,248,249,250,251,252,253"/>
                    <segment id="162535163" length="2" startTrkptIdx="3328" segmentTime="4.83" speed="26.07" turnType="" turnAngle="" types="12,8,131,14,15,16,17,18,19,20,21,22,23,24,25,26,27,28,29,30,31,32,33,34,35,36,37,38,39,40,41,42,43,44" pointTypes="" names="320,285,237,238,239,240,241,242,243,244,245,246,247,248,249,250,251,252,253"/>
                    <segment id="162535164" length="7" startTrkptIdx="3329" segmentTime="17.36" speed="26.07" turnType="" turnAngle="" types="12,13,14,15,16,17,18,19,20,21,22,23,24,25,26,27,28,29,30,31,32,33,34,35,36,37,38,39,40,41,42,43,44" pointTypes="45,4;;;;;;" names="320,285,237,238,239,240,241,242,243,244,245,246,247,248,249,250,251,252,253"/>
                    <segment id="30155784" length="6" startTrkptIdx="3335" segmentTime="19.72" speed="26.07" turnType="" turnAngle="" types="12,13,14,84,85,86,16,18,19,20,21,22,23,24,25,26,27,28,29,30,31,32,33,34,35,36,37,38,39,40,41,42,43,44" pointTypes="53,54;45,4;45,4;;53,54;" names="320,285,237,238,239,240,241,242,243,244,245,246,247,248,249,250,251,252,253"/>
                    <segment id="162535165" length="9" startTrkptIdx="3340" segmentTime="73.74" speed="26.07" turnType="" turnAngle="" types="12,13,14,15,16,17,18,19,20,21,22,23,24,25,26,27,28,29,30,31,32,33,34,35,36,37,38,39,40,41,42,43,44" pointTypes=";;;45,4;;;;;" names="320,285,237,238,239,240,241,242,243,244,245,246,247,248,249,250,251,252,253"/>
                    <segment id="162535159" length="4" startTrkptIdx="3348" segmentTime="8.88" speed="13.89" turnType="" turnAngle="" types="12,13,14,15,55,18,19,20,21,22,23,24,25,26,27,28,29,30,31,32,33,34,35,36,37,38,39,40,41,42,43,44" pointTypes=";45,4;;" names="320,285,237,238,239,240,241,242,243,244,245,246,247,248,249,250,251,252,253"/>
                    <segment id="225737997" length="6" startTrkptIdx="3351" segmentTime="26.92" speed="13.89" turnType="" turnAngle="" types="12,13,14,15,55,18,19,20,21,22,23,24,25,26,27,28,29,30,31,32,33,34,35,36,37,38,39,40,41,42,43,44" pointTypes=";;53,54;;" names="325,285,237,238,239,240,241,242,243,244,245,246,247,248,249,250,251,252,253"/>
                    <segment id="1478728601" length="2" startTrkptIdx="3356" segmentTime="0.54" speed="13.89" turnType="" turnAngle="" types="12,8,13,14,15,55,18,19,20,21,22,23,24,25,26,27,28,29,30,31,32,33,34,35,36,37,38,39,40,41,42,43,44" pointTypes="" names="325,285,237,238,239,240,241,242,243,244,245,246,247,248,249,250,251,252,253"/>
                    <segment id="114493808" length="4" startTrkptIdx="3357" segmentTime="21.40" speed="13.89" turnType="" turnAngle="" types="12,13,14,15,55,18,19,20,21,22,23,24,25,26,27,28,29,30,31,32,33,34,35,36,37,38,39,40,41,42,43,44" pointTypes="45,4;45,4;45,4;" names="325,285,237,238,239,240,241,242,243,244,245,246,247,248,249,250,251,252,253"/>
                    <segment id="1169535278" length="2" startTrkptIdx="3360" segmentTime="5.88" speed="13.89" turnType="" turnAngle="" types="12,13,14,15,55,18,19,20,21,22,23,24,25,26,27,28,29,30,31,32,33,34,35,36,37,38,39,40,41,42,43,44" pointTypes="45,4;" names="325,285,237,238,239,240,241,242,243,244,245,246,247,248,249,250,251,252,253"/>
                    <segment id="1478728595" length="2" startTrkptIdx="3361" segmentTime="1.50" speed="13.89" turnType="" turnAngle="" types="12,13,14,84,85,86,55,18,132,19,20,21,22,23,24,25,26,27,28,29,30,31,32,33,34,35,36,37,38,39,40,41,42,43,44" pointTypes="" names="325,285,237,238,239,240,241,242,243,244,245,246,247,248,249,250,251,252,253"/>
                    <segment id="1478728594" length="3" startTrkptIdx="3362" segmentTime="2.39" speed="8.09" turnType="" turnAngle="" types="12,13,14,15,55,18,19,20,21,22,23,24,25,26,27,28,29,30,31,32,33,34,35,36,37,38,39,40,41,42,43,44" pointTypes="57,58,59,60;" names="325,285,237,238,239,240,241,242,243,244,245,246,247,248,249,250,251,252,253"/>
                    <segment id="1478728593" length="2" startTrkptIdx="3364" segmentTime="1.31" speed="13.89" turnType="" turnAngle="" types="12,13,14,84,126,127,55,18,133,19,20,21,22,23,24,25,26,27,28,29,30,31,32,33,34,35,36,37,38,39,40,41,42,43,44" pointTypes="45,4;" names="325,285,237,238,239,240,241,242,243,244,245,246,247,248,249,250,251,252,253"/>
                    <segment id="1478728592" length="2" startTrkptIdx="3365" segmentTime="4.24" speed="13.89" turnType="C" turnAngle="-0.71" types="12,13,14,15,55,18,19,20,21,22,23,24,25,26,27,28,29,30,31,32,33,34,35,36,37,38,39,40,41,42,43,44" pointTypes="45,4;" names="325,285,237,238,239,240,241,242,243,244,245,246,247,248,249,250,251,252,253,326,327"/>
                    <segment id="1385694860" length="4" startTrkptIdx="3366" segmentTime="14.02" speed="3.98" turnType="" turnAngle="" types="12,13,14,15,55,18,19,20,21,22,63,23,24,25,26,27,28,29,30,31,32,33,34,35,36,37,38,39,40,41,42,43,44" pointTypes=";62,61,60,90;;" names="325,285,237,238,239,240,241,242,243,244,245,246,247,248,249,250,251,252,253,326,327"/>
                    <segment id="1385694859" length="2" startTrkptIdx="3369" segmentTime="4.07" speed="13.89" turnType="" turnAngle="" types="12,13,14,15,55,18,19,20,21,22,23,24,25,26,27,28,29,30,31,32,33,34,35,36,37,38,39,40,41,42,43,44" pointTypes=";" names="325,285,237,238,239,240,241,242,243,244,245,246,247,248,249,250,251,252,253"/>
                    <segment id="1297896403" length="6" startTrkptIdx="3370" segmentTime="25.08" speed="6.68" turnType="" turnAngle="" types="12,13,14,15,122,18,19,20,21,22,23,24,25,26,27,28,29,30,31,32,33,34,35,36,37,38,39,40,41,42,43,44" pointTypes="53,54;53,54;;;62,58,61,60,123,90,45,4;" names="325,285,237,238,239,240,241,242,243,244,245,246,247,248,249,250,251,252,253"/>
                    <segment id="114493815" length="2" startTrkptIdx="3375" segmentTime="1.59" speed="11.11" turnType="" turnAngle="" types="12,13,14,15,122,18,19,20,21,22,23,24,25,26,27,28,29,30,31,32,33,34,35,36,37,38,39,40,41,42,43,44" pointTypes="45,4;" names="325,285,237,238,239,240,241,242,243,244,245,246,247,248,249,250,251,252,253"/>
                    <segment id="1297896399" length="5" startTrkptIdx="3376" segmentTime="28.43" speed="1.34" turnType="" turnAngle="" types="12,13,14,11,122,94,18,19,20,21,22,23,24,25,26,27,28,29,30,31,32,33,34,35,36,37,38,39,40,41,42,43,44" pointTypes=";;134,135,136,137" names="325,285,237,238,239,240,241,242,243,244,245,246,247,248,249,250,251,252,253"/>
                    <segment id="1297896398" length="2" startTrkptIdx="3380" segmentTime="8.67" speed="11.11" turnType="" turnAngle="" types="12,13,14,15,122,18,19,20,21,22,23,24,25,26,27,28,29,30,31,32,33,34,35,36,37,38,39,40,41,42,43,44" pointTypes=";" names="325,285,237,238,239,240,241,242,243,244,245,246,247,248,249,250,251,252,253"/>
                    <segment id="1478728596" length="3" startTrkptIdx="3381" segmentTime="1.24" speed="11.11" turnType="" turnAngle="" types="12,13,14,15,122,18,19,20,21,22,23,24,25,26,27,28,29,30,31,32,33,34,35,36,37,38,39,40,41,42,43,44" pointTypes="48;" names="325,285,237,238,239,240,241,242,243,244,245,246,247,248,249,250,251,252,253,326,327"/>
                    <segment id="984802423" length="2" startTrkptIdx="3383" segmentTime="1.30" speed="11.11" turnType="" turnAngle="" types="12,13,14,84,85,86,122,18,138,19,20,21,22,23,24,25,26,27,28,29,30,31,32,33,34,35,36,37,38,39,40,41,42,43,44" pointTypes="" names="325,285,237,238,239,240,241,242,243,244,245,246,247,248,249,250,251,252,253,326,327"/>
                    <segment id="661052874" length="2" startTrkptIdx="3384" segmentTime="1.74" speed="11.11" turnType="" turnAngle="" types="12,13,14,84,85,86,122,18,138,19,20,21,22,23,24,25,26,27,28,29,30,31,32,33,34,35,36,37,38,39,40,41,42,43,44" pointTypes=";" names="325,285,237,238,239,240,241,242,243,244,245,246,247,248,249,250,251,252,253,328,327"/>
                    <segment id="678242976" length="2" startTrkptIdx="3385" segmentTime="3.56" speed="11.11" turnType="" turnAngle="" types="12,13,14,15,122,18,19,20,21,22,23,24,25,26,27,28,29,30,31,32,33,34,35,36,37,38,39,40,41,42,43,44" pointTypes=";" names="325,285,237,238,239,240,241,242,243,244,245,246,247,248,249,250,251,252,253"/>
                    <segment id="1169535279" length="2" startTrkptIdx="3386" segmentTime="2.43" speed="11.11" turnType="" turnAngle="" types="12,13,14,15,122,18,120,19,20,21,121,22,23,24,25,26,27,28,29,30,31,32,33,34,35,36,37,38,39,40,41,42,43,44" pointTypes=";" names="325,285,237,238,239,240,241,242,243,244,245,246,329,330,331,332,333,334,314,335,316,336,337,338,339,340,247,248,249,250,251,252,253"/>
                    <segment id="225745192" length="2" startTrkptIdx="3387" segmentTime="10.28" speed="13.89" turnType="" turnAngle="" types="12,13,14,15,55,18,120,19,20,21,121,22,23,24,25,26,27,28,29,30,31,32,33,34,35,36,37,38,39,40,41,42,43,44" pointTypes=";" names="325,285,237,238,239,240,241,242,243,244,245,246,329,330,331,332,333,334,314,335,316,336,337,338,339,340,247,248,249,250,251,252,253"/>
                    <segment id="47289407" length="5" startTrkptIdx="3388" segmentTime="4.86" speed="13.89" turnType="" turnAngle="" types="12,13,14,15,55,18,120,19,20,21,121,22,23,24,25,26,27,28,29,30,31,32,33,34,35,36,37,38,39,40,41,42,43,44" pointTypes=";45,4;;" names="325,285,237,238,239,240,241,242,243,244,245,246,329,330,331,332,333,334,314,335,316,336,337,338,339,340,247,248,249,250,251,252,253"/>
                    <segment id="48036655" length="5" startTrkptIdx="3392" segmentTime="7.47" speed="18.85" turnType="" turnAngle="" types="139,14,15,118,18,19,20,21,22,23,24,25,26,27,28,29,30,31,32,33,34,35,36,37,38,39,40,41,42,43,44" pointTypes="53,54;45,4;47,5;47,5" names="341,285,237,238,239,240,241,242,243,244,245,246,247,248,249,250,251,252,253"/>
                    <segment id="48036655" length="11" startTrkptIdx="3396" segmentTime="9.08" speed="18.85" turnType="" turnAngle="" types="139,14,15,118,18,19,20,21,22,23,24,25,26,27,28,29,30,31,32,33,34,35,36,37,38,39,40,41,42,43,44" pointTypes="47,5;46,3;46,3;46,3;45,4;45,4;;;45,4;;" names="341,285,237,238,239,240,241,242,243,244,245,246,247,248,249,250,251,252,253"/>
                    <segment id="298983130" length="27" startTrkptIdx="3406" segmentTime="22.98" speed="26.07" turnType="" turnAngle="" types="139,14,15,16,18,19,20,21,22,23,24,25,26,27,28,29,30,31,32,33,34,35,36,37,38,39,40,41,42,43,44" pointTypes=";;53,140;53,141;53,113;53,113;53,140;53,140;53,141;53,113;53,54;53,113;53,141;53,140;53,140;53,140;53,54;53,54;;45,4;45,4;53,54;46,3;47,5;46,3;46,3" names="320,285,237,238,239,240,241,242,243,244,245,246,247,248,249,250,251,252,253"/>
                    <segment id="117527056" length="2" startTrkptIdx="3432" segmentTime="1.00" speed="26.07" turnType="" turnAngle="" types="8,14,15,16,18,19,20,21,22,23,24,25,26,27,28,29,30,31,32,33,34,35,36,37,38,39,40,41,42,43,44" pointTypes="" names="320,285,237,238,239,240,241,242,243,244,245,246,247,248,249,250,251,252,253"/>
                    <segment id="298983135" length="23" startTrkptIdx="3433" segmentTime="43.86" speed="26.07" turnType="" turnAngle="" types="14,15,16,18,19,20,21,22,23,24,25,26,27,28,29,30,31,32,33,34,35,36,37,38,39,40,41,42,43,44" pointTypes=";53,140;53,140;;53,54;53,54;53,113;53,140;53,141;53,140;53,140;47,5;49,6;46,3;46,3;47,5;45,4;45,4;47,5;47,5;47,5;49,6;142,143" names="320,285,237,238,239,240,241,242,243,244,245,246,247,248,249,250,251,252,253"/>
                    <segment id="117527050" length="2" startTrkptIdx="3455" segmentTime="1.72" speed="26.07" turnType="" turnAngle="" types="8,14,15,16,18,19,20,21,22,23,24,25,26,27,28,29,30,31,32,33,34,35,36,37,38,39,40,41,42,43,44" pointTypes="" names="320,285,237,238,239,240,241,242,243,244,245,246,247,248,249,250,251,252,253"/>
                    <segment id="117527063" length="20" startTrkptIdx="3456" segmentTime="22.08" speed="26.07" turnType="" turnAngle="" types="14,15,16,18,19,20,21,22,23,24,25,26,27,28,29,30,31,32,33,34,35,36,37,38,39,40,41,42,43,44" pointTypes="46,3;47,5;47,5;49,6;47,5;45,4;47,5;46,3;45,4;49,6;47,5;47,5;47,5;;45,4;;53,54;53,113;53,113;53,140" names="320,285,237,238,239,240,241,242,243,244,245,246,247,248,249,250,251,252,253"/>
                    <segment id="117527063" length="3" startTrkptIdx="3475" segmentTime="0.91" speed="26.07" turnType="" turnAngle="" types="14,15,16,18,19,20,21,22,23,24,25,26,27,28,29,30,31,32,33,34,35,36,37,38,39,40,41,42,43,44" pointTypes="53,140;53,140;" names="320,285,237,238,239,240,241,242,243,244,245,246,247,248,249,250,251,252,253"/>
                    <segment id="298983131" length="6" startTrkptIdx="3477" segmentTime="4.45" speed="26.07" turnType="" turnAngle="" types="144,14,11,16,94,18,19,101,22,23,24,25,102,103,104,105,106,34,35,36,107,108,109,110,111" pointTypes=";49,6;47,5;45,4;53,54;53,140" names="320,285,237,286,240,287,243,288,289,247,248,299,300,301"/>
                    <segment id="117527072" length="2" startTrkptIdx="3482" segmentTime="1.08" speed="26.07" turnType="" turnAngle="" types="8,144,14,11,16,94,18,19,101,22,23,24,25,102,103,104,105,106,34,35,36,107,108,109,110,111" pointTypes="" names="320,285,237,286,240,287,243,288,289,247,248,299,300,301"/>
                    <segment id="117527049" length="8" startTrkptIdx="3483" segmentTime="6.71" speed="12.50" turnType="" turnAngle="" types="144,14,11,16,145,94,18,19,101,22,23,24,25,102,103,104,105,106,34,35,36,107,108,109,110,111" pointTypes=";53,146;53,146;53,146;53,147;53,141;53,113;53,54" names="320,285,237,286,240,287,243,288,289,247,248,299,300,301"/>
                    <segment id="117599749" length="2" startTrkptIdx="3490" segmentTime="1.36" speed="26.07" turnType="" turnAngle="" types="144,14,148,15,16,17,18,19,20,21,22,23,24,25,26,27,28,29,30,31,32,33,34,35,36,37,38,39,40,41,42,43,44" pointTypes=";53,54" names="320,285,237,238,239,240,241,242,243,244,245,246,247,248,249,250,251,252,253"/>
                    <segment id="298983136" length="20" startTrkptIdx="3491" segmentTime="18.32" speed="26.07" turnType="" turnAngle="" types="144,14,148,84,85,86,16,17,18,19,20,21,22,23,24,25,26,27,28,29,30,31,32,33,34,35,36,37,38,39,40,41,42,43,44" pointTypes=";53,113;53,140;53,140;53,54;53,54;45,4;;45,4;;;53,54;53,54;53,54;53,140;53,149;53,150;53,150;53,113;53,54" names="320,285,237,238,239,240,241,242,243,244,245,246,247,248,249,250,251,252,253"/>
                    <segment id="884561614" length="19" startTrkptIdx="3510" segmentTime="18.48" speed="26.07" turnType="" turnAngle="" types="144,14,148,15,16,17,18,19,20,21,22,23,24,25,26,27,28,29,30,31,32,33,34,35,36,37,38,39,40,41,42,43,44" pointTypes=";45,4;45,4;;;53,140;53,147;53,113;53,54;45,4;;53,54;53,140;53,113;53,113;53,140;53,141;53,141;53,149" names="320,285,237,238,239,240,241,242,243,244,245,246,247,248,249,250,251,252,253"/>
                    <segment id="884561615" length="9" startTrkptIdx="3528" segmentTime="9.36" speed="9.72" turnType="" turnAngle="" types="144,14,148,15,16,124,17,18,19,20,21,22,23,24,25,26,27,28,29,30,31,32,33,34,35,36,37,38,39,40,41,42,43,44" pointTypes=";53,149;53,141;53,140;142,143;151,152;153,154;153,154;155,156" names="320,285,237,238,239,240,241,242,243,244,245,246,247,248,249,250,251,252,253"/>
                    <segment id="298983133" length="39" startTrkptIdx="3536" segmentTime="22.63" speed="26.07" turnType="" turnAngle="" types="144,14,148,15,16,17,18,19,20,21,22,23,24,25,26,27,28,29,30,31,32,33,34,35,36,37,38,39,40,41,42,43,44" pointTypes=";151,152;49,6;;53,140;53,149;53,150;53,150;53,149;53,141;53,149;53,157;53,158;53,158;53,159;53,157;53,146;53,160;53,160;53,160;53,149;53,113;45,4;;;53,113;53,141;53,141;53,140;53,113;53,140;53,147;53,150;53,160;53,161;53,149;53,140;46,3;45,4" names="320,285,237,238,239,240,241,242,243,244,245,246,247,248,249,250,251,252,253"/>
                    <segment id="882651597" length="12" startTrkptIdx="3574" segmentTime="17.29" speed="6.94" turnType="" turnAngle="" types="144,14,148,15,16,162,17,18,19,20,21,22,23,24,25,26,27,28,29,30,31,32,33,34,35,36,37,38,39,40,41,42,43,44" pointTypes=";53,54;53,140;53,141;53,141;53,141;53,141;53,140;53,113;47,5;142,143;163,7" names="320,285,237,238,239,240,241,242,243,244,245,246,247,248,249,250,251,252,253"/>
                    <segment id="882651596" length="34" startTrkptIdx="3585" segmentTime="19.03" speed="26.07" turnType="" turnAngle="" types="144,14,148,15,16,17,18,19,20,21,22,23,24,25,26,27,28,29,30,31,32,33,34,35,36,37,38,39,40,41,42,43,44" pointTypes=";163,7;163,7;142,143;;53,113;53,140;45,4;45,4;;;53,140;53,147;53,113;;53,54;53,147;53,161;53,159;53,158;53,158;53,164;53,161;53,149;53,54;45,4;46,3;53,113;53,149;53,146;53,160;53,146;53,164;53,150" names="320,285,237,238,239,240,241,242,243,244,245,246,247,248,249,250,251,252,253"/>
                    <segment id="298983134" length="8" startTrkptIdx="3618" segmentTime="5.14" speed="26.07" turnType="" turnAngle="" types="144,14,148,84,85,86,16,17,18,19,20,21,22,23,24,25,26,27,28,29,30,31,32,33,34,35,36,37,38,39,40,41,42,43,44" pointTypes=";53,150;53,140;53,54;53,113;53,147;53,149;53,160" names="320,285,237,238,239,240,241,242,243,244,245,246,247,248,249,250,251,252,253"/>
                    <segment id="884561612" length="86" startTrkptIdx="3625" segmentTime="51.38" speed="26.07" turnType="" turnAngle="" types="144,14,148,15,85,127,16,17,18,19,20,21,22,23,24,25,26,27,28,29,30,31,32,33,34,35,36,37,38,39,40,41,42,43,44" pointTypes=";53,146;53,149;53,113;53,141;53,160;53,158;53,158;53,147;47,5;142,143;165,166;167,168;49,6;53,54;53,146;53,158;53,158;53,158;53,158;53,161;53,140;163,7;169,170;169,170;169,170;169,170;169,170;171,172;165,166;167,168;169,170;153,154;163,7;53,149;53,158;53,158;53,158;53,158;53,164;53,150;53,157;53,158;53,160;53,147;;163,7;153,154;169,170;169,170;169,170;169,170;169,170;169,170;155,156;45,4;53,113;45,4;53,140;53,149;53,157;53,158;53,158;53,160;;53,54;53,150;53,158;53,158;53,158;53,158;53,161;53,150;53,113;151,152;153,154;171,172;151,152;;53,141;53,157;53,164;53,150;53,157;53,158;53,158" names="320,285,237,238,239,240,241,242,243,244,245,246,247,248,249,250,251,252,253"/>
                    <segment id="884561613" length="8" startTrkptIdx="3710" segmentTime="11.77" speed="6.94" turnType="" turnAngle="" types="144,14,148,15,85,127,16,162,17,18,19,20,21,22,23,24,25,26,27,28,29,30,31,32,33,34,35,36,37,38,39,40,41,42,43,44" pointTypes=";53,164;53,150;46,3;49,6;151,152;155,156;155,156" names="320,285,237,238,239,240,241,242,243,244,245,246,247,248,249,250,251,252,253"/>
                    <segment id="884561616" length="65" startTrkptIdx="3717" segmentTime="38.43" speed="26.07" turnType="" turnAngle="" types="144,14,148,15,85,127,16,17,18,19,20,21,22,23,24,25,26,27,28,29,30,31,32,33,34,35,36,37,38,39,40,41,42,43,44" pointTypes=";165,166;142,143;142,143;155,156;165,166;;53,157;53,158;53,158;53,158;53,158;53,164;53,141;46,3;153,154;173,174;153,154;155,156;153,154;169,170;151,152;46,3;53,113;53,113;;;53,150;53,157;53,161;53,159;53,159;53,158;53,161;53,160;53,150;53,161;53,146;53,147;53,54;53,140;53,149;53,158;53,158;53,158;53,164;53,141;47,5;155,156;153,154;151,152;45,4;46,3;142,143;45,4;53,161;53,158;53,158;53,158;53,158;53,159;53,164;53,161;53,158;53,158" names="320,285,237,238,239,240,241,242,243,244,245,246,247,248,249,250,251,252,253"/>
                    <segment id="884561617" length="9" startTrkptIdx="3781" segmentTime="7.92" speed="9.72" turnType="" turnAngle="" types="144,14,148,15,85,127,16,124,17,18,19,20,21,22,23,24,25,26,27,28,29,30,31,32,33,34,35,36,37,38,39,40,41,42,43,44" pointTypes=";53,146;53,149;53,147;53,140;45,4;45,4;47,5;163,7" names="320,285,237,238,239,240,241,242,243,244,245,246,247,248,249,250,251,252,253"/>
                    <segment id="298982602" length="84" startTrkptIdx="3789" segmentTime="43.35" speed="26.07" turnType="" turnAngle="" types="144,14,148,15,85,127,81,16,17,18,19,20,21,22,23,24,25,26,27,28,29,30,31,32,33,34,35,36,37,38,39,40,41,42,43,44" pointTypes=";163,7;167,168;155,156;171,172;167,168;165,166;;53,113;53,140;53,149;53,147;53,146;53,161;53,161;53,157;53,157;53,149;53,140;;47,5;46,3;45,4;45,4;53,54;53,160;53,161;53,158;53,158;53,158;53,158;53,158;53,157;53,164;53,150;53,113;142,143;153,154;153,154;171,172;163,7;53,113;53,161;53,158;53,158;53,158;53,158;53,158;53,161;53,141;;;53,54;;142,143;151,152;173,174;169,170;169,170;171,172;151,152;142,143;47,5;47,5;46,3;45,4;53,160;53,158;53,158;53,158;53,158;53,158;53,158;53,161;53,140;151,152;173,174;153,154;;53,113;53,161;53,157;53,164;53,159" names="320,285,237,238,239,240,241,242,243,244,245,246,247,248,249,250,251,252,253"/>
                    <segment id="298982604" length="23" startTrkptIdx="3872" segmentTime="8.97" speed="26.07" turnType="" turnAngle="" types="144,14,148,84,85,86,81,16,17,18,19,20,21,22,23,24,25,26,27,28,29,30,31,32,33,34,35,36,37,38,39,40,41,42,43,44" pointTypes=";53,146;;163,7;163,7;163,7;47,5;45,4;53,140;53,149;53,164;53,158;53,158;53,158;53,159;53,161;53,146;53,149;53,113;46,3;163,7;173,174;169,170" names="320,285,237,238,239,240,241,242,243,244,245,246,247,248,249,250,251,252,253"/>
                    <segment id="298982603" length="47" startTrkptIdx="3894" segmentTime="27.26" speed="26.07" turnType="" turnAngle="" types="144,14,148,15,81,16,17,65,19,20,21,67,23,24,25,26,27,28,29,30,31,32,33,34,35,36,37,38,39,40,41,42,43,44" pointTypes=";169,170;167,168;155,156;165,166;49,6;;53,147;53,159;53,158;53,158;53,149;53,150;53,164;53,147;142,143;167,168;169,170;171,172;142,143;53,140;53,146;53,158;53,158;53,158;53,158;53,157;53,150;53,140;53,54;47,5;165,166;169,170;169,170;47,5;53,113;53,160;53,164;53,161;53,147;45,4;165,166;49,6;45,4;53,147;53,164;53,158" names="320,285,237,238,239,240,241,242,243,244,245,246,247,248,249,250,251,252,253"/>
                    <segment id="1423817072" length="8" startTrkptIdx="3940" segmentTime="3.94" speed="9.72" turnType="" turnAngle="" types="144,14,148,15,81,16,124,17,65,19,20,21,67,23,24,25,26,27,28,29,30,31,32,33,34,35,36,37,38,39,40,41,42,43,44" pointTypes=";53,158;53,158;53,159;53,149;;47,5;163,7" names="320,285,237,238,239,240,241,242,243,244,245,246,247,248,249,250,251,252,253"/>
                    <segment id="1423817071" length="11" startTrkptIdx="3947" segmentTime="3.75" speed="26.07" turnType="" turnAngle="" types="144,14,148,15,81,16,17,65,19,20,21,67,23,24,25,26,27,28,29,30,31,32,33,34,35,36,37,38,39,40,41,42,43,44" pointTypes=";163,7;142,143;49,6;142,143;48,142,143;165,166;165,166;167,168;167,168;153,154" names="320,285,237,238,239,240,241,242,243,244,245,246,247,248,249,250,251,252,253"/>
                    <segment id="884561619" length="9" startTrkptIdx="3957" segmentTime="3.81" speed="9.72" turnType="" turnAngle="" types="144,14,148,15,81,16,124,17,65,19,20,21,67,23,24,25,26,27,28,29,30,31,32,33,34,35,36,37,38,39,40,41,42,43,44" pointTypes=";153,154;155,156;167,168;167,168;165,166;163,7;163,7;142,143" names="320,285,237,238,239,240,241,242,243,244,245,246,247,248,249,250,251,252,253"/>
                    <segment id="884561618" length="14" startTrkptIdx="3965" segmentTime="6.54" speed="9.72" turnType="" turnAngle="" types="144,14,175,15,81,16,124,17,65,19,20,21,67,23,24,25,26,27,28,29,30,31,32,33,34,35,36,37,38,39,40,41,42,43,44" pointTypes=";142,143;49,6;47,5;47,5;46,3;46,3;;53,54;53,140;53,147;53,150;53,160;53,157" names="320,285,237,238,239,240,241,242,243,244,245,246,247,248,249,250,251,252,253"/>
                    <segment id="117527070" length="94" startTrkptIdx="3978" segmentTime="50.43" speed="26.07" turnType="" turnAngle="" types="144,14,175,15,81,16,17,65,19,20,21,67,23,24,25,26,27,28,29,30,31,32,33,34,35,36,37,38,39,40,41,42,43,44" pointTypes=";53,159;53,158;53,158;53,158;53,164;53,160;53,147;;;142,143;163,7;165,166;151,152;151,152;142,143;163,7;142,143;163,7;163,7;163,7;163,7;165,166;165,166;163,7;49,6;47,5;46,3;46,3;47,5;165,166;167,168;155,156;151,152;49,6;;;53,113;53,147;53,160;53,157;53,161;53,147;;49,6;142,143;165,166;167,168;165,166;165,166;165,166;165,166;165,166;165,166;165,166;153,154;165,166;163,7;49,6;49,6;46,3;47,5;142,143;167,168;155,156;153,154;167,168;165,166;155,156;153,154;153,154;163,7;53,54;53,141;53,140;53,141;53,141;53,147;47,5;163,7;151,152;142,143;53,141;53,149;53,160;53,164;53,161;53,147;53,113;53,54;46,3;46,3;46,3;46,3" names="320,285,237,238,239,240,241,242,243,244,245,246,247,248,249,250,251,252,253"/>
                    <segment id="119112856" length="25" startTrkptIdx="4071" segmentTime="11.60" speed="26.07" turnType="" turnAngle="" types="144,14,175,84,126,127,16,17,18,19,20,21,22,23,24,25,26,27,28,29,30,31,32,33,34,35,36,37,38,39,40,41,42,43,44" pointTypes=";45,4;47,5;49,6;155,156;173,174;169,170;173,174;171,172;167,168;46,3;53,113;53,149;53,160;53,147;53,113;53,147;53,149;53,140;53,113;49,6;151,152;155,156;171,172;173,174" names="320,285,237,238,239,240,241,242,243,244,245,246,247,248,249,250,251,252,253"/>
                    <segment id="117527037" length="95" startTrkptIdx="4095" segmentTime="56.31" speed="26.07" turnType="" turnAngle="" types="144,14,175,15,16,17,18,19,20,21,22,23,24,25,26,27,28,29,30,31,32,33,34,35,36,37,38,39,40,41,42,43,44" pointTypes=";169,170;171,172;171,172;153,154;169,170;169,170;169,170;169,170;153,154;163,7;45,4;53,54;53,161;53,149;53,54;53,113;53,147;53,157;53,161;53,149;53,149;53,147;47,5;155,156;169,170;169,170;169,170;153,154;167,168;49,6;165,166;142,143;47,5;53,150;53,159;53,158;53,158;53,158;53,159;53,149;53,150;;163,7;167,168;173,174;173,174;173,174;165,166;49,6;45,4;53,54;47,5;163,7;163,7;163,7;142,143;163,7;47,5;;45,4;45,4;53,140;53,149;53,160;;53,113;53,113;46,3;45,4;165,166;169,170;169,170;169,170;169,170;173,174;153,154;167,168;151,152;47,5;45,4;53,141;53,149;53,146;53,160;45,4;151,152;169,170;169,170;169,170;171,172;167,168;155,156;167,168;165,166" names="320,285,237,238,239,240,241,242,243,244,245,246,247,248,249,250,251,252,253"/>
                    <segment id="119112857" length="16" startTrkptIdx="4189" segmentTime="9.42" speed="26.07" turnType="" turnAngle="" types="144,14,175,84,126,127,16,17,18,19,20,21,22,23,24,25,26,27,28,29,30,31,32,33,34,35,36,37,38,39,40,41,42,43,44" pointTypes=";46,3;53,113;53,113;53,113;45,4;;53,54;53,113;53,147;53,141;53,140;;49,6;165,166;151,152" names="320,285,237,238,239,240,241,242,243,244,245,246,247,248,249,250,251,252,253"/>
                    <segment id="884561620" length="6" startTrkptIdx="4204" segmentTime="2.83" speed="26.07" turnType="" turnAngle="" types="144,14,15,16,17,18,19,20,21,22,23,24,25,26,27,28,29,30,31,32,33,34,35,36,37,38,39,40,41,42,43,44" pointTypes=";163,7;49,6;45,4;53,113;53,113" names="320,285,237,238,239,240,241,242,243,244,245,246,247,248,249,250,251,252,253"/>
                    <segment id="119112858" length="19" startTrkptIdx="4209" segmentTime="23.06" speed="9.72" turnType="" turnAngle="" types="144,14,15,16,124,17,18,19,20,21,22,23,24,25,26,27,28,29,30,31,32,33,34,35,36,37,38,39,40,41,42,43,44" pointTypes=";53,149;53,149;53,149;53,141;46,3;163,7;151,152;155,156;169,170;169,170;169,170;169,170;173,174;169,170;151,152;49,6;53,54;53,140" names="320,285,237,238,239,240,241,242,243,244,245,246,247,248,249,250,251,252,253"/>
                    <segment id="884561621" length="4" startTrkptIdx="4227" segmentTime="3.68" speed="26.07" turnType="" turnAngle="" types="144,14,15,16,17,18,19,20,21,22,23,24,25,26,27,28,29,30,31,32,33,34,35,36,37,38,39,40,41,42,43,44" pointTypes=";53,113;45,4;47,5" names="320,285,237,238,239,240,241,242,243,244,245,246,247,248,249,250,251,252,253"/>
                    <segment id="220966747" length="12" startTrkptIdx="4230" segmentTime="7.28" speed="26.07" turnType="" turnAngle="" types="144,14,175,84,126,127,16,17,18,19,20,21,22,23,24,25,26,27,28,29,30,31,32,33,34,35,36,37,38,39,40,41,42,43,44" pointTypes=";142,143;47,5;;53,141;53,147;53,149;;142,143;46,3;165,166;155,156" names="320,285,237,238,239,240,241,242,243,244,245,246,247,248,249,250,251,252,253"/>
                    <segment id="220966748" length="49" startTrkptIdx="4241" segmentTime="33.30" speed="26.07" turnType="" turnAngle="" types="144,14,15,16,17,18,19,20,21,22,23,24,25,26,27,28,29,30,31,32,33,34,35,36,37,38,39,40,41,42,43,44" pointTypes=";171,172;169,170;169,170;173,174;153,154;167,168;165,166;163,7;142,143;47,5;45,4;;;47,5;49,6;47,5;47,5;47,5;45,4;;;;45,4;45,4;46,3;46,3;46,3;46,3;47,5;47,5;142,143;49,6;47,5;46,3;;53,113;53,141;53,140;53,54;45,4;47,5;49,6;163,7;163,7;49,6;;;46,3" names="320,285,237,238,239,240,241,242,243,244,245,246,247,248,249,250,251,252,253"/>
                    <segment id="298982601" length="45" startTrkptIdx="4289" segmentTime="76.82" speed="20.98" turnType="" turnAngle="" types="12,13,14,15,16,17,18,19,20,21,22,23,24,25,26,27,28,29,30,31,32,33,34,35,36,37,38,39,40,41,42,43,44" pointTypes=";176,177,47,5;49,6;47,5;46,3;46,3;45,4;53,54;53,54;45,4;46,3;46,3;46,3;47,5;45,4;45,4;45,4;47,5;47,5;45,4;45,4;;45,4;46,3;45,4;46,3;47,5;46,3;46,3;45,4;46,3;46,3;46,3;45,4;45,4;;53,54;;;46,3;49,6;49,6;49,6;142,143;49,6" names="320,285,237,238,239,240,241,242,243,244,245,246,247,248,249,250,251,252,253"/>
                    <segment id="117527069" length="7" startTrkptIdx="4333" segmentTime="2.49" speed="26.07" turnType="" turnAngle="" types="12,8,13,14,15,16,17,18,19,20,21,22,23,24,25,26,27,28,29,30,31,32,33,34,35,36,37,38,39,40,41,42,43,44" pointTypes="" names="320,285,237,238,239,240,241,242,243,244,245,246,247,248,249,250,251,252,253"/>
                    <segment id="119113265" length="61" startTrkptIdx="4339" segmentTime="116.91" speed="26.07" turnType="" turnAngle="" types="12,13,14,15,16,17,65,19,20,21,67,23,24,25,26,27,28,29,30,31,32,33,34,35,36,37,38,39,40,41,42,43,44" pointTypes="53,140;53,54;45,4;;45,4;46,3;45,4;;46,3;45,4;;53,54;53,113;53,141;53,140;53,54;;45,4;47,5;49,6;49,6;142,143;45,4;;;46,3;46,3;46,3;49,6;47,5;49,6;49,6;47,5;47,5;46,3;46,3;45,4;46,3;49,6;49,6;47,5;47,5;47,5;45,4;;;;45,4;;53,54;;53,113;53,140;53,113;53,149;53,141;53,140;53,141;53,147;53,140;" names="320,285,237,238,239,240,241,242,243,244,245,246,247,248,249,250,251,252,253"/>
                    <segment id="119113269" length="5" startTrkptIdx="4399" segmentTime="9.21" speed="26.07" turnType="" turnAngle="" types="12,128,13,14,175,15,16,65,19,20,21,67,23,24,25,26,27,28,29,30,31,32,33,34,35,36,37,38,39,40,41,42,43,44" pointTypes="53,113;;142,143;49,6;" names="320,285,237,238,239,240,241,242,243,244,245,246,247,248,249,250,251,252,253"/>
                    <segment id="119113264" length="11" startTrkptIdx="4403" segmentTime="16.53" speed="26.07" turnType="" turnAngle="" types="12,13,14,175,84,126,127,16,65,19,20,21,67,23,24,25,26,27,28,29,30,31,32,33,34,35,36,37,38,39,40,41,42,43,44" pointTypes="142,143;163,7;163,7;163,7;142,143;49,6;49,6;46,3;45,4;49,6;" names="320,285,237,238,239,240,241,242,243,244,245,246,247,248,249,250,251,252,253"/>
                    <segment id="119113266" length="3" startTrkptIdx="4413" segmentTime="5.46" speed="26.07" turnType="" turnAngle="" types="12,13,14,178,16,65,19,20,21,67,23,24,25,26,27,28,29,30,31,32,33,34,35,36,37,38,39,40,41,42,43,44" pointTypes="45,4;53,54;" names="320,285,237,238,239,240,241,242,243,244,245,246,247,248,249,250,251,252,253"/>
                    <segment id="667042469" length="42" startTrkptIdx="4415" segmentTime="35.55" speed="26.07" turnType="" turnAngle="" types="12,13,14,148,84,85,86,16,65,19,20,21,67,23,24,25,26,27,28,29,30,31,32,33,34,35,36,37,38,39,40,41,42,43,44" pointTypes="53,54;53,54;53,140;53,113;53,113;53,113;53,140;53,140;53,54;;;53,54;53,113;53,141;53,147;53,150;53,160;53,146;53,161;53,160;53,146;53,161;53,146;53,150;53,147;53,147;53,149;53,113;53,113;53,140;53,141;53,140;53,141;53,147;53,149;53,149;53,149;53,149;53,149;53,147;53,147;" names="320,285,237,238,239,240,241,242,243,244,245,246,247,248,249,250,251,252,253"/>
                    <segment id="119113267" length="10" startTrkptIdx="4456" segmentTime="4.29" speed="26.07" turnType="" turnAngle="" types="12,13,14,148,84,85,86,16,65,19,20,21,67,23,24,25,26,27,28,29,30,31,32,33,34,35,36,37,38,39,40,41,42,43,44" pointTypes="53,141;53,141;53,140;53,140;53,140;53,141;53,140;53,140;53,141;" names="320,285,237,238,239,240,241,242,243,244,245,246,247,248,249,250,251,252,253"/>
                    <segment id="667042468" length="6" startTrkptIdx="4465" segmentTime="3.11" speed="26.07" turnType="" turnAngle="" types="12,13,14,148,15,16,65,19,20,21,67,23,24,25,26,27,28,29,30,31,32,33,34,35,36,37,38,39,40,41,42,43,44" pointTypes="53,149;53,149;53,150;53,160;53,147;" names="320,285,237,238,239,240,241,242,243,244,245,246,247,248,249,250,251,252,253"/>
                    <segment id="830542425" length="3" startTrkptIdx="4470" segmentTime="0.99" speed="26.07" turnType="" turnAngle="" types="12,13,14,148,84,85,86,16,65,179,19,20,21,67,23,24,25,26,27,28,29,30,31,32,33,34,35,36,37,38,39,40,41,42,43,44" pointTypes="53,149;53,149;" names="320,285,237,238,239,240,241,242,243,244,245,246,247,248,249,250,251,252,253"/>
                    <segment id="97179887" length="30" startTrkptIdx="4472" segmentTime="35.25" speed="26.07" turnType="" turnAngle="" types="12,13,14,148,15,16,65,19,20,21,67,23,24,25,26,27,28,29,30,31,32,33,34,35,36,37,38,39,40,41,42,43,44" pointTypes="53,141;53,113;53,54;53,149;53,150;53,160;53,150;53,150;53,147;53,140;53,113;;;45,4;45,4;53,140;53,113;53,140;53,113;53,113;53,54;53,113;53,141;53,140;;46,3;45,4;53,140;53,150;" names="320,285,237,238,239,240,241,242,243,244,245,246,247,248,249,250,251,252,253"/>
                    <segment id="107403009" length="22" startTrkptIdx="4501" segmentTime="40.67" speed="21.26" turnType="" turnAngle="" types="12,13,14,15,82,17,18,19,20,21,22,23,24,25,26,27,28,29,30,31,32,33,34,35,36,37,38,39,40,41,42,43,44" pointTypes="53,141;53,149;53,149;53,141;53,147;53,113;;;;;;53,113;53,113;53,113;53,54;53,54;53,54;53,113;;;;" names="342,285,237,238,239,240,241,242,243,244,245,246,247,248,249,250,251,252,253"/>
                    <segment id="244095228" length="4" startTrkptIdx="4522" segmentTime="3.97" speed="21.26" turnType="" turnAngle="" types="12,13,14,15,82,17,180,18,19,20,21,22,23,24,25,26,27,28,29,30,31,32,33,34,35,36,37,38,39,40,41,42,43,44" pointTypes="53,113;53,113;53,54;" names="342,285,237,238,239,240,241,242,243,244,245,246,247,248,249,250,251,252,253"/>
                    <segment id="215564525" length="7" startTrkptIdx="4525" segmentTime="7.18" speed="21.26" turnType="" turnAngle="" types="12,13,14,15,82,17,18,19,20,21,22,23,24,25,26,27,28,29,30,31,32,33,34,35,36,37,38,39,40,41,42,43,44" pointTypes="53,140;53,141;53,140;53,54;;46,3;48" names="342,285,237,238,239,240,241,242,243,244,245,246,247,248,249,250,251,252,253"/>
                    <segment id="215564524" length="2" startTrkptIdx="4531" segmentTime="1.78" speed="21.26" turnType="" turnAngle="" types="12,8,13,14,15,82,17,18,19,20,21,22,23,24,25,26,27,28,29,30,31,32,33,34,35,36,37,38,39,40,41,42,43,44" pointTypes="48;" names="342,285,237,238,239,240,241,242,243,244,245,246,247,248,249,250,251,252,253"/>
                    <segment id="380052272" length="32" startTrkptIdx="4532" segmentTime="54.78" speed="21.26" turnType="" turnAngle="" types="12,13,14,15,82,17,18,19,20,21,22,23,24,25,26,27,28,29,30,31,32,33,34,35,36,37,38,39,40,41,42,43,44" pointTypes="46,3;46,3;45,4;53,113;53,113;;;53,54;;45,4;46,3;45,4;47,5;45,4;;53,54;53,113;53,140;53,141;53,141;53,140;53,54;45,4;45,4;45,4;47,5;47,5;46,3;46,3;45,4;;" names="342,285,237,238,239,240,241,242,243,244,245,246,247,248,249,250,251,252,253"/>
                    <segment id="48036658" length="3" startTrkptIdx="4563" segmentTime="6.59" speed="21.26" turnType="" turnAngle="" types="12,13,14,15,82,17,18,19,20,21,22,23,24,25,26,27,28,29,30,31,32,33,34,35,36,37,38,39,40,41,42,43,44" pointTypes="45,4;45,4;" names="342,285,237,238,239,240,241,242,243,244,245,246,247,248,249,250,251,252,253"/>
                    <segment id="48036658" length="16" startTrkptIdx="4565" segmentTime="26.00" speed="21.26" turnType="" turnAngle="" types="12,13,14,15,82,17,18,19,20,21,22,23,24,25,26,27,28,29,30,31,32,33,34,35,36,37,38,39,40,41,42,43,44" pointTypes=";;45,4;;46,3;47,5;45,4;45,4;46,3;46,3;45,4;;;46,3;46,3;" names="342,285,237,238,239,240,241,242,243,244,245,246,247,248,249,250,251,252,253"/>
                    <segment id="150449662" length="3" startTrkptIdx="4580" segmentTime="2.14" speed="18.85" turnType="" turnAngle="" types="12,13,14,15,118,17,18,19,20,21,22,23,24,25,26,27,28,29,30,31,32,33,34,35,36,37,38,39,40,41,42,43,44" pointTypes="45,4;45,4;47,5" names="342,285,237,238,239,240,241,242,243,244,245,246,247,248,249,250,251,252,253"/>
                    <segment id="150449662" length="5" startTrkptIdx="4582" segmentTime="5.73" speed="18.85" turnType="C" turnAngle="2.75" types="12,13,14,15,118,17,18,19,20,21,22,23,24,25,26,27,28,29,30,31,32,33,34,35,36,37,38,39,40,41,42,43,44" pointTypes="47,5;46,3;45,4;45,4;" names="342,285,237,238,239,240,241,242,243,244,245,246,247,248,249,250,251,252,253"/>
                    <segment id="119116659" length="20" startTrkptIdx="4586" segmentTime="25.30" speed="18.85" turnType="" turnAngle="" types="12,13,14,15,118,17,18,19,20,21,22,23,24,25,26,27,28,29,30,31,32,33,34,35,36,37,38,39,40,41,42,43,44" pointTypes="46,3;46,3;45,4;53,113;53,54;53,54;53,54;53,54;53,54;53,54;53,54;53,113;53,141;53,141;53,149;53,149;53,149;53,147;53,147;" names="342,285,237,238,239,240,241,242,243,244,245,246,247,248,249,250,251,252,253"/>
                    <segment id="819975986" length="10" startTrkptIdx="4605" segmentTime="10.06" speed="18.85" turnType="" turnAngle="" types="12,13,14,15,118,17,65,19,20,21,67,23,24,25,26,27,28,29,30,31,32,33,34,35,36,37,38,39,40,41,42,43,44" pointTypes="53,149;53,147;53,113;;;;;53,54;53,54;" names="342,285,237,238,239,240,241,242,243,244,245,246,247,248,249,250,251,252,253"/>
                    <segment id="814608782" length="2" startTrkptIdx="4614" segmentTime="1.97" speed="18.85" turnType="" turnAngle="" types="12,13,14,15,118,17,65,19,20,21,67,23,24,25,26,27,28,29,30,31,32,33,34,35,36,37,38,39,40,41,42,43,44" pointTypes="53,54;" names="342,285,237,238,239,240,241,242,243,244,245,246,247,248,249,250,251,252,253"/>
                    <segment id="814608783" length="2" startTrkptIdx="4615" segmentTime="1.21" speed="18.85" turnType="" turnAngle="" types="12,13,14,15,118,17,65,19,20,21,67,23,24,25,26,27,28,29,30,31,32,33,34,35,36,37,38,39,40,41,42,43,44" pointTypes="53,54;" names="342,285,237,238,239,240,241,242,243,244,245,246,247,248,249,250,251,252,253"/>
                    <segment id="1120010812" length="3" startTrkptIdx="4616" segmentTime="3.25" speed="18.85" turnType="" turnAngle="" types="12,13,14,15,118,17,65,19,20,21,67,23,24,25,26,27,28,29,30,31,32,33,34,35,36,37,38,39,40,41,42,43,44" pointTypes="53,54;;" names="343,285,237,238,239,240,241,242,243,244,245,246,247,248,249,250,251,252,253"/>
                    <segment id="814608781" length="2" startTrkptIdx="4618" segmentTime="3.56" speed="18.85" turnType="" turnAngle="" types="12,13,14,84,85,86,118,17,65,181,19,20,21,67,23,24,25,26,27,28,29,30,31,32,33,34,35,36,37,38,39,40,41,42,43,44" pointTypes="53,54;" names="343,285,237,238,239,240,241,242,243,244,245,246,247,248,249,250,251,252,253"/>
                    <segment id="1120010811" length="2" startTrkptIdx="4619" segmentTime="0.66" speed="18.85" turnType="" turnAngle="" types="12,13,14,15,118,17,65,19,20,21,67,23,24,25,26,27,28,29,30,31,32,33,34,35,36,37,38,39,40,41,42,43,44" pointTypes="53,54;" names="343,285,237,238,239,240,241,242,243,244,245,246,247,248,249,250,251,252,253"/>
                    <segment id="814608780" length="2" startTrkptIdx="4620" segmentTime="4.87" speed="18.85" turnType="" turnAngle="" types="12,13,14,15,118,17,65,19,20,21,67,23,24,25,26,27,28,29,30,31,32,33,34,35,36,37,38,39,40,41,42,43,44" pointTypes="53,113;" names="343,285,237,238,239,240,241,242,243,244,245,246,247,248,249,250,251,252,253"/>
                    <segment id="1120010807" length="2" startTrkptIdx="4621" segmentTime="0.86" speed="18.85" turnType="" turnAngle="" types="12,13,14,84,85,86,118,17,65,132,19,20,21,67,23,24,25,26,27,28,29,30,31,32,33,34,35,36,37,38,39,40,41,42,43,44" pointTypes="53,113;" names="343,285,237,238,239,240,241,242,243,244,245,246,247,248,249,250,251,252,253"/>
                    <segment id="1120010805" length="3" startTrkptIdx="4622" segmentTime="4.24" speed="14.41" turnType="" turnAngle="" types="12,13,14,15,118,17,65,19,20,21,67,23,24,25,26,27,28,29,30,31,32,33,34,35,36,37,38,39,40,41,42,43,44" pointTypes="53,113;57,58,59,60,53,113;" names="343,285,237,238,239,240,241,242,243,244,245,246,247,248,249,250,251,252,253"/>
                    <segment id="1120010806" length="3" startTrkptIdx="4624" segmentTime="0.78" speed="18.85" turnType="" turnAngle="" types="12,13,14,84,126,127,118,17,65,133,19,20,21,67,23,24,25,26,27,28,29,30,31,32,33,34,35,36,37,38,39,40,41,42,43,44" pointTypes="53,113;53,113;" names="343,285,237,238,239,240,241,242,243,244,245,246,247,248,249,250,251,252,253"/>
                    <segment id="119116658" length="4" startTrkptIdx="4626" segmentTime="4.80" speed="18.85" turnType="C" turnAngle="0.83" types="12,13,14,15,118,17,65,19,20,21,67,23,24,25,26,27,28,29,30,31,32,33,34,35,36,37,38,39,40,41,42,43,44" pointTypes="53,113;53,54;53,54;" names="343,285,237,238,239,240,241,242,243,244,245,246,247,248,249,250,251,252,253"/>
                    <segment id="1120010802" length="2" startTrkptIdx="4629" segmentTime="0.64" speed="18.85" turnType="" turnAngle="" types="12,13,14,84,126,127,118,17,65,133,19,20,21,67,23,24,25,26,27,28,29,30,31,32,33,34,35,36,37,38,39,40,41,42,43,44" pointTypes="" names="343,285,237,238,239,240,241,242,243,244,245,246,247,248,249,250,251,252,253"/>
                    <segment id="1120010803" length="2" startTrkptIdx="4630" segmentTime="0.60" speed="18.85" turnType="C" turnAngle="0.38" types="12,13,14,15,118,17,18,19,20,21,22,23,24,25,26,27,28,29,30,31,32,33,34,35,36,37,38,39,40,41,42,43,44" pointTypes="" names="343,285,237,238,239,240,241,242,243,244,245,246,247,248,249,250,251,252,253"/>
                    <segment id="1120010799" length="2" startTrkptIdx="4631" segmentTime="1.16" speed="18.85" turnType="" turnAngle="" types="12,13,14,84,85,86,118,17,65,132,19,20,21,67,23,24,25,26,27,28,29,30,31,32,33,34,35,36,37,38,39,40,41,42,43,44" pointTypes="" names="343,285,237,238,239,240,241,242,243,244,245,246,247,248,249,250,251,252,253"/>
                    <segment id="1120010800" length="2" startTrkptIdx="4632" segmentTime="1.72" speed="18.85" turnType="" turnAngle="" types="12,13,14,15,118,17,65,19,20,21,67,23,24,25,26,27,28,29,30,31,32,33,34,35,36,37,38,39,40,41,42,43,44" pointTypes="" names="343,285,237,238,239,240,241,242,243,244,245,246,247,248,249,250,251,252,253"/>
                    <segment id="119116660" length="11" startTrkptIdx="4633" segmentTime="13.32" speed="18.85" turnType="" turnAngle="" types="12,13,14,15,118,17,65,19,20,21,67,23,24,25,26,27,28,29,30,31,32,33,34,35,36,37,38,39,40,41,42,43,44" pointTypes="53,54;53,54;53,113;53,54;53,54;;;45,4;45,4;;" names="343,285,237,238,239,240,241,242,243,244,245,246,247,248,249,250,251,252,253"/>
                    <segment id="239550468" length="8" startTrkptIdx="4643" segmentTime="5.11" speed="18.85" turnType="" turnAngle="" types="12,13,14,84,126,127,118,17,65,19,20,21,67,23,24,25,26,27,28,29,30,31,32,33,34,35,36,37,38,39,40,41,42,43,44" pointTypes="53,54;;45,4;45,4;" names="343,285,237,238,239,240,241,242,243,244,245,246,247,248,249,250,251,252,253"/>
                    <segment id="643924827" length="2" startTrkptIdx="4650" segmentTime="0.89" speed="18.85" turnType="" turnAngle="" types="12,13,14,178,126,86,118,17,65,19,20,21,67,23,24,25,26,27,28,29,30,31,32,33,34,35,36,37,38,39,40,41,42,43,44" pointTypes="" names="343,285,237,238,239,240,241,242,243,244,245,246,247,248,249,250,251,252,253"/>
                    <segment id="431594691" length="2" startTrkptIdx="4651" segmentTime="0.60" speed="18.85" turnType="" turnAngle="" types="12,13,14,15,118,94,65,19,101,67,23,24,25,102,103,104,105,106,34,35,36,107,108,109,110,111" pointTypes=";53,113" names="343,285,237,286,240,287,243,288,289,247,248,299,300,301"/>
                    <segment id="239550469" length="4" startTrkptIdx="4652" segmentTime="22.17" speed="1.85" turnType="TSLR" turnAngle="43.67" types="12,13,14,15,118,94,65,19,101,67,23,24,25,102,103,104,105,106,34,35,36,107,108,109,110,111" pointTypes=";45,4;182,183,45,4;45,4" names="343,285,237,286,240,287,243,288,289,247,248,299,300,301"/>
                    <segment id="119116662" length="4" startTrkptIdx="4655" segmentTime="1.45" speed="18.85" turnType="" turnAngle="" types="12,13,14,15,118,94,65,19,101,67,23,24,25,102,103,104,105,106,34,35,36,107,108,109,110,111" pointTypes=";45,4" names="344,285,237,286,345,240,287,243,288,289,247,248,299,300,346,301"/>
                    <segment id="819634990" length="5" startTrkptIdx="4658" segmentTime="5.36" speed="18.85" turnType="" turnAngle="" types="12,13,14,15,118,94,65,19,101,67,23,24,25,102,103,104,105,106,34,35,36,107,108,109,110,111" pointTypes=";47,5;49,6;47,5;142,143" names="344,285,237,286,345,240,287,243,288,289,247,248,299,300,346,301"/>
                    <segment id="119116866" length="6" startTrkptIdx="4662" segmentTime="8.78" speed="18.85" turnType="" turnAngle="" types="12,14,15,118,17,65,19,20,21,67,23,24,25,26,27,28,29,30,31,32,33,34,35,36,37,38,39,40,41,42,43,44" pointTypes="53,113;53,113;53,113;53,54;;" names="344,285,237,238,239,347,240,241,242,243,244,245,246,247,248,249,250,251,252,348,253"/>
                    <segment id="119116869" length="19" startTrkptIdx="4667" segmentTime="28.64" speed="26.07" turnType="" turnAngle="" types="12,14,15,16,17,65,19,20,21,67,23,24,25,26,27,28,29,30,31,32,33,34,35,36,37,38,39,40,41,42,43,44" pointTypes=";53,54;53,54;53,113;53,54;53,54;53,54;;45,4;45,4;;;53,54;;;;;;" names="344,285,237,238,239,347,240,241,242,243,244,245,246,247,248,249,250,251,252,348,253"/>
                    <segment id="1054125056" length="3" startTrkptIdx="4685" segmentTime="2.90" speed="26.07" turnType="" turnAngle="" types="12,14,11,16,94,18,19,101,22,23,24,25,102,103,104,105,106,34,35,36,107,108,109,110,111" pointTypes=";;" names="344,285,237,286,345,240,287,243,288,289,247,248,299,300,346,301"/>
                    <segment id="819951308" length="3" startTrkptIdx="4687" segmentTime="2.76" speed="26.07" turnType="" turnAngle="" types="12,14,15,16,94,18,19,101,22,23,24,25,102,103,104,105,106,34,35,36,107,108,109,110,111" pointTypes=";;45,4" names="344,285,237,286,345,240,287,243,288,289,247,248,299,300,346,301"/>
                    <segment id="1054125057" length="4" startTrkptIdx="4689" segmentTime="21.96" speed="2.33" turnType="" turnAngle="" types="12,14,84,16,94,18,184,19,101,22,23,24,25,102,103,104,105,106,34,35,36,107,108,109,110,111" pointTypes=";182,183,45,4" names="344,285,237,286,345,240,287,243,288,289,247,248,299,300,346,301"/>
                    <segment id="1054125061" length="2" startTrkptIdx="4692" segmentTime="0.39" speed="26.07" turnType="C" turnAngle="-2.79" types="12,14,84,16,94,18,185,19,101,22,23,24,25,102,103,104,105,106,34,35,36,107,108,109,110,111" pointTypes="" names="344,285,237,286,345,240,287,243,288,289,247,248,299,300,346,301"/>
                    <segment id="239550459" length="4" startTrkptIdx="4693" segmentTime="6.96" speed="26.07" turnType="" turnAngle="" types="12,14,15,16,94,18,19,101,22,23,24,25,102,103,104,105,106,34,35,36,107,108,109,110,111" pointTypes=";45,4" names="344,285,237,286,345,240,287,243,288,289,247,248,299,300,346,301"/>
                    <segment id="119116870" length="14" startTrkptIdx="4696" segmentTime="21.88" speed="26.07" turnType="" turnAngle="" types="12,14,84,85,86,16,17,18,19,20,21,22,23,24,25,26,27,28,29,30,31,32,33,34,35,36,37,38,39,40,41,42,43,44" pointTypes=";45,4;;;;;;45,4" names="344,285,237,238,239,347,240,241,242,243,244,245,246,247,248,249,250,251,252,348,253"/>
                    <segment id="1112813330" length="8" startTrkptIdx="4709" segmentTime="8.58" speed="26.07" turnType="" turnAngle="" types="12,14,84,85,86,16,17,65,186,19,20,21,67,23,24,25,26,27,28,29,30,31,32,33,34,35,36,37,38,39,40,41,42,43,44" pointTypes=";;;53,54;;45,4;45,4;" names="344,285,237,238,239,347,240,241,242,243,244,245,246,247,248,249,250,251,252,348,253"/>
                    <segment id="1112813329" length="2" startTrkptIdx="4716" segmentTime="6.86" speed="26.07" turnType="" turnAngle="" types="12,14,15,16,94,65,187,19,101,67,23,24,25,102,103,104,105,106,34,35,36,107,108,109,110,111" pointTypes=";45,4" names="344,285,237,286,345,240,287,243,288,289,247,248,299,300,346,301"/>
                    <segment id="1112813328" length="2" startTrkptIdx="4717" segmentTime="2.76" speed="26.07" turnType="" turnAngle="" types="12,14,84,16,94,65,188,19,101,67,23,24,25,102,103,104,105,106,34,35,36,107,108,109,110,111" pointTypes=";" names="344,285,237,286,345,240,287,243,288,289,247,248,299,300,346,301"/>
                    <segment id="1112813327" length="2" startTrkptIdx="4718" segmentTime="1.72" speed="26.07" turnType="" turnAngle="" types="12,14,84,16,94,65,188,19,101,67,23,24,25,102,103,104,105,106,34,35,36,107,108,109,110,111" pointTypes="" names="344,285,237,286,345,240,287,243,288,289,247,248,299,300,346,301"/>
                    <segment id="1112813469" length="2" startTrkptIdx="4719" segmentTime="1.07" speed="26.07" turnType="" turnAngle="" types="12,14,84,16,94,65,188,19,101,67,23,24,25,102,103,104,105,106,34,35,36,107,108,109,110,111" pointTypes="" names="344,285,237,286,345,240,287,243,288,289,247,248,299,300,346,301"/>
                    <segment id="156916521" length="3" startTrkptIdx="4720" segmentTime="21.42" speed="1.73" turnType="" turnAngle="" types="12,14,15,16,94,65,189,19,101,67,23,24,25,102,103,104,105,106,34,35,36,107,108,109,110,111" pointTypes=";190,182,183" names="349,344,285,237,286,345,240,287,243,288,289,247,248,299,300,346,301,350"/>
                    <segment id="1112813325" length="5" startTrkptIdx="4722" segmentTime="1.56" speed="26.07" turnType="" turnAngle="" types="12,14,15,16,94,65,19,101,67,23,24,25,102,103,104,105,106,34,35,36,107,108,109,110,111" pointTypes="" names="344,285,237,286,345,240,287,243,288,289,247,248,299,300,346,301"/>
                    <segment id="206617769" length="12" startTrkptIdx="4726" segmentTime="4.31" speed="26.07" turnType="" turnAngle="" types="12,14,15,16,94,65,191,19,101,67,23,24,25,102,103,104,105,106,34,35,36,107,108,109,110,111" pointTypes=";46,3;46,3;45,4;;45,4;46,3;45,4" names="344,285,237,286,345,240,287,243,288,289,247,248,299,300,346,301"/>
                    <segment id="156916528" length="2" startTrkptIdx="4737" segmentTime="7.25" speed="26.07" turnType="" turnAngle="" types="12,14,11,16,94,65,19,101,67,23,24,25,102,103,104,105,106,34,35,36,107,108,109,110,111" pointTypes=";" names="344,285,237,286,345,240,287,243,288,289,247,248,299,300,346,301"/>
                    <segment id="156916531" length="3" startTrkptIdx="4738" segmentTime="5.65" speed="26.07" turnType="" turnAngle="" types="12,14,15,85,127,16,17,65,192,19,20,21,67,23,24,25,26,27,28,29,30,31,32,33,34,35,36,37,38,39,40,41,42,43,44" pointTypes=";45,4;45,4" names="344,285,237,238,239,347,240,241,242,243,244,245,246,247,248,249,250,251,252,348,253"/>
                    <segment id="1112813332" length="2" startTrkptIdx="4740" segmentTime="8.59" speed="26.07" turnType="" turnAngle="" types="12,14,15,85,127,16,17,65,19,20,21,67,23,24,25,26,27,28,29,30,31,32,33,34,35,36,37,38,39,40,41,42,43,44" pointTypes=";" names="344,285,237,238,239,347,240,241,242,243,244,245,246,247,248,249,250,251,252,348,253"/>
                    <segment id="156916533" length="16" startTrkptIdx="4741" segmentTime="25.37" speed="26.07" turnType="" turnAngle="" types="12,14,84,85,86,16,17,65,19,20,21,67,23,24,25,26,27,28,29,30,31,32,33,34,35,36,37,38,39,40,41,42,43,44" pointTypes="53,54;;53,54;45,4;45,4;45,4;;;;53,54;;;;46,3;53,54;" names="344,285,237,238,239,347,240,241,242,243,244,245,246,247,248,249,250,251,252,348,253"/>
                    <segment id="156916518" length="4" startTrkptIdx="4756" segmentTime="4.31" speed="26.07" turnType="" turnAngle="" types="12,14,11,16,94,65,19,101,67,23,24,25,102,103,104,105,106,34,35,36,107,108,109,110,111" pointTypes=";46,3" names="344,285,237,286,345,240,287,243,288,289,247,248,299,300,346,301"/>
                    <segment id="819986050" length="5" startTrkptIdx="4759" segmentTime="24.11" speed="4.45" turnType="C" turnAngle="1.74" types="12,14,11,16,94,65,19,101,67,23,24,25,102,103,104,105,106,34,35,36,107,108,109,110,111" pointTypes=";53,113;;182,183" names="344,285,237,286,345,240,287,243,288,289,247,248,299,300,346,301"/>
                    <segment id="819986052" length="5" startTrkptIdx="4763" segmentTime="6.66" speed="26.07" turnType="" turnAngle="" types="12,14,11,16,94,65,19,101,67,23,24,25,102,103,104,105,106,34,35,36,107,108,109,110,111" pointTypes=";45,4;45,4;45,4" names="344,285,237,286,345,240,287,243,288,289,247,248,299,300,346,301"/>
                    <segment id="819986051" length="5" startTrkptIdx="4767" segmentTime="5.29" speed="26.07" turnType="" turnAngle="" types="12,14,15,16,94,65,19,101,67,23,24,25,102,103,104,105,106,34,35,36,107,108,109,110,111" pointTypes=";;;" names="344,285,237,286,345,240,287,243,288,289,247,248,299,300,346,301"/>
                    <segment id="1081634347" length="2" startTrkptIdx="4771" segmentTime="3.66" speed="26.07" turnType="" turnAngle="" types="12,14,11,16,94,65,19,101,67,23,24,25,102,103,104,105,106,34,35,36,107,108,109,110,111" pointTypes=";" names="344,285,237,286,345,240,287,243,288,289,247,248,299,300,346,301"/>
                    <segment id="204496553" length="5" startTrkptIdx="4772" segmentTime="11.67" speed="26.07" turnType="" turnAngle="" types="12,14,11,16,94,65,19,101,67,23,24,25,102,103,104,105,106,34,35,36,107,108,109,110,111" pointTypes=";;;53,54" names="344,285,237,286,345,240,287,243,288,289,247,248,299,300,346,301"/>
                    <segment id="1081634348" length="6" startTrkptIdx="4776" segmentTime="3.72" speed="26.07" turnType="" turnAngle="" types="12,14,15,16,94,18,193,19,101,22,23,24,25,102,103,104,105,106,34,35,36,107,108,109,110,111" pointTypes=";53,54;;53,54;53,54;53,54" names="344,285,237,286,345,240,287,243,288,289,247,248,299,300,346,301"/>
                    <segment id="1081634349" length="5" startTrkptIdx="4781" segmentTime="3.40" speed="20.06" turnType="C" turnAngle="9.71" types="12,14,11,16,194,94,18,19,101,22,23,24,25,102,103,104,105,106,34,35,36,107,108,109,110,111" pointTypes=";;45,4" names="344,285,237,286,345,240,287,243,288,289,247,248,299,300,346,301"/>
                    <segment id="795160970" length="6" startTrkptIdx="4785" segmentTime="2.81" speed="20.06" turnType="" turnAngle="" types="12,14,11,16,194,94,18,19,101,22,23,24,25,102,103,104,105,106,34,35,36,107,108,109,110,111" pointTypes=";45,4;45,4" names="351,344,285,237,286,345,240,287,243,288,289,247,248,299,300,346,301,350"/>
                    <segment id="1081634350" length="2" startTrkptIdx="4790" segmentTime="0.43" speed="20.06" turnType="" turnAngle="" types="12,14,15,16,194,17,18,19,20,21,22,23,24,25,26,27,28,29,30,31,32,33,34,35,36,37,38,39,40,41,42,43,44" pointTypes=";48" names="344,285,237,238,239,347,240,241,242,243,244,245,246,247,248,249,250,251,252,348,253"/>
                    <segment id="38420056" length="12" startTrkptIdx="4791" segmentTime="8.90" speed="20.06" turnType="" turnAngle="" types="12,8,14,15,16,194,17,18,19,20,21,22,23,24,25,26,27,28,29,30,31,32,33,34,35,36,37,38,39,40,41,42,43,44" pointTypes="48" names="344,285,237,238,239,347,240,241,242,243,244,245,246,247,248,249,250,251,252,348,253"/>
                    <segment id="1415075057" length="4" startTrkptIdx="4802" segmentTime="2.22" speed="20.06" turnType="" turnAngle="" types="12,14,11,16,194,18,19,20,21,22,23,24,25,26,27,28,29,30,31,32,33,34,35,36,37,38,39,40,41,42,43,44" pointTypes="45,4;45,4;;" names="344,285,237,238,239,347,240,241,242,243,244,245,246,247,248,249,250,251,252,348,253"/>
                    <segment id="1081634351" length="4" startTrkptIdx="4805" segmentTime="3.20" speed="26.07" turnType="" turnAngle="" types="12,14,11,16,18,19,20,21,22,23,24,25,26,27,28,29,30,31,32,33,34,35,36,37,38,39,40,41,42,43,44" pointTypes="45,4;;;" names="344,285,237,238,239,347,240,241,242,243,244,245,246,247,248,249,250,251,252,348,253"/>
                    <segment id="1081634352" length="5" startTrkptIdx="4808" segmentTime="5.32" speed="26.07" turnType="" turnAngle="" types="12,14,11,16,94,18,19,101,22,23,24,25,102,103,104,105,106,34,35,36,107,108,109,110,111" pointTypes=";;45,4;;45,4" names="344,285,237,286,345,240,287,243,288,289,247,248,299,300,346,301"/>
                    <segment id="1415075050" length="3" startTrkptIdx="4812" segmentTime="2.44" speed="26.07" turnType="" turnAngle="" types="12,14,15,16,94,18,195,19,101,22,23,24,25,102,103,104,105,106,34,35,36,107,108,109,110,111" pointTypes=";45,4;196,45,4" names="344,285,237,286,345,240,287,243,288,289,247,248,299,300,346,301"/>
                    <segment id="1415075051" length="2" startTrkptIdx="4814" segmentTime="3.83" speed="26.07" turnType="C" turnAngle="-0.97" types="12,14,11,16,94,65,197,19,101,67,23,24,25,102,103,104,105,106,34,35,36,107,108,109,110,111" pointTypes="196;45,4" names="352,344,285,237,286,345,240,287,243,288,289,247,248,299,300,346,301,350"/>
                    <segment id="1415075047" length="3" startTrkptIdx="4815" segmentTime="7.92" speed="26.07" turnType="" turnAngle="" types="12,14,11,16,94,65,19,101,67,23,24,25,102,103,104,105,106,34,35,36,107,108,109,110,111" pointTypes=";46,3;53,54" names="344,285,237,286,345,240,287,243,288,289,247,248,299,300,346,301"/>
                    <segment id="1415075048" length="8" startTrkptIdx="4817" segmentTime="8.98" speed="26.07" turnType="" turnAngle="" types="12,14,15,16,94,65,19,101,67,23,24,25,102,103,104,105,106,34,35,36,107,108,109,110,111" pointTypes=";53,113;45,4;;46,3;;45,4" names="344,285,237,286,345,240,287,243,288,289,247,248,299,300,346,301"/>
                    <segment id="1415075049" length="3" startTrkptIdx="4824" segmentTime="2.02" speed="26.07" turnType="" turnAngle="" types="12,14,15,16,94,65,198,19,101,67,23,24,25,102,103,104,105,106,34,35,36,107,108,109,110,111" pointTypes=";53,54;45,4" names="344,285,237,286,345,240,287,243,288,289,247,248,299,300,346,301"/>
                    <segment id="76308586" length="18" startTrkptIdx="4826" segmentTime="42.09" speed="26.07" turnType="" turnAngle="" types="12,14,11,16,94,65,19,101,67,23,24,25,102,103,104,105,106,34,35,36,107,108,109,110,111" pointTypes=";53,54;53,113;;45,4;45,4;;;45,4;45,4;45,4;;45,4;;53,54;53,54;;46,3" names="344,285,237,286,345,240,287,243,288,289,247,248,299,300,346,301"/>
                    <segment id="156911995" length="16" startTrkptIdx="4843" segmentTime="30.25" speed="26.07" turnType="" turnAngle="" types="12,14,15,16,94,65,19,101,67,23,24,25,102,103,104,105,106,34,35,36,107,108,109,110,111" pointTypes=";;53,113;;46,3;;53,54;;53,54;53,113;45,4;53,54;;;;45,4" names="352,344,285,237,286,345,240,287,243,288,289,247,248,299,300,346,301"/>
                    <segment id="118991840" length="25" startTrkptIdx="4858" segmentTime="47.70" speed="26.07" turnType="" turnAngle="" types="12,14,11,16,94,65,19,101,67,23,24,25,102,103,104,105,106,34,35,36,107,108,109,110,111" pointTypes=";;53,54;45,4;45,4;45,4;53,54;53,54;;45,4;;;45,4;45,4;45,4;53,54;53,140;45,4;45,4;;45,4;;45,4;46,3;47,5" names="344,285,237,286,345,240,287,243,288,289,247,248,299,300,346,301"/>
                    <segment id="1414811011" length="2" startTrkptIdx="4882" segmentTime="1.24" speed="26.07" turnType="" turnAngle="" types="12,14,15,16,94,65,19,101,67,23,24,25,102,103,104,105,106,34,35,36,107,108,109,110,111" pointTypes=";47,5" names="344,285,237,286,345,240,287,243,288,289,247,248,299,300,346,301"/>
                    <segment id="1414811009" length="2" startTrkptIdx="4883" segmentTime="0.91" speed="26.07" turnType="" turnAngle="" types="12,14,84,16,94,65,199,19,101,67,23,24,25,102,103,104,105,106,34,35,36,107,108,109,110,111" pointTypes=";196" names="344,285,237,286,345,240,287,243,288,289,247,248,299,300,346,301"/>
                    <segment id="118991830" length="4" startTrkptIdx="4884" segmentTime="23.71" speed="4.08" turnType="" turnAngle="" types="12,14,15,16,94,65,19,101,67,23,24,25,102,103,104,105,106,34,35,36,107,108,109,110,111" pointTypes="196;182,183;53,113" names="352,344,285,237,286,345,240,287,243,288,289,247,248,299,300,346,301"/>
                    <segment id="1056129706" length="2" startTrkptIdx="4887" segmentTime="0.79" speed="26.07" turnType="" turnAngle="" types="12,14,15,16,94,65,19,101,67,23,24,25,102,103,104,105,106,34,35,36,107,108,109,110,111" pointTypes=";" names="353,285,237,286,345,240,287,243,288,289,247,248,299,300,346,301"/>
                    <segment id="1056129706" length="26" startTrkptIdx="4888" segmentTime="36.71" speed="26.07" turnType="" turnAngle="" types="12,14,15,16,94,65,19,101,67,23,24,25,102,103,104,105,106,34,35,36,107,108,109,110,111" pointTypes=";53,54;53,54;53,113;53,140;53,113;53,113;53,113;53,140;53,54;53,113;47,5;;53,113;;53,54;53,54;53,54;;;;46,3;46,3;47,5;47,5;47,5" names="353,285,237,286,345,240,287,243,288,289,247,248,299,300,346,301"/>
                    <segment id="39160190" length="49" startTrkptIdx="4913" segmentTime="37.61" speed="26.07" turnType="" turnAngle="" types="12,14,15,16,94,65,200,19,101,67,23,24,25,102,103,104,105,106,34,35,36,107,108,109,110,111" pointTypes=";47,5;49,6;49,6;49,6;49,6;49,6;49,6;46,3;45,4;45,4;45,4;;;53,54;53,54;53,113;53,113;53,140;53,140;53,140;53,54;53,113;53,113;53,140;53,113;;;;46,3;46,3;46,3;47,5;47,5;49,6;47,5;47,5;47,5;46,3;46,3;47,5;47,5;47,5;46,3;47,5;47,5;46,3;45,4;196,45,4" names="353,285,237,286,345,240,287,243,288,289,247,248,299,300,346,301"/>
                    <segment id="1056129705" length="4" startTrkptIdx="4961" segmentTime="5.58" speed="26.07" turnType="" turnAngle="" types="201,14,15,16,94,65,19,101,67,23,24,25,102,103,104,105,106,34,35,36,107,108,109,110,111" pointTypes="196;;45,4;46,3" names="354,353,285,237,286,345,240,287,243,288,289,247,248,299,300,346,301,350"/>
                    <segment id="1056129708" length="69" startTrkptIdx="4964" segmentTime="31.87" speed="26.07" turnType="" turnAngle="" types="201,14,15,16,94,65,19,101,67,23,24,25,102,103,104,105,106,34,35,36,107,108,109,110,111" pointTypes=";45,4;45,4;45,4;45,4;53,54;53,113;53,54;;;;;;;;;53,54;53,54;53,54;53,54;;46,3;;;;;;53,54;;;45,4;46,3;;53,54;53,113;45,4;45,4;;45,4;45,4;;53,113;53,113;53,113;53,54;53,54;53,54;53,54;;;;;53,54;53,113;53,113;;;;;53,54;53,54;53,54;;;;;45,4;45,4;45,4" names="353,285,237,286,345,240,287,243,288,289,247,248,299,300,346,301"/>
                    <segment id="1056129702" length="14" startTrkptIdx="5032" segmentTime="9.70" speed="26.07" turnType="" turnAngle="" types="12,14,15,56,16,94,50,65,19,101,67,23,24,25,102,103,104,105,106,34,35,36,107,108,109,110,111" pointTypes=";45,4;45,4;45,4;45,4;45,4;45,4;46,3;45,4;45,4;45,4;46,3" names="353,285,237,286,345,240,287,243,288,289,247,248,299,300,346,301"/>
                    <segment id="1056129710" length="63" startTrkptIdx="5045" segmentTime="86.67" speed="26.07" turnType="" turnAngle="" types="12,202,14,15,56,16,94,50,65,19,101,67,23,24,25,102,103,104,105,106,34,35,36,107,108,109,110,111" pointTypes=";;;45,4;;53,54;53,113;53,54;53,113;53,140;53,147;53,147;53,147;53,140;53,54;;53,54;53,113;53,54;;45,4;45,4;46,3;53,113;53,113;53,140;53,140;53,113;;46,3;46,3;46,3;;;45,4;45,4;;46,3;53,54;;47,5;46,3;;53,54;53,54;53,54;53,113;;46,3;;53,54;46,3;45,4;53,54;53,113;;46,3;45,4;45,4;53,113;53,54;45,4;53,54" names="353,285,237,286,345,240,287,243,288,289,247,248,299,300,346,301"/>
                    <segment id="1414811022" length="2" startTrkptIdx="5107" segmentTime="2.30" speed="26.07" turnType="" turnAngle="" types="12,202,14,15,56,16,94,50,65,19,101,67,23,24,25,102,103,104,105,106,34,35,36,107,108,109,110,111" pointTypes=";46,3" names="353,285,237,286,345,240,287,243,288,289,247,248,299,300,346,301"/>
                    <segment id="1414811021" length="2" startTrkptIdx="5108" segmentTime="5.67" speed="26.07" turnType="" turnAngle="" types="12,202,14,15,56,16,94,50,65,19,101,67,23,24,25,102,103,104,105,106,34,35,36,107,108,109,110,111" pointTypes=";45,4" names="353,285,237,286,345,240,287,243,288,289,247,248,299,300,346,301"/>
                    <segment id="580611551" length="8" startTrkptIdx="5109" segmentTime="21.46" speed="26.07" turnType="" turnAngle="" types="12,202,14,15,81,16,94,50,65,19,101,67,23,24,25,102,103,104,105,106,34,35,36,107,108,109,110,111" pointTypes=";53,54;53,54;46,3;46,3;;45,4;" names="353,285,237,286,345,240,287,243,288,289,247,248,299,300,346,301"/>
                    <segment id="580611554" length="11" startTrkptIdx="5116" segmentTime="30.73" speed="26.07" turnType="" turnAngle="" types="12,202,14,15,56,16,94,50,65,19,101,67,23,24,25,102,103,104,105,106,34,35,36,107,108,109,110,111" pointTypes=";;;53,54;53,54;45,4;;45,4;;53,54;53,54" names="353,285,237,286,345,240,287,243,288,289,247,248,299,300,346,301"/>
                    <segment id="458121095" length="7" startTrkptIdx="5126" segmentTime="16.55" speed="26.07" turnType="" turnAngle="" types="12,14,15,56,16,94,65,19,101,67,23,24,25,102,103,104,105,106,34,35,36,107,108,109,110,111" pointTypes=";;45,4;53,113;45,4;45,4;46,3" names="353,285,237,286,345,240,287,243,288,289,247,248,299,300,346,301"/>
                    <segment id="1415049288" length="2" startTrkptIdx="5132" segmentTime="1.07" speed="26.07" turnType="" turnAngle="" types="12,14,84,56,16,94,65,188,19,101,67,23,24,25,102,103,104,105,106,34,35,36,107,108,109,110,111" pointTypes=";45,4" names="353,285,237,286,345,240,287,243,288,289,247,248,299,300,346,301"/>
                    <segment id="815089255" length="3" startTrkptIdx="5133" segmentTime="21.16" speed="1.44" turnType="" turnAngle="" types="12,144,14,15,56,16,94,50,65,189,19,101,67,23,24,25,102,103,104,105,106,34,35,36,107,108,109,110,111" pointTypes=";182,183,46,3;46,3" names="353,285,237,286,345,240,287,243,288,289,247,248,299,300,346,301"/>
                    <segment id="376762374" length="2" startTrkptIdx="5135" segmentTime="0.32" speed="26.07" turnType="" turnAngle="" types="14,15,56,16,94,65,19,101,67,23,24,25,102,103,104,105,106,34,35,36,107,108,109,110,111" pointTypes=";45,4" names="353,285,237,286,345,240,287,243,288,289,247,248,299,300,346,301"/>
                    <segment id="107262262" length="2" startTrkptIdx="5136" segmentTime="1.23" speed="26.07" turnType="" turnAngle="" types="12,144,14,15,56,16,94,50,65,19,101,67,23,24,25,102,103,104,105,106,34,35,36,107,108,109,110,111" pointTypes=";46,3" names="353,285,237,286,345,240,287,243,288,289,247,248,299,300,346,301"/>
                    <segment id="640760795" length="3" startTrkptIdx="5137" segmentTime="22.60" speed="2.99" turnType="" turnAngle="" types="12,14,84,56,16,94,50,65,185,19,101,67,23,24,25,102,103,104,105,106,34,35,36,107,108,109,110,111" pointTypes=";182,183,47,5;45,4" names="353,285,237,286,345,240,287,243,288,289,247,248,299,300,346,301"/>
                    <segment id="1414811039" length="2" startTrkptIdx="5139" segmentTime="0.59" speed="26.07" turnType="" turnAngle="" types="12,144,14,15,56,16,94,50,65,19,101,67,23,24,25,102,103,104,105,106,34,35,36,107,108,109,110,111" pointTypes=";53,54" names="353,285,237,286,345,240,287,243,288,289,247,248,299,300,346,301"/>
                    <segment id="1414811040" length="2" startTrkptIdx="5140" segmentTime="0.31" speed="26.07" turnType="" turnAngle="" types="12,8,144,14,15,56,16,94,50,65,19,101,67,23,24,25,102,103,104,105,106,34,35,36,107,108,109,110,111" pointTypes="" names="353,285,237,286,345,240,287,243,288,289,247,248,299,300,346,301"/>
                    <segment id="107262261" length="13" startTrkptIdx="5141" segmentTime="28.52" speed="26.07" turnType="" turnAngle="" types="12,144,14,15,56,16,94,50,65,19,101,67,23,24,25,102,103,104,105,106,34,35,36,107,108,109,110,111" pointTypes=";53,140;53,141;;45,4;46,3;45,4;45,4;45,4;46,3;;53,54;" names="353,285,237,286,345,240,287,243,288,289,247,248,299,300,346,301"/>
                    <segment id="1477465306" length="4" startTrkptIdx="5153" segmentTime="37.30" speed="1.61" turnType="" turnAngle="" types="12,144,14,84,56,16,94,50,65,185,19,101,67,23,24,25,102,103,104,105,106,34,35,36,107,108,109,110,111" pointTypes=";182,183,53,113;203,60;53,113" names="353,285,237,286,345,240,287,243,288,289,247,248,299,300,346,301"/>
                    <segment id="146841884" length="19" startTrkptIdx="5156" segmentTime="48.88" speed="26.07" turnType="" turnAngle="" types="12,144,14,15,56,16,94,50,65,19,101,67,23,24,25,102,103,104,105,106,34,35,36,107,108,109,110,111" pointTypes=";53,54;53,113;45,4;;;45,4;46,3;;53,113;53,140;53,54;;45,4;45,4;47,5;45,4;;53,54" names="353,285,237,286,345,240,287,243,288,289,247,248,299,300,346,301"/>
                    <segment id="201355187" length="4" startTrkptIdx="5174" segmentTime="2.56" speed="26.07" turnType="" turnAngle="" types="12,14,84,56,16,94,18,19,101,22,23,24,25,102,103,104,105,106,34,35,36,107,108,109,110,111" pointTypes=";45,4;45,4;45,4" names="353,285,237,286,345,240,287,243,288,289,247,248,299,300,346,301"/>
                    <segment id="1423469563" length="2" startTrkptIdx="5177" segmentTime="0.93" speed="26.07" turnType="" turnAngle="" types="12,14,84,56,16,94,18,204,19,101,22,23,24,25,102,103,104,105,106,34,35,36,107,108,109,110,111" pointTypes=";46,3" names="353,285,237,286,345,240,287,243,288,289,247,248,299,300,346,301"/>
                    <segment id="1423469564" length="2" startTrkptIdx="5178" segmentTime="0.38" speed="26.07" turnType="" turnAngle="" types="12,14,178,56,16,94,18,205,19,101,22,23,24,25,102,103,104,105,106,34,35,36,107,108,109,110,111" pointTypes=";46,3" names="353,285,237,286,345,240,287,243,288,289,247,248,299,300,346,301"/>
                    <segment id="478218321" length="3" startTrkptIdx="5179" segmentTime="21.69" speed="2.03" turnType="" turnAngle="" types="12,14,178,56,16,94,18,205,19,101,22,23,24,25,102,103,104,105,106,34,35,36,107,108,109,110,111" pointTypes=";182,183" names="353,285,237,286,345,240,287,243,288,289,247,248,299,300,346,301"/>
                    <segment id="1168938308" length="2" startTrkptIdx="5181" segmentTime="0.18" speed="26.07" turnType="C" turnAngle="2.99" types="12,14,84,56,16,94,18,188,19,101,22,23,24,25,102,103,104,105,106,34,35,36,107,108,109,110,111" pointTypes="" names="353,285,237,286,345,240,287,243,288,289,247,248,299,300,346,301"/>
                    <segment id="376762373" length="2" startTrkptIdx="5182" segmentTime="0.91" speed="26.07" turnType="" turnAngle="" types="12,14,84,56,16,94,18,188,19,101,22,23,24,25,102,103,104,105,106,34,35,36,107,108,109,110,111" pointTypes=";45,4" names="349,353,285,237,286,345,240,287,243,288,289,247,248,299,300,346,301,350"/>
                    <segment id="815089593" length="2" startTrkptIdx="5183" segmentTime="1.28" speed="26.07" turnType="" turnAngle="" types="12,14,84,56,16,94,18,188,19,101,22,23,24,25,102,103,104,105,106,34,35,36,107,108,109,110,111" pointTypes=";46,3" names="349,353,285,237,286,345,240,287,243,288,289,247,248,299,300,346,301,350"/>
                    <segment id="1459980234" length="2" startTrkptIdx="5184" segmentTime="0.93" speed="26.07" turnType="" turnAngle="" types="12,14,15,56,16,94,18,189,19,22,23,24,25,26,27,28,34,35,36,37,38,39" pointTypes=";3" names="353,285,237,355,240,243,244,247,248,356,250"/>
                    <segment id="145852417" length="3" startTrkptIdx="5185" segmentTime="21.19" speed="1.46" turnType="" turnAngle="" types="12,14,84,56,16,94,18,185,19,101,21,22,23,24,25,102,103,29,30,31,32,33,34,35,36,107,108,40,41,42,43,44" pointTypes=";182,183,45,4;53,54" names="353,285,237,286,239,347,240,287,242,243,288,245,246,247,248,299,300,251,252,348,253"/>
                    <segment id="1168938309" length="2" startTrkptIdx="5187" segmentTime="0.34" speed="26.07" turnType="" turnAngle="" types="12,14,15,56,16,94,18,19,101,22,23,24,25,102,103,104,105,106,34,35,36,107,108,109,110,111" pointTypes=";53,54" names="353,285,237,286,345,240,287,243,288,289,247,248,299,300,346,301"/>
                    <segment id="819962673" length="3" startTrkptIdx="5188" segmentTime="16.16" speed="1.88" turnType="" turnAngle="" types="12,14,15,56,16,94,18,19,101,22,23,24,25,102,103,104,105,106,34,35,36,107,108,109,110,111" pointTypes=";203,206,60,53,54;45,4" names="349,353,285,237,286,345,240,287,243,288,289,247,248,299,300,346,301,350"/>
                    <segment id="819962672" length="2" startTrkptIdx="5190" segmentTime="2.47" speed="26.07" turnType="" turnAngle="" types="12,14,15,56,16,94,18,19,101,22,23,24,25,102,103,104,105,106,34,35,36,107,108,109,110,111" pointTypes=";53,113" names="349,353,285,237,286,345,240,287,243,288,289,247,248,299,300,346,301,350"/>
                    <segment id="1423700164" length="20" startTrkptIdx="5191" segmentTime="43.08" speed="26.07" turnType="" turnAngle="" types="12,14,15,56,16,94,18,19,101,22,23,24,25,102,103,104,105,106,34,35,36,107,108,109,110,111" pointTypes=";;;53,113;;46,3;47,5;49,6;46,3;45,4;;53,113;;;53,113;53,113;;;;53,54" names="353,285,237,286,345,240,287,243,288,289,247,248,299,300,346,301"/>
                    <segment id="1423700165" length="2" startTrkptIdx="5210" segmentTime="0.53" speed="26.07" turnType="" turnAngle="" types="12,14,15,56,16,94,18,19,101,22,23,24,25,102,103,104,105,106,34,35,36,107,108,109,110,111" pointTypes=";53,54" names="353,285,237,286,345,240,287,243,288,289,247,248,299,300,346,301"/>
                    <segment id="201846136" length="17" startTrkptIdx="5211" segmentTime="32.43" speed="26.07" turnType="" turnAngle="" types="12,14,15,56,16,94,18,19,101,22,23,24,25,102,103,104,105,106,34,35,36,107,108,109,110,111" pointTypes=";207;53,113;53,113;;;;53,54;;45,4;45,4;45,4;;53,54;;45,4;196,53,54" names="353,285,237,286,345,240,287,243,288,289,247,248,299,300,346,301"/>
                    <segment id="201846136" length="15" startTrkptIdx="5227" segmentTime="19.61" speed="26.07" turnType="" turnAngle="" types="12,14,15,56,16,94,18,19,101,22,23,24,25,102,103,104,105,106,34,35,36,107,108,109,110,111" pointTypes="196,53,54;45,4;45,4;45,4;45,4;45,4;45,4;46,3;;;45,4;53,54;45,4" names="353,285,237,286,345,240,287,243,288,289,247,248,299,300,346,301"/>
                    <segment id="1427409659" length="4" startTrkptIdx="5241" segmentTime="5.81" speed="26.07" turnType="" turnAngle="" types="201,14,15,56,16,94,18,19,101,22,23,24,25,102,103,104,105,106,34,35,36,107,108,109,110,111" pointTypes=";;;46,3" names="353,285,237,286,345,240,287,243,288,289,247,248,299,300,346,301"/>
                    <segment id="1427409658" length="2" startTrkptIdx="5244" segmentTime="1.78" speed="26.07" turnType="" turnAngle="" types="12,14,15,56,16,94,18,19,101,22,23,24,25,102,103,104,105,106,34,35,36,107,108,109,110,111" pointTypes=";45,4" names="353,285,237,286,345,240,287,243,288,289,247,248,299,300,346,301"/>
                    <segment id="1427409658" length="9" startTrkptIdx="5245" segmentTime="25.86" speed="26.07" turnType="" turnAngle="" types="12,14,15,56,16,94,18,19,101,22,23,24,25,102,103,104,105,106,34,35,36,107,108,109,110,111" pointTypes="45,4;46,3;53,54;53,54;;;45,4;53,54;45,4" names="353,285,237,286,345,240,287,243,288,289,247,248,299,300,346,301"/>
                    <segment id="970599318" length="7" startTrkptIdx="5253" segmentTime="11.58" speed="26.07" turnType="" turnAngle="" types="12,14,15,56,16,94,18,19,101,22,23,24,25,102,103,104,105,106,34,35,36,107,108,109,110,111" pointTypes=";46,3;;45,4;45,4;46,3;196,45,4" names="353,285,237,286,345,240,287,243,288,289,247,248,299,300,346,301"/>
                    <segment id="1029445157" length="3" startTrkptIdx="5259" segmentTime="5.85" speed="26.07" turnType="" turnAngle="" types="12,14,15,56,16,94,18,19,101,22,23,24,25,102,103,104,105,106,34,35,36,107,108,109,110,111" pointTypes="196;;53,54" names="357,353,285,237,286,345,240,287,243,288,289,247,248,299,300,346,301,350"/>
                    <segment id="156708642" length="14" startTrkptIdx="5261" segmentTime="25.99" speed="21.26" turnType="" turnAngle="" types="12,14,15,56,82,94,18,19,101,22,23,24,25,102,103,104,105,106,34,35,36,107,108,109,110,111" pointTypes=";45,4;;45,4;;45,4;46,3;;;;;53,54;53,54;53,54" names="353,285,237,286,345,240,287,243,288,289,247,248,299,300,346,301"/>
                    <segment id="1054150427" length="2" startTrkptIdx="5274" segmentTime="0.51" speed="21.26" turnType="" turnAngle="" types="12,8,14,15,56,82,94,18,19,101,22,23,24,25,102,103,104,105,106,34,35,36,107,108,109,110,111" pointTypes="" names="353,285,237,286,345,240,287,243,288,289,247,248,299,300,346,301"/>
                    <segment id="1054150426" length="14" startTrkptIdx="5275" segmentTime="7.68" speed="21.26" turnType="" turnAngle="" types="12,14,15,56,82,94,18,19,101,22,23,24,25,102,103,104,105,106,34,35,36,107,108,109,110,111" pointTypes=";;;53,113;53,113;;53,141;53,149;53,149;53,149;53,147;53,141;53,141;53,113" names="353,285,237,286,345,240,287,243,288,289,247,248,299,300,346,301"/>
                    <segment id="1163574138" length="4" startTrkptIdx="5288" segmentTime="4.30" speed="21.26" turnType="" turnAngle="" types="201,14,15,56,82,94,50,18,19,101,22,23,24,25,102,103,104,105,106,34,35,36,107,108,109,110,111" pointTypes=";45,4;45,4;45,4" names="353,285,237,286,345,240,287,243,288,289,247,248,299,300,346,301"/>
                    <segment id="1053189736" length="2" startTrkptIdx="5291" segmentTime="7.63" speed="26.07" turnType="" turnAngle="" types="12,208,14,84,56,16,94,50,18,209,19,101,22,63,23,24,25,102,103,104,105,106,34,35,36,107,108,109,110,111" pointTypes=";" names="358,285,237,286,345,240,287,243,288,289,247,248,299,300,346,301"/>
                    <segment id="1516802060" length="11" startTrkptIdx="5292" segmentTime="23.24" speed="26.07" turnType="" turnAngle="" types="12,208,144,14,15,56,16,94,65,19,101,67,63,23,24,25,102,103,104,105,106,34,35,36,107,108,109,110,111" pointTypes=";;53,54;53,54;165,166;53,54;53,161;53,147;169,170;53,149;163,7" names="358,285,237,286,345,240,287,243,288,289,247,248,299,300,346,301"/>
                    <segment id="107136525" length="40" startTrkptIdx="5302" segmentTime="131.52" speed="26.07" turnType="" turnAngle="" types="12,144,14,15,56,16,94,65,19,101,67,23,24,25,102,103,104,105,106,34,35,36,107,108,109,110,111" pointTypes=";45,4;45,4;53,113;53,54;167,168;46,3;45,4;46,3;46,3;53,113;53,113;53,141;45,4;47,5;45,4;53,140;53,146;169,170;53,54;45,4;;45,4;46,3;53,54;45,4;53,54;;;;53,54;45,4;53,141;142,143;53,54;53,54;53,54;45,4;45,4;196,45,4" names="358,285,237,286,345,240,287,243,288,289,247,248,299,300,346,301"/>
                    <segment id="835900762" length="4" startTrkptIdx="5341" segmentTime="6.55" speed="26.07" turnType="" turnAngle="" types="201,144,210,15,56,16,211,94,65,19,67,23,24,25,26,27,28,34,35,36,37,38,39" pointTypes="196;4;4;4" names="349,358,285,237,240,243,244,247,248,250"/>
                    <segment id="121054838" length="5" startTrkptIdx="5344" segmentTime="6.49" speed="26.07" turnType="" turnAngle="" types="201,144,210,15,56,16,211,94,65,19,67,23,24,25,26,27,28,34,35,36,37,38,39" pointTypes=";4;4;;4" names="349,359,285,237,360,240,243,244,247,248,361,250"/>
                    <segment id="121054842" length="2" startTrkptIdx="5348" segmentTime="1.85" speed="26.07" turnType="" turnAngle="" types="201,8,144,210,15,16,211,94,65,19,67,23,24,25,26,27,28,34,35,36,37,38,39" pointTypes="" names="359,285,237,360,240,243,244,247,248,361,250"/>
                    <segment id="121054836" length="6" startTrkptIdx="5349" segmentTime="19.06" speed="26.07" turnType="" turnAngle="" types="201,144,210,15,56,16,211,94,65,19,67,23,24,25,26,27,28,34,35,36,37,38,39" pointTypes=";4;;48;;" names="359,285,237,360,240,243,244,247,248,361,250"/>
                    <segment id="5184893" length="2" startTrkptIdx="5354" segmentTime="2.29" speed="26.07" turnType="" turnAngle="" types="201,144,210,84,56,16,211,94,65,19,67,23,24,25,26,27,28,34,35,36,37,38,39" pointTypes=";" names="359,362,363,360,240,364,365,366,367,361,368"/>
                    <segment id="5184893" length="38" startTrkptIdx="5355" segmentTime="72.38" speed="26.07" turnType="" turnAngle="" types="201,144,210,84,56,16,211,94,65,19,67,23,24,25,26,27,28,34,35,36,37,38,39" pointTypes=";;;;3;5;4;;;;;;;;4;;;;;5;;;3;;3;6;;4;4;;;;;;;;;4" names="359,362,363,360,240,364,365,366,367,361,368"/>
                    <segment id="156110101" length="15" startTrkptIdx="5392" segmentTime="22.40" speed="26.07" turnType="" turnAngle="" types="201,8,212,144,210,84,56,16,211,94,65,19,67,23,24,25,26,27,28,34,35,36,37,38,39" pointTypes=";;;;;;;;;;;;;;196" names="359,362,363,360,240,364,365,366,367,361,368"/>
                    <segment id="156110101" length="9" startTrkptIdx="5406" segmentTime="28.85" speed="26.07" turnType="" turnAngle="" types="201,8,212,144,210,84,56,16,211,94,65,19,67,23,24,25,26,27,28,34,35,36,37,38,39" pointTypes="196" names="359,362,363,360,240,364,365,366,367,361,368"/>
                    <segment id="156110104" length="2" startTrkptIdx="5414" segmentTime="0.89" speed="26.07" turnType="" turnAngle="" types="201,144,210,84,56,16,211,94,65,19,67,23,24,25,26,27,28,34,35,36,37,38,39" pointTypes=";196" names="359,362,363,360,240,364,365,366,367,361,368"/>
                    <segment id="1464300509" length="2" startTrkptIdx="5415" segmentTime="1.61" speed="26.07" turnType="" turnAngle="" types="201,144,210,84,56,16,211,94,65,19,67,23,24,25,26,27,28,34,35,36,37,38,39" pointTypes="196;" names="359,362,363,360,240,364,365,366,367,361,368"/>
                    <segment id="1464300510" length="2" startTrkptIdx="5416" segmentTime="1.03" speed="26.07" turnType="" turnAngle="" types="201,144,210,84,56,16,211,94,65,19,67,23,24,25,26,27,28,34,35,36,37,38,39" pointTypes=";4" names="359,362,363,360,240,364,365,366,367,361,368"/>
                    <segment id="1464300511" length="5" startTrkptIdx="5417" segmentTime="7.07" speed="26.07" turnType="" turnAngle="" types="201,144,210,84,56,16,211,94,65,19,67,23,24,25,26,27,28,34,35,36,37,38,39" pointTypes=";;4;;" names="359,362,363,360,240,364,365,366,367,361,368"/>
                    <segment id="1464300512" length="2" startTrkptIdx="5421" segmentTime="1.48" speed="26.07" turnType="" turnAngle="" types="201,144,210,84,56,16,211,94,65,19,67,23,24,25,26,27,28,34,35,36,37,38,39" pointTypes=";" names="359,362,363,360,240,364,365,366,367,361,368"/>
                    <segment id="77450197" length="2" startTrkptIdx="5422" segmentTime="1.12" speed="26.07" turnType="" turnAngle="" types="201,144,210,84,56,16,211,94,65,19,67,23,24,25,26,27,28,34,35,36,37,38,39" pointTypes=";196" names="359,362,363,360,240,364,365,366,367,361,368"/>
                    <segment id="77450197" length="14" startTrkptIdx="5423" segmentTime="25.10" speed="26.07" turnType="" turnAngle="" types="201,144,210,84,56,16,211,94,65,19,67,23,24,25,26,27,28,34,35,36,37,38,39" pointTypes="196;;;;;;;;;;4;4;3;3" names="359,362,363,360,240,364,365,366,367,361,368"/>
                    <segment id="167047136" length="4" startTrkptIdx="5436" segmentTime="3.76" speed="26.07" turnType="" turnAngle="" types="201,8,144,210,84,56,16,211,94,65,213,19,67,23,24,25,26,27,28,34,35,36,37,38,39" pointTypes="" names="359,362,363,360,240,364,365,366,367,361,368"/>
                    <segment id="167047132" length="2" startTrkptIdx="5439" segmentTime="0.96" speed="26.07" turnType="" turnAngle="" types="201,144,210,84,56,16,211,94,65,213,19,67,23,24,25,26,27,28,34,35,36,37,38,39" pointTypes=";196" names="359,362,363,360,240,364,365,366,367,361,368"/>
                    <segment id="78142036" length="11" startTrkptIdx="5440" segmentTime="17.38" speed="21.26" turnType="" turnAngle="" types="201,144,214,210,15,56,82,211,94,65,19,67,23,24,25,26,27,28,34,35,36,37,38,39" pointTypes="196;;;;4;;;;;;4" names="369,359,362,363,360,240,364,365,366,367,361,368,370"/>
                    <segment id="970629270" length="3" startTrkptIdx="5450" segmentTime="3.67" speed="21.26" turnType="" turnAngle="" types="201,8,144,214,210,11,56,82,211,94,65,19,67,23,24,25,26,27,28,34,35,36,37,38,39" pointTypes="" names="369,359,362,363,360,240,364,365,366,367,361,368,370"/>
                    <segment id="367071140" length="9" startTrkptIdx="5452" segmentTime="15.36" speed="21.26" turnType="" turnAngle="" types="201,8,144,214,210,11,56,82,211,94,65,19,67,23,24,25,26,27,28,34,35,36,37,38,39" pointTypes="" names="369,359,362,363,360,240,364,365,366,367,361,368,370"/>
                    <segment id="367071114" length="2" startTrkptIdx="5460" segmentTime="1.48" speed="21.26" turnType="" turnAngle="" types="201,144,214,210,11,56,82,211,94,65,19,67,23,24,25,26,27,28,34,35,36,37,38,39" pointTypes=";" names="369,359,362,363,360,240,364,365,366,367,361,368,370"/>
                    <segment id="225753957" length="8" startTrkptIdx="5461" segmentTime="25.90" speed="7.93" turnType="" turnAngle="" types="201,144,214,210,11,56,118,211,94,65,19,67,23,24,25,26,27,28,34,35,36,37,38,39" pointTypes=";;;;183;176,177;;" names="369,359,362,363,360,240,364,365,366,367,361,368,370"/>
                    <segment id="17151353" length="8" startTrkptIdx="5468" segmentTime="17.85" speed="26.07" turnType="" turnAngle="" types="201,144,214,210,84,126,127,16,211,17,65,215,216,19,20,67,56,23,24,25,26,27,28,104,105,106,34,35,36,37,38,39,109,110,111" pointTypes="" names="371,362,363,372,373,240,241,364,365,374,366,367,375,368,376,377,378,379,380,381"/>
                    <segment id="122890809" length="4" startTrkptIdx="5475" segmentTime="1.71" speed="18.85" turnType="" turnAngle="" types="201,144,214,210,84,126,127,56,118,17,65,19,20,67,23,24,25,26,27,28,104,105,106,34,35,36,37,38,39,109,110,111" pointTypes=";7;6;6" names="359,362,363,372,373,240,241,364,365,374,366,367,375,368,376,377,378,379,380,381"/>
                    <segment id="38182736" length="7" startTrkptIdx="5478" segmentTime="4.97" speed="18.85" turnType="" turnAngle="" types="201,144,214,210,11,56,118,211,94,65,19,67,23,24,25,26,27,28,34,35,36,37,38,39" pointTypes=";5;3;4" names="359,362,363,360,240,364,365,366,367,361,368"/>
                    <segment id="478223368" length="12" startTrkptIdx="5484" segmentTime="10.45" speed="13.89" turnType="" turnAngle="" types="201,144,214,210,15,56,55,94,65,187,19,67,23,24,25,26,27,28,34,35,36,37,38,39" pointTypes=";;;;;;;;;3;3;4" names="359,362,363,360,240,364,365,366,367,361,368"/>
                    <segment id="640842148" length="7" startTrkptIdx="5495" segmentTime="37.77" speed="1.02" turnType="" turnAngle="" types="201,144,214,210,15,56,55,94,65,189,19,67,23,24,25,26,27,28,34,35,36,37,38,39" pointTypes=";45,4;46,3;46,3;182,183,46,3;203,119,217,60;46,3" names="359,362,363,360,240,364,365,366,367,361,368"/>
                    <segment id="5184379" length="3" startTrkptIdx="5501" segmentTime="17.61" speed="2.06" turnType="" turnAngle="" types="12,128,13,14,178,56,55,94,117,65,218,19,67,116,23,24,25,26,27,28,34,35,36,37,38,39" pointTypes=";203,119,217,60,46,3;46,3" names="369,382,362,363,240,364,365,366,367,368"/>
                    <segment id="478223359" length="5" startTrkptIdx="5503" segmentTime="38.01" speed="1.10" turnType="C" turnAngle="6.87" types="12,128,13,14,84,56,55,94,65,185,19,67,116,23,24,25,26,27,28,34,35,36,37,38,39" pointTypes=";47,5;182,183,47,5;203,206,60,123,47,5;47,5" names="369,382,362,363,240,364,365,366,367,368"/>
                    <segment id="119122495" length="2" startTrkptIdx="5507" segmentTime="0.72" speed="13.89" turnType="" turnAngle="" types="12,128,13,14,15,56,55,94,117,18,19,22,116,23,24,25,26,27,28,34,35,36,37,38,39" pointTypes=";203,60,46,3" names="369,382,362,363,240,364,365,366,367,368"/>
                    <segment id="1054122396" length="17" startTrkptIdx="5508" segmentTime="89.63" speed="3.82" turnType="" turnAngle="" types="12,128,13,14,15,56,55,94,65,19,67,50,23,24,25,26,27,28,34,35,36,37,38,39" pointTypes="203,60;45,4;45,4;;;45,4;182,183,45,4;203,119,217,60,123;;203,206,60,123;;46,3;45,4;;46,3;46,3;45,4" names="369,382,362,363,240,364,365,366,367,368"/>
                    <segment id="1054122397" length="4" startTrkptIdx="5524" segmentTime="37.33" speed="0.87" turnType="" turnAngle="" types="12,13,14,84,56,55,94,117,18,184,19,22,50,23,24,25,26,27,28,34,35,36,37,38,39" pointTypes=";182,183,45,4;203,206,60;" names="369,382,362,363,240,364,365,366,367,368"/>
                    <segment id="822261499" length="17" startTrkptIdx="5527" segmentTime="89.83" speed="3.84" turnType="C" turnAngle="0.84" types="12,13,14,15,55,94,18,19,22,50,23,24,25,26,27,28,34,35,36,37,38,39" pointTypes=";203,92,206,217,60,123;;;45,4;53,54;53,54;182,183,45,4;203,206,60;45,4;203,206,60,130,123,45,4;45,4;;46,3;;45,4" names="369,382,362,363,240,364,365,366,367,368"/>
                    <segment id="203046445" length="3" startTrkptIdx="5543" segmentTime="4.40" speed="13.89" turnType="" turnAngle="" types="12,13,14,15,56,55,94,18,219,19,22,116,23,24,25,26,27,28,34,35,36,37,38,39" pointTypes=";4;5" names="382,362,363,240,364,365,366,367,368"/>
                    <segment id="640842157" length="4" startTrkptIdx="5545" segmentTime="37.48" speed="0.92" turnType="" turnAngle="" types="12,13,14,84,56,55,94,117,65,220,19,67,116,23,24,25,26,27,28,34,35,36,37,38,39" pointTypes=";182,183,4;203,60,123;4" names="382,362,363,240,364,365,366,367,368"/>
                    <segment id="1524244275" length="2" startTrkptIdx="5548" segmentTime="0.39" speed="13.89" turnType="C" turnAngle="3.32" types="12,13,14,84,85,86,56,55,117,65,221,222,19,67,116,23,24,25,26,27,28,34,35,36,37,38,39" pointTypes=";203,92,60,3" names="382,362,363,240,364,365,366,367,368"/>
                    <segment id="203046444" length="3" startTrkptIdx="5549" segmentTime="31.49" speed="0.66" turnType="" turnAngle="" types="12,13,14,84,85,86,56,55,117,65,221,222,19,51,223,67,116,23,24,25,26,27,28,34,35,36,37,38,39" pointTypes="203,92,60;203,92,60,123,3;4" names="382,362,363,240,364,365,254,383,384,257,258,385,260,386,366,367,368"/>
                    <segment id="16869015" length="6" startTrkptIdx="5551" segmentTime="11.31" speed="13.89" turnType="TR" turnAngle="90.04" types="12,224,225,13,14,178,56,55,94,65,19,67,226,116,23,24,25,26,27,28,34,35,36,37,38,39" pointTypes=";;3;" names="369,387,362,363,240,364,365,366,367,368"/>
                    <segment id="640831105" length="2" startTrkptIdx="5556" segmentTime="4.14" speed="13.89" turnType="" turnAngle="" types="12,224,225,13,14,178,56,55,94,65,19,67,226,116,23,24,25,26,27,28,34,35,36,37,38,39" pointTypes="" names="387,362,363,240,364,365,366,367,368,388"/>
                    <segment id="640831115" length="2" startTrkptIdx="5557" segmentTime="2.15" speed="13.89" turnType="" turnAngle="" types="12,224,225,13,14,178,56,55,94,65,227,19,67,226,116,23,24,25,26,27,28,34,35,36,37,38,39" pointTypes=";182,183" names="387,362,363,240,364,365,366,367,368,388"/>
                    <segment id="1524576351" length="3" startTrkptIdx="5558" segmentTime="35.91" speed="0.35" turnType="" turnAngle="" types="12,224,225,13,14,178,56,55,94,65,227,19,67,226,116,23,24,25,26,27,28,34,35,36,37,38,39" pointTypes="182,183;203,206,60;203,60,123" names="387,362,363,240,364,365,366,367,368,388"/>
                    <segment id="640831108" length="8" startTrkptIdx="5560" segmentTime="18.24" speed="2.47" turnType="" turnAngle="" types="12,13,14,84,56,55,94,65,19,67,116,23,24,25,26,27,28,34,35,36,37,38,39" pointTypes="203,60,123;;;;" names="387,362,363,240,364,365,366,367,368,389"/>
                    <segment id="25519692" length="5" startTrkptIdx="5567" segmentTime="3.13" speed="13.89" turnType="RNLB2" turnAngle="31.18" types="12,13,14,84,56,55,94,18,19,22,73,116,23,24,25,26,27,28,34,35,36,37,38,39" pointTypes=";;" names="369,390,391,362,363,240,364,365,366,367,368"/>
                    <segment id="119122499" length="4" startTrkptIdx="5571" segmentTime="1.87" speed="13.89" turnType="" turnAngle="" types="12,13,14,178,55,94,65,228,19,67,73,23,24,25,26,27,28,34,35,36,37,38,39" pointTypes=";;;" names="390,392,362,363,240,364,365,366,367,368,393"/>
                    <segment id="819902123" length="4" startTrkptIdx="5574" segmentTime="1.91" speed="13.89" turnType="" turnAngle="" types="12,13,14,178,55,94,65,228,19,67,73,23,24,25,26,27,28,34,35,36,37,38,39" pointTypes=";;;" names="390,392,362,363,240,364,365,366,367,368,393"/>
                    <segment id="1179882156" length="2" startTrkptIdx="5577" segmentTime="1.86" speed="13.89" turnType="" turnAngle="" types="12,13,214,14,15,55,94,65,19,67,23,24,25,26,27,28,34,35,36,37,38,39" pointTypes=";" names="369,394,362,363,240,364,365,366,367,368"/>
                    <segment id="5184771" length="10" startTrkptIdx="5578" segmentTime="39.78" speed="1.67" turnType="" turnAngle="" types="12,13,214,14,15,55,94,65,19,67,23,24,25,26,27,28,34,35,36,37,38,39" pointTypes=";;;182,183;203,60,93;;;;;" names="369,394,362,363,240,364,365,366,367,368"/>
                    <segment id="47893722" length="8" startTrkptIdx="5587" segmentTime="8.19" speed="13.89" turnType="" turnAngle="" types="12,13,214,14,178,56,55,65,19,20,67,116,23,24,25,26,27,28,104,105,106,34,35,36,37,38,39,109,110,111" pointTypes=";;;;;;;229,230" names="394,362,363,372,240,241,364,365,374,366,367,375,368,377"/>
                    <segment id="119122494" length="3" startTrkptIdx="5594" segmentTime="7.62" speed="13.89" turnType="" turnAngle="" types="201,144,214,14,15,56,55,65,19,20,67,116,23,24,25,26,27,28,104,105,106,34,35,36,37,38,39,109,110,111" pointTypes="229,230;229;" names="394,362,363,372,240,241,364,365,374,366,367,375,368,377"/>
                    <segment id="5184780" length="2" startTrkptIdx="5596" segmentTime="44.91" speed="13.89" turnType="" turnAngle="" types="201,144,214,14,15,231,55,17,65,215,19,20,67,56,116,23,24,25,26,27,28,104,105,106,34,35,36,37,38,39,109,110,111" pointTypes="" names="395,362,363,372,240,241,364,365,374,366,367,375,368,377"/>
                    <segment id="5184769" length="2" startTrkptIdx="5597" segmentTime="4.77" speed="13.89" turnType="" turnAngle="" types="201,144,214,14,15,56,55,17,65,19,20,67,116,23,24,25,26,27,28,104,105,106,34,35,36,37,38,39,109,110,111" pointTypes=";" names="396,362,363,372,240,241,364,365,374,366,367,375,368,377"/>
                    <segment id="5184769" length="4" startTrkptIdx="5598" segmentTime="1.37" speed="13.89" turnType="TSLR" turnAngle="5.54" types="201,144,214,14,15,56,55,17,65,19,20,67,116,23,24,25,26,27,28,104,105,106,34,35,36,37,38,39,109,110,111" pointTypes=";;;" names="396,362,363,372,240,241,364,365,374,366,367,375,368,377"/>
                    <segment id="846232583" length="3" startTrkptIdx="5601" segmentTime="2.56" speed="13.89" turnType="" turnAngle="" types="12,13,214,14,15,56,55,17,65,19,20,67,116,23,24,25,26,27,28,104,105,106,34,35,36,37,38,39,109,110,111" pointTypes=";;" names="396,362,363,372,240,241,364,365,374,366,367,375,368,377"/>
                    <segment id="846232584" length="4" startTrkptIdx="5603" segmentTime="1.91" speed="13.89" turnType="" turnAngle="" types="12,13,214,14,15,56,55,17,99,100,65,19,20,67,23,24,25,26,27,28,104,105,106,34,35,36,37,38,39,109,110,111" pointTypes=";7;7;" names="396,362,363,372,240,241,364,365,374,366,367,375,368,377"/>
                    <segment id="1241184201" length="3" startTrkptIdx="5606" segmentTime="1.57" speed="13.89" turnType="" turnAngle="" types="12,13,214,14,15,231,55,17,65,19,20,67,116,23,24,25,26,27,28,104,105,106,34,35,36,37,38,39,109,110,111" pointTypes=";;5" names="397,362,363,372,240,241,364,365,374,366,367,375,368,377"/>
                    <segment id="1167250256" length="11" startTrkptIdx="5608" segmentTime="26.70" speed="8.26" turnType="" turnAngle="" types="12,13,214,14,15,56,118,17,75,65,19,20,67,116,23,24,25,26,27,28,104,105,106,34,35,36,37,38,39,109,110,111" pointTypes=";3;183,3;176,177,3;232,3;3;4;3;3;4;" names="397,362,363,372,240,241,364,365,374,366,367,375,368,377"/>
                    <segment id="41163413" length="11" startTrkptIdx="5618" segmentTime="24.47" speed="18.85" turnType="" turnAngle="" types="12,13,214,14,15,56,118,17,75,65,19,20,67,116,23,24,25,26,27,28,104,105,106,34,35,36,37,38,39,109,110,111" pointTypes=";;3;5;5;3;;;;;" names="397,362,363,372,240,241,364,365,374,366,367,375,368,377"/>
                    <segment id="41163413" length="2" startTrkptIdx="5628" segmentTime="0.86" speed="18.85" turnType="" turnAngle="" types="12,13,214,14,15,56,118,17,75,65,19,20,67,116,23,24,25,26,27,28,104,105,106,34,35,36,37,38,39,109,110,111" pointTypes=";" names="397,362,363,372,240,241,364,365,374,366,367,375,368,377"/>
                    <segment id="41378433" length="6" startTrkptIdx="5629" segmentTime="5.16" speed="13.89" turnType="" turnAngle="" types="12,13,214,14,11,56,55,94,65,19,67,116,23,24,25,26,27,28,34,35,36,37,38,39" pointTypes=";;;;4;7" names="397,362,363,240,364,365,366,367,368"/>
                    <segment id="649919866" length="5" startTrkptIdx="5634" segmentTime="2.88" speed="13.89" turnType="" turnAngle="" types="12,128,13,14,15,56,55,94,65,19,67,116,23,24,25,26,27,28,34,35,36,37,38,39" pointTypes=";;;;" names="398,362,363,240,364,365,366,367,368"/>
                    <segment id="16869579" length="6" startTrkptIdx="5638" segmentTime="10.14" speed="13.89" turnType="" turnAngle="" types="12,128,13,14,15,56,55,17,117,65,19,20,67,116,23,24,25,26,27,28,104,105,106,34,35,36,37,38,39,109,110,111" pointTypes=";;6;6;6;6" names="398,362,363,372,240,241,364,365,374,366,367,375,368,377"/>
                    <segment id="819640904" length="2" startTrkptIdx="5643" segmentTime="1.47" speed="13.89" turnType="" turnAngle="" types="12,128,13,14,15,56,55,17,117,65,19,20,67,116,23,24,25,26,27,28,104,105,106,34,35,36,37,38,39,109,110,111" pointTypes=";6" names="398,362,363,372,240,241,364,365,374,366,367,375,368,377"/>
                    <segment id="334266274" length="5" startTrkptIdx="5644" segmentTime="8.78" speed="5.98" turnType="" turnAngle="" types="12,13,14,84,56,55,94,75,65,184,19,67,116,23,24,25,26,27,28,34,35,36,37,38,39" pointTypes=";3;3;206,60,93,62;182" names="398,362,363,240,364,365,366,367,368"/>
                    <segment id="5184182" length="9" startTrkptIdx="5648" segmentTime="35.88" speed="4.21" turnType="C" turnAngle="14.39" types="12,128,13,14,15,56,55,94,75,65,19,67,116,23,24,25,26,27,28,34,35,36,37,38,39" pointTypes="182;206,60,93,3,62;3;3;;4;;;" names="398,362,363,240,364,365,366,367,368"/>
                    <segment id="1152598062" length="3" startTrkptIdx="5656" segmentTime="1.18" speed="23.67" turnType="TSLL" turnAngle="-25.61" types="12,13,233,11,56,94,65,67,116" pointTypes=";4;119,234,60,93,5" names=""/>
                    <segment id="151572796" length="4" startTrkptIdx="5658" segmentTime="26.17" speed="1.06" turnType="" turnAngle="" types="12,13,233,11,56,94,65,67,116" pointTypes="119,234,60,93;9,10;;" names=""/>
                    <segment id="814277346" length="2" startTrkptIdx="5661" segmentTime="3.16" speed="13.89" turnType="" turnAngle="" types="128,64,84,85,86,56,55,17,79,65,78,116" pointTypes="3;" names="399"/>
                    <segment id="1105353724" length="4" startTrkptIdx="5662" segmentTime="3.76" speed="13.89" turnType="" turnAngle="" types="64,15,56,55,17,117,79,65,78,116" pointTypes="3;;;" names="399"/>
                    <segment id="649964576" length="2" startTrkptIdx="5665" segmentTime="1.01" speed="8.33" turnType="TR" turnAngle="92.53" types="95,56,79,65,78" pointTypes=";7" names=""/>
                    <segment id="476396492" length="2" startTrkptIdx="5666" segmentTime="1.62" speed="8.33" turnType="" turnAngle="" types="95,56,96,79,65,78" pointTypes=";" names=""/>
                    <segment id="476396492" length="2" startTrkptIdx="5667" segmentTime="2.24" speed="8.33" turnType="TR" turnAngle="86.88" types="95,56,96,79,65,78" pointTypes=";" names=""/>
                    <segment id="476396492" length="3" startTrkptIdx="5668" segmentTime="4.48" speed="8.33" turnType="" turnAngle="" types="95,56,96,79,65,78" pointTypes=";;" names=""/>
                </osmand:route>
                <osmand:types>
                    <type t="highway" v="unclassified"/>
                    <type t="surface" v="gravel"/>
                    <type t="osmand_highway_integrity_brouting" v="4"/>
                    <type t="osmand_ele_decline_3" v="1"/>
                    <type t="osmand_ele_decline_1" v="1"/>
                    <type t="osmand_ele_decline_5" v="1"/>
                    <type t="osmand_ele_decline_7" v="1"/>
                    <type t="osmand_ele_decline_11" v="1"/>
                    <type t="bridge" v="yes"/>
                    <type t="direction" v="forward"/>
                    <type t="highway" v="give_way"/>
                    <type t="lanes" v="1"/>
                    <type t="bicycle" v="yes"/>
                    <type t="foot" v="yes"/>
                    <type t="highway" v="trunk"/>
                    <type t="lanes" v="2"/>
                    <type t="maxspeed" v="100"/>
                    <type t="oneway" v="no"/>
                    <type t="surface" v="paved"/>
                    <type t="route_road_1_network" v="nz:sh"/>
                    <type t="route_road_2_network" v="nz:sh"/>
                    <type t="route_road_3_network" v="nz:touring:cnzwt"/>
                    <type t="osmand_highway_integrity_brouting" v="1"/>
                    <type t="route_road_1_shield_color" v="red"/>
                    <type t="route_road_1_shield_shape" v="cshield"/>
                    <type t="route_road_1_shield_order" v="1"/>
                    <type t="route_road_2_shield_color" v="red"/>
                    <type t="route_road_2_shield_shape" v="cshield"/>
                    <type t="route_road_2_shield_order" v="1"/>
                    <type t="route_road_3_shield_color" v="white"/>
                    <type t="route_road_3_shield_shape" v="pentagon"/>
                    <type t="route_road_4_shield_color" v="red"/>
                    <type t="route_road_4_shield_shape" v="cshield"/>
                    <type t="route_road_4_shield_order" v="1"/>
                    <type t="road_shield_color_1" v="red"/>
                    <type t="road_shield_shape_1" v="cshield"/>
                    <type t="road_shield_order_1" v="1"/>
                    <type t="road_shield_color_2" v="red"/>
                    <type t="road_shield_shape_2" v="cshield"/>
                    <type t="road_shield_order_2" v="1"/>
                    <type t="road_shield_color_3" v="white"/>
                    <type t="road_shield_shape_3" v="pentagon"/>
                    <type t="road_shield_color_4" v="red"/>
                    <type t="road_shield_shape_4" v="cshield"/>
                    <type t="road_shield_order_4" v="1"/>
                    <type t="osmand_ele_decline_max" v="1"/>
                    <type t="osmand_ele_decline_max" v="3"/>
                    <type t="osmand_ele_decline_max" v="5"/>
                    <type t="highway" v="milestone"/>
                    <type t="osmand_ele_decline_max" v="7"/>
                    <type t="sidewalk" v="no"/>
                    <type t="route_bicycle" v=""/>
                    <type t="network" v="ncn"/>
                    <type t="osmand_ele_incline_" v="1"/>
                    <type t="osmand_ele_incline_max" v="1"/>
                    <type t="maxspeed" v="50"/>
                    <type t="lit" v="yes"/>
                    <type t="crossing" v="unmarked"/>
                    <type t="crossing:island" v="yes"/>
                    <type t="crossing:markings" v="no"/>
                    <type t="highway" v="crossing"/>
                    <type t="crossing:markings" v="zebra"/>
                    <type t="crossing" v="uncontrolled"/>
                    <type t="cycleway" v="lane"/>
                    <type t="highway" v="secondary"/>
                    <type t="surface" v="asphalt"/>
                    <type t="route_road_1_network" v="#"/>
                    <type t="osmand_highway_integrity_brouting" v="0"/>
                    <type t="route_road_1_shield_color" v="white"/>
                    <type t="route_road_1_shield_shape" v="pentagon"/>
                    <type t="road_shield_color_1" v="white"/>
                    <type t="road_shield_shape_1" v="pentagon"/>
                    <type t="direction" v="backward"/>
                    <type t="junction" v="roundabout"/>
                    <type t="sidewalk:left" v="yes"/>
                    <type t="sidewalk:left:surface" v="asphalt"/>
                    <type t="sidewalk:right" v="separate"/>
                    <type t="smoothness" v="excellent"/>
                    <type t="osmand_highway_integrity_brouting" v="-1"/>
                    <type t="smoothness" v="good"/>
                    <type t="maxspeed" v="60"/>
                    <type t="lit" v="no"/>
                    <type t="maxspeed" v="80"/>
                    <type t="oneway" v="alternating"/>
                    <type t="lanes" v="3"/>
                    <type t="lanes:backward" v="1"/>
                    <type t="lanes:forward" v="2"/>
                    <type t="highway" v="tertiary"/>
                    <type t="traffic_calming" v="hump"/>
                    <type t="maxspeed" v="30"/>
                    <type t="traffic_calming" v="table"/>
                    <type t="highway" v="residential"/>
                    <type t="crossing:island" v="no"/>
                    <type t="tactile_paving" v="no"/>
                    <type t="oneway" v="yes"/>
                    <type t="highway" v="service"/>
                    <type t="service" v="parking_aisle"/>
                    <type t="route_road_1_network" v="nz:ur"/>
                    <type t="highway" v="secondary_link"/>
                    <type t="sidewalk:left" v="separate"/>
                    <type t="sidewalk:right" v="no"/>
                    <type t="route_road_2_network" v="nz:touring:cnzwt"/>
                    <type t="route_road_2_shield_color" v="white"/>
                    <type t="route_road_2_shield_shape" v="pentagon"/>
                    <type t="route_road_3_shield_color" v="red"/>
                    <type t="route_road_3_shield_shape" v="cshield"/>
                    <type t="route_road_3_shield_order" v="1"/>
                    <type t="road_shield_color_2" v="white"/>
                    <type t="road_shield_shape_2" v="pentagon"/>
                    <type t="road_shield_color_3" v="red"/>
                    <type t="road_shield_shape_3" v="cshield"/>
                    <type t="road_shield_order_3" v="1"/>
                    <type t="turn:lanes" v="left|through;right"/>
                    <type t="osmand_ele_incline_max" v="3"/>
                    <type t="sidewalk:both" v="separate"/>
                    <type t="sidewalk:left" v="no"/>
                    <type t="sidewalk" v="yes"/>
                    <type t="sidewalk:both:surface" v="asphalt"/>
                    <type t="maxspeed" v="70"/>
                    <type t="crossing:markings" v="yes"/>
                    <type t="route_hiking_1" v=""/>
                    <type t="route_hiking" v=""/>
                    <type t="maxspeed" v="40"/>
                    <type t="tactile_paving" v="yes"/>
                    <type t="maxspeed:advisory" v="35"/>
                    <type t="sidewalk:right" v="yes"/>
                    <type t="lanes:backward" v="2"/>
                    <type t="lanes:forward" v="1"/>
                    <type t="cycleway:both" v="no"/>
                    <type t="kerb" v="flush"/>
                    <type t="kerb" v="lowered"/>
                    <type t="foot" v="unknown"/>
                    <type t="turn:lanes:forward" v="none|right"/>
                    <type t="turn:lanes:backward" v="none|right"/>
                    <type t="crossing:barrier" v="half"/>
                    <type t="crossing:bell" v="yes"/>
                    <type t="crossing:light" v="yes"/>
                    <type t="railway" v="level_crossing"/>
                    <type t="turn:lanes:forward" v="|right"/>
                    <type t="foot" v="permissive"/>
                    <type t="osmand_ele_incline_max" v="5"/>
                    <type t="osmand_ele_incline_max" v="7"/>
                    <type t="osmand_ele_decline_max" v="9"/>
                    <type t="osmand_ele_decline_9" v="1"/>
                    <type t="foot" v="no"/>
                    <type t="maxspeed:advisory" v="45"/>
                    <type t="osmand_ele_incline_max" v="17"/>
                    <type t="osmand_ele_incline_max" v="9"/>
                    <type t="incline" v="up"/>
                    <type t="osmand_ele_incline_max" v="11"/>
                    <type t="osmand_ele_incline_max" v="13"/>
                    <type t="osmand_ele_decline_max" v="15"/>
                    <type t="osmand_ele_decline_15" v="1"/>
                    <type t="osmand_ele_decline_max" v="21"/>
                    <type t="osmand_ele_decline_21" v="1"/>
                    <type t="osmand_ele_decline_max" v="19"/>
                    <type t="osmand_ele_decline_19" v="1"/>
                    <type t="osmand_ele_incline_max" v="21"/>
                    <type t="osmand_ele_incline_max" v="27"/>
                    <type t="osmand_ele_incline_max" v="25"/>
                    <type t="osmand_ele_incline_max" v="15"/>
                    <type t="osmand_ele_incline_max" v="19"/>
                    <type t="maxspeed:advisory" v="25"/>
                    <type t="osmand_ele_decline_max" v="11"/>
                    <type t="osmand_ele_incline_max" v="23"/>
                    <type t="osmand_ele_decline_max" v="13"/>
                    <type t="osmand_ele_decline_13" v="1"/>
                    <type t="osmand_ele_decline_max" v="17"/>
                    <type t="osmand_ele_decline_17" v="1"/>
                    <type t="osmand_ele_decline_max" v="27"/>
                    <type t="osmand_ele_decline_27" v="1"/>
                    <type t="osmand_ele_decline_max" v="23"/>
                    <type t="osmand_ele_decline_23" v="1"/>
                    <type t="osmand_ele_decline_max" v="25"/>
                    <type t="osmand_ele_decline_25" v="1"/>
                    <type t="incline" v="down"/>
                    <type t="access" v="yes"/>
                    <type t="barrier" v="lift_gate"/>
                    <type t="lanes" v="4"/>
                    <type t="turn:lanes:forward" v="left|none"/>
                    <type t="route" v="hiking"/>
                    <type t="turn:lanes:forward" v="left|through"/>
                    <type t="highway" v="traffic_signals"/>
                    <type t="traffic_signals:direction" v="forward"/>
                    <type t="turn:lanes" v="left;through|through|right"/>
                    <type t="turn:lanes" v="through|through|right"/>
                    <type t="turn:lanes:forward" v="left;through|through"/>
                    <type t="turn:lanes" v="left;through|through"/>
                    <type t="turn:lanes" v="left|through|through"/>
                    <type t="turn:lanes" v="through|through"/>
                    <type t="crossing" v="no"/>
                    <type t="turn:lanes" v="merge_to_right|through"/>
                    <type t="turn:lanes:backward" v="through;slight_right"/>
                    <type t="turn:lanes" v="left|none"/>
                    <type t="maxspeed:advisory" v="75"/>
                    <type t="turn:lanes" v="through|right"/>
                    <type t="highway" v="motorway_junction"/>
                    <type t="turn:lanes" v="through"/>
                    <type t="turn:lanes" v="none|merge_to_left"/>
                    <type t="turn:lanes" v="left|none|none"/>
                    <type t="turn:lanes" v="slight_left;through|through"/>
                    <type t="bicycle" v="no"/>
                    <type t="cycleway:left" v="shoulder"/>
                    <type t="crossing" v="traffic_signals"/>
                    <type t="turn:lanes" v="through|through|through;right"/>
                    <type t="turn:lanes" v="through|through|through|right"/>
                    <type t="crossing:markings" v="lines"/>
                    <type t="highway" v="emergency_bay"/>
                    <type t="cycleway:right" v="no"/>
                    <type t="turn:lanes" v="merge_to_right||"/>
                    <type t="highway" v="motorway"/>
                    <type t="maxspeed:variable" v="yes"/>
                    <type t="bridge:structure" v="beam"/>
                    <type t="turn:lanes" v="slight_left|none|none"/>
                    <type t="hazmat" v="no"/>
                    <type t="tunnel" v="yes"/>
                    <type t="tunnel:name" v="Terrace Tunnel"/>
                    <type t="crossing:signals" v="yes"/>
                    <type t="turn:lanes" v="left|through|through|right"/>
                    <type t="turn:lanes" v="left;through;right|right"/>
                    <type t="turn:lanes" v="left|through;right|right"/>
                    <type t="turn:lanes:backward" v="right"/>
                    <type t="turn:lanes:forward" v="through;right|right"/>
                    <type t="network" v="lcn"/>
                    <type t="bus:lanes" v="designated|yes|yes|yes"/>
                    <type t="cycleway:right" v="separate"/>
                    <type t="cycleway" v="share_busway"/>
                    <type t="turn:lanes" v="merge_to_right|none|none|none"/>
                    <type t="turn:lanes" v="left|left|through|through"/>
                    <type t="enforcement" v="maxspeed"/>
                    <type t="highway" v="speed_camera"/>
                    <type t="maxheight:signed" v="no"/>
                    <type t="traffic_signals:direction" v="backward"/>
                    <type t="highway" v="trunk_link"/>
                    <type t="crossing:signals" v="no"/>
                    <type t="name" v="Jetty Road"/>
                    <type t="ref" v="002-0833"/>
                    <type t="road_name_1" v="State Highway 2"/>
                    <type t="road_name_2" v="State Highway 2"/>
                    <type t="road_name_3" v="Classic New Zealand Wine Trail"/>
                    <type t="road_network_1" v="nz:sh"/>
                    <type t="road_network_2" v="nz:sh"/>
                    <type t="road_network_3" v="nz:touring:cnzwt"/>
                    <type t="road_ref_1" v="2"/>
                    <type t="road_ref_2" v="2"/>
                    <type t="road_ref_3" v=""/>
                    <type t="road_ref_4" v="2"/>
                    <type t="route_road_1_name" v="State Highway 2"/>
                    <type t="route_road_1_ref" v="2"/>
                    <type t="route_road_2_name" v="State Highway 2"/>
                    <type t="route_road_2_ref" v="2"/>
                    <type t="route_road_3_name" v="Classic New Zealand Wine Trail"/>
                    <type t="route_road_3_ref" v=""/>
                    <type t="route_road_4_ref" v="2"/>
                    <type t="route_bicycle_1" v=""/>
                    <type t="route_bicycle_1_name" v="Whanganui Wellington Tour Aotearoa"/>
                    <type t="route_bicycle_1_network" v="ncn"/>
                    <type t="route_bicycle_1_osmc_background" v="white_4"/>
                    <type t="route_bicycle_1_osmc_stub_name" v="."/>
                    <type t="route_bicycle_1_osmc_text" v="WWTA"/>
                    <type t="route_bicycle_1_osmc_textcolor" v="black"/>
                    <type t="route_bicycle_1_relation_id" v="8333065"/>
                    <type t="route_bicycle_1_website" v="http://www.touraotearoa.nz/p/home.html"/>
                    <type t="road_name_1" v="Route 52"/>
                    <type t="road_network_1" v="#"/>
                    <type t="road_ref_1" v="52"/>
                    <type t="route_bicycle_1_name" v="Route 52"/>
                    <type t="route_bicycle_1_osmc_text" v="ROU52"/>
                    <type t="route_bicycle_1_ref" v="Rou52"/>
                    <type t="route_bicycle_1_relation_id" v="2751898"/>
                    <type t="route_road_1_name" v="Route 52"/>
                    <type t="route_road_1_ref" v="52"/>
                    <type t="destination:forward" v="Castlepoint;Riversdale Beach"/>
                    <type t="name" v=""/>
                    <type t="ref" v=""/>
                    <type t="name" v="Masterton Castlepoint Road"/>
                    <type t="direction" v=""/>
                    <type t="name" v="Te Ore Ore Road"/>
                    <type t="ref" v="52"/>
                    <type t="road_network_1" v="nz:ur"/>
                    <type t="route_bicycle_1_name" v="Route 52 - Masteron entry"/>
                    <type t="route_bicycle_1_osmc_text" v="ROU52M"/>
                    <type t="route_bicycle_1_ref" v="Rou52M"/>
                    <type t="route_bicycle_1_relation_id" v="12825632"/>
                    <type t="name" v="Queen Street"/>
                    <type t="ref" v="SH 2"/>
                    <type t="road_name_2" v="Classic New Zealand Wine Trail"/>
                    <type t="road_network_2" v="nz:touring:cnzwt"/>
                    <type t="road_ref_2" v=""/>
                    <type t="road_ref_3" v="2"/>
                    <type t="route_bicycle_2" v=""/>
                    <type t="route_bicycle_2_name" v="Route 52 - Masteron entry"/>
                    <type t="route_bicycle_2_network" v="ncn"/>
                    <type t="route_bicycle_2_osmc_background" v="white_4"/>
                    <type t="route_bicycle_2_osmc_stub_name" v="."/>
                    <type t="route_bicycle_2_osmc_text" v="ROU52M"/>
                    <type t="route_bicycle_2_osmc_textcolor" v="black"/>
                    <type t="route_bicycle_2_ref" v="Rou52M"/>
                    <type t="route_bicycle_2_relation_id" v="12825632"/>
                    <type t="route_road_2_name" v="Classic New Zealand Wine Trail"/>
                    <type t="route_road_2_ref" v=""/>
                    <type t="route_road_3_ref" v="2"/>
                    <type t="name" v="Northern Roundabout"/>
                    <type t="destination" v="Carterton;Wellington"/>
                    <type t="name" v="Chapel Street"/>
                    <type t="name" v="Renall Street roundabout"/>
                    <type t="name" v="Kuripuni Roundabout"/>
                    <type t="name" v="High Street"/>
                    <type t="route_hiking_1_description" v="walking route from Masterton to start of Holdsworth - Kaitoke Track"/>
                    <type t="route_hiking_1_distance" v="22 km"/>
                    <type t="route_hiking_1_from" v="Masterton Station"/>
                    <type t="route_hiking_1_name" v="Holdsworth - Kaitoke extension"/>
                    <type t="route_hiking_1_network" v="lwn"/>
                    <type t="route_hiking_1_osmc_background" v="white_4"/>
                    <type t="route_hiking_1_osmc_stub_name" v="."/>
                    <type t="route_hiking_1_osmc_text" v="HKEXT"/>
                    <type t="route_hiking_1_osmc_textcolor" v="black"/>
                    <type t="route_hiking_1_ref" v="HKext"/>
                    <type t="route_hiking_1_relation_id" v="9339948"/>
                    <type t="route_hiking_1_to" v="Holdwsworth Lodge"/>
                    <type t="name" v="State Highway 2"/>
                    <type t="name" v="High Street North"/>
                    <type t="name" v="High Street South"/>
                    <type t="name" v="Main Street"/>
                    <type t="name" v="Tauherenikau Road"/>
                    <type t="name" v="Fitzherbert Street"/>
                    <type t="destination:forward" v="Masterton"/>
                    <type t="destination:ref:forward" v="SH 2"/>
                    <type t="destination:backward" v="Wellington"/>
                    <type t="route_hiking_1_description" v="The route published by GWRC is from Kaitoke car park to Cross Creek car park. To make a network the creator has added access at the end of Hutt River Trail, Te Marua to Kaitoke car park and from Cross Creek car park to Featherston."/>
                    <type t="route_hiking_1_distance" v="37 km"/>
                    <type t="route_hiking_1_from" v="Plateau Road, Te Marua and SH2"/>
                    <type t="route_hiking_1_name" v="Remutaka Rail Trail"/>
                    <type t="route_hiking_1_network" v="rwn"/>
                    <type t="route_hiking_1_osmc_background" v="white_3"/>
                    <type t="route_hiking_1_osmc_text" v="RRT"/>
                    <type t="route_hiking_1_ref" v="RRT"/>
                    <type t="route_hiking_1_relation_id" v="9415758"/>
                    <type t="route_hiking_1_to" v="Featherston"/>
                    <type t="route_hiking_1_via" v="Maymorn;Mangaroa Tunnel;Kaitoke;Kaitoke Carpark;Pakuratahi Tunnel;Howe Truss Bridge;Ladle Bend Bridge;Camp site;Summit;Summit Tunnel;Siberia Tunnel;Siberia Swing Bridge;Price's Tunnel;Cross Creek;Cross Creek carpark;Western Lake Road"/>
                    <type t="route_hiking_1_wikipedia" v="en:Remutaka Rail Trail"/>
                    <type t="name" v="Ludlam Street"/>
                    <type t="name" v="Main Road North"/>
                    <type t="name" v="Fergusson Drive"/>
                    <type t="name" v="River Road"/>
                    <type t="road_name_3" v="Hutt Expressway"/>
                    <type t="route_road_3_name" v="Hutt Expressway"/>
                    <type t="road_name_4" v="Hutt Expressway"/>
                    <type t="route_road_4_name" v="Hutt Expressway"/>
                    <type t="destination" v="Wellington"/>
                    <type t="destination:ref" v="SH 2"/>
                    <type t="destination" v="Riverstone Terraces;Lower Hutt;Wellington"/>
                    <type t="destination" v="Porirua;Lower Hutt;Wellington"/>
                    <type t="name" v="Western Hutt Road"/>
                    <type t="destination" v="Lower Hutt;Wellington"/>
                    <type t="road_name_2" v="Hutt Expressway"/>
                    <type t="route_road_2_name" v="Hutt Expressway"/>
                    <type t="destination" v="Ngauranga;Wellington"/>
                    <type t="name" v="Hutt Road"/>
                    <type t="name" v="Wellington Urban Motorway"/>
                    <type t="road_name_2" v="Wellington Urban Motorway"/>
                    <type t="route_road_2_name" v="Wellington Urban Motorway"/>
                    <type t="ref" v="SH 1"/>
                    <type t="road_name_1" v="State Highway 1 North"/>
                    <type t="road_ref_1" v="1"/>
                    <type t="road_ref_2" v="1"/>
                    <type t="route_road_1_name" v="State Highway 1 North"/>
                    <type t="route_road_1_ref" v="1"/>
                    <type t="route_road_2_ref" v="1"/>
                    <type t="destination" v="Airport;Seatoun"/>
                    <type t="destination:ref" v="SH 1"/>
                    <type t="name" v="Terrace Motorway Tunnel"/>
                    <type t="road_name_2" v="State Highway 1 North"/>
                    <type t="road_name_3" v="Wellington Urban Motorway"/>
                    <type t="road_ref_3" v="1"/>
                    <type t="route_road_2_name" v="State Highway 1 North"/>
                    <type t="route_road_3_name" v="Wellington Urban Motorway"/>
                    <type t="route_road_3_ref" v="1"/>
                    <type t="destination:backward" v="Porirua;Hutt Valley"/>
                    <type t="destination:forward" v="Airport;Seatoun"/>
                    <type t="destination:ref:backward" v="SH 1;SH 2"/>
                    <type t="destination:ref:forward" v="SH 1"/>
                    <type t="name" v="Vivian Street"/>
                    <type t="route_bicycle_1_name" v="SJP Metlink (Cycle Function)"/>
                    <type t="route_bicycle_1_network" v="lcn"/>
                    <type t="route_bicycle_1_osmc_text" v="SJPMCF"/>
                    <type t="route_bicycle_1_relation_id" v="16733193"/>
                    <type t="name" v="Kent Terrace"/>
                    <type t="destination:lanes" v="|Airport;Seatoun|Airport;Seatoun|Newtown"/>
                    <type t="destination:lanes" v="Airport;Seatoun|Airport;Seatoun|Newtown"/>
                    <type t="direction" v="clockwise"/>
                    <type t="name" v="Buckle Street"/>
                    <type t="name" v="Dufferin Street"/>
                    <type t="destination:lanes" v="Airport;Seatoun|Airport;Seatoun|Newtown;Island Bay|Newtown;Island Bay"/>
                    <type t="name" v="Paterson Street"/>
                    <type t="name" v="Mount Victoria Tunnel"/>
                    <type t="name" v="Taurima Street"/>
                    <type t="name" v="Ruahine Street"/>
                    <type t="name" v="Wellington Road"/>
                    <type t="name" v="Evans Bay Parade"/>
                    <type t="ref" v="002-0905"/>
                    <type t="ref" v="002-0921"/>
                    <type t="ref" v="002-0931"/>
                    <type t="ref" v="002-0946"/>
                    <type t="ref" v="002-0946/8.82"/>
                    <type t="name" v="Riverstone Terraces"/>
                    <type t="name" v="Silverstream"/>
                    <type t="name" v="Haywards Hill"/>
                    <type t="name" v="Dowse Drive"/>
                    <type t="name" v="Petone Station"/>
                    <type t="name" v="Ngauranga"/>
                    <type t="ref" v="002-0979-I"/>
                    <type t="name" v="Aotea Quay"/>
                    <type t="name" v="Murphy Street"/>
                    <type t="name" v="Hawkestone Street"/>
                    <type t="name" v="The Terrace"/>
                </osmand:types>
            </extensions>
        </trkseg>
    </trk>
    <extensions>
        <osmand:show_arrows>false</osmand:show_arrows>
        <osmand:show_start_finish>false</osmand:show_start_finish>
        <osmand:is_join_segments>false</osmand:is_join_segments>
        <osmand:split_interval>0.0</osmand:split_interval>
        <osmand:split_type>no_split</osmand:split_type>
        <osmand:points_groups>
            <group name="" color="#EECC22" icon="special_star" background="circle"/>
        </osmand:points_groups>
    </extensions>
</gpx>
