<?xml version="1.0" encoding="UTF-8" standalone="yes"?>
<gpx
 version="1.1"
 creator="Generated by MapOut iPhone App. See https://mapout.app"
 xmlns="http://www.topografix.com/GPX/1/1"
 xmlns:xsi="http://www.w3.org/2001/XMLSchema-instance"
 xmlns:gpxx="http://www.garmin.com/xmlschemas/GpxExtensions/v3"
 xmlns:mapout="https://mapout.app/xmlschemas/MapOutExtensions"
 xsi:schemaLocation="http://www.topografix.com/GPX/1/1 https://www.topografix.com/GPX/1/1/gpx.xsd http://www.garmin.com/xmlschemas/GpxExtensions/v3 https://www8.garmin.com/xmlschemas/GpxExtensionsv3.xsd https://mapout.app/xmlschemas/MapOutExtensions https://mapout.app/xmlschemas/MapOutExtensions.xsd">
  <metadata>
    <name>MTB Redhill Forest Loop</name>
    <author><name>iPhone</name></author>
    <time>2026-05-17T00:38:36Z</time>
    <bounds minlat="-38.22940682815182" minlon="176.248415029563" maxlat="-38.15946976921609" maxlon="176.328409307648"/>
  </metadata>
  <trk>
    <name>Forest Loop</name>
    <extensions>
      <gpxx:TrackExtension>
        <gpxx:DisplayColor>Green</gpxx:DisplayColor>
      </gpxx:TrackExtension>
    </extensions>
    <trkseg>
      <trkpt lat="-38.17434007247759" lon="176.251561129125">
        <ele>332</ele>
      </trkpt>
      <trkpt lat="-38.17420942208659" lon="176.25150581728">
        <ele>334</ele>
      </trkpt>
      <trkpt lat="-38.17420942208659" lon="176.25150581728">
        <ele>334</ele>
      </trkpt>
      <trkpt lat="-38.17412550066756" lon="176.25147911501">
        <ele>334</ele>
      </trkpt>
      <trkpt lat="-38.1740606522983" lon="176.251455273698">
        <ele>335</ele>
      </trkpt>
      <trkpt lat="-38.17399008201411" lon="176.251410452031">
        <ele>335</ele>
      </trkpt>
      <trkpt lat="-38.17393858477971" lon="176.251229258058">
        <ele>335</ele>
      </trkpt>
      <trkpt lat="-38.17411787144765" lon="176.25082777036">
        <ele>332</ele>
      </trkpt>
      <trkpt lat="-38.17411787144765" lon="176.25082777036">
        <ele>332</ele>
      </trkpt>
      <trkpt lat="-38.17416746137707" lon="176.25060938394">
        <ele>333</ele>
      </trkpt>
      <trkpt lat="-38.17416746137707" lon="176.25060938394">
        <ele>333</ele>
      </trkpt>
      <trkpt lat="-38.1741312225825" lon="176.25046728972">
        <ele>334</ele>
      </trkpt>
      <trkpt lat="-38.17405683768835" lon="176.250479687202">
        <ele>334</ele>
      </trkpt>
      <trkpt lat="-38.17405683768835" lon="176.250479687202">
        <ele>334</ele>
      </trkpt>
      <trkpt lat="-38.17396242609193" lon="176.250541674614">
        <ele>335</ele>
      </trkpt>
      <trkpt lat="-38.17396242609193" lon="176.250541674614">
        <ele>335</ele>
      </trkpt>
      <trkpt lat="-38.17388136563036" lon="176.250675185962">
        <ele>336</ele>
      </trkpt>
      <trkpt lat="-38.17369254243754" lon="176.250942208659">
        <ele>337</ele>
      </trkpt>
      <trkpt lat="-38.17347987793249" lon="176.251111958802">
        <ele>338</ele>
      </trkpt>
      <trkpt lat="-38.17347987793249" lon="176.251111958802">
        <ele>338</ele>
      </trkpt>
      <trkpt lat="-38.17350321125951" lon="176.251222792105">
        <ele>338</ele>
      </trkpt>
      <trkpt lat="-38.1735046728972" lon="176.251414266641">
        <ele>337</ele>
      </trkpt>
      <trkpt lat="-38.1735046728972" lon="176.251414266641">
        <ele>337</ele>
      </trkpt>
      <trkpt lat="-38.17346938775511" lon="176.25153251955">
        <ele>337</ele>
      </trkpt>
      <trkpt lat="-38.17346938775511" lon="176.25153251955">
        <ele>337</ele>
      </trkpt>
      <trkpt lat="-38.17342170513065" lon="176.251694640473">
        <ele>337</ele>
      </trkpt>
      <trkpt lat="-38.17337020789624" lon="176.251751859622">
        <ele>337</ele>
      </trkpt>
      <trkpt lat="-38.17327961090979" lon="176.251838641999">
        <ele>338</ele>
      </trkpt>
      <trkpt lat="-38.17323192828533" lon="176.251840549304">
        <ele>339</ele>
      </trkpt>
      <trkpt lat="-38.17311748998665" lon="176.251725157353">
        <ele>341</ele>
      </trkpt>
      <trkpt lat="-38.17301926378028" lon="176.251689872211">
        <ele>343</ele>
      </trkpt>
      <trkpt lat="-38.17290673278657" lon="176.251711806218">
        <ele>345</ele>
      </trkpt>
      <trkpt lat="-38.17282471867252" lon="176.251744230402">
        <ele>346</ele>
      </trkpt>
      <trkpt lat="-38.17273698264353" lon="176.251856761396">
        <ele>346</ele>
      </trkpt>
      <trkpt lat="-38.17273698264353" lon="176.251856761396">
        <ele>346</ele>
      </trkpt>
      <trkpt lat="-38.1727217242037" lon="176.251966431432">
        <ele>346</ele>
      </trkpt>
      <trkpt lat="-38.1727217242037" lon="176.251966431432">
        <ele>346</ele>
      </trkpt>
      <trkpt lat="-38.17273984360099" lon="176.252089452603">
        <ele>344</ele>
      </trkpt>
      <trkpt lat="-38.17264543200458" lon="176.252196261682">
        <ele>344</ele>
      </trkpt>
      <trkpt lat="-38.17258535189777" lon="176.252197215335">
        <ele>345</ele>
      </trkpt>
      <trkpt lat="-38.17248331108144" lon="176.252241083349">
        <ele>346</ele>
      </trkpt>
      <trkpt lat="-38.17241560175472" lon="176.252330726683">
        <ele>347</ele>
      </trkpt>
      <trkpt lat="-38.17239748235743" lon="176.252380316613">
        <ele>347</ele>
      </trkpt>
      <trkpt lat="-38.17236982643525" lon="176.252458516117">
        <ele>348</ele>
      </trkpt>
      <trkpt lat="-38.1723650581728" lon="176.252564371543">
        <ele>348</ele>
      </trkpt>
      <trkpt lat="-38.1723650581728" lon="176.252614915125">
        <ele>348</ele>
      </trkpt>
      <trkpt lat="-38.17234312416556" lon="176.252693114629">
        <ele>349</ele>
      </trkpt>
      <trkpt lat="-38.17229734884608" lon="176.252759870303">
        <ele>351</ele>
      </trkpt>
      <trkpt lat="-38.17229734884608" lon="176.252759870303">
        <ele>351</ele>
      </trkpt>
      <trkpt lat="-38.17229734884608" lon="176.252759870303">
        <ele>351</ele>
      </trkpt>
      <trkpt lat="-38.17229258058364" lon="176.252998283426">
        <ele>351</ele>
      </trkpt>
      <trkpt lat="-38.17229258058364" lon="176.252998283426">
        <ele>351</ele>
      </trkpt>
      <trkpt lat="-38.17229258058364" lon="176.252998283426">
        <ele>351</ele>
      </trkpt>
      <trkpt lat="-38.17229320846928" lon="176.252992175811">
        <ele>351</ele>
      </trkpt>
      <trkpt lat="-38.17224871256914" lon="176.253074575625">
        <ele>352</ele>
      </trkpt>
      <trkpt lat="-38.17224871256914" lon="176.253074575625">
        <ele>352</ele>
      </trkpt>
      <trkpt lat="-38.17206847224872" lon="176.253332061797">
        <ele>356</ele>
      </trkpt>
      <trkpt lat="-38.17202937249667" lon="176.253402632081">
        <ele>356</ele>
      </trkpt>
      <trkpt lat="-38.17200362387946" lon="176.2534484074">
        <ele>356</ele>
      </trkpt>
      <trkpt lat="-38.17197310699981" lon="176.253499904635">
        <ele>357</ele>
      </trkpt>
      <trkpt lat="-38.17194640473012" lon="176.253555216479">
        <ele>357</ele>
      </trkpt>
      <trkpt lat="-38.17193632840206" lon="176.253601567588">
        <ele>357</ele>
      </trkpt>
      <trkpt lat="-38.17190825863056" lon="176.253681098608">
        <ele>357</ele>
      </trkpt>
      <trkpt lat="-38.17187678809773" lon="176.253770265117">
        <ele>357</ele>
      </trkpt>
      <trkpt lat="-38.17184531756628" lon="176.253848941446">
        <ele>357</ele>
      </trkpt>
      <trkpt lat="-38.17184150295633" lon="176.253858477971">
        <ele>357</ele>
      </trkpt>
      <trkpt lat="-38.17181003242418" lon="176.253937631127">
        <ele>356</ele>
      </trkpt>
      <trkpt lat="-38.17181003242418" lon="176.253937631127">
        <ele>356</ele>
      </trkpt>
      <trkpt lat="-38.17180812511921" lon="176.254018691589">
        <ele>356</ele>
      </trkpt>
      <trkpt lat="-38.17185199313371" lon="176.254080679001">
        <ele>355</ele>
      </trkpt>
      <trkpt lat="-38.17185199313371" lon="176.254080679001">
        <ele>355</ele>
      </trkpt>
      <trkpt lat="-38.17184722487126" lon="176.254190349037">
        <ele>354</ele>
      </trkpt>
      <trkpt lat="-38.17184722487126" lon="176.254190349037">
        <ele>354</ele>
      </trkpt>
      <trkpt lat="-38.17180431050925" lon="176.254266641236">
        <ele>354</ele>
      </trkpt>
      <trkpt lat="-38.17180431050925" lon="176.254266641236">
        <ele>354</ele>
      </trkpt>
      <trkpt lat="-38.17174327674996" lon="176.254444974251">
        <ele>353</ele>
      </trkpt>
      <trkpt lat="-38.17170513065039" lon="176.254506961663">
        <ele>353</ele>
      </trkpt>
      <trkpt lat="-38.17164218958612" lon="176.254537478543">
        <ele>354</ele>
      </trkpt>
      <trkpt lat="-38.17153538050734" lon="176.254711996948">
        <ele>356</ele>
      </trkpt>
      <trkpt lat="-38.17153538050734" lon="176.254711996948">
        <ele>356</ele>
      </trkpt>
      <trkpt lat="-38.17151440015259" lon="176.254753957658">
        <ele>356</ele>
      </trkpt>
      <trkpt lat="-38.17151440015259" lon="176.254753957658">
        <ele>356</ele>
      </trkpt>
      <trkpt lat="-38.17141724319301" lon="176.254886024078">
        <ele>357</ele>
      </trkpt>
      <trkpt lat="-38.1714085447263" lon="176.254933244326">
        <ele>357</ele>
      </trkpt>
      <trkpt lat="-38.1714085447263" lon="176.254933244326">
        <ele>357</ele>
      </trkpt>
      <trkpt lat="-38.17140663742133" lon="176.255002860957">
        <ele>356</ele>
      </trkpt>
      <trkpt lat="-38.1713999618539" lon="176.255049589929">
        <ele>356</ele>
      </trkpt>
      <trkpt lat="-38.17137225060115" lon="176.25511210136">
        <ele>356</ele>
      </trkpt>
      <trkpt lat="-38.17123021171086" lon="176.255231737555">
        <ele>358</ele>
      </trkpt>
      <trkpt lat="-38.17123021171086" lon="176.255231737555">
        <ele>358</ele>
      </trkpt>
      <trkpt lat="-38.17103855988785" lon="176.255273876064">
        <ele>360</ele>
      </trkpt>
      <trkpt lat="-38.17099084493611" lon="176.255324241846">
        <ele>360</ele>
      </trkpt>
      <trkpt lat="-38.17087545298494" lon="176.255475872592">
        <ele>359</ele>
      </trkpt>
      <trkpt lat="-38.17083063131795" lon="176.255534999046">
        <ele>359</ele>
      </trkpt>
      <trkpt lat="-38.17083063131795" lon="176.255534999046">
        <ele>359</ele>
      </trkpt>
      <trkpt lat="-38.17074480259394" lon="176.255604615678">
        <ele>360</ele>
      </trkpt>
      <trkpt lat="-38.17074480259394" lon="176.255604615678">
        <ele>360</ele>
      </trkpt>
      <trkpt lat="-38.17069807362197" lon="176.255658020217">
        <ele>360</ele>
      </trkpt>
      <trkpt lat="-38.17064657638757" lon="176.255698073622">
        <ele>361</ele>
      </trkpt>
      <trkpt lat="-38.17059412550067" lon="176.255726683197">
        <ele>362</ele>
      </trkpt>
      <trkpt lat="-38.17059412550067" lon="176.255726683197">
        <ele>362</ele>
      </trkpt>
      <trkpt lat="-38.17054548922373" lon="176.255760061034">
        <ele>362</ele>
      </trkpt>
      <trkpt lat="-38.17048922372688" lon="176.255791531566">
        <ele>363</ele>
      </trkpt>
      <trkpt lat="-38.17034522220103" lon="176.2558430288">
        <ele>366</ele>
      </trkpt>
      <trkpt lat="-38.17048350181194" lon="176.256027083731">
        <ele>361</ele>
      </trkpt>
      <trkpt lat="-38.17043009727256" lon="176.256128170895">
        <ele>362</ele>
      </trkpt>
      <trkpt lat="-38.17043009727256" lon="176.256128170895">
        <ele>362</ele>
      </trkpt>
      <trkpt lat="-38.17039481213046" lon="176.256188251001">
        <ele>363</ele>
      </trkpt>
      <trkpt lat="-38.17037669273317" lon="176.256275033378">
        <ele>363</ele>
      </trkpt>
      <trkpt lat="-38.17039862674041" lon="176.256487697883">
        <ele>361</ele>
      </trkpt>
      <trkpt lat="-38.17039862674041" lon="176.256487697883">
        <ele>361</ele>
      </trkpt>
      <trkpt lat="-38.17040148769789" lon="176.256626931146">
        <ele>360</ele>
      </trkpt>
      <trkpt lat="-38.17040148769789" lon="176.256626931146">
        <ele>360</ele>
      </trkpt>
      <trkpt lat="-38.1703824146481" lon="176.256733740225">
        <ele>360</ele>
      </trkpt>
      <trkpt lat="-38.1703824146481" lon="176.256733740225">
        <ele>360</ele>
      </trkpt>
      <trkpt lat="-38.1703824146481" lon="176.256805264162">
        <ele>359</ele>
      </trkpt>
      <trkpt lat="-38.1703824146481" lon="176.256805264162">
        <ele>359</ele>
      </trkpt>
      <trkpt lat="-38.17036620255579" lon="176.256930192638">
        <ele>359</ele>
      </trkpt>
      <trkpt lat="-38.17029372496663" lon="176.256981689872">
        <ele>361</ele>
      </trkpt>
      <trkpt lat="-38.17029372496663" lon="176.256981689872">
        <ele>361</ele>
      </trkpt>
      <trkpt lat="-38.17021552546252" lon="176.257025557887">
        <ele>363</ele>
      </trkpt>
      <trkpt lat="-38.17020503528514" lon="176.257122830441">
        <ele>363</ele>
      </trkpt>
      <trkpt lat="-38.17020503528514" lon="176.257122830441">
        <ele>363</ele>
      </trkpt>
      <trkpt lat="-38.17019359145527" lon="176.257247758917">
        <ele>363</ele>
      </trkpt>
      <trkpt lat="-38.16995656806679" lon="176.257016316487">
        <ele>369</ele>
      </trkpt>
      <trkpt lat="-38.1699647148579" lon="176.256914934198">
        <ele>369</ele>
      </trkpt>
      <trkpt lat="-38.1699647148579" lon="176.256914934198">
        <ele>369</ele>
      </trkpt>
      <trkpt lat="-38.16995803929048" lon="176.256814800687">
        <ele>370</ele>
      </trkpt>
      <trkpt lat="-38.16995803929048" lon="176.256814800687">
        <ele>370</ele>
      </trkpt>
      <trkpt lat="-38.16995517833302" lon="176.256654587068">
        <ele>370</ele>
      </trkpt>
      <trkpt lat="-38.16987507152394" lon="176.256623116536">
        <ele>372</ele>
      </trkpt>
      <trkpt lat="-38.16987507152394" lon="176.256623116536">
        <ele>372</ele>
      </trkpt>
      <trkpt lat="-38.16984907889108" lon="176.256755079134">
        <ele>372</ele>
      </trkpt>
      <trkpt lat="-38.16983024985695" lon="176.256821476254">
        <ele>373</ele>
      </trkpt>
      <trkpt lat="-38.16983024985695" lon="176.256821476254">
        <ele>373</ele>
      </trkpt>
      <trkpt lat="-38.16980354758726" lon="176.256893953843">
        <ele>373</ele>
      </trkpt>
      <trkpt lat="-38.16980354758726" lon="176.256893953843">
        <ele>373</ele>
      </trkpt>
      <trkpt lat="-38.16977684531757" lon="176.256991226397">
        <ele>374</ele>
      </trkpt>
      <trkpt lat="-38.16977684531757" lon="176.256991226397">
        <ele>374</ele>
      </trkpt>
      <trkpt lat="-38.16973393095556" lon="176.257088498951">
        <ele>374</ele>
      </trkpt>
      <trkpt lat="-38.16969387755102" lon="176.25719530803">
        <ele>375</ele>
      </trkpt>
      <trkpt lat="-38.16969387755102" lon="176.25719530803">
        <ele>375</ele>
      </trkpt>
      <trkpt lat="-38.16966908258631" lon="176.257263971009">
        <ele>375</ele>
      </trkpt>
      <trkpt lat="-38.16965477779897" lon="176.257339309556">
        <ele>375</ele>
      </trkpt>
      <trkpt lat="-38.16949265687584" lon="176.257604424948">
        <ele>379</ele>
      </trkpt>
      <trkpt lat="-38.16949303066927" lon="176.2576014346">
        <ele>379</ele>
      </trkpt>
      <trkpt lat="-38.16946404730116" lon="176.257653061224">
        <ele>379</ele>
      </trkpt>
      <trkpt lat="-38.16946404730116" lon="176.257653061224">
        <ele>379</ele>
      </trkpt>
      <trkpt lat="-38.16942744303474" lon="176.257715288477">
        <ele>380</ele>
      </trkpt>
      <trkpt lat="-38.16939443066946" lon="176.257757962998">
        <ele>381</ele>
      </trkpt>
      <trkpt lat="-38.16939443066946" lon="176.257757962998">
        <ele>381</ele>
      </trkpt>
      <trkpt lat="-38.16929811176807" lon="176.257920083921">
        <ele>384</ele>
      </trkpt>
      <trkpt lat="-38.16924852183865" lon="176.258006866298">
        <ele>385</ele>
      </trkpt>
      <trkpt lat="-38.16922277322144" lon="176.258174709136">
        <ele>386</ele>
      </trkpt>
      <trkpt lat="-38.16920179286668" lon="176.258265306122">
        <ele>387</ele>
      </trkpt>
      <trkpt lat="-38.16918081251193" lon="176.258321571619">
        <ele>387</ele>
      </trkpt>
      <trkpt lat="-38.16918081251193" lon="176.258321571619">
        <ele>387</ele>
      </trkpt>
      <trkpt lat="-38.16916257006321" lon="176.258366348539">
        <ele>388</ele>
      </trkpt>
      <trkpt lat="-38.16911596414267" lon="176.25843696357">
        <ele>387</ele>
      </trkpt>
      <trkpt lat="-38.16911596414267" lon="176.25843696357">
        <ele>387</ele>
      </trkpt>
      <trkpt lat="-38.16908449361053" lon="176.258484646195">
        <ele>387</ele>
      </trkpt>
      <trkpt lat="-38.16906255960328" lon="176.258606713714">
        <ele>387</ele>
      </trkpt>
      <trkpt lat="-38.16906255960328" lon="176.258606713714">
        <ele>387</ele>
      </trkpt>
      <trkpt lat="-38.16903395002861" lon="176.25872019836">
        <ele>387</ele>
      </trkpt>
      <trkpt lat="-38.16903395002861" lon="176.25872019836">
        <ele>387</ele>
      </trkpt>
      <trkpt lat="-38.16903204272364" lon="176.258837497616">
        <ele>387</ele>
      </trkpt>
      <trkpt lat="-38.16902536715621" lon="176.25892332634">
        <ele>387</ele>
      </trkpt>
      <trkpt lat="-38.16901296967385" lon="176.259058744993">
        <ele>387</ele>
      </trkpt>
      <trkpt lat="-38.16901296967385" lon="176.259058744993">
        <ele>387</ele>
      </trkpt>
      <trkpt lat="-38.16899675758154" lon="176.259161739462">
        <ele>387</ele>
      </trkpt>
      <trkpt lat="-38.16899675758154" lon="176.259161739462">
        <ele>387</ele>
      </trkpt>
      <trkpt lat="-38.16899103566661" lon="176.259349609002">
        <ele>387</ele>
      </trkpt>
      <trkpt lat="-38.16899103566661" lon="176.259349609002">
        <ele>387</ele>
      </trkpt>
      <trkpt lat="-38.16896624070189" lon="176.259577531947">
        <ele>387</ele>
      </trkpt>
      <trkpt lat="-38.16896624070189" lon="176.259577531947">
        <ele>387</ele>
      </trkpt>
      <trkpt lat="-38.16895098226207" lon="176.259692923899">
        <ele>387</ele>
      </trkpt>
      <trkpt lat="-38.16894239938966" lon="176.259752050353">
        <ele>387</ele>
      </trkpt>
      <trkpt lat="-38.16878600038146" lon="176.259844554644">
        <ele>386</ele>
      </trkpt>
      <trkpt lat="-38.16878600038146" lon="176.259844554644">
        <ele>386</ele>
      </trkpt>
      <trkpt lat="-38.16866393286286" lon="176.259915124928">
        <ele>385</ele>
      </trkpt>
      <trkpt lat="-38.16866393286286" lon="176.259915124928">
        <ele>385</ele>
      </trkpt>
      <trkpt lat="-38.16853423612436" lon="176.259958992943">
        <ele>385</ele>
      </trkpt>
      <trkpt lat="-38.16843818922597" lon="176.259991479394">
        <ele>384</ele>
      </trkpt>
      <trkpt lat="-38.1684264733931" lon="176.26">
        <ele>384</ele>
      </trkpt>
      <trkpt lat="-38.16841502956323" lon="176.260008582872">
        <ele>384</ele>
      </trkpt>
      <trkpt lat="-38.16837592981118" lon="176.260160213618">
        <ele>385</ele>
      </trkpt>
      <trkpt lat="-38.16837592981118" lon="176.260160213618">
        <ele>385</ele>
      </trkpt>
      <trkpt lat="-38.16826435246996" lon="176.260370970818">
        <ele>386</ele>
      </trkpt>
      <trkpt lat="-38.16826435246996" lon="176.260370970818">
        <ele>386</ele>
      </trkpt>
      <trkpt lat="-38.16821857715049" lon="176.26046728972">
        <ele>386</ele>
      </trkpt>
      <trkpt lat="-38.16816421895862" lon="176.260541674614">
        <ele>387</ele>
      </trkpt>
      <trkpt lat="-38.16801449551784" lon="176.260614152203">
        <ele>386</ele>
      </trkpt>
      <trkpt lat="-38.16792095313307" lon="176.260659433867">
        <ele>386</ele>
      </trkpt>
      <trkpt lat="-38.16785905016212" lon="176.260724775892">
        <ele>386</ele>
      </trkpt>
      <trkpt lat="-38.1678170894526" lon="176.260814419226">
        <ele>386</ele>
      </trkpt>
      <trkpt lat="-38.1678170894526" lon="176.260814419226">
        <ele>386</ele>
      </trkpt>
      <trkpt lat="-38.16780087736029" lon="176.260901201602">
        <ele>387</ele>
      </trkpt>
      <trkpt lat="-38.16777894335304" lon="176.26108048827">
        <ele>387</ele>
      </trkpt>
      <trkpt lat="-38.16777894335304" lon="176.26108048827">
        <ele>387</ele>
      </trkpt>
      <trkpt lat="-38.16775033377837" lon="176.261193972916">
        <ele>388</ele>
      </trkpt>
      <trkpt lat="-38.16769120732405" lon="176.261255960328">
        <ele>388</ele>
      </trkpt>
      <trkpt lat="-38.16762432746025" lon="176.261311091027">
        <ele>388</ele>
      </trkpt>
      <trkpt lat="-38.16759774938013" lon="176.261391378981">
        <ele>389</ele>
      </trkpt>
      <trkpt lat="-38.16755197406066" lon="176.261529658592">
        <ele>390</ele>
      </trkpt>
      <trkpt lat="-38.16777608239558" lon="176.261694640473">
        <ele>390</ele>
      </trkpt>
      <trkpt lat="-38.16784951363723" lon="176.261654587068">
        <ele>390</ele>
      </trkpt>
      <trkpt lat="-38.16795155445356" lon="176.261734693878">
        <ele>390</ele>
      </trkpt>
      <trkpt lat="-38.16795051241391" lon="176.261724481889">
        <ele>390</ele>
      </trkpt>
      <trkpt lat="-38.16792796899932" lon="176.261943032057">
        <ele>391</ele>
      </trkpt>
      <trkpt lat="-38.16790291817662" lon="176.261993133702">
        <ele>391</ele>
      </trkpt>
      <trkpt lat="-38.16790291817662" lon="176.261993133702">
        <ele>391</ele>
      </trkpt>
      <trkpt lat="-38.16787526225443" lon="176.26217623498">
        <ele>392</ele>
      </trkpt>
      <trkpt lat="-38.16787526225443" lon="176.26217623498">
        <ele>392</ele>
      </trkpt>
      <trkpt lat="-38.16788384512684" lon="176.262286858669">
        <ele>392</ele>
      </trkpt>
      <trkpt lat="-38.16788384512684" lon="176.262286858669">
        <ele>392</ele>
      </trkpt>
      <trkpt lat="-38.16784474537479" lon="176.262415601755">
        <ele>393</ele>
      </trkpt>
      <trkpt lat="-38.16787812321191" lon="176.262503337784">
        <ele>393</ele>
      </trkpt>
      <trkpt lat="-38.1680087736029" lon="176.262471867252">
        <ele>392</ele>
      </trkpt>
      <trkpt lat="-38.1681041388518" lon="176.262564371543">
        <ele>392</ele>
      </trkpt>
      <trkpt lat="-38.1681041388518" lon="176.262564371543">
        <ele>392</ele>
      </trkpt>
      <trkpt lat="-38.1679719321895" lon="176.262701729114">
        <ele>393</ele>
      </trkpt>
      <trkpt lat="-38.16795946441948" lon="176.26276157441">
        <ele>394</ele>
      </trkpt>
      <trkpt lat="-38.16790196452413" lon="176.262838069807">
        <ele>394</ele>
      </trkpt>
      <trkpt lat="-38.16779515544535" lon="176.262980164028">
        <ele>396</ele>
      </trkpt>
      <trkpt lat="-38.16777608239558" lon="176.263073621972">
        <ele>396</ele>
      </trkpt>
      <trkpt lat="-38.16779038718291" lon="176.263148006866">
        <ele>396</ele>
      </trkpt>
      <trkpt lat="-38.16779038718291" lon="176.263148006866">
        <ele>396</ele>
      </trkpt>
      <trkpt lat="-38.16777955700782" lon="176.263194711996">
        <ele>396</ele>
      </trkpt>
      <trkpt lat="-38.16781041388519" lon="176.26328342552">
        <ele>397</ele>
      </trkpt>
      <trkpt lat="-38.16782567232501" lon="176.263327293534">
        <ele>397</ele>
      </trkpt>
      <trkpt lat="-38.16782471867252" lon="176.263396910166">
        <ele>397</ele>
      </trkpt>
      <trkpt lat="-38.16782217441307" lon="176.26344118028">
        <ele>397</ele>
      </trkpt>
      <trkpt lat="-38.16776749952317" lon="176.263555216479">
        <ele>398</ele>
      </trkpt>
      <trkpt lat="-38.16773412168606" lon="176.263624833111">
        <ele>398</ele>
      </trkpt>
      <trkpt lat="-38.16773412168606" lon="176.263624833111">
        <ele>398</ele>
      </trkpt>
      <trkpt lat="-38.16767499523174" lon="176.26370875453">
        <ele>399</ele>
      </trkpt>
      <trkpt lat="-38.16762159069236" lon="176.263825100133">
        <ele>400</ele>
      </trkpt>
      <trkpt lat="-38.16738889948503" lon="176.263960518787">
        <ele>401</ele>
      </trkpt>
      <trkpt lat="-38.16738889948503" lon="176.263960518787">
        <ele>401</ele>
      </trkpt>
      <trkpt lat="-38.16729734884608" lon="176.263958611482">
        <ele>401</ele>
      </trkpt>
      <trkpt lat="-38.16729734884608" lon="176.263958611482">
        <ele>401</ele>
      </trkpt>
      <trkpt lat="-38.16723059317185" lon="176.263964333397">
        <ele>401</ele>
      </trkpt>
      <trkpt lat="-38.16715906923518" lon="176.264024413504">
        <ele>402</ele>
      </trkpt>
      <trkpt lat="-38.16705893572382" lon="176.264114056838">
        <ele>402</ele>
      </trkpt>
      <trkpt lat="-38.16699980926951" lon="176.264260919321">
        <ele>403</ele>
      </trkpt>
      <trkpt lat="-38.16699027274461" lon="176.264317184818">
        <ele>403</ele>
      </trkpt>
      <trkpt lat="-38.16696738508487" lon="176.264463093649">
        <ele>404</ele>
      </trkpt>
      <trkpt lat="-38.16709422086592" lon="176.264488842266">
        <ele>403</ele>
      </trkpt>
      <trkpt lat="-38.16718195689491" lon="176.2645403395">
        <ele>403</ele>
      </trkpt>
      <trkpt lat="-38.16718195689491" lon="176.2645403395">
        <ele>403</ele>
      </trkpt>
      <trkpt lat="-38.1672086591646" lon="176.26459755865">
        <ele>403</ele>
      </trkpt>
      <trkpt lat="-38.16719053976731" lon="176.264711043296">
        <ele>404</ele>
      </trkpt>
      <trkpt lat="-38.16716765210757" lon="176.264816898722">
        <ele>404</ele>
      </trkpt>
      <trkpt lat="-38.16712664505054" lon="176.264898912836">
        <ele>405</ele>
      </trkpt>
      <trkpt lat="-38.16694926568758" lon="176.264985695213">
        <ele>405</ele>
      </trkpt>
      <trkpt lat="-38.16691684150296" lon="176.265041007057">
        <ele>405</ele>
      </trkpt>
      <trkpt lat="-38.16689776845318" lon="176.265142094221">
        <ele>406</ele>
      </trkpt>
      <trkpt lat="-38.16690825863056" lon="176.26522983025">
        <ele>406</ele>
      </trkpt>
      <trkpt lat="-38.16686057600611" lon="176.265373831776">
        <ele>406</ele>
      </trkpt>
      <trkpt lat="-38.16686057600611" lon="176.265373831776">
        <ele>406</ele>
      </trkpt>
      <trkpt lat="-38.16678046919703" lon="176.26541007057">
        <ele>406</ele>
      </trkpt>
      <trkpt lat="-38.16674995231737" lon="176.2654215144">
        <ele>406</ele>
      </trkpt>
      <trkpt lat="-38.16663265306123" lon="176.265342361244">
        <ele>406</ele>
      </trkpt>
      <trkpt lat="-38.16663265306123" lon="176.265342361244">
        <ele>406</ele>
      </trkpt>
      <trkpt lat="-38.16656971199695" lon="176.265265115392">
        <ele>406</ele>
      </trkpt>
      <trkpt lat="-38.16653347320236" lon="176.265266069044">
        <ele>406</ele>
      </trkpt>
      <trkpt lat="-38.16650295632272" lon="176.265487316422">
        <ele>406</ele>
      </trkpt>
      <trkpt lat="-38.16646385657067" lon="176.265534999046">
        <ele>406</ele>
      </trkpt>
      <trkpt lat="-38.16649151249285" lon="176.26564371543">
        <ele>406</ele>
      </trkpt>
      <trkpt lat="-38.16649151249285" lon="176.26564371543">
        <ele>406</ele>
      </trkpt>
      <trkpt lat="-38.16647625405302" lon="176.265916460042">
        <ele>406</ele>
      </trkpt>
      <trkpt lat="-38.16643047873355" lon="176.265933625787">
        <ele>406</ele>
      </trkpt>
      <trkpt lat="-38.16605283234789" lon="176.266763303452">
        <ele>401</ele>
      </trkpt>
      <trkpt lat="-38.16604268206705" lon="176.266772282547">
        <ele>401</ele>
      </trkpt>
      <trkpt lat="-38.16608525653252" lon="176.266885370971">
        <ele>400</ele>
      </trkpt>
      <trkpt lat="-38.16611577341217" lon="176.266966431432">
        <ele>400</ele>
      </trkpt>
      <trkpt lat="-38.16612626358955" lon="176.267017928667">
        <ele>399</ele>
      </trkpt>
      <trkpt lat="-38.16612049626242" lon="176.267069834611">
        <ele>399</ele>
      </trkpt>
      <trkpt lat="-38.1660753996967" lon="176.26723517944">
        <ele>398</ele>
      </trkpt>
      <trkpt lat="-38.1660614152203" lon="176.267263971009">
        <ele>398</ele>
      </trkpt>
      <trkpt lat="-38.16609479305741" lon="176.267410833492">
        <ele>397</ele>
      </trkpt>
      <trkpt lat="-38.16613675376693" lon="176.267522410833">
        <ele>396</ele>
      </trkpt>
      <trkpt lat="-38.16613675376693" lon="176.267522410833">
        <ele>396</ele>
      </trkpt>
      <trkpt lat="-38.16607762731261" lon="176.267705512111">
        <ele>396</ele>
      </trkpt>
      <trkpt lat="-38.16607762731261" lon="176.267705512111">
        <ele>396</ele>
      </trkpt>
      <trkpt lat="-38.16582204844555" lon="176.267695021934">
        <ele>397</ele>
      </trkpt>
      <trkpt lat="-38.16576769025367" lon="176.267688346367">
        <ele>398</ele>
      </trkpt>
      <trkpt lat="-38.16574289528896" lon="176.2682757963">
        <ele>398</ele>
      </trkpt>
      <trkpt lat="-38.16576006103376" lon="176.268683005913">
        <ele>398</ele>
      </trkpt>
      <trkpt lat="-38.16572382223918" lon="176.269035857334">
        <ele>399</ele>
      </trkpt>
      <trkpt lat="-38.16553213808889" lon="176.269500286096">
        <ele>401</ele>
      </trkpt>
      <trkpt lat="-38.16540434865535" lon="176.269859813084">
        <ele>402</ele>
      </trkpt>
      <trkpt lat="-38.16537955369063" lon="176.26996948312">
        <ele>402</ele>
      </trkpt>
      <trkpt lat="-38.16538432195308" lon="176.270062941064">
        <ele>402</ele>
      </trkpt>
      <trkpt lat="-38.16551497234408" lon="176.270672325005">
        <ele>403</ele>
      </trkpt>
      <trkpt lat="-38.16570284188442" lon="176.271365630364">
        <ele>403</ele>
      </trkpt>
      <trkpt lat="-38.16576387564372" lon="176.271662216288">
        <ele>402</ele>
      </trkpt>
      <trkpt lat="-38.16577531947359" lon="176.27175090597">
        <ele>402</ele>
      </trkpt>
      <trkpt lat="-38.16578580965096" lon="176.271840549304">
        <ele>402</ele>
      </trkpt>
      <trkpt lat="-38.16578962426092" lon="176.271937821858">
        <ele>402</ele>
      </trkpt>
      <trkpt lat="-38.16579248521839" lon="176.272035094412">
        <ele>403</ele>
      </trkpt>
      <trkpt lat="-38.16577913408354" lon="176.272110432958">
        <ele>403</ele>
      </trkpt>
      <trkpt lat="-38.16576482929621" lon="176.272185771505">
        <ele>403</ele>
      </trkpt>
      <trkpt lat="-38.16567232500477" lon="176.272448979592">
        <ele>404</ele>
      </trkpt>
      <trkpt lat="-38.16560270837307" lon="176.272472820904">
        <ele>405</ele>
      </trkpt>
      <trkpt lat="-38.16553213808889" lon="176.272497615869">
        <ele>405</ele>
      </trkpt>
      <trkpt lat="-38.16548827007438" lon="176.27238699218">
        <ele>405</ele>
      </trkpt>
      <trkpt lat="-38.16544440205989" lon="176.272277322144">
        <ele>406</ele>
      </trkpt>
      <trkpt lat="-38.16543295823002" lon="176.272197215335">
        <ele>406</ele>
      </trkpt>
      <trkpt lat="-38.16542151440015" lon="176.272118062178">
        <ele>406</ele>
      </trkpt>
      <trkpt lat="-38.16541579248522" lon="176.272050352851">
        <ele>406</ele>
      </trkpt>
      <trkpt lat="-38.1654091169178" lon="176.271982643525">
        <ele>406</ele>
      </trkpt>
      <trkpt lat="-38.16538909021553" lon="176.271904444021">
        <ele>406</ele>
      </trkpt>
      <trkpt lat="-38.16533663932863" lon="176.271805264162">
        <ele>407</ele>
      </trkpt>
      <trkpt lat="-38.16527655922182" lon="176.271725157353">
        <ele>407</ele>
      </trkpt>
      <trkpt lat="-38.16521647911501" lon="176.271645050544">
        <ele>408</ele>
      </trkpt>
      <trkpt lat="-38.16516688918558" lon="176.271590692352">
        <ele>408</ele>
      </trkpt>
      <trkpt lat="-38.16508296776654" lon="176.271563990082">
        <ele>409</ele>
      </trkpt>
      <trkpt lat="-38.16501907304978" lon="176.271569711997">
        <ele>410</ele>
      </trkpt>
      <trkpt lat="-38.16492752241084" lon="176.271621209231">
        <ele>411</ele>
      </trkpt>
      <trkpt lat="-38.1649389662407" lon="176.271684150296">
        <ele>411</ele>
      </trkpt>
      <trkpt lat="-38.16498569521266" lon="176.271711806218">
        <ele>411</ele>
      </trkpt>
      <trkpt lat="-38.16506294106428" lon="176.271741369445">
        <ele>410</ele>
      </trkpt>
      <trkpt lat="-38.16510680907877" lon="176.27176997902">
        <ele>409</ele>
      </trkpt>
      <trkpt lat="-38.16510871638375" lon="176.271819568949">
        <ele>409</ele>
      </trkpt>
      <trkpt lat="-38.16509441159641" lon="176.271854854091">
        <ele>409</ele>
      </trkpt>
      <trkpt lat="-38.16499332443258" lon="176.271889185581">
        <ele>410</ele>
      </trkpt>
      <trkpt lat="-38.16494373450315" lon="176.271952126645">
        <ele>410</ele>
      </trkpt>
      <trkpt lat="-38.16493705893573" lon="176.272033187107">
        <ele>410</ele>
      </trkpt>
      <trkpt lat="-38.16496185390044" lon="176.272107572001">
        <ele>410</ele>
      </trkpt>
      <trkpt lat="-38.16496852946786" lon="176.272146671753">
        <ele>410</ele>
      </trkpt>
      <trkpt lat="-38.16496280755293" lon="176.27216860576">
        <ele>410</ele>
      </trkpt>
      <trkpt lat="-38.16494468815564" lon="176.272166698455">
        <ele>410</ele>
      </trkpt>
      <trkpt lat="-38.16484646194927" lon="176.272078008774">
        <ele>411</ele>
      </trkpt>
      <trkpt lat="-38.16480736219722" lon="176.272007438489">
        <ele>412</ele>
      </trkpt>
      <trkpt lat="-38.16476158687775" lon="176.271940682815">
        <ele>413</ele>
      </trkpt>
      <trkpt lat="-38.16470818233836" lon="176.271893000191">
        <ele>414</ele>
      </trkpt>
      <trkpt lat="-38.16467480450124" lon="176.271874880793">
        <ele>414</ele>
      </trkpt>
      <trkpt lat="-38.1646261682243" lon="176.271872019836">
        <ele>415</ele>
      </trkpt>
      <trkpt lat="-38.16451172992561" lon="176.271887278276">
        <ele>416</ele>
      </trkpt>
      <trkpt lat="-38.16447167652107" lon="176.271904444021">
        <ele>417</ele>
      </trkpt>
      <trkpt lat="-38.1644430669464" lon="176.271925424375">
        <ele>417</ele>
      </trkpt>
      <trkpt lat="-38.16440968910929" lon="176.271974060652">
        <ele>418</ele>
      </trkpt>
      <trkpt lat="-38.16438489414458" lon="176.272072286859">
        <ele>418</ele>
      </trkpt>
      <trkpt lat="-38.16435723822239" lon="176.272125691398">
        <ele>418</ele>
      </trkpt>
      <trkpt lat="-38.16431432386039" lon="176.272174327675">
        <ele>419</ele>
      </trkpt>
      <trkpt lat="-38.16426759488842" lon="176.27220675186">
        <ele>420</ele>
      </trkpt>
      <trkpt lat="-38.16421419034904" lon="176.272227732214">
        <ele>421</ele>
      </trkpt>
      <trkpt lat="-38.16417127598703" lon="176.272257295442">
        <ele>421</ele>
      </trkpt>
      <trkpt lat="-38.16413217623498" lon="176.272324051116">
        <ele>422</ele>
      </trkpt>
      <trkpt lat="-38.16409975205035" lon="176.27234884608">
        <ele>422</ele>
      </trkpt>
      <trkpt lat="-38.16405683768835" lon="176.272354567995">
        <ele>422</ele>
      </trkpt>
      <trkpt lat="-38.16401869158879" lon="176.27234884608">
        <ele>422</ele>
      </trkpt>
      <trkpt lat="-38.1640005721915" lon="176.272340263208">
        <ele>422</ele>
      </trkpt>
      <trkpt lat="-38.16396814800687" lon="176.272345985123">
        <ele>422</ele>
      </trkpt>
      <trkpt lat="-38.16392714094984" lon="176.272323097463">
        <ele>422</ele>
      </trkpt>
      <trkpt lat="-38.16389090215526" lon="176.272285905016">
        <ele>422</ele>
      </trkpt>
      <trkpt lat="-38.16386706084303" lon="176.272248712569">
        <ele>421</ele>
      </trkpt>
      <trkpt lat="-38.16384703414076" lon="176.272200076292">
        <ele>421</ele>
      </trkpt>
      <trkpt lat="-38.1638432195308" lon="176.272174327675">
        <ele>421</ele>
      </trkpt>
      <trkpt lat="-38.16385943162312" lon="176.272085637993">
        <ele>420</ele>
      </trkpt>
      <trkpt lat="-38.16385657066565" lon="176.272025557887">
        <ele>420</ele>
      </trkpt>
      <trkpt lat="-38.16384131222583" lon="176.27197692161">
        <ele>419</ele>
      </trkpt>
      <trkpt lat="-38.16382033187107" lon="176.271937821858">
        <ele>419</ele>
      </trkpt>
      <trkpt lat="-38.16374499332444" lon="176.271888231928">
        <ele>418</ele>
      </trkpt>
      <trkpt lat="-38.16371161548732" lon="176.271876788098">
        <ele>418</ele>
      </trkpt>
      <trkpt lat="-38.16367728399771" lon="176.271876788098">
        <ele>418</ele>
      </trkpt>
      <trkpt lat="-38.16362769406828" lon="176.271903490368">
        <ele>418</ele>
      </trkpt>
      <trkpt lat="-38.16360099179859" lon="176.271928285333">
        <ele>418</ele>
      </trkpt>
      <trkpt lat="-38.16357333587641" lon="176.27196166317">
        <ele>418</ele>
      </trkpt>
      <trkpt lat="-38.16355521647912" lon="176.272009345794">
        <ele>419</ele>
      </trkpt>
      <trkpt lat="-38.16353995803929" lon="176.272098035476">
        <ele>420</ele>
      </trkpt>
      <trkpt lat="-38.16355807743658" lon="176.272178142285">
        <ele>421</ele>
      </trkpt>
      <trkpt lat="-38.16357524318138" lon="176.272259202747">
        <ele>422</ele>
      </trkpt>
      <trkpt lat="-38.16357715048636" lon="176.27237173374">
        <ele>423</ele>
      </trkpt>
      <trkpt lat="-38.16358954796872" lon="176.272399389662">
        <ele>423</ele>
      </trkpt>
      <trkpt lat="-38.16369158878505" lon="176.272469959947">
        <ele>424</ele>
      </trkpt>
      <trkpt lat="-38.1637221056647" lon="176.272510967004">
        <ele>424</ele>
      </trkpt>
      <trkpt lat="-38.16373354949457" lon="176.272534808316">
        <ele>424</ele>
      </trkpt>
      <trkpt lat="-38.16374499332444" lon="176.272606332253">
        <ele>424</ele>
      </trkpt>
      <trkpt lat="-38.16376120541675" lon="176.272653061224">
        <ele>423</ele>
      </trkpt>
      <trkpt lat="-38.16377837116155" lon="176.272679763494">
        <ele>423</ele>
      </trkpt>
      <trkpt lat="-38.16378695403395" lon="176.272721724204">
        <ele>423</ele>
      </trkpt>
      <trkpt lat="-38.16378790768644" lon="176.272763684913">
        <ele>423</ele>
      </trkpt>
      <trkpt lat="-38.16375739080679" lon="176.272884798779">
        <ele>423</ele>
      </trkpt>
      <trkpt lat="-38.16375739080679" lon="176.272940110624">
        <ele>423</ele>
      </trkpt>
      <trkpt lat="-38.16377264924662" lon="176.272985885943">
        <ele>423</ele>
      </trkpt>
      <trkpt lat="-38.16380507343124" lon="176.273026893">
        <ele>422</ele>
      </trkpt>
      <trkpt lat="-38.16389757772268" lon="176.273074575625">
        <ele>421</ele>
      </trkpt>
      <trkpt lat="-38.16395002860958" lon="176.273116536334">
        <ele>420</ele>
      </trkpt>
      <trkpt lat="-38.16399294297158" lon="176.273203318711">
        <ele>420</ele>
      </trkpt>
      <trkpt lat="-38.16399389662407" lon="176.273512302117">
        <ele>420</ele>
      </trkpt>
      <trkpt lat="-38.16401869158879" lon="176.273574289529">
        <ele>420</ele>
      </trkpt>
      <trkpt lat="-38.1640434865535" lon="176.273637230593">
        <ele>420</ele>
      </trkpt>
      <trkpt lat="-38.1639128361625" lon="176.274213236697">
        <ele>422</ele>
      </trkpt>
      <trkpt lat="-38.16392141903491" lon="176.274330535953">
        <ele>423</ele>
      </trkpt>
      <trkpt lat="-38.16397482357429" lon="176.274426854854">
        <ele>424</ele>
      </trkpt>
      <trkpt lat="-38.16423612435629" lon="176.274587068472">
        <ele>429</ele>
      </trkpt>
      <trkpt lat="-38.16425996566851" lon="176.274670989891">
        <ele>431</ele>
      </trkpt>
      <trkpt lat="-38.16426187297349" lon="176.27475872592">
        <ele>432</ele>
      </trkpt>
      <trkpt lat="-38.16418558077437" lon="176.275185008583">
        <ele>433</ele>
      </trkpt>
      <trkpt lat="-38.16414743467481" lon="176.275507343124">
        <ele>434</ele>
      </trkpt>
      <trkpt lat="-38.16415029563228" lon="176.275580774366">
        <ele>434</ele>
      </trkpt>
      <trkpt lat="-38.16415315658974" lon="176.275654205607">
        <ele>434</ele>
      </trkpt>
      <trkpt lat="-38.16417222963952" lon="176.275750524509">
        <ele>435</ele>
      </trkpt>
      <trkpt lat="-38.16420560747664" lon="176.27582395575">
        <ele>437</ele>
      </trkpt>
      <trkpt lat="-38.16423803166126" lon="176.275897386992">
        <ele>439</ele>
      </trkpt>
      <trkpt lat="-38.16428857524318" lon="176.275960328056">
        <ele>442</ele>
      </trkpt>
      <trkpt lat="-38.1643391188251" lon="176.276023269121">
        <ele>444</ele>
      </trkpt>
      <trkpt lat="-38.1644430669464" lon="176.276111958802">
        <ele>448</ele>
      </trkpt>
      <trkpt lat="-38.16454606141522" lon="176.276200648484">
        <ele>453</ele>
      </trkpt>
      <trkpt lat="-38.16466336067138" lon="176.276278847988">
        <ele>457</ele>
      </trkpt>
      <trkpt lat="-38.16477970627503" lon="176.276358001144">
        <ele>461</ele>
      </trkpt>
      <trkpt lat="-38.16474632843792" lon="176.276463856571">
        <ele>458</ele>
      </trkpt>
      <trkpt lat="-38.16469292389854" lon="176.276548731642">
        <ele>456</ele>
      </trkpt>
      <trkpt lat="-38.16444688155637" lon="176.276855807744">
        <ele>451</ele>
      </trkpt>
      <trkpt lat="-38.16441159641427" lon="176.276909212283">
        <ele>451</ele>
      </trkpt>
      <trkpt lat="-38.16437917222964" lon="176.276935914553">
        <ele>451</ele>
      </trkpt>
      <trkpt lat="-38.16434007247759" lon="176.27693114629">
        <ele>449</ele>
      </trkpt>
      <trkpt lat="-38.16425615105856" lon="176.276901583063">
        <ele>446</ele>
      </trkpt>
      <trkpt lat="-38.16417222963952" lon="176.276872973488">
        <ele>443</ele>
      </trkpt>
      <trkpt lat="-38.16406160595079" lon="176.276849132176">
        <ele>439</ele>
      </trkpt>
      <trkpt lat="-38.16395002860958" lon="176.276825290864">
        <ele>436</ele>
      </trkpt>
      <trkpt lat="-38.16388136563037" lon="176.276819568949">
        <ele>434</ele>
      </trkpt>
      <trkpt lat="-38.16381270265116" lon="176.276813847034">
        <ele>432</ele>
      </trkpt>
      <trkpt lat="-38.163783139424" lon="176.276824337212">
        <ele>432</ele>
      </trkpt>
      <trkpt lat="-38.16376406637421" lon="176.276853900439">
        <ele>432</ele>
      </trkpt>
      <trkpt lat="-38.16377264924662" lon="176.276918748808">
        <ele>433</ele>
      </trkpt>
      <trkpt lat="-38.16378123211902" lon="176.276983597177">
        <ele>435</ele>
      </trkpt>
      <trkpt lat="-38.16378504672898" lon="176.277072286859">
        <ele>437</ele>
      </trkpt>
      <trkpt lat="-38.16378790768644" lon="176.277161930193">
        <ele>439</ele>
      </trkpt>
      <trkpt lat="-38.16382414648103" lon="176.277261110051">
        <ele>442</ele>
      </trkpt>
      <trkpt lat="-38.1638603852756" lon="176.277361243563">
        <ele>445</ele>
      </trkpt>
      <trkpt lat="-38.16386896814801" lon="176.277480450124">
        <ele>448</ele>
      </trkpt>
      <trkpt lat="-38.16391569711997" lon="176.277557695976">
        <ele>451</ele>
      </trkpt>
      <trkpt lat="-38.16394621399962" lon="176.277633034522">
        <ele>453</ele>
      </trkpt>
      <trkpt lat="-38.16395956513447" lon="176.277723631509">
        <ele>456</ele>
      </trkpt>
      <trkpt lat="-38.16391760442495" lon="176.277786572573">
        <ele>456</ele>
      </trkpt>
      <trkpt lat="-38.16386610719054" lon="176.277847606332">
        <ele>455</ele>
      </trkpt>
      <trkpt lat="-38.16381365630365" lon="176.277909593744">
        <ele>455</ele>
      </trkpt>
      <trkpt lat="-38.1637306885371" lon="176.277983024986">
        <ele>454</ele>
      </trkpt>
      <trkpt lat="-38.16364676711807" lon="176.27805740988">
        <ele>453</ele>
      </trkpt>
      <trkpt lat="-38.16353995803929" lon="176.278063131795">
        <ele>450</ele>
      </trkpt>
      <trkpt lat="-38.16347606332253" lon="176.278010680908">
        <ele>447</ele>
      </trkpt>
      <trkpt lat="-38.16346461949266" lon="176.278022124738">
        <ele>447</ele>
      </trkpt>
      <trkpt lat="-38.16346748045012" lon="176.278119397292">
        <ele>448</ele>
      </trkpt>
      <trkpt lat="-38.1634703414076" lon="176.278217623498">
        <ele>450</ele>
      </trkpt>
      <trkpt lat="-38.1633997711234" lon="176.278524699599">
        <ele>454</ele>
      </trkpt>
      <trkpt lat="-38.1633997711234" lon="176.278611481976">
        <ele>455</ele>
      </trkpt>
      <trkpt lat="-38.16340835399581" lon="176.278696357047">
        <ele>457</ele>
      </trkpt>
      <trkpt lat="-38.16341598321572" lon="176.278781232119">
        <ele>459</ele>
      </trkpt>
      <trkpt lat="-38.16339309555598" lon="176.278847034141">
        <ele>459</ele>
      </trkpt>
      <trkpt lat="-38.16337020789624" lon="176.278913789815">
        <ele>459</ele>
      </trkpt>
      <trkpt lat="-38.16333396910166" lon="176.278992942972">
        <ele>459</ele>
      </trkpt>
      <trkpt lat="-38.16332061796682" lon="176.279065420561">
        <ele>460</ele>
      </trkpt>
      <trkpt lat="-38.16330726683197" lon="176.279138851802">
        <ele>460</ele>
      </trkpt>
      <trkpt lat="-38.16329200839214" lon="176.279178905207">
        <ele>461</ele>
      </trkpt>
      <trkpt lat="-38.16327388899485" lon="176.279203700172">
        <ele>461</ele>
      </trkpt>
      <trkpt lat="-38.16317280183102" lon="176.279237078009">
        <ele>457</ele>
      </trkpt>
      <trkpt lat="-38.16307171466718" lon="176.279270455846">
        <ele>454</ele>
      </trkpt>
      <trkpt lat="-38.16302403204273" lon="176.279300972726">
        <ele>453</ele>
      </trkpt>
      <trkpt lat="-38.1629830249857" lon="176.279394430669">
        <ele>454</ele>
      </trkpt>
      <trkpt lat="-38.16294201792867" lon="176.279488842266">
        <ele>455</ele>
      </trkpt>
      <trkpt lat="-38.16290864009155" lon="176.27953652489">
        <ele>455</ele>
      </trkpt>
      <trkpt lat="-38.16279610909785" lon="176.279634751097">
        <ele>452</ele>
      </trkpt>
      <trkpt lat="-38.16269406828152" lon="176.279745374785">
        <ele>450</ele>
      </trkpt>
      <trkpt lat="-38.16265592218196" lon="176.279842647339">
        <ele>451</ele>
      </trkpt>
      <trkpt lat="-38.16265496852947" lon="176.279920846843">
        <ele>453</ele>
      </trkpt>
      <trkpt lat="-38.16265306122449" lon="176.28">
        <ele>455</ele>
      </trkpt>
      <trkpt lat="-38.16265306122449" lon="176.28">
        <ele>455</ele>
      </trkpt>
      <trkpt lat="-38.16266545870685" lon="176.280074384894">
        <ele>457</ele>
      </trkpt>
      <trkpt lat="-38.16267785618921" lon="176.280149723441">
        <ele>459</ele>
      </trkpt>
      <trkpt lat="-38.16268357810414" lon="176.28024127408">
        <ele>460</ele>
      </trkpt>
      <trkpt lat="-38.16267213427427" lon="176.280293724967">
        <ele>461</ele>
      </trkpt>
      <trkpt lat="-38.16262540530231" lon="176.280318519931">
        <ele>459</ele>
      </trkpt>
      <trkpt lat="-38.16254243753576" lon="176.280278466527">
        <ele>454</ele>
      </trkpt>
      <trkpt lat="-38.16247186725158" lon="176.280308029754">
        <ele>452</ele>
      </trkpt>
      <trkpt lat="-38.16244325767691" lon="176.280349990463">
        <ele>452</ele>
      </trkpt>
      <trkpt lat="-38.16241083349227" lon="176.280431050925">
        <ele>452</ele>
      </trkpt>
      <trkpt lat="-38.16237840930765" lon="176.280513065039">
        <ele>453</ele>
      </trkpt>
      <trkpt lat="-38.16237554835018" lon="176.280574098798">
        <ele>454</ele>
      </trkpt>
      <trkpt lat="-38.16237268739272" lon="176.280635132558">
        <ele>455</ele>
      </trkpt>
      <trkpt lat="-38.16238699218005" lon="176.280717146672">
        <ele>457</ele>
      </trkpt>
      <trkpt lat="-38.1624003433149" lon="176.280800114438">
        <ele>459</ele>
      </trkpt>
      <trkpt lat="-38.16243753576197" lon="176.280906923517">
        <ele>462</ele>
      </trkpt>
      <trkpt lat="-38.1624527942018" lon="176.280976540149">
        <ele>463</ele>
      </trkpt>
      <trkpt lat="-38.16246709898913" lon="176.281047110433">
        <ele>465</ele>
      </trkpt>
      <trkpt lat="-38.16247186725158" lon="176.281112912455">
        <ele>467</ele>
      </trkpt>
      <trkpt lat="-38.16245946976922" lon="176.281155826817">
        <ele>467</ele>
      </trkpt>
      <trkpt lat="-38.16243658210948" lon="176.281191111959">
        <ele>467</ele>
      </trkpt>
      <trkpt lat="-38.1623650581728" lon="176.281217814229">
        <ele>466</ele>
      </trkpt>
      <trkpt lat="-38.16226397100897" lon="176.281232119016">
        <ele>464</ele>
      </trkpt>
      <trkpt lat="-38.16219912263971" lon="176.281208277704">
        <ele>462</ele>
      </trkpt>
      <trkpt lat="-38.16213332061797" lon="176.281185390044">
        <ele>459</ele>
      </trkpt>
      <trkpt lat="-38.16206561129125" lon="176.281190158306">
        <ele>458</ele>
      </trkpt>
      <trkpt lat="-38.16201220675186" lon="176.281220675186">
        <ele>457</ele>
      </trkpt>
      <trkpt lat="-38.16187201983598" lon="176.281467671181">
        <ele>460</ele>
      </trkpt>
      <trkpt lat="-38.1617919130269" lon="176.281492466145">
        <ele>458</ele>
      </trkpt>
      <trkpt lat="-38.16168605760061" lon="176.281492466145">
        <ele>456</ele>
      </trkpt>
      <trkpt lat="-38.16161167270647" lon="176.281581155827">
        <ele>456</ele>
      </trkpt>
      <trkpt lat="-38.16158497043678" lon="176.281654587068">
        <ele>457</ele>
      </trkpt>
      <trkpt lat="-38.16155826816708" lon="176.281728971963">
        <ele>458</ele>
      </trkpt>
      <trkpt lat="-38.16147148579058" lon="176.281800495899">
        <ele>456</ele>
      </trkpt>
      <trkpt lat="-38.16138470341408" lon="176.281872019836">
        <ele>454</ele>
      </trkpt>
      <trkpt lat="-38.16137516688919" lon="176.281904444021">
        <ele>454</ele>
      </trkpt>
      <trkpt lat="-38.16137230593172" lon="176.281972153347">
        <ele>455</ele>
      </trkpt>
      <trkpt lat="-38.1614695784856" lon="176.282257295442">
        <ele>461</ele>
      </trkpt>
      <trkpt lat="-38.16152393667748" lon="176.282376502003">
        <ele>463</ele>
      </trkpt>
      <trkpt lat="-38.16157829486935" lon="176.282495708564">
        <ele>466</ele>
      </trkpt>
      <trkpt lat="-38.16165363341599" lon="176.282584398245">
        <ele>468</ele>
      </trkpt>
      <trkpt lat="-38.16172801831013" lon="176.282673087927">
        <ele>471</ele>
      </trkpt>
      <trkpt lat="-38.16172992561511" lon="176.282713141331">
        <ele>472</ele>
      </trkpt>
      <trkpt lat="-38.16171562082777" lon="176.282739843601">
        <ele>471</ele>
      </trkpt>
      <trkpt lat="-38.16164600419607" lon="176.282744611863">
        <ele>469</ele>
      </trkpt>
      <trkpt lat="-38.16157638756437" lon="176.282750333778">
        <ele>468</ele>
      </trkpt>
      <trkpt lat="-38.1615048636277" lon="176.282778943353">
        <ele>466</ele>
      </trkpt>
      <trkpt lat="-38.16143333969102" lon="176.28280850658">
        <ele>465</ele>
      </trkpt>
      <trkpt lat="-38.16132366965478" lon="176.282896242609">
        <ele>463</ele>
      </trkpt>
      <trkpt lat="-38.16126263589548" lon="176.282902918177">
        <ele>462</ele>
      </trkpt>
      <trkpt lat="-38.16119301926378" lon="176.282815182148">
        <ele>460</ele>
      </trkpt>
      <trkpt lat="-38.16112340263209" lon="176.282727446119">
        <ele>457</ele>
      </trkpt>
      <trkpt lat="-38.16102994468816" lon="176.282678809842">
        <ele>455</ele>
      </trkpt>
      <trkpt lat="-38.16093553309175" lon="176.282630173565">
        <ele>452</ele>
      </trkpt>
      <trkpt lat="-38.16086591646005" lon="176.282577722678">
        <ele>450</ele>
      </trkpt>
      <trkpt lat="-38.16079534617585" lon="176.282526225443">
        <ele>448</ele>
      </trkpt>
      <trkpt lat="-38.16076292199123" lon="176.282530040053">
        <ele>448</ele>
      </trkpt>
      <trkpt lat="-38.1607304978066" lon="176.282577722678">
        <ele>448</ele>
      </trkpt>
      <trkpt lat="-38.16069235170704" lon="176.282653061225">
        <ele>449</ele>
      </trkpt>
      <trkpt lat="-38.16065325195499" lon="176.282729353424">
        <ele>449</ele>
      </trkpt>
      <trkpt lat="-38.16052832347893" lon="176.283122258249">
        <ele>452</ele>
      </trkpt>
      <trkpt lat="-38.16057314514591" lon="176.283200457753">
        <ele>453</ele>
      </trkpt>
      <trkpt lat="-38.16065992752241" lon="176.283269120732">
        <ele>455</ele>
      </trkpt>
      <trkpt lat="-38.16074670989892" lon="176.283337783712">
        <ele>457</ele>
      </trkpt>
      <trkpt lat="-38.16079248521839" lon="176.283420751478">
        <ele>457</ele>
      </trkpt>
      <trkpt lat="-38.16083730688537" lon="176.283503719245">
        <ele>457</ele>
      </trkpt>
      <trkpt lat="-38.16085924089262" lon="176.283598130841">
        <ele>457</ele>
      </trkpt>
      <trkpt lat="-38.16088117489987" lon="176.283692542438">
        <ele>457</ele>
      </trkpt>
      <trkpt lat="-38.1610785809651" lon="176.283981499142">
        <ele>459</ele>
      </trkpt>
      <trkpt lat="-38.16110909784474" lon="176.284082586306">
        <ele>459</ele>
      </trkpt>
      <trkpt lat="-38.1611396147244" lon="176.284184627122">
        <ele>459</ele>
      </trkpt>
      <trkpt lat="-38.1611567804692" lon="176.284302880031">
        <ele>459</ele>
      </trkpt>
      <trkpt lat="-38.161173946214" lon="176.284421132939">
        <ele>459</ele>
      </trkpt>
      <trkpt lat="-38.16123211901584" lon="176.284497425138">
        <ele>461</ele>
      </trkpt>
      <trkpt lat="-38.16131699408736" lon="176.284553690635">
        <ele>462</ele>
      </trkpt>
      <trkpt lat="-38.16141903490368" lon="176.284602326912">
        <ele>464</ele>
      </trkpt>
      <trkpt lat="-38.16152107572001" lon="176.284650963189">
        <ele>466</ele>
      </trkpt>
      <trkpt lat="-38.1615573145146" lon="176.284693877551">
        <ele>466</ele>
      </trkpt>
      <trkpt lat="-38.16157352660691" lon="176.284734884608">
        <ele>466</ele>
      </trkpt>
      <trkpt lat="-38.1615649437345" lon="176.28478542819">
        <ele>466</ele>
      </trkpt>
      <trkpt lat="-38.16152393667748" lon="176.284870303261">
        <ele>465</ele>
      </trkpt>
      <trkpt lat="-38.16144287621591" lon="176.284926568758">
        <ele>463</ele>
      </trkpt>
      <trkpt lat="-38.16136563036429" lon="176.284940873546">
        <ele>461</ele>
      </trkpt>
      <trkpt lat="-38.16104234217052" lon="176.284831203509">
        <ele>456</ele>
      </trkpt>
      <trkpt lat="-38.1609650963189" lon="176.284826435247">
        <ele>455</ele>
      </trkpt>
      <trkpt lat="-38.16085351897769" lon="176.284854091169">
        <ele>453</ele>
      </trkpt>
      <trkpt lat="-38.16078199504101" lon="176.284877932481">
        <ele>452</ele>
      </trkpt>
      <trkpt lat="-38.16070951745184" lon="176.284902727446">
        <ele>452</ele>
      </trkpt>
      <trkpt lat="-38.16062845699027" lon="176.284870303261">
        <ele>451</ele>
      </trkpt>
      <trkpt lat="-38.1606093839405" lon="176.284771123403">
        <ele>450</ele>
      </trkpt>
      <trkpt lat="-38.16056360862102" lon="176.284674804501">
        <ele>449</ele>
      </trkpt>
      <trkpt lat="-38.16050638947168" lon="176.284650963189">
        <ele>448</ele>
      </trkpt>
      <trkpt lat="-38.16041674613771" lon="176.284641426664">
        <ele>446</ele>
      </trkpt>
      <trkpt lat="-38.16033377837116" lon="176.284588975777">
        <ele>444</ele>
      </trkpt>
      <trkpt lat="-38.16025653251955" lon="176.284610909785">
        <ele>444</ele>
      </trkpt>
      <trkpt lat="-38.16018500858287" lon="176.284603280565">
        <ele>443</ele>
      </trkpt>
      <trkpt lat="-38.16011443829868" lon="176.284644287622">
        <ele>442</ele>
      </trkpt>
      <trkpt lat="-38.16008773602899" lon="176.284711043296">
        <ele>443</ele>
      </trkpt>
      <trkpt lat="-38.16012588212855" lon="176.28476254053">
        <ele>445</ele>
      </trkpt>
      <trkpt lat="-38.16015449170322" lon="176.284842647339">
        <ele>447</ele>
      </trkpt>
      <trkpt lat="-38.16018214762541" lon="176.284923707801">
        <ele>449</ele>
      </trkpt>
      <trkpt lat="-38.16019740606523" lon="176.285004768262">
        <ele>450</ele>
      </trkpt>
      <trkpt lat="-38.16021171085256" lon="176.285086782377">
        <ele>452</ele>
      </trkpt>
      <trkpt lat="-38.16018500858287" lon="176.285408163265">
        <ele>457</ele>
      </trkpt>
      <trkpt lat="-38.16018786954034" lon="176.285494945642">
        <ele>458</ele>
      </trkpt>
      <trkpt lat="-38.16016307457563" lon="176.285584588976">
        <ele>460</ele>
      </trkpt>
      <trkpt lat="-38.16012302117109" lon="176.28564753004">
        <ele>460</ele>
      </trkpt>
      <trkpt lat="-38.16008296776655" lon="176.285711424757">
        <ele>460</ele>
      </trkpt>
      <trkpt lat="-38.16" lon="176.285785809651">
        <ele>460</ele>
      </trkpt>
      <trkpt lat="-38.15999999999993" lon="176.285785809651">
        <ele>460</ele>
      </trkpt>
      <trkpt lat="-38.15991226397101" lon="176.285872592027">
        <ele>459</ele>
      </trkpt>
      <trkpt lat="-38.1596690825863" lon="176.285978447454">
        <ele>456</ele>
      </trkpt>
      <trkpt lat="-38.15958325386229" lon="176.286024222773">
        <ele>455</ele>
      </trkpt>
      <trkpt lat="-38.1595212664505" lon="176.286132939157">
        <ele>455</ele>
      </trkpt>
      <trkpt lat="-38.15949933244325" lon="176.286227350753">
        <ele>456</ele>
      </trkpt>
      <trkpt lat="-38.15947739843601" lon="176.28632176235">
        <ele>457</ele>
      </trkpt>
      <trkpt lat="-38.15947358382605" lon="176.286396147244">
        <ele>458</ele>
      </trkpt>
      <trkpt lat="-38.15946976921609" lon="176.286470532138">
        <ele>458</ele>
      </trkpt>
      <trkpt lat="-38.15948502765592" lon="176.286546824337">
        <ele>460</ele>
      </trkpt>
      <trkpt lat="-38.15950028609574" lon="176.286623116536">
        <ele>461</ele>
      </trkpt>
      <trkpt lat="-38.15955273698264" lon="176.286714667175">
        <ele>462</ele>
      </trkpt>
      <trkpt lat="-38.15962426091932" lon="176.286767118062">
        <ele>463</ele>
      </trkpt>
      <trkpt lat="-38.15969483120351" lon="176.286819568949">
        <ele>464</ele>
      </trkpt>
      <trkpt lat="-38.15980450123975" lon="176.286880602708">
        <ele>466</ele>
      </trkpt>
      <trkpt lat="-38.15990558840358" lon="176.286904444021">
        <ele>468</ele>
      </trkpt>
      <trkpt lat="-38.16" lon="176.286905397673">
        <ele>470</ele>
      </trkpt>
      <trkpt lat="-38.16" lon="176.286905397673">
        <ele>470</ele>
      </trkpt>
      <trkpt lat="-38.16002765592219" lon="176.286906351326">
        <ele>471</ele>
      </trkpt>
      <trkpt lat="-38.16008964333397" lon="176.286885370971">
        <ele>472</ele>
      </trkpt>
      <trkpt lat="-38.16015163074576" lon="176.286864390616">
        <ele>474</ele>
      </trkpt>
      <trkpt lat="-38.1602517642571" lon="176.286872019836">
        <ele>476</ele>
      </trkpt>
      <trkpt lat="-38.16030135418654" lon="176.286893000191">
        <ele>477</ele>
      </trkpt>
      <trkpt lat="-38.16031279801641" lon="176.28692351707">
        <ele>477</ele>
      </trkpt>
      <trkpt lat="-38.16030516879649" lon="176.28695784856">
        <ele>477</ele>
      </trkpt>
      <trkpt lat="-38.16027465191684" lon="176.287027465192">
        <ele>476</ele>
      </trkpt>
      <trkpt lat="-38.1602441350372" lon="176.287098035476">
        <ele>475</ele>
      </trkpt>
      <trkpt lat="-38.16018500858287" lon="176.28721438108">
        <ele>473</ele>
      </trkpt>
      <trkpt lat="-38.16012588212855" lon="176.287331680336">
        <ele>470</ele>
      </trkpt>
      <trkpt lat="-38.16009345794393" lon="176.28740606523">
        <ele>469</ele>
      </trkpt>
      <trkpt lat="-38.1600610337593" lon="176.287481403776">
        <ele>468</ele>
      </trkpt>
      <trkpt lat="-38.16003623879458" lon="176.287572000763">
        <ele>467</ele>
      </trkpt>
      <trkpt lat="-38.16001049017738" lon="176.287662597749">
        <ele>467</ele>
      </trkpt>
      <trkpt lat="-38.16000286095747" lon="176.287737936296">
        <ele>467</ele>
      </trkpt>
      <trkpt lat="-38.16000476826245" lon="176.287836162502">
        <ele>467</ele>
      </trkpt>
      <trkpt lat="-38.1600171657448" lon="176.287922944879">
        <ele>467</ele>
      </trkpt>
      <trkpt lat="-38.1600781995041" lon="176.287979210376">
        <ele>468</ele>
      </trkpt>
      <trkpt lat="-38.16012492847607" lon="176.287972534808">
        <ele>469</ele>
      </trkpt>
      <trkpt lat="-38.16019645241274" lon="176.287891474347">
        <ele>471</ele>
      </trkpt>
      <trkpt lat="-38.16026797634942" lon="176.287811367538">
        <ele>473</ele>
      </trkpt>
      <trkpt lat="-38.16031565897387" lon="176.287782757963">
        <ele>474</ele>
      </trkpt>
      <trkpt lat="-38.16059412550067" lon="176.287774175091">
        <ele>480</ele>
      </trkpt>
      <trkpt lat="-38.16065897386992" lon="176.287757962998">
        <ele>482</ele>
      </trkpt>
      <trkpt lat="-38.16072763684913" lon="176.287760823956">
        <ele>483</ele>
      </trkpt>
      <trkpt lat="-38.16075529277131" lon="176.287798016403">
        <ele>484</ele>
      </trkpt>
      <trkpt lat="-38.16072000762922" lon="176.287914362007">
        <ele>482</ele>
      </trkpt>
      <trkpt lat="-38.16068472248713" lon="176.28803070761">
        <ele>481</ele>
      </trkpt>
      <trkpt lat="-38.16068186152966" lon="176.288091741369">
        <ele>480</ele>
      </trkpt>
      <trkpt lat="-38.16071428571428" lon="176.288177570093">
        <ele>481</ele>
      </trkpt>
      <trkpt lat="-38.16070570284189" lon="176.288254815945">
        <ele>480</ele>
      </trkpt>
      <trkpt lat="-38.16069711996948" lon="176.288333015449">
        <ele>479</ele>
      </trkpt>
      <trkpt lat="-38.16071905397673" lon="176.288405493038">
        <ele>481</ele>
      </trkpt>
      <trkpt lat="-38.16077055121114" lon="176.288472248713">
        <ele>482</ele>
      </trkpt>
      <trkpt lat="-38.16086305550257" lon="176.288566660309">
        <ele>485</ele>
      </trkpt>
      <trkpt lat="-38.16091932099943" lon="176.288668701125">
        <ele>488</ele>
      </trkpt>
      <trkpt lat="-38.16092599656685" lon="176.28870112531">
        <ele>488</ele>
      </trkpt>
      <trkpt lat="-38.16092027465192" lon="176.288723059317">
        <ele>488</ele>
      </trkpt>
      <trkpt lat="-38.16085161167271" lon="176.288721152012">
        <ele>487</ele>
      </trkpt>
      <trkpt lat="-38.16078199504101" lon="176.288719244707">
        <ele>486</ele>
      </trkpt>
      <trkpt lat="-38.16074480259394" lon="176.288737364105">
        <ele>485</ele>
      </trkpt>
      <trkpt lat="-38.16065897386992" lon="176.288758344459">
        <ele>484</ele>
      </trkpt>
      <trkpt lat="-38.16057314514591" lon="176.288780278467">
        <ele>483</ele>
      </trkpt>
      <trkpt lat="-38.16052832347893" lon="176.288841312226">
        <ele>483</ele>
      </trkpt>
      <trkpt lat="-38.16048350181194" lon="176.288902345985">
        <ele>483</ele>
      </trkpt>
      <trkpt lat="-38.16042151440016" lon="176.28893095556">
        <ele>483</ele>
      </trkpt>
      <trkpt lat="-38.1603652489033" lon="176.288928094602">
        <ele>482</ele>
      </trkpt>
      <trkpt lat="-38.16031375166889" lon="176.288886133893">
        <ele>480</ele>
      </trkpt>
      <trkpt lat="-38.16026797634942" lon="176.288811748999">
        <ele>478</ele>
      </trkpt>
      <trkpt lat="-38.16022696929239" lon="176.288765973679">
        <ele>477</ele>
      </trkpt>
      <trkpt lat="-38.16020122067519" lon="176.288719244707">
        <ele>476</ele>
      </trkpt>
      <trkpt lat="-38.1601563990082" lon="176.288695403395">
        <ele>475</ele>
      </trkpt>
      <trkpt lat="-38.16006389471676" lon="176.288724966622">
        <ele>474</ele>
      </trkpt>
      <trkpt lat="-38.16" lon="176.288802212474">
        <ele>474</ele>
      </trkpt>
      <trkpt lat="-38.15999999999993" lon="176.288802212474">
        <ele>474</ele>
      </trkpt>
      <trkpt lat="-38.15996376120542" lon="176.288850848751">
        <ele>473</ele>
      </trkpt>
      <trkpt lat="-38.15992656875834" lon="176.288963379744">
        <ele>473</ele>
      </trkpt>
      <trkpt lat="-38.15991989319092" lon="176.289078771696">
        <ele>474</ele>
      </trkpt>
      <trkpt lat="-38.15991226397101" lon="176.289195117299">
        <ele>475</ele>
      </trkpt>
      <trkpt lat="-38.1599132176235" lon="176.289279038718">
        <ele>476</ele>
      </trkpt>
      <trkpt lat="-38.1599132176235" lon="176.28936391379">
        <ele>476</ele>
      </trkpt>
      <trkpt lat="-38.15992084684341" lon="176.289445927904">
        <ele>477</ele>
      </trkpt>
      <trkpt lat="-38.1599389662407" lon="176.289533663933">
        <ele>478</ele>
      </trkpt>
      <trkpt lat="-38.15996852946786" lon="176.289624260919">
        <ele>481</ele>
      </trkpt>
      <trkpt lat="-38.15999713904253" lon="176.289715811558">
        <ele>483</ele>
      </trkpt>
      <trkpt lat="-38.16" lon="176.28981213046">
        <ele>483</ele>
      </trkpt>
      <trkpt lat="-38.16" lon="176.289836925424">
        <ele>484</ele>
      </trkpt>
      <trkpt lat="-38.15992847606332" lon="176.290005721915">
        <ele>481</ele>
      </trkpt>
      <trkpt lat="-38.15992466145337" lon="176.290128743086">
        <ele>480</ele>
      </trkpt>
      <trkpt lat="-38.15996757581537" lon="176.290330917414">
        <ele>481</ele>
      </trkpt>
      <trkpt lat="-38.16" lon="176.290612244898">
        <ele>482</ele>
      </trkpt>
      <trkpt lat="-38.16" lon="176.290612244898">
        <ele>482</ele>
      </trkpt>
      <trkpt lat="-38.16005817280183" lon="176.290890711425">
        <ele>482</ele>
      </trkpt>
      <trkpt lat="-38.16008296776655" lon="176.290967957276">
        <ele>482</ele>
      </trkpt>
      <trkpt lat="-38.16010680907878" lon="176.291045203128">
        <ele>481</ele>
      </trkpt>
      <trkpt lat="-38.16022887659737" lon="176.291116727065">
        <ele>484</ele>
      </trkpt>
      <trkpt lat="-38.160261300782" lon="176.291217814229">
        <ele>484</ele>
      </trkpt>
      <trkpt lat="-38.16025843982453" lon="176.291304596605">
        <ele>484</ele>
      </trkpt>
      <trkpt lat="-38.16026416173946" lon="176.291362769407">
        <ele>483</ele>
      </trkpt>
      <trkpt lat="-38.16032328819379" lon="176.291478161358">
        <ele>484</ele>
      </trkpt>
      <trkpt lat="-38.16033854663361" lon="176.291593553309">
        <ele>484</ele>
      </trkpt>
      <trkpt lat="-38.16029181766164" lon="176.291675567423">
        <ele>482</ele>
      </trkpt>
      <trkpt lat="-38.16019549876025" lon="176.291768071715">
        <ele>478</ele>
      </trkpt>
      <trkpt lat="-38.16018119397292" lon="176.291802403204">
        <ele>477</ele>
      </trkpt>
      <trkpt lat="-38.16019263780279" lon="176.291858668701">
        <ele>477</ele>
      </trkpt>
      <trkpt lat="-38.16023555216479" lon="176.291956894908">
        <ele>478</ele>
      </trkpt>
      <trkpt lat="-38.1602784665268" lon="176.292028418844">
        <ele>480</ele>
      </trkpt>
      <trkpt lat="-38.16029563227161" lon="176.292090406256">
        <ele>480</ele>
      </trkpt>
      <trkpt lat="-38.16031279801641" lon="176.29215334732">
        <ele>481</ele>
      </trkpt>
      <trkpt lat="-38.16029944688156" lon="176.292400343315">
        <ele>479</ele>
      </trkpt>
      <trkpt lat="-38.160261300782" lon="176.292757962998">
        <ele>479</ele>
      </trkpt>
      <trkpt lat="-38.16030993705894" lon="176.293316803357">
        <ele>486</ele>
      </trkpt>
      <trkpt lat="-38.16031375166889" lon="176.294034903681">
        <ele>487</ele>
      </trkpt>
      <trkpt lat="-38.16030135418654" lon="176.29414171276">
        <ele>487</ele>
      </trkpt>
      <trkpt lat="-38.16028895670418" lon="176.294249475491">
        <ele>486</ele>
      </trkpt>
      <trkpt lat="-38.16038050734313" lon="176.294801640282">
        <ele>489</ele>
      </trkpt>
      <trkpt lat="-38.16046633606714" lon="176.29517642571">
        <ele>492</ele>
      </trkpt>
      <trkpt lat="-38.16049017737937" lon="176.295247949647">
        <ele>493</ele>
      </trkpt>
      <trkpt lat="-38.16049971390426" lon="176.295324241846">
        <ele>492</ele>
      </trkpt>
      <trkpt lat="-38.16050829677665" lon="176.295400534045">
        <ele>492</ele>
      </trkpt>
      <trkpt lat="-38.16050543581919" lon="176.29568567614">
        <ele>489</ele>
      </trkpt>
      <trkpt lat="-38.16048159450696" lon="176.295996566851">
        <ele>485</ele>
      </trkpt>
      <trkpt lat="-38.16039958039291" lon="176.296330345222">
        <ele>478</ele>
      </trkpt>
      <trkpt lat="-38.16039767308793" lon="176.296426664124">
        <ele>477</ele>
      </trkpt>
      <trkpt lat="-38.16042342170513" lon="176.296503909975">
        <ele>478</ele>
      </trkpt>
      <trkpt lat="-38.16045107762731" lon="176.29656303643">
        <ele>478</ele>
      </trkpt>
      <trkpt lat="-38.16054262826626" lon="176.296664123593">
        <ele>481</ele>
      </trkpt>
      <trkpt lat="-38.16063322525272" lon="176.296765210757">
        <ele>481</ele>
      </trkpt>
      <trkpt lat="-38.16085161167271" lon="176.297034140759">
        <ele>478</ele>
      </trkpt>
      <trkpt lat="-38.16096700362388" lon="176.297144764448">
        <ele>475</ele>
      </trkpt>
      <trkpt lat="-38.16102994468816" lon="176.29719149342">
        <ele>473</ele>
      </trkpt>
      <trkpt lat="-38.16111100514973" lon="176.297228685867">
        <ele>472</ele>
      </trkpt>
      <trkpt lat="-38.16119111195881" lon="176.297266831966">
        <ele>471</ele>
      </trkpt>
      <trkpt lat="-38.16128075529277" lon="176.297299256151">
        <ele>470</ele>
      </trkpt>
      <trkpt lat="-38.16136944497426" lon="176.297332633988">
        <ele>468</ele>
      </trkpt>
      <trkpt lat="-38.16145336639329" lon="176.297361243563">
        <ele>467</ele>
      </trkpt>
      <trkpt lat="-38.1615477779897" lon="176.297365058173">
        <ele>467</ele>
      </trkpt>
      <trkpt lat="-38.16164028228114" lon="176.297384131223">
        <ele>466</ele>
      </trkpt>
      <trkpt lat="-38.1616002288766" lon="176.297444211329">
        <ele>464</ele>
      </trkpt>
      <trkpt lat="-38.16151726111006" lon="176.297455655159">
        <ele>463</ele>
      </trkpt>
      <trkpt lat="-38.1613999618539" lon="176.297486172039">
        <ele>462</ele>
      </trkpt>
      <trkpt lat="-38.16131222582491" lon="176.297499523174">
        <ele>462</ele>
      </trkpt>
      <trkpt lat="-38.16122353614343" lon="176.297512874309">
        <ele>462</ele>
      </trkpt>
      <trkpt lat="-38.16111863436964" lon="176.29757867633">
        <ele>460</ele>
      </trkpt>
      <trkpt lat="-38.16105950791532" lon="176.29760919321">
        <ele>460</ele>
      </trkpt>
      <trkpt lat="-38.16101563990082" lon="176.297642571047">
        <ele>459</ele>
      </trkpt>
      <trkpt lat="-38.16099656685104" lon="176.297709326721">
        <ele>457</ele>
      </trkpt>
      <trkpt lat="-38.16103280564563" lon="176.297779897006">
        <ele>455</ele>
      </trkpt>
      <trkpt lat="-38.16108621018501" lon="176.29778943353">
        <ele>455</ele>
      </trkpt>
      <trkpt lat="-38.16113293915697" lon="176.297767499523">
        <ele>455</ele>
      </trkpt>
      <trkpt lat="-38.16125500667557" lon="176.297747472821">
        <ele>456</ele>
      </trkpt>
      <trkpt lat="-38.16130650390998" lon="176.297749380126">
        <ele>456</ele>
      </trkpt>
      <trkpt lat="-38.16142094220866" lon="176.297794201793">
        <ele>454</ele>
      </trkpt>
      <trkpt lat="-38.16153538050735" lon="176.29783902346">
        <ele>453</ele>
      </trkpt>
      <trkpt lat="-38.16165077245851" lon="176.297851420942">
        <ele>452</ele>
      </trkpt>
      <trkpt lat="-38.16172420370017" lon="176.297837116155">
        <ele>451</ele>
      </trkpt>
      <trkpt lat="-38.16179668128934" lon="176.297822811368">
        <ele>449</ele>
      </trkpt>
      <trkpt lat="-38.16188632462331" lon="176.297748426473">
        <ele>447</ele>
      </trkpt>
      <trkpt lat="-38.16197596795728" lon="176.297674041579">
        <ele>446</ele>
      </trkpt>
      <trkpt lat="-38.16203700171658" lon="176.297596795728">
        <ele>446</ele>
      </trkpt>
      <trkpt lat="-38.16206179668129" lon="176.297530040053">
        <ele>447</ele>
      </trkpt>
      <trkpt lat="-38.16210852565325" lon="176.297507152394">
        <ele>446</ele>
      </trkpt>
      <trkpt lat="-38.16211138661072" lon="176.297575815373">
        <ele>444</ele>
      </trkpt>
      <trkpt lat="-38.16208277703605" lon="176.297653061225">
        <ele>443</ele>
      </trkpt>
      <trkpt lat="-38.16171943543772" lon="176.298208086973">
        <ele>441</ele>
      </trkpt>
      <trkpt lat="-38.16162788479878" lon="176.2982757963">
        <ele>442</ele>
      </trkpt>
      <trkpt lat="-38.16152489032996" lon="176.298296776655">
        <ele>441</ele>
      </trkpt>
      <trkpt lat="-38.16142094220866" lon="176.298317757009">
        <ele>441</ele>
      </trkpt>
      <trkpt lat="-38.16114533663933" lon="176.298314896052">
        <ele>441</ele>
      </trkpt>
      <trkpt lat="-38.16110337592981" lon="176.298344459279">
        <ele>441</ele>
      </trkpt>
      <trkpt lat="-38.16106332252527" lon="176.298411214953">
        <ele>440</ele>
      </trkpt>
      <trkpt lat="-38.16104997139043" lon="176.298481785237">
        <ele>439</ele>
      </trkpt>
      <trkpt lat="-38.16103662025558" lon="176.298552355522">
        <ele>439</ele>
      </trkpt>
      <trkpt lat="-38.16104138851802" lon="176.298632462331">
        <ele>438</ele>
      </trkpt>
      <trkpt lat="-38.16104615678047" lon="176.29871256914">
        <ele>437</ele>
      </trkpt>
      <trkpt lat="-38.16105378600038" lon="176.298774556552">
        <ele>436</ele>
      </trkpt>
      <trkpt lat="-38.1610614152203" lon="176.298836543963">
        <ele>435</ele>
      </trkpt>
      <trkpt lat="-38.16106046156781" lon="176.29888518024">
        <ele>435</ele>
      </trkpt>
      <trkpt lat="-38.16104234217052" lon="176.298891855808">
        <ele>435</ele>
      </trkpt>
      <trkpt lat="-38.16100610337593" lon="176.298879458325">
        <ele>435</ele>
      </trkpt>
      <trkpt lat="-38.16097654014877" lon="176.298882319283">
        <ele>435</ele>
      </trkpt>
      <trkpt lat="-38.16096986458135" lon="176.29889280946">
        <ele>435</ele>
      </trkpt>
      <trkpt lat="-38.16105378600038" lon="176.299009155064">
        <ele>433</ele>
      </trkpt>
      <trkpt lat="-38.16113675376693" lon="176.29912645432">
        <ele>433</ele>
      </trkpt>
      <trkpt lat="-38.16118920465382" lon="176.299220865916">
        <ele>433</ele>
      </trkpt>
      <trkpt lat="-38.16124070188823" lon="176.299315277513">
        <ele>434</ele>
      </trkpt>
      <trkpt lat="-38.161304596605" lon="176.299391569712">
        <ele>435</ele>
      </trkpt>
      <trkpt lat="-38.16136849132177" lon="176.299467861911">
        <ele>435</ele>
      </trkpt>
      <trkpt lat="-38.16159927522411" lon="176.299715811558">
        <ele>437</ele>
      </trkpt>
      <trkpt lat="-38.16178523745947" lon="176.3">
        <ele>435</ele>
      </trkpt>
      <trkpt lat="-38.16178523745947" lon="176.3">
        <ele>435</ele>
      </trkpt>
      <trkpt lat="-38.16184341026131" lon="176.300084875072">
        <ele>434</ele>
      </trkpt>
      <trkpt lat="-38.16190158306313" lon="176.300169750143">
        <ele>434</ele>
      </trkpt>
      <trkpt lat="-38.16197596795728" lon="176.30019931337">
        <ele>433</ele>
      </trkpt>
      <trkpt lat="-38.16201602136181" lon="176.300190730498">
        <ele>432</ele>
      </trkpt>
      <trkpt lat="-38.1620608430288" lon="176.300091550639">
        <ele>431</ele>
      </trkpt>
      <trkpt lat="-38.16213713522792" lon="176.3">
        <ele>429</ele>
      </trkpt>
      <trkpt lat="-38.16213713522792" lon="176.3">
        <ele>429</ele>
      </trkpt>
      <trkpt lat="-38.16215430097273" lon="176.299979019645">
        <ele>428</ele>
      </trkpt>
      <trkpt lat="-38.16218767880984" lon="176.299974251383">
        <ele>428</ele>
      </trkpt>
      <trkpt lat="-38.16224966622163" lon="176.299987602518">
        <ele>427</ele>
      </trkpt>
      <trkpt lat="-38.16226206370398" lon="176.3">
        <ele>426</ele>
      </trkpt>
      <trkpt lat="-38.16226206370398" lon="176.3">
        <ele>426</ele>
      </trkpt>
      <trkpt lat="-38.16228876597368" lon="176.300027655922">
        <ele>426</ele>
      </trkpt>
      <trkpt lat="-38.16232309746329" lon="176.300122067519">
        <ele>427</ele>
      </trkpt>
      <trkpt lat="-38.16234121686058" lon="176.300202174328">
        <ele>428</ele>
      </trkpt>
      <trkpt lat="-38.16235933625787" lon="176.300282281137">
        <ele>428</ele>
      </trkpt>
      <trkpt lat="-38.16239843600992" lon="176.300349036811">
        <ele>429</ele>
      </trkpt>
      <trkpt lat="-38.16252050352852" lon="176.300465382415">
        <ele>430</ele>
      </trkpt>
      <trkpt lat="-38.16264161739462" lon="176.300581728018">
        <ele>432</ele>
      </trkpt>
      <trkpt lat="-38.16269597558649" lon="176.300683768835">
        <ele>433</ele>
      </trkpt>
      <trkpt lat="-38.16273316803357" lon="176.300800114438">
        <ele>435</ele>
      </trkpt>
      <trkpt lat="-38.16272839977113" lon="176.300863055503">
        <ele>435</ele>
      </trkpt>
      <trkpt lat="-38.16267404157925" lon="176.300925996567">
        <ele>436</ele>
      </trkpt>
      <trkpt lat="-38.16257962998284" lon="176.300979401106">
        <ele>436</ele>
      </trkpt>
      <trkpt lat="-38.16256437154301" lon="176.30104615678">
        <ele>436</ele>
      </trkpt>
      <trkpt lat="-38.16259012016022" lon="176.301135800114">
        <ele>437</ele>
      </trkpt>
      <trkpt lat="-38.16264829296205" lon="176.301161548732">
        <ele>437</ele>
      </trkpt>
      <trkpt lat="-38.16271790959374" lon="176.301149151249">
        <ele>436</ele>
      </trkpt>
      <trkpt lat="-38.16275891665077" lon="176.301159641427">
        <ele>436</ele>
      </trkpt>
      <trkpt lat="-38.16280087736029" lon="176.301203509441">
        <ele>436</ele>
      </trkpt>
      <trkpt lat="-38.16277226778562" lon="176.301252145718">
        <ele>436</ele>
      </trkpt>
      <trkpt lat="-38.16271886324623" lon="176.301315086782">
        <ele>437</ele>
      </trkpt>
      <trkpt lat="-38.16265687583445" lon="176.301316040435">
        <ele>437</ele>
      </trkpt>
      <trkpt lat="-38.16257009345794" lon="176.301367537669">
        <ele>438</ele>
      </trkpt>
      <trkpt lat="-38.16252813274843" lon="176.301404730116">
        <ele>439</ele>
      </trkpt>
      <trkpt lat="-38.16251954987602" lon="176.301470532138">
        <ele>439</ele>
      </trkpt>
      <trkpt lat="-38.16251096700363" lon="176.301537287812">
        <ele>440</ele>
      </trkpt>
      <trkpt lat="-38.16251382796109" lon="176.301589738699">
        <ele>440</ele>
      </trkpt>
      <trkpt lat="-38.16258821285524" lon="176.301588785047">
        <ele>439</ele>
      </trkpt>
      <trkpt lat="-38.16261872973489" lon="176.301625977494">
        <ele>439</ele>
      </trkpt>
      <trkpt lat="-38.16261491512493" lon="176.301696547778">
        <ele>439</ele>
      </trkpt>
      <trkpt lat="-38.16257676902537" lon="176.301723250048">
        <ele>440</ele>
      </trkpt>
      <trkpt lat="-38.16252813274843" lon="176.30170513065">
        <ele>440</ele>
      </trkpt>
      <trkpt lat="-38.16246042342171" lon="176.301702269693">
        <ele>441</ele>
      </trkpt>
      <trkpt lat="-38.16234884608049" lon="176.301634560366">
        <ele>441</ele>
      </trkpt>
      <trkpt lat="-38.16223631508679" lon="176.301567804692">
        <ele>441</ele>
      </trkpt>
      <trkpt lat="-38.16218195689491" lon="176.301566851039">
        <ele>441</ele>
      </trkpt>
      <trkpt lat="-38.16211806217814" lon="176.301579248522">
        <ele>441</ele>
      </trkpt>
      <trkpt lat="-38.16207514781614" lon="176.301603089834">
        <ele>441</ele>
      </trkpt>
      <trkpt lat="-38.16204081632653" lon="176.301707991608">
        <ele>442</ele>
      </trkpt>
      <trkpt lat="-38.16200648483693" lon="176.301812893382">
        <ele>443</ele>
      </trkpt>
      <trkpt lat="-38.16197215334732" lon="176.301894907496">
        <ele>443</ele>
      </trkpt>
      <trkpt lat="-38.16193686820523" lon="176.30197692161">
        <ele>444</ele>
      </trkpt>
      <trkpt lat="-38.16192256341789" lon="176.302059889376">
        <ele>445</ele>
      </trkpt>
      <trkpt lat="-38.16192828533283" lon="176.302107572001">
        <ele>445</ele>
      </trkpt>
      <trkpt lat="-38.16197310699981" lon="176.30218767881">
        <ele>445</ele>
      </trkpt>
      <trkpt lat="-38.1619998092695" lon="176.302290673279">
        <ele>445</ele>
      </trkpt>
      <trkpt lat="-38.16200267022697" lon="176.30236410452">
        <ele>446</ele>
      </trkpt>
      <trkpt lat="-38.16197119969483" lon="176.302468052642">
        <ele>447</ele>
      </trkpt>
      <trkpt lat="-38.16190539767309" lon="176.302517642571">
        <ele>447</ele>
      </trkpt>
      <trkpt lat="-38.16183959565134" lon="176.302568186153">
        <ele>448</ele>
      </trkpt>
      <trkpt lat="-38.16176711806218" lon="176.302598703033">
        <ele>448</ele>
      </trkpt>
      <trkpt lat="-38.16168319664315" lon="176.302663551402">
        <ele>449</ele>
      </trkpt>
      <trkpt lat="-38.16164600419607" lon="176.302744611863">
        <ele>449</ele>
      </trkpt>
      <trkpt lat="-38.16160785809651" lon="176.302825672325">
        <ele>449</ele>
      </trkpt>
      <trkpt lat="-38.16152965859241" lon="176.303257676903">
        <ele>447</ele>
      </trkpt>
      <trkpt lat="-38.16151916841503" lon="176.303340644669">
        <ele>447</ele>
      </trkpt>
      <trkpt lat="-38.16150867823765" lon="176.303423612436">
        <ele>447</ele>
      </trkpt>
      <trkpt lat="-38.16152107572001" lon="176.303502765592">
        <ele>447</ele>
      </trkpt>
      <trkpt lat="-38.16154682433721" lon="176.303557123784">
        <ele>448</ele>
      </trkpt>
      <trkpt lat="-38.16162788479878" lon="176.303579057791">
        <ele>447</ele>
      </trkpt>
      <trkpt lat="-38.16172801831013" lon="176.303592408926">
        <ele>445</ele>
      </trkpt>
      <trkpt lat="-38.16180144955179" lon="176.303636276941">
        <ele>444</ele>
      </trkpt>
      <trkpt lat="-38.16186439061606" lon="176.303692542438">
        <ele>443</ele>
      </trkpt>
      <trkpt lat="-38.1618872782758" lon="176.303758344459">
        <ele>443</ele>
      </trkpt>
      <trkpt lat="-38.16188537097082" lon="176.303795536906">
        <ele>443</ele>
      </trkpt>
      <trkpt lat="-38.16185676139615" lon="176.303835590311">
        <ele>444</ele>
      </trkpt>
      <trkpt lat="-38.16183673469388" lon="176.303909975205">
        <ele>444</ele>
      </trkpt>
      <trkpt lat="-38.16184627121877" lon="176.303949074957">
        <ele>445</ele>
      </trkpt>
      <trkpt lat="-38.1618872782758" lon="176.304020598894">
        <ele>444</ele>
      </trkpt>
      <trkpt lat="-38.16192828533283" lon="176.30409212283">
        <ele>444</ele>
      </trkpt>
      <trkpt lat="-38.16193496090025" lon="176.30413408354">
        <ele>444</ele>
      </trkpt>
      <trkpt lat="-38.16192256341789" lon="176.304192256342">
        <ele>444</ele>
      </trkpt>
      <trkpt lat="-38.16187678809842" lon="176.304299065421">
        <ele>445</ele>
      </trkpt>
      <trkpt lat="-38.16187488079344" lon="176.304382033187">
        <ele>445</ele>
      </trkpt>
      <trkpt lat="-38.16187297348846" lon="176.304465954606">
        <ele>445</ele>
      </trkpt>
      <trkpt lat="-38.16188441731833" lon="176.304558458898">
        <ele>445</ele>
      </trkpt>
      <trkpt lat="-38.1618958611482" lon="176.304651916841">
        <ele>445</ele>
      </trkpt>
      <trkpt lat="-38.1618958611482" lon="176.304771123403">
        <ele>445</ele>
      </trkpt>
      <trkpt lat="-38.16190921228304" lon="176.304870303261">
        <ele>444</ele>
      </trkpt>
      <trkpt lat="-38.16194163646767" lon="176.304958992943">
        <ele>444</ele>
      </trkpt>
      <trkpt lat="-38.16199313370208" lon="176.305057219149">
        <ele>444</ele>
      </trkpt>
      <trkpt lat="-38.16204463093649" lon="176.305156399008">
        <ele>444</ele>
      </trkpt>
      <trkpt lat="-38.16206275033378" lon="176.305253671562">
        <ele>444</ele>
      </trkpt>
      <trkpt lat="-38.16207991607858" lon="176.305350944116">
        <ele>444</ele>
      </trkpt>
      <trkpt lat="-38.16210185008583" lon="176.305430097273">
        <ele>444</ele>
      </trkpt>
      <trkpt lat="-38.16212283044059" lon="176.305509250429">
        <ele>443</ele>
      </trkpt>
      <trkpt lat="-38.16217814228495" lon="176.305603662026">
        <ele>443</ele>
      </trkpt>
      <trkpt lat="-38.16222677856189" lon="176.305702841884">
        <ele>443</ele>
      </trkpt>
      <trkpt lat="-38.16227541483883" lon="176.305802021743">
        <ele>443</ele>
      </trkpt>
      <trkpt lat="-38.16234121686058" lon="176.305895479687">
        <ele>442</ele>
      </trkpt>
      <trkpt lat="-38.16245374785429" lon="176.305958420751">
        <ele>442</ele>
      </trkpt>
      <trkpt lat="-38.16251478161358" lon="176.306024222773">
        <ele>441</ele>
      </trkpt>
      <trkpt lat="-38.16255292771314" lon="176.30612244898">
        <ele>440</ele>
      </trkpt>
      <trkpt lat="-38.16256913980546" lon="176.306237840931">
        <ele>439</ele>
      </trkpt>
      <trkpt lat="-38.16258821285524" lon="176.306316040435">
        <ele>438</ele>
      </trkpt>
      <trkpt lat="-38.1626349418272" lon="176.306399961854">
        <ele>437</ele>
      </trkpt>
      <trkpt lat="-38.16268071714667" lon="176.306484836925">
        <ele>436</ele>
      </trkpt>
      <trkpt lat="-38.16279038718291" lon="176.306604043487">
        <ele>435</ele>
      </trkpt>
      <trkpt lat="-38.16309078771696" lon="176.306768071715">
        <ele>434</ele>
      </trkpt>
      <trkpt lat="-38.16321094793057" lon="176.306812893382">
        <ele>434</ele>
      </trkpt>
      <trkpt lat="-38.16327865725729" lon="176.306818615297">
        <ele>434</ele>
      </trkpt>
      <trkpt lat="-38.16339881747091" lon="176.306808125119">
        <ele>433</ele>
      </trkpt>
      <trkpt lat="-38.16350371924471" lon="176.306772839977">
        <ele>432</ele>
      </trkpt>
      <trkpt lat="-38.16356856761396" lon="176.306765210757">
        <ele>432</ele>
      </trkpt>
      <trkpt lat="-38.16363150867824" lon="176.306803356857">
        <ele>432</ele>
      </trkpt>
      <trkpt lat="-38.16369349609003" lon="176.306841502956">
        <ele>432</ele>
      </trkpt>
      <trkpt lat="-38.16376406637421" lon="176.306875834446">
        <ele>433</ele>
      </trkpt>
      <trkpt lat="-38.163826053786" lon="176.306895861148">
        <ele>433</ele>
      </trkpt>
      <trkpt lat="-38.16388804119779" lon="176.30691588785">
        <ele>433</ele>
      </trkpt>
      <trkpt lat="-38.16396051878696" lon="176.306949265688">
        <ele>433</ele>
      </trkpt>
      <trkpt lat="-38.16403204272363" lon="176.306983597177">
        <ele>433</ele>
      </trkpt>
      <trkpt lat="-38.16409307648293" lon="176.307032233454">
        <ele>433</ele>
      </trkpt>
      <trkpt lat="-38.1641655540721" lon="176.307122830441">
        <ele>433</ele>
      </trkpt>
      <trkpt lat="-38.16423612435629" lon="176.307227732214">
        <ele>434</ele>
      </trkpt>
      <trkpt lat="-38.16433339691017" lon="176.30734884608">
        <ele>435</ele>
      </trkpt>
      <trkpt lat="-38.16444497425138" lon="176.307426091932">
        <ele>435</ele>
      </trkpt>
      <trkpt lat="-38.16453557123784" lon="176.307405111577">
        <ele>434</ele>
      </trkpt>
      <trkpt lat="-38.16459183673469" lon="176.307339309556">
        <ele>433</ele>
      </trkpt>
      <trkpt lat="-38.16463665840168" lon="176.307274461186">
        <ele>432</ele>
      </trkpt>
      <trkpt lat="-38.16468148006867" lon="176.307209612817">
        <ele>431</ele>
      </trkpt>
      <trkpt lat="-38.1647310699981" lon="176.307162883845">
        <ele>430</ele>
      </trkpt>
      <trkpt lat="-38.16479877932482" lon="176.307127598703">
        <ele>430</ele>
      </trkpt>
      <trkpt lat="-38.16486648865154" lon="176.307092313561">
        <ele>429</ele>
      </trkpt>
      <trkpt lat="-38.16498378790769" lon="176.307101850086">
        <ele>428</ele>
      </trkpt>
      <trkpt lat="-38.16504768262445" lon="176.307121876788">
        <ele>428</ele>
      </trkpt>
      <trkpt lat="-38.16510680907877" lon="176.307159069235">
        <ele>428</ele>
      </trkpt>
      <trkpt lat="-38.16516402822811" lon="176.307207705512">
        <ele>428</ele>
      </trkpt>
      <trkpt lat="-38.16520408163265" lon="176.307272553881">
        <ele>428</ele>
      </trkpt>
      <trkpt lat="-38.16522410833493" lon="176.307336448598">
        <ele>428</ele>
      </trkpt>
      <trkpt lat="-38.16522506198741" lon="176.307592981118">
        <ele>429</ele>
      </trkpt>
      <trkpt lat="-38.16523555216479" lon="176.30762826626">
        <ele>429</ele>
      </trkpt>
      <trkpt lat="-38.16525939347702" lon="176.30762063704">
        <ele>428</ele>
      </trkpt>
      <trkpt lat="-38.1652784665268" lon="176.307598703033">
        <ele>428</ele>
      </trkpt>
      <trkpt lat="-38.16531375166889" lon="176.307507152394">
        <ele>428</ele>
      </trkpt>
      <trkpt lat="-38.16532042723632" lon="176.307405111577">
        <ele>427</ele>
      </trkpt>
      <trkpt lat="-38.16530135418654" lon="176.307287812321">
        <ele>427</ele>
      </trkpt>
      <trkpt lat="-38.16522696929239" lon="176.307042723631">
        <ele>426</ele>
      </trkpt>
      <trkpt lat="-38.16516402822811" lon="176.306936868205">
        <ele>426</ele>
      </trkpt>
      <trkpt lat="-38.16507915315659" lon="176.306876788098">
        <ele>426</ele>
      </trkpt>
      <trkpt lat="-38.16497139042533" lon="176.306849132176">
        <ele>426</ele>
      </trkpt>
      <trkpt lat="-38.16486362769407" lon="176.306821476254">
        <ele>426</ele>
      </trkpt>
      <trkpt lat="-38.16460804882701" lon="176.306698455083">
        <ele>426</ele>
      </trkpt>
      <trkpt lat="-38.1644955178333" lon="176.306627884799">
        <ele>426</ele>
      </trkpt>
      <trkpt lat="-38.16442780850658" lon="176.306550638947">
        <ele>427</ele>
      </trkpt>
      <trkpt lat="-38.16442685485409" lon="176.306501049018">
        <ele>427</ele>
      </trkpt>
      <trkpt lat="-38.1644354377265" lon="176.306465763876">
        <ele>427</ele>
      </trkpt>
      <trkpt lat="-38.16450314705322" lon="176.306351325577">
        <ele>428</ele>
      </trkpt>
      <trkpt lat="-38.16459946595461" lon="176.306378027847">
        <ele>427</ele>
      </trkpt>
      <trkpt lat="-38.16493133702079" lon="176.306300781995">
        <ele>426</ele>
      </trkpt>
      <trkpt lat="-38.16522696929239" lon="176.306293152775">
        <ele>427</ele>
      </trkpt>
      <trkpt lat="-38.16531375166889" lon="176.306320808697">
        <ele>427</ele>
      </trkpt>
      <trkpt lat="-38.16539958039291" lon="176.30634846462">
        <ele>427</ele>
      </trkpt>
      <trkpt lat="-38.16549399198932" lon="176.306401869159">
        <ele>427</ele>
      </trkpt>
      <trkpt lat="-38.16558840358574" lon="176.306455273698">
        <ele>426</ele>
      </trkpt>
      <trkpt lat="-38.16565515925997" lon="176.306523936677">
        <ele>425</ele>
      </trkpt>
      <trkpt lat="-38.16571523936678" lon="176.306600228877">
        <ele>424</ele>
      </trkpt>
      <trkpt lat="-38.1659565134465" lon="176.307012206752">
        <ele>424</ele>
      </trkpt>
      <trkpt lat="-38.16619206561129" lon="176.307480450124">
        <ele>425</ele>
      </trkpt>
      <trkpt lat="-38.16624451649819" lon="176.307595842075">
        <ele>426</ele>
      </trkpt>
      <trkpt lat="-38.16629696738509" lon="176.307711234026">
        <ele>427</ele>
      </trkpt>
      <trkpt lat="-38.1663312988747" lon="176.307774175091">
        <ele>427</ele>
      </trkpt>
      <trkpt lat="-38.16636467671181" lon="176.307837116155">
        <ele>428</ele>
      </trkpt>
      <trkpt lat="-38.16639900820142" lon="176.307912454702">
        <ele>429</ele>
      </trkpt>
      <trkpt lat="-38.16643333969102" lon="176.307987793248">
        <ele>429</ele>
      </trkpt>
      <trkpt lat="-38.16645336639329" lon="176.308062178142">
        <ele>430</ele>
      </trkpt>
      <trkpt lat="-38.16647339309556" lon="176.308137516689">
        <ele>431</ele>
      </trkpt>
      <trkpt lat="-38.16648388327294" lon="176.308208086973">
        <ele>431</ele>
      </trkpt>
      <trkpt lat="-38.16649437345032" lon="176.308278657257">
        <ele>432</ele>
      </trkpt>
      <trkpt lat="-38.16651153919512" lon="176.308534236124">
        <ele>433</ele>
      </trkpt>
      <trkpt lat="-38.16646862483312" lon="176.309613770742">
        <ele>436</ele>
      </trkpt>
      <trkpt lat="-38.16658687774175" lon="176.309624260919">
        <ele>437</ele>
      </trkpt>
      <trkpt lat="-38.16663265306123" lon="176.309684341026">
        <ele>438</ele>
      </trkpt>
      <trkpt lat="-38.16668987221057" lon="176.309968529468">
        <ele>440</ele>
      </trkpt>
      <trkpt lat="-38.16670703795537" lon="176.310082967767">
        <ele>440</ele>
      </trkpt>
      <trkpt lat="-38.16672420370017" lon="176.310197406065">
        <ele>440</ele>
      </trkpt>
      <trkpt lat="-38.16672420370017" lon="176.310278466527">
        <ele>440</ele>
      </trkpt>
      <trkpt lat="-38.16675567423231" lon="176.310378600038">
        <ele>441</ele>
      </trkpt>
      <trkpt lat="-38.16678714476445" lon="176.31047873355">
        <ele>442</ele>
      </trkpt>
      <trkpt lat="-38.16682719816899" lon="176.310559794011">
        <ele>443</ele>
      </trkpt>
      <trkpt lat="-38.16685390043868" lon="176.310663742132">
        <ele>444</ele>
      </trkpt>
      <trkpt lat="-38.16686725157353" lon="176.310744802594">
        <ele>445</ele>
      </trkpt>
      <trkpt lat="-38.16687964905589" lon="176.310826816708">
        <ele>445</ele>
      </trkpt>
      <trkpt lat="-38.16691588785047" lon="176.310931718482">
        <ele>446</ele>
      </trkpt>
      <trkpt lat="-38.1669311462903" lon="176.311001335113">
        <ele>446</ele>
      </trkpt>
      <trkpt lat="-38.16694640473012" lon="176.311071905398">
        <ele>447</ele>
      </trkpt>
      <trkpt lat="-38.16698836543964" lon="176.311188251001">
        <ele>447</ele>
      </trkpt>
      <trkpt lat="-38.16706179668129" lon="176.311444783521">
        <ele>449</ele>
      </trkpt>
      <trkpt lat="-38.16719816898722" lon="176.311970246042">
        <ele>448</ele>
      </trkpt>
      <trkpt lat="-38.16720293724967" lon="176.312044630936">
        <ele>448</ele>
      </trkpt>
      <trkpt lat="-38.16720675185962" lon="176.312119969483">
        <ele>447</ele>
      </trkpt>
      <trkpt lat="-38.16725920274652" lon="176.31241750906">
        <ele>445</ele>
      </trkpt>
      <trkpt lat="-38.16729067327866" lon="176.312513827961">
        <ele>445</ele>
      </trkpt>
      <trkpt lat="-38.16731832920084" lon="176.31257867633">
        <ele>446</ele>
      </trkpt>
      <trkpt lat="-38.16738699218005" lon="176.312689300019">
        <ele>447</ele>
      </trkpt>
      <trkpt lat="-38.16745565515926" lon="176.31280087736">
        <ele>448</ele>
      </trkpt>
      <trkpt lat="-38.16751573526607" lon="176.312852374595">
        <ele>450</ele>
      </trkpt>
      <trkpt lat="-38.16755864962808" lon="176.312868586687">
        <ele>450</ele>
      </trkpt>
      <trkpt lat="-38.16762159069236" lon="176.312875262254">
        <ele>451</ele>
      </trkpt>
      <trkpt lat="-38.1677131413313" lon="176.3128542819">
        <ele>453</ele>
      </trkpt>
      <trkpt lat="-38.16777989700553" lon="176.31282757963">
        <ele>454</ele>
      </trkpt>
      <trkpt lat="-38.1678266259775" lon="176.312784665268">
        <ele>454</ele>
      </trkpt>
      <trkpt lat="-38.16787621590692" lon="176.312754148388">
        <ele>455</ele>
      </trkpt>
      <trkpt lat="-38.16793343505627" lon="176.312681670799">
        <ele>456</ele>
      </trkpt>
      <trkpt lat="-38.16799065420561" lon="176.31265115392">
        <ele>457</ele>
      </trkpt>
      <trkpt lat="-38.16806027083731" lon="176.3126435247">
        <ele>458</ele>
      </trkpt>
      <trkpt lat="-38.16811272172421" lon="176.31265115392">
        <ele>458</ele>
      </trkpt>
      <trkpt lat="-38.16814705321381" lon="176.312686439062">
        <ele>459</ele>
      </trkpt>
      <trkpt lat="-38.16822525271791" lon="176.312705512111">
        <ele>460</ele>
      </trkpt>
      <trkpt lat="-38.1682519549876" lon="176.312757009346">
        <ele>460</ele>
      </trkpt>
      <trkpt lat="-38.16824241846271" lon="176.312833301545">
        <ele>460</ele>
      </trkpt>
      <trkpt lat="-38.16820522601564" lon="176.312911501049">
        <ele>460</ele>
      </trkpt>
      <trkpt lat="-38.16816803356857" lon="176.312989700553">
        <ele>459</ele>
      </trkpt>
      <trkpt lat="-38.16815086782377" lon="176.313052641617">
        <ele>459</ele>
      </trkpt>
      <trkpt lat="-38.16813274842647" lon="176.313116536334">
        <ele>459</ele>
      </trkpt>
      <trkpt lat="-38.16808983406447" lon="176.313184245661">
        <ele>458</ele>
      </trkpt>
      <trkpt lat="-38.16804691970246" lon="176.31325290864">
        <ele>457</ele>
      </trkpt>
      <trkpt lat="-38.16799542246805" lon="176.313318710662">
        <ele>456</ele>
      </trkpt>
      <trkpt lat="-38.1679219912264" lon="176.313348273889">
        <ele>454</ele>
      </trkpt>
      <trkpt lat="-38.16784855998474" lon="176.313378790769">
        <ele>453</ele>
      </trkpt>
      <trkpt lat="-38.16777226778562" lon="176.313405493038">
        <ele>452</ele>
      </trkpt>
      <trkpt lat="-38.1676959755865" lon="176.313432195308">
        <ele>450</ele>
      </trkpt>
      <trkpt lat="-38.16757581537288" lon="176.313485599847">
        <ele>448</ele>
      </trkpt>
      <trkpt lat="-38.16754053023079" lon="176.313519931337">
        <ele>447</ele>
      </trkpt>
      <trkpt lat="-38.16752431813847" lon="176.313559984742">
        <ele>447</ele>
      </trkpt>
      <trkpt lat="-38.1675309937059" lon="176.313613389281">
        <ele>447</ele>
      </trkpt>
      <trkpt lat="-38.1675481594507" lon="176.313660118253">
        <ele>447</ele>
      </trkpt>
      <trkpt lat="-38.16758725920275" lon="176.313723059317">
        <ele>448</ele>
      </trkpt>
      <trkpt lat="-38.1676263589548" lon="176.313786000381">
        <ele>448</ele>
      </trkpt>
      <trkpt lat="-38.16769120732405" lon="176.313861338928">
        <ele>450</ele>
      </trkpt>
      <trkpt lat="-38.16773698264353" lon="176.313931909212">
        <ele>451</ele>
      </trkpt>
      <trkpt lat="-38.167782757963" lon="176.314003433149">
        <ele>451</ele>
      </trkpt>
      <trkpt lat="-38.16781041388519" lon="176.314056837688">
        <ele>452</ele>
      </trkpt>
      <trkpt lat="-38.16784093076483" lon="176.314156017547">
        <ele>452</ele>
      </trkpt>
      <trkpt lat="-38.16787240129697" lon="176.314230402441">
        <ele>453</ele>
      </trkpt>
      <trkpt lat="-38.16791436200648" lon="176.314269502193">
        <ele>455</ele>
      </trkpt>
      <trkpt lat="-38.16795060080107" lon="176.314286667938">
        <ele>455</ele>
      </trkpt>
      <trkpt lat="-38.1679916078581" lon="176.314294297158">
        <ele>456</ele>
      </trkpt>
      <trkpt lat="-38.16807552927713" lon="176.314283806981">
        <ele>458</ele>
      </trkpt>
      <trkpt lat="-38.16814228495137" lon="176.314266641236">
        <ele>459</ele>
      </trkpt>
      <trkpt lat="-38.16823383559031" lon="176.314251382796">
        <ele>461</ele>
      </trkpt>
      <trkpt lat="-38.16831871066184" lon="176.314249475491">
        <ele>462</ele>
      </trkpt>
      <trkpt lat="-38.16841598321572" lon="176.314262826626">
        <ele>463</ele>
      </trkpt>
      <trkpt lat="-38.16851039481213" lon="176.31430669464">
        <ele>464</ele>
      </trkpt>
      <trkpt lat="-38.16862292580583" lon="176.314384894145">
        <ele>465</ele>
      </trkpt>
      <trkpt lat="-38.16879076864391" lon="176.314658592409">
        <ele>467</ele>
      </trkpt>
      <trkpt lat="-38.16886419988556" lon="176.314755864963">
        <ele>467</ele>
      </trkpt>
      <trkpt lat="-38.16889757772268" lon="176.31481975968">
        <ele>467</ele>
      </trkpt>
      <trkpt lat="-38.16893000190731" lon="176.314884608049">
        <ele>467</ele>
      </trkpt>
      <trkpt lat="-38.16894907495709" lon="176.314946595461">
        <ele>467</ele>
      </trkpt>
      <trkpt lat="-38.16891569711997" lon="176.315008582872">
        <ele>466</ele>
      </trkpt>
      <trkpt lat="-38.16888613389281" lon="176.31501907305">
        <ele>466</ele>
      </trkpt>
      <trkpt lat="-38.16883845126836" lon="176.314998092695">
        <ele>466</ele>
      </trkpt>
      <trkpt lat="-38.16858001144383" lon="176.314782567232">
        <ele>465</ele>
      </trkpt>
      <trkpt lat="-38.16847224871257" lon="176.31474346748">
        <ele>464</ele>
      </trkpt>
      <trkpt lat="-38.16836734693878" lon="176.31476254053">
        <ele>464</ele>
      </trkpt>
      <trkpt lat="-38.16833110814419" lon="176.314784474537">
        <ele>463</ele>
      </trkpt>
      <trkpt lat="-38.16827007438489" lon="176.314887469006">
        <ele>463</ele>
      </trkpt>
      <trkpt lat="-38.16826435246996" lon="176.31497711234">
        <ele>463</ele>
      </trkpt>
      <trkpt lat="-38.16821571619302" lon="176.315005721915">
        <ele>462</ele>
      </trkpt>
      <trkpt lat="-38.16819282853329" lon="176.31500381461">
        <ele>462</ele>
      </trkpt>
      <trkpt lat="-38.16814514590883" lon="176.31497329773">
        <ele>461</ele>
      </trkpt>
      <trkpt lat="-38.16811176807172" lon="176.314903681099">
        <ele>461</ele>
      </trkpt>
      <trkpt lat="-38.16804596604997" lon="176.314886515354">
        <ele>460</ele>
      </trkpt>
      <trkpt lat="-38.16798779324814" lon="176.314895098226">
        <ele>459</ele>
      </trkpt>
      <trkpt lat="-38.16790101087164" lon="176.314954224681">
        <ele>458</ele>
      </trkpt>
      <trkpt lat="-38.16782090406256" lon="176.314953271028">
        <ele>457</ele>
      </trkpt>
      <trkpt lat="-38.16773221438108" lon="176.314936105283">
        <ele>456</ele>
      </trkpt>
      <trkpt lat="-38.16765687583445" lon="176.314916078581">
        <ele>455</ele>
      </trkpt>
      <trkpt lat="-38.16758058363533" lon="176.314896051879">
        <ele>454</ele>
      </trkpt>
      <trkpt lat="-38.16749761586878" lon="176.314908449361">
        <ele>453</ele>
      </trkpt>
      <trkpt lat="-38.16743658210948" lon="176.314985695213">
        <ele>452</ele>
      </trkpt>
      <trkpt lat="-38.16742513827961" lon="176.315070570284">
        <ele>451</ele>
      </trkpt>
      <trkpt lat="-38.16741274079725" lon="176.315156399008">
        <ele>451</ele>
      </trkpt>
      <trkpt lat="-38.16742895288957" lon="176.315232691207">
        <ele>450</ele>
      </trkpt>
      <trkpt lat="-38.1674442113294" lon="176.315309937059">
        <ele>450</ele>
      </trkpt>
      <trkpt lat="-38.16757581537288" lon="176.315726683197">
        <ele>450</ele>
      </trkpt>
      <trkpt lat="-38.16781613580012" lon="176.316230211711">
        <ele>449</ele>
      </trkpt>
      <trkpt lat="-38.16784665267976" lon="176.31631794774">
        <ele>449</ele>
      </trkpt>
      <trkpt lat="-38.16787716955941" lon="176.316405683769">
        <ele>448</ele>
      </trkpt>
      <trkpt lat="-38.16788765973679" lon="176.316502956323">
        <ele>447</ele>
      </trkpt>
      <trkpt lat="-38.16789719626168" lon="176.316601182529">
        <ele>446</ele>
      </trkpt>
      <trkpt lat="-38.16792008392142" lon="176.316690825863">
        <ele>445</ele>
      </trkpt>
      <trkpt lat="-38.16794297158116" lon="176.316780469197">
        <ele>445</ele>
      </trkpt>
      <trkpt lat="-38.16796109097845" lon="176.316826244517">
        <ele>445</ele>
      </trkpt>
      <trkpt lat="-38.16803738317757" lon="176.316947358383">
        <ele>446</ele>
      </trkpt>
      <trkpt lat="-38.16812988746901" lon="176.317036048064">
        <ele>447</ele>
      </trkpt>
      <trkpt lat="-38.16825100133511" lon="176.317066564944">
        <ele>448</ele>
      </trkpt>
      <trkpt lat="-38.16831871066184" lon="176.317067518596">
        <ele>449</ele>
      </trkpt>
      <trkpt lat="-38.16838546633607" lon="176.317069425901">
        <ele>450</ele>
      </trkpt>
      <trkpt lat="-38.16849227541484" lon="176.317100896433">
        <ele>450</ele>
      </trkpt>
      <trkpt lat="-38.16856189204654" lon="176.317101850086">
        <ele>450</ele>
      </trkpt>
      <trkpt lat="-38.16863150867824" lon="176.317103757391">
        <ele>451</ele>
      </trkpt>
      <trkpt lat="-38.16872496662216" lon="176.317078008774">
        <ele>452</ele>
      </trkpt>
      <trkpt lat="-38.16875357619683" lon="176.317033187107">
        <ele>452</ele>
      </trkpt>
      <trkpt lat="-38.16878218577151" lon="176.31696547778">
        <ele>453</ele>
      </trkpt>
      <trkpt lat="-38.16878123211902" lon="176.316881556361">
        <ele>454</ele>
      </trkpt>
      <trkpt lat="-38.16880507343124" lon="176.316838641999">
        <ele>454</ele>
      </trkpt>
      <trkpt lat="-38.16884131222583" lon="176.316827198169">
        <ele>454</ele>
      </trkpt>
      <trkpt lat="-38.16886896814801" lon="176.316841502956">
        <ele>454</ele>
      </trkpt>
      <trkpt lat="-38.16890902155255" lon="176.316900629411">
        <ele>454</ele>
      </trkpt>
      <trkpt lat="-38.16895002860958" lon="176.316926378028">
        <ele>454</ele>
      </trkpt>
      <trkpt lat="-38.16899008201412" lon="176.31696929239">
        <ele>454</ele>
      </trkpt>
      <trkpt lat="-38.16910070570285" lon="176.316977875262">
        <ele>455</ele>
      </trkpt>
      <trkpt lat="-38.16921037573908" lon="176.316987411787">
        <ele>455</ele>
      </trkpt>
      <trkpt lat="-38.16923803166127" lon="176.317015067709">
        <ele>455</ele>
      </trkpt>
      <trkpt lat="-38.16925519740607" lon="176.317087545299">
        <ele>455</ele>
      </trkpt>
      <trkpt lat="-38.16927140949838" lon="176.317160022888">
        <ele>455</ele>
      </trkpt>
      <trkpt lat="-38.16926378027847" lon="176.317222010299">
        <ele>454</ele>
      </trkpt>
      <trkpt lat="-38.16923230974633" lon="176.317275414839">
        <ele>454</ele>
      </trkpt>
      <trkpt lat="-38.16917985885944" lon="176.317312607286">
        <ele>455</ele>
      </trkpt>
      <trkpt lat="-38.16910547396529" lon="176.317347892428">
        <ele>454</ele>
      </trkpt>
      <trkpt lat="-38.16903013541865" lon="176.31738317757">
        <ele>453</ele>
      </trkpt>
      <trkpt lat="-38.16914075910739" lon="176.317385084875">
        <ele>454</ele>
      </trkpt>
      <trkpt lat="-38.16925138279611" lon="176.317387945833">
        <ele>454</ele>
      </trkpt>
      <trkpt lat="-38.16963856570666" lon="176.317446118634">
        <ele>453</ele>
      </trkpt>
      <trkpt lat="-38.17029944688156" lon="176.317532901011">
        <ele>449</ele>
      </trkpt>
      <trkpt lat="-38.17041865344269" lon="176.317637802785">
        <ele>448</ele>
      </trkpt>
      <trkpt lat="-38.17077818043105" lon="176.317992561511">
        <ele>447</ele>
      </trkpt>
      <trkpt lat="-38.17085924089262" lon="176.318092695022">
        <ele>447</ele>
      </trkpt>
      <trkpt lat="-38.1709393477017" lon="176.318192828533">
        <ele>448</ele>
      </trkpt>
      <trkpt lat="-38.17107190539767" lon="176.318461758535">
        <ele>450</ele>
      </trkpt>
      <trkpt lat="-38.17111768071715" lon="176.318544726302">
        <ele>450</ele>
      </trkpt>
      <trkpt lat="-38.17116345603662" lon="176.318627694068">
        <ele>451</ele>
      </trkpt>
      <trkpt lat="-38.17186248331108" lon="176.32">
        <ele>453</ele>
      </trkpt>
      <trkpt lat="-38.17186248331108" lon="176.32">
        <ele>453</ele>
      </trkpt>
      <trkpt lat="-38.1725910738127" lon="176.321408544726">
        <ele>457</ele>
      </trkpt>
      <trkpt lat="-38.17264447835209" lon="176.32152870494">
        <ele>457</ele>
      </trkpt>
      <trkpt lat="-38.17266927331681" lon="176.321636467671">
        <ele>458</ele>
      </trkpt>
      <trkpt lat="-38.17270551211138" lon="176.321625977494">
        <ele>458</ele>
      </trkpt>
      <trkpt lat="-38.17280183101278" lon="176.321564943735">
        <ele>459</ele>
      </trkpt>
      <trkpt lat="-38.17288098416937" lon="176.321609765401">
        <ele>460</ele>
      </trkpt>
      <trkpt lat="-38.17307552927713" lon="176.321727064658">
        <ele>463</ele>
      </trkpt>
      <trkpt lat="-38.17336257867633" lon="176.321937821858">
        <ele>466</ele>
      </trkpt>
      <trkpt lat="-38.17362674041579" lon="176.322198168987">
        <ele>471</ele>
      </trkpt>
      <trkpt lat="-38.17430192637803" lon="176.323166126264">
        <ele>486</ele>
      </trkpt>
      <trkpt lat="-38.17438489414457" lon="176.323336830059">
        <ele>489</ele>
      </trkpt>
      <trkpt lat="-38.17442304024414" lon="176.32352088499">
        <ele>489</ele>
      </trkpt>
      <trkpt lat="-38.17448979591837" lon="176.32367060843">
        <ele>489</ele>
      </trkpt>
      <trkpt lat="-38.17482929620446" lon="176.324280946023">
        <ele>492</ele>
      </trkpt>
      <trkpt lat="-38.17508868968148" lon="176.324711996948">
        <ele>487</ele>
      </trkpt>
      <trkpt lat="-38.17531661262636" lon="176.325029563227">
        <ele>487</ele>
      </trkpt>
      <trkpt lat="-38.17558363532329" lon="176.325344268549">
        <ele>490</ele>
      </trkpt>
      <trkpt lat="-38.17573812702651" lon="176.325479687202">
        <ele>492</ele>
      </trkpt>
      <trkpt lat="-38.17585828724013" lon="176.325556933054">
        <ele>493</ele>
      </trkpt>
      <trkpt lat="-38.17610528323479" lon="176.32565134465">
        <ele>492</ele>
      </trkpt>
      <trkpt lat="-38.17633415983216" lon="176.325682815182">
        <ele>493</ele>
      </trkpt>
      <trkpt lat="-38.17730783902346" lon="176.325724775892">
        <ele>495</ele>
      </trkpt>
      <trkpt lat="-38.17789147434675" lon="176.325725729544">
        <ele>496</ele>
      </trkpt>
      <trkpt lat="-38.17822811367538" lon="176.325758153729">
        <ele>497</ele>
      </trkpt>
      <trkpt lat="-38.1783301544917" lon="176.325747663551">
        <ele>498</ele>
      </trkpt>
      <trkpt lat="-38.1783301544917" lon="176.325747663551">
        <ele>498</ele>
      </trkpt>
      <trkpt lat="-38.17850562654969" lon="176.325789624261">
        <ele>497</ele>
      </trkpt>
      <trkpt lat="-38.17850562654969" lon="176.325789624261">
        <ele>497</ele>
      </trkpt>
      <trkpt lat="-38.17868014495518" lon="176.325781041388">
        <ele>497</ele>
      </trkpt>
      <trkpt lat="-38.17868014495518" lon="176.325781041388">
        <ele>497</ele>
      </trkpt>
      <trkpt lat="-38.17881460995613" lon="176.325722868587">
        <ele>498</ele>
      </trkpt>
      <trkpt lat="-38.17889662407019" lon="176.325696166317">
        <ele>498</ele>
      </trkpt>
      <trkpt lat="-38.17909784474538" lon="176.325772458516">
        <ele>497</ele>
      </trkpt>
      <trkpt lat="-38.17909784474538" lon="176.325772458516">
        <ele>497</ele>
      </trkpt>
      <trkpt lat="-38.17942971581156" lon="176.325782948693">
        <ele>495</ele>
      </trkpt>
      <trkpt lat="-38.17942971581156" lon="176.325782948693">
        <ele>495</ele>
      </trkpt>
      <trkpt lat="-38.17959565134465" lon="176.325768643906">
        <ele>495</ele>
      </trkpt>
      <trkpt lat="-38.17959565134465" lon="176.325768643906">
        <ele>495</ele>
      </trkpt>
      <trkpt lat="-38.17968148006867" lon="176.325787716956">
        <ele>494</ele>
      </trkpt>
      <trkpt lat="-38.17968148006867" lon="176.325787716956">
        <ele>494</ele>
      </trkpt>
      <trkpt lat="-38.17988079343887" lon="176.325739080679">
        <ele>493</ele>
      </trkpt>
      <trkpt lat="-38.1799828342552" lon="176.325747663551">
        <ele>492</ele>
      </trkpt>
      <trkpt lat="-38.1799828342552" lon="176.325747663551">
        <ele>492</ele>
      </trkpt>
      <trkpt lat="-38.18005817280183" lon="176.325810604616">
        <ele>491</ele>
      </trkpt>
      <trkpt lat="-38.18012492847606" lon="176.325923135609">
        <ele>491</ele>
      </trkpt>
      <trkpt lat="-38.18012492847606" lon="176.325923135609">
        <ele>491</ele>
      </trkpt>
      <trkpt lat="-38.18029658592409" lon="176.326032805646">
        <ele>490</ele>
      </trkpt>
      <trkpt lat="-38.18029658592409" lon="176.326032805646">
        <ele>490</ele>
      </trkpt>
      <trkpt lat="-38.1805130650391" lon="176.326110051497">
        <ele>489</ele>
      </trkpt>
      <trkpt lat="-38.18057600610337" lon="176.326173946214">
        <ele>488</ele>
      </trkpt>
      <trkpt lat="-38.18064276177761" lon="176.326275033378">
        <ele>487</ele>
      </trkpt>
      <trkpt lat="-38.18064276177761" lon="176.326275033378">
        <ele>487</ele>
      </trkpt>
      <trkpt lat="-38.1807648292962" lon="176.326345603662">
        <ele>485</ele>
      </trkpt>
      <trkpt lat="-38.1807648292962" lon="176.326345603662">
        <ele>485</ele>
      </trkpt>
      <trkpt lat="-38.18087163837497" lon="176.326454320046">
        <ele>484</ele>
      </trkpt>
      <trkpt lat="-38.18087163837497" lon="176.326454320046">
        <ele>484</ele>
      </trkpt>
      <trkpt lat="-38.1809994278085" lon="176.326558268167">
        <ele>484</ele>
      </trkpt>
      <trkpt lat="-38.1809994278085" lon="176.326558268167">
        <ele>484</ele>
      </trkpt>
      <trkpt lat="-38.18126835781041" lon="176.326504863628">
        <ele>487</ele>
      </trkpt>
      <trkpt lat="-38.18126835781041" lon="176.326504863628">
        <ele>487</ele>
      </trkpt>
      <trkpt lat="-38.1813999618539" lon="176.326522029372">
        <ele>488</ele>
      </trkpt>
      <trkpt lat="-38.1813999618539" lon="176.326522029372">
        <ele>488</ele>
      </trkpt>
      <trkpt lat="-38.18187678809841" lon="176.326728971963">
        <ele>486</ele>
      </trkpt>
      <trkpt lat="-38.18187678809841" lon="176.326728971963">
        <ele>486</ele>
      </trkpt>
      <trkpt lat="-38.18214190349037" lon="176.326872019836">
        <ele>483</ele>
      </trkpt>
      <trkpt lat="-38.18230116345603" lon="176.32693114629">
        <ele>482</ele>
      </trkpt>
      <trkpt lat="-38.18267308792676" lon="176.327248712569">
        <ele>471</ele>
      </trkpt>
      <trkpt lat="-38.18289719626168" lon="176.327389853138">
        <ele>466</ele>
      </trkpt>
      <trkpt lat="-38.18364867442304" lon="176.327613961472">
        <ele>458</ele>
      </trkpt>
      <trkpt lat="-38.18377455655159" lon="176.327712187679">
        <ele>456</ele>
      </trkpt>
      <trkpt lat="-38.1838346366584" lon="176.327775128743">
        <ele>454</ele>
      </trkpt>
      <trkpt lat="-38.18390806790006" lon="176.32780850658">
        <ele>453</ele>
      </trkpt>
      <trkpt lat="-38.18398149914171" lon="176.327813274843">
        <ele>453</ele>
      </trkpt>
      <trkpt lat="-38.18405588403586" lon="176.327788479878">
        <ele>453</ele>
      </trkpt>
      <trkpt lat="-38.18415315658974" lon="176.327674041579">
        <ele>456</ele>
      </trkpt>
      <trkpt lat="-38.18419702460423" lon="176.327637802785">
        <ele>456</ele>
      </trkpt>
      <trkpt lat="-38.18426187297349" lon="176.327649246615">
        <ele>456</ele>
      </trkpt>
      <trkpt lat="-38.18436963570475" lon="176.327682624452">
        <ele>454</ele>
      </trkpt>
      <trkpt lat="-38.18446690825863" lon="176.32778561892">
        <ele>451</ele>
      </trkpt>
      <trkpt lat="-38.18454415411024" lon="176.327843791722">
        <ele>450</ele>
      </trkpt>
      <trkpt lat="-38.1846519168415" lon="176.327874308602">
        <ele>449</ele>
      </trkpt>
      <trkpt lat="-38.18469673850849" lon="176.327860003815">
        <ele>449</ele>
      </trkpt>
      <trkpt lat="-38.18474156017547" lon="176.327825672325">
        <ele>449</ele>
      </trkpt>
      <trkpt lat="-38.18479687201983" lon="176.327729353424">
        <ele>451</ele>
      </trkpt>
      <trkpt lat="-38.18484074003433" lon="176.327617776082">
        <ele>453</ele>
      </trkpt>
      <trkpt lat="-38.18490844936105" lon="176.327580583635">
        <ele>454</ele>
      </trkpt>
      <trkpt lat="-38.18495517833301" lon="176.32758249094">
        <ele>453</ele>
      </trkpt>
      <trkpt lat="-38.18502002670227" lon="176.327613961472">
        <ele>452</ele>
      </trkpt>
      <trkpt lat="-38.18505531184436" lon="176.327648292962">
        <ele>451</ele>
      </trkpt>
      <trkpt lat="-38.18518691588785" lon="176.327705512111">
        <ele>449</ele>
      </trkpt>
      <trkpt lat="-38.18536048064085" lon="176.327943925234">
        <ele>443</ele>
      </trkpt>
      <trkpt lat="-38.1854091169178" lon="176.32804596605">
        <ele>441</ele>
      </trkpt>
      <trkpt lat="-38.18545584588976" lon="176.328055502575">
        <ele>441</ele>
      </trkpt>
      <trkpt lat="-38.1855302307839" lon="176.327972534808">
        <ele>441</ele>
      </trkpt>
      <trkpt lat="-38.18554167461377" lon="176.327897196262">
        <ele>442</ele>
      </trkpt>
      <trkpt lat="-38.18560556933053" lon="176.327755102041">
        <ele>444</ele>
      </trkpt>
      <trkpt lat="-38.18578962426092" lon="176.327621590692">
        <ele>444</ele>
      </trkpt>
      <trkpt lat="-38.1859393477017" lon="176.327465191684">
        <ele>445</ele>
      </trkpt>
      <trkpt lat="-38.18619301926378" lon="176.327298302499">
        <ele>446</ele>
      </trkpt>
      <trkpt lat="-38.18636753766927" lon="176.327221056647">
        <ele>446</ele>
      </trkpt>
      <trkpt lat="-38.18677951554454" lon="176.3271457181">
        <ele>442</ele>
      </trkpt>
      <trkpt lat="-38.18689586114819" lon="176.327170513065">
        <ele>441</ele>
      </trkpt>
      <trkpt lat="-38.18702841884417" lon="176.3271457181">
        <ele>440</ele>
      </trkpt>
      <trkpt lat="-38.18715239366774" lon="176.32714190349">
        <ele>439</ele>
      </trkpt>
      <trkpt lat="-38.18740225061987" lon="176.326790959374">
        <ele>441</ele>
      </trkpt>
      <trkpt lat="-38.18771123402632" lon="176.326642189586">
        <ele>441</ele>
      </trkpt>
      <trkpt lat="-38.18847320236505" lon="176.326438107953">
        <ele>440</ele>
      </trkpt>
      <trkpt lat="-38.18868109860767" lon="176.32631413313">
        <ele>442</ele>
      </trkpt>
      <trkpt lat="-38.18898054548922" lon="176.326201602136">
        <ele>444</ele>
      </trkpt>
      <trkpt lat="-38.18934579439252" lon="176.325863055503">
        <ele>452</ele>
      </trkpt>
      <trkpt lat="-38.18964619492657" lon="176.325696166317">
        <ele>455</ele>
      </trkpt>
      <trkpt lat="-38.18975491131032" lon="176.325661834827">
        <ele>456</ele>
      </trkpt>
      <trkpt lat="-38.18995041007057" lon="176.325712378409">
        <ele>454</ele>
      </trkpt>
      <trkpt lat="-38.19016688918558" lon="176.325691398055">
        <ele>453</ele>
      </trkpt>
      <trkpt lat="-38.19057695975587" lon="176.325420560748">
        <ele>457</ele>
      </trkpt>
      <trkpt lat="-38.19132843791722" lon="176.325095365249">
        <ele>456</ele>
      </trkpt>
      <trkpt lat="-38.19176711806217" lon="176.32501525844">
        <ele>453</ele>
      </trkpt>
      <trkpt lat="-38.19197596795728" lon="176.324874117871">
        <ele>458</ele>
      </trkpt>
      <trkpt lat="-38.19216669845508" lon="176.324864581347">
        <ele>457</ele>
      </trkpt>
      <trkpt lat="-38.19283806980736" lon="176.325101087164">
        <ele>445</ele>
      </trkpt>
      <trkpt lat="-38.19296776654587" lon="176.324864581347">
        <ele>451</ele>
      </trkpt>
      <trkpt lat="-38.19315754339119" lon="176.324658592409">
        <ele>455</ele>
      </trkpt>
      <trkpt lat="-38.19339881747091" lon="176.324476444783">
        <ele>457</ele>
      </trkpt>
      <trkpt lat="-38.19351993133702" lon="176.324276177761">
        <ele>461</ele>
      </trkpt>
      <trkpt lat="-38.19399008201411" lon="176.324064466908">
        <ele>457</ele>
      </trkpt>
      <trkpt lat="-38.19415983215716" lon="176.323937631127">
        <ele>457</ele>
      </trkpt>
      <trkpt lat="-38.19428285332825" lon="176.323957657829">
        <ele>456</ele>
      </trkpt>
      <trkpt lat="-38.19455369063513" lon="176.324133129887">
        <ele>451</ele>
      </trkpt>
      <trkpt lat="-38.19466431432386" lon="176.324486934961">
        <ele>445</ele>
      </trkpt>
      <trkpt lat="-38.19472820904063" lon="176.324646194927">
        <ele>443</ele>
      </trkpt>
      <trkpt lat="-38.19482166698455" lon="176.324676711806">
        <ele>442</ele>
      </trkpt>
      <trkpt lat="-38.19490844936105" lon="176.324654777799">
        <ele>443</ele>
      </trkpt>
      <trkpt lat="-38.19516116727065" lon="176.32434865535">
        <ele>445</ele>
      </trkpt>
      <trkpt lat="-38.19519263780278" lon="176.324044440206">
        <ele>450</ele>
      </trkpt>
      <trkpt lat="-38.19520789624261" lon="176.323783139424">
        <ele>456</ele>
      </trkpt>
      <trkpt lat="-38.19525843982453" lon="176.323646767118">
        <ele>458</ele>
      </trkpt>
      <trkpt lat="-38.19540339500286" lon="176.323585733359">
        <ele>458</ele>
      </trkpt>
      <trkpt lat="-38.19565134465001" lon="176.323570474919">
        <ele>455</ele>
      </trkpt>
      <trkpt lat="-38.19577341216861" lon="176.323497043677">
        <ele>456</ele>
      </trkpt>
      <trkpt lat="-38.19600324241846" lon="176.323225252718">
        <ele>462</ele>
      </trkpt>
      <trkpt lat="-38.19631985504482" lon="176.323058363532">
        <ele>465</ele>
      </trkpt>
      <trkpt lat="-38.19657638756437" lon="176.32301926378">
        <ele>464</ele>
      </trkpt>
      <trkpt lat="-38.19679477398436" lon="176.323041197788">
        <ele>465</ele>
      </trkpt>
      <trkpt lat="-38.19694926568758" lon="176.32300400534">
        <ele>470</ele>
      </trkpt>
      <trkpt lat="-38.19715811558268" lon="176.323055502575">
        <ele>473</ele>
      </trkpt>
      <trkpt lat="-38.19722296395194" lon="176.323209994278">
        <ele>468</ele>
      </trkpt>
      <trkpt lat="-38.19736791913027" lon="176.323598130841">
        <ele>459</ele>
      </trkpt>
      <trkpt lat="-38.19756723250048" lon="176.323883272935">
        <ele>457</ele>
      </trkpt>
      <trkpt lat="-38.19771790959374" lon="176.324050162121">
        <ele>459</ele>
      </trkpt>
      <trkpt lat="-38.19792580583635" lon="176.324125500668">
        <ele>465</ele>
      </trkpt>
      <trkpt lat="-38.19810699980927" lon="176.324293343506">
        <ele>465</ele>
      </trkpt>
      <trkpt lat="-38.1981823383559" lon="176.324416364677">
        <ele>463</ele>
      </trkpt>
      <trkpt lat="-38.19839595651344" lon="176.324291436201">
        <ele>474</ele>
      </trkpt>
      <trkpt lat="-38.19876883463666" lon="176.324239938966">
        <ele>482</ele>
      </trkpt>
      <trkpt lat="-38.19910070570284" lon="176.324119778753">
        <ele>493</ele>
      </trkpt>
      <trkpt lat="-38.19922944878886" lon="176.324017737936">
        <ele>498</ele>
      </trkpt>
      <trkpt lat="-38.19937535761968" lon="176.324113103185">
        <ele>492</ele>
      </trkpt>
      <trkpt lat="-38.1995737173374" lon="176.324133129887">
        <ele>490</ele>
      </trkpt>
      <trkpt lat="-38.19976635514018" lon="176.324084493611">
        <ele>491</ele>
      </trkpt>
      <trkpt lat="-38.19998378790768" lon="176.324138851802">
        <ele>486</ele>
      </trkpt>
      <trkpt lat="-38.2" lon="176.32413789815">
        <ele>486</ele>
      </trkpt>
      <trkpt lat="-38.20000000000002" lon="176.32413789815">
        <ele>486</ele>
      </trkpt>
      <trkpt lat="-38.20012397482358" lon="176.324127407973">
        <ele>487</ele>
      </trkpt>
      <trkpt lat="-38.20025557886706" lon="176.324041579249">
        <ele>491</ele>
      </trkpt>
      <trkpt lat="-38.20042246805264" lon="176.323847034141">
        <ele>500</ele>
      </trkpt>
      <trkpt lat="-38.20054930383368" lon="176.323711615487">
        <ele>506</ele>
      </trkpt>
      <trkpt lat="-38.20061892046538" lon="176.323609574671">
        <ele>510</ele>
      </trkpt>
      <trkpt lat="-38.20079343887087" lon="176.323408353996">
        <ele>516</ele>
      </trkpt>
      <trkpt lat="-38.2009565134465" lon="176.323403585733">
        <ele>520</ele>
      </trkpt>
      <trkpt lat="-38.20113293915697" lon="176.323547587259">
        <ele>519</ele>
      </trkpt>
      <trkpt lat="-38.20120637039863" lon="176.32372019836">
        <ele>513</ele>
      </trkpt>
      <trkpt lat="-38.20141045203128" lon="176.323902345985">
        <ele>510</ele>
      </trkpt>
      <trkpt lat="-38.20169273316804" lon="176.324012016021">
        <ele>511</ele>
      </trkpt>
      <trkpt lat="-38.20183101277895" lon="176.324162693115">
        <ele>508</ele>
      </trkpt>
      <trkpt lat="-38.2019998092695" lon="176.324228495136">
        <ele>512</ele>
      </trkpt>
      <trkpt lat="-38.20223345412931" lon="176.324231356094">
        <ele>520</ele>
      </trkpt>
      <trkpt lat="-38.20234598512302" lon="176.324415411024">
        <ele>518</ele>
      </trkpt>
      <trkpt lat="-38.20243086019455" lon="176.324834064467">
        <ele>508</ele>
      </trkpt>
      <trkpt lat="-38.2025739080679" lon="176.324966622163">
        <ele>509</ele>
      </trkpt>
      <trkpt lat="-38.20302784665268" lon="176.325186915888">
        <ele>517</ele>
      </trkpt>
      <trkpt lat="-38.20318043105092" lon="176.325230783902">
        <ele>521</ele>
      </trkpt>
      <trkpt lat="-38.20333301544917" lon="176.325265115392">
        <ele>525</ele>
      </trkpt>
      <trkpt lat="-38.20344459279039" lon="176.32539862674">
        <ele>522</ele>
      </trkpt>
      <trkpt lat="-38.20354663360671" lon="176.325591264543">
        <ele>516</ele>
      </trkpt>
      <trkpt lat="-38.2035475872592" lon="176.326032805646">
        <ele>505</ele>
      </trkpt>
      <trkpt lat="-38.20351802403204" lon="176.326564943734">
        <ele>500</ele>
      </trkpt>
      <trkpt lat="-38.20356379935151" lon="176.326740415792">
        <ele>498</ele>
      </trkpt>
      <trkpt lat="-38.20351039481213" lon="176.327000762922">
        <ele>500</ele>
      </trkpt>
      <trkpt lat="-38.20331394239939" lon="176.327366965478">
        <ele>504</ele>
      </trkpt>
      <trkpt lat="-38.20317184817853" lon="176.327920083921">
        <ele>502</ele>
      </trkpt>
      <trkpt lat="-38.20304024413504" lon="176.32821857715">
        <ele>501</ele>
      </trkpt>
      <trkpt lat="-38.20297539576578" lon="176.328325386229">
        <ele>500</ele>
      </trkpt>
      <trkpt lat="-38.20300781995041" lon="176.328395956513">
        <ele>500</ele>
      </trkpt>
      <trkpt lat="-38.20316326530612" lon="176.328409307648">
        <ele>503</ele>
      </trkpt>
      <trkpt lat="-38.20336830059126" lon="176.3282757963">
        <ele>506</ele>
      </trkpt>
      <trkpt lat="-38.20341884417319" lon="176.328143238604">
        <ele>505</ele>
      </trkpt>
      <trkpt lat="-38.20342551974061" lon="176.327997329773">
        <ele>505</ele>
      </trkpt>
      <trkpt lat="-38.20335494945642" lon="176.32783139424">
        <ele>506</ele>
      </trkpt>
      <trkpt lat="-38.20336353232882" lon="176.327775128743">
        <ele>505</ele>
      </trkpt>
      <trkpt lat="-38.20380316612626" lon="176.327965859241">
        <ele>496</ele>
      </trkpt>
      <trkpt lat="-38.20392046538242" lon="176.327963951936">
        <ele>494</ele>
      </trkpt>
      <trkpt lat="-38.20406828151822" lon="176.327890520694">
        <ele>491</ele>
      </trkpt>
      <trkpt lat="-38.20418176616441" lon="176.327772267786">
        <ele>489</ele>
      </trkpt>
      <trkpt lat="-38.2044354377265" lon="176.327396528705">
        <ele>480</ele>
      </trkpt>
      <trkpt lat="-38.20444497425138" lon="176.327280183101">
        <ele>480</ele>
      </trkpt>
      <trkpt lat="-38.20435246995995" lon="176.326730879268">
        <ele>482</ele>
      </trkpt>
      <trkpt lat="-38.20421323669655" lon="176.326422849514">
        <ele>493</ele>
      </trkpt>
      <trkpt lat="-38.20423803166126" lon="176.32633702079">
        <ele>495</ele>
      </trkpt>
      <trkpt lat="-38.20429906542056" lon="176.326288384513">
        <ele>494</ele>
      </trkpt>
      <trkpt lat="-38.20459374403967" lon="176.326234026321">
        <ele>488</ele>
      </trkpt>
      <trkpt lat="-38.20492847606332" lon="176.326117680717">
        <ele>482</ele>
      </trkpt>
      <trkpt lat="-38.20518977684532" lon="176.325825863055">
        <ele>484</ele>
      </trkpt>
      <trkpt lat="-38.2052784665268" lon="176.325549303834">
        <ele>490</ele>
      </trkpt>
      <trkpt lat="-38.20532328819378" lon="176.325246042342">
        <ele>498</ele>
      </trkpt>
      <trkpt lat="-38.20536810986077" lon="176.325123974824">
        <ele>500</ele>
      </trkpt>
      <trkpt lat="-38.20548064085447" lon="176.325128743086">
        <ele>497</ele>
      </trkpt>
      <trkpt lat="-38.20572763684913" lon="176.325288956704">
        <ele>485</ele>
      </trkpt>
      <trkpt lat="-38.20587545298493" lon="176.325259393477">
        <ele>482</ele>
      </trkpt>
      <trkpt lat="-38.20600133511348" lon="176.325047682624">
        <ele>484</ele>
      </trkpt>
      <trkpt lat="-38.20603566660309" lon="176.324904634751">
        <ele>488</ele>
      </trkpt>
      <trkpt lat="-38.20619969483121" lon="176.324764447835">
        <ele>487</ele>
      </trkpt>
      <trkpt lat="-38.20645050543582" lon="176.324645241274">
        <ele>484</ele>
      </trkpt>
      <trkpt lat="-38.2065391951173" lon="176.324645241274">
        <ele>480</ele>
      </trkpt>
      <trkpt lat="-38.20664886515354" lon="176.324548922373">
        <ele>481</ele>
      </trkpt>
      <trkpt lat="-38.20676234979973" lon="176.324377264925">
        <ele>487</ele>
      </trkpt>
      <trkpt lat="-38.20676711806218" lon="176.324146481022">
        <ele>499</ele>
      </trkpt>
      <trkpt lat="-38.20686820522602" lon="176.323831775701">
        <ele>509</ele>
      </trkpt>
      <trkpt lat="-38.20697978256723" lon="176.323806027084">
        <ele>508</ele>
      </trkpt>
      <trkpt lat="-38.2073307266832" lon="176.323978638184">
        <ele>495</ele>
      </trkpt>
      <trkpt lat="-38.20761682242991" lon="176.323958611482">
        <ele>492</ele>
      </trkpt>
      <trkpt lat="-38.20801163456036" lon="176.324061605951">
        <ele>485</ele>
      </trkpt>
      <trkpt lat="-38.20859526988365" lon="176.323935723822">
        <ele>486</ele>
      </trkpt>
      <trkpt lat="-38.20878504672897" lon="176.323798397864">
        <ele>488</ele>
      </trkpt>
      <trkpt lat="-38.20909212283044" lon="176.323469387755">
        <ele>496</ele>
      </trkpt>
      <trkpt lat="-38.20924756818616" lon="176.32327961091">
        <ele>497</ele>
      </trkpt>
      <trkpt lat="-38.20927522410834" lon="176.323168033569">
        <ele>500</ele>
      </trkpt>
      <trkpt lat="-38.20937726492466" lon="176.323041197788">
        <ele>501</ele>
      </trkpt>
      <trkpt lat="-38.20959279038718" lon="176.322962044631">
        <ele>495</ele>
      </trkpt>
      <trkpt lat="-38.20977493801259" lon="176.322841884417">
        <ele>494</ele>
      </trkpt>
      <trkpt lat="-38.21006580202175" lon="176.322460423422">
        <ele>501</ele>
      </trkpt>
      <trkpt lat="-38.21021266450506" lon="176.322354567995">
        <ele>493</ele>
      </trkpt>
      <trkpt lat="-38.2103738317757" lon="176.32214953271">
        <ele>491</ele>
      </trkpt>
      <trkpt lat="-38.2104873164219" lon="176.322122830441">
        <ele>484</ele>
      </trkpt>
      <trkpt lat="-38.21065611291245" lon="176.321854854091">
        <ele>489</ele>
      </trkpt>
      <trkpt lat="-38.21075338546634" lon="176.321822429907">
        <ele>485</ele>
      </trkpt>
      <trkpt lat="-38.2108783139424" lon="176.321533473202">
        <ele>492</ele>
      </trkpt>
      <trkpt lat="-38.21085924089262" lon="176.321227350753">
        <ele>502</ele>
      </trkpt>
      <trkpt lat="-38.21101850085829" lon="176.3208430288">
        <ele>506</ele>
      </trkpt>
      <trkpt lat="-38.21129029181766" lon="176.320672325005">
        <ele>496</ele>
      </trkpt>
      <trkpt lat="-38.21139233263399" lon="176.320465382415">
        <ele>497</ele>
      </trkpt>
      <trkpt lat="-38.21182910547397" lon="176.32">
        <ele>493</ele>
      </trkpt>
      <trkpt lat="-38.21182910547397" lon="176.32">
        <ele>493</ele>
      </trkpt>
      <trkpt lat="-38.21192256341789" lon="176.319899866489">
        <ele>490</ele>
      </trkpt>
      <trkpt lat="-38.21190158306313" lon="176.319322906733">
        <ele>499</ele>
      </trkpt>
      <trkpt lat="-38.21195880221247" lon="176.31915315659">
        <ele>498</ele>
      </trkpt>
      <trkpt lat="-38.21225157352661" lon="176.319117871448">
        <ele>487</ele>
      </trkpt>
      <trkpt lat="-38.21248807934388" lon="176.319218958611">
        <ele>476</ele>
      </trkpt>
      <trkpt lat="-38.21256341789052" lon="176.31914934198">
        <ele>473</ele>
      </trkpt>
      <trkpt lat="-38.21269120732405" lon="176.31891569712">
        <ele>467</ele>
      </trkpt>
      <trkpt lat="-38.21275319473584" lon="176.318672515735">
        <ele>465</ele>
      </trkpt>
      <trkpt lat="-38.21277703604807" lon="176.318445546443">
        <ele>465</ele>
      </trkpt>
      <trkpt lat="-38.21258725920275" lon="176.318171848179">
        <ele>476</ele>
      </trkpt>
      <trkpt lat="-38.21253385466336" lon="176.317969673851">
        <ele>475</ele>
      </trkpt>
      <trkpt lat="-38.21242895288957" lon="176.317818996758">
        <ele>476</ele>
      </trkpt>
      <trkpt lat="-38.21212855235552" lon="176.317757009346">
        <ele>486</ele>
      </trkpt>
      <trkpt lat="-38.21197787526226" lon="176.317834255197">
        <ele>492</ele>
      </trkpt>
      <trkpt lat="-38.21185962235361" lon="176.317776082396">
        <ele>496</ele>
      </trkpt>
      <trkpt lat="-38.21175853518978" lon="176.317583444593">
        <ele>497</ele>
      </trkpt>
      <trkpt lat="-38.21158115582682" lon="176.31740606523">
        <ele>497</ele>
      </trkpt>
      <trkpt lat="-38.2115391951173" lon="176.317304024414">
        <ele>494</ele>
      </trkpt>
      <trkpt lat="-38.21147625405303" lon="176.317266831966">
        <ele>494</ele>
      </trkpt>
      <trkpt lat="-38.21123974823574" lon="176.317389853138">
        <ele>500</ele>
      </trkpt>
      <trkpt lat="-38.21114724394431" lon="176.317561510586">
        <ele>504</ele>
      </trkpt>
      <trkpt lat="-38.21096223536144" lon="176.317626358955">
        <ele>507</ele>
      </trkpt>
      <trkpt lat="-38.2106875834446" lon="176.317900057219">
        <ele>513</ele>
      </trkpt>
      <trkpt lat="-38.21067137135228" lon="176.318045012397">
        <ele>515</ele>
      </trkpt>
      <trkpt lat="-38.21061224489796" lon="176.318108907114">
        <ele>516</ele>
      </trkpt>
      <trkpt lat="-38.21055216479115" lon="176.318313942399">
        <ele>518</ele>
      </trkpt>
      <trkpt lat="-38.21037573908068" lon="176.318560938394">
        <ele>521</ele>
      </trkpt>
      <trkpt lat="-38.21024032042724" lon="176.318944306695">
        <ele>524</ele>
      </trkpt>
      <trkpt lat="-38.21018882319283" lon="176.319018691589">
        <ele>524</ele>
      </trkpt>
      <trkpt lat="-38.21010776273126" lon="176.319005340454">
        <ele>524</ele>
      </trkpt>
      <trkpt lat="-38.21006389471677" lon="176.31887373641">
        <ele>524</ele>
      </trkpt>
      <trkpt lat="-38.21003814609956" lon="176.318668701125">
        <ele>524</ele>
      </trkpt>
      <trkpt lat="-38.21005340453939" lon="176.318575243181">
        <ele>523</ele>
      </trkpt>
      <trkpt lat="-38.21022220102994" lon="176.318215716193">
        <ele>521</ele>
      </trkpt>
      <trkpt lat="-38.21030230783902" lon="176.317847606332">
        <ele>518</ele>
      </trkpt>
      <trkpt lat="-38.21025462521457" lon="176.31758249094">
        <ele>518</ele>
      </trkpt>
      <trkpt lat="-38.21005626549685" lon="176.317043677284">
        <ele>518</ele>
      </trkpt>
      <trkpt lat="-38.20995231737555" lon="176.316913026893">
        <ele>519</ele>
      </trkpt>
      <trkpt lat="-38.2097997329773" lon="176.316801449552">
        <ele>522</ele>
      </trkpt>
      <trkpt lat="-38.20960804882701" lon="176.316730879268">
        <ele>525</ele>
      </trkpt>
      <trkpt lat="-38.20921037573908" lon="176.316412359336">
        <ele>526</ele>
      </trkpt>
      <trkpt lat="-38.20904062559603" lon="176.316504863628">
        <ele>530</ele>
      </trkpt>
      <trkpt lat="-38.2089128361625" lon="176.31648674423">
        <ele>531</ele>
      </trkpt>
      <trkpt lat="-38.20889280946023" lon="176.316428571429">
        <ele>530</ele>
      </trkpt>
      <trkpt lat="-38.20877074194163" lon="176.316354186534">
        <ele>529</ele>
      </trkpt>
      <trkpt lat="-38.20870875452985" lon="176.31626072859">
        <ele>527</ele>
      </trkpt>
      <trkpt lat="-38.20880316612627" lon="176.316159641427">
        <ele>524</ele>
      </trkpt>
      <trkpt lat="-38.20890997520504" lon="176.316083349228">
        <ele>520</ele>
      </trkpt>
      <trkpt lat="-38.20902822811367" lon="176.315915506389">
        <ele>515</ele>
      </trkpt>
      <trkpt lat="-38.20923230974633" lon="176.315867823765">
        <ele>512</ele>
      </trkpt>
      <trkpt lat="-38.20949265687584" lon="176.315925042914">
        <ele>512</ele>
      </trkpt>
      <trkpt lat="-38.20979687201984" lon="176.316054739653">
        <ele>511</ele>
      </trkpt>
      <trkpt lat="-38.21003433148961" lon="176.315967957276">
        <ele>508</ele>
      </trkpt>
      <trkpt lat="-38.21014400152585" lon="176.315967957276">
        <ele>505</ele>
      </trkpt>
      <trkpt lat="-38.21021457181003" lon="176.316136753767">
        <ele>505</ele>
      </trkpt>
      <trkpt lat="-38.21033663932863" lon="176.31607285905">
        <ele>501</ele>
      </trkpt>
      <trkpt lat="-38.21051687964906" lon="176.315759107381">
        <ele>494</ele>
      </trkpt>
      <trkpt lat="-38.2106694640473" lon="176.315660881175">
        <ele>491</ele>
      </trkpt>
      <trkpt lat="-38.21081918748808" lon="176.315534045394">
        <ele>488</ele>
      </trkpt>
      <trkpt lat="-38.21106427617776" lon="176.315346175854">
        <ele>480</ele>
      </trkpt>
      <trkpt lat="-38.21114915124929" lon="176.315020026702">
        <ele>478</ele>
      </trkpt>
      <trkpt lat="-38.21107476635514" lon="176.314892237269">
        <ele>480</ele>
      </trkpt>
      <trkpt lat="-38.21091646004196" lon="176.314814037765">
        <ele>485</ele>
      </trkpt>
      <trkpt lat="-38.2106351325577" lon="176.31481975968">
        <ele>490</ele>
      </trkpt>
      <trkpt lat="-38.21037097081823" lon="176.31481594507">
        <ele>493</ele>
      </trkpt>
      <trkpt lat="-38.21014400152585" lon="176.314912263971">
        <ele>496</ele>
      </trkpt>
      <trkpt lat="-38.20966622162884" lon="176.314876978829">
        <ele>496</ele>
      </trkpt>
      <trkpt lat="-38.20959660499714" lon="176.31476254053">
        <ele>496</ele>
      </trkpt>
      <trkpt lat="-38.20954892237269" lon="176.314641426664">
        <ele>495</ele>
      </trkpt>
      <trkpt lat="-38.2096519168415" lon="176.314445927904">
        <ele>494</ele>
      </trkpt>
      <trkpt lat="-38.20981117680717" lon="176.314373450315">
        <ele>494</ele>
      </trkpt>
      <trkpt lat="-38.20997997329773" lon="176.314208468434">
        <ele>492</ele>
      </trkpt>
      <trkpt lat="-38.21017261110052" lon="176.314064466908">
        <ele>492</ele>
      </trkpt>
      <trkpt lat="-38.21035094411597" lon="176.314067327866">
        <ele>490</ele>
      </trkpt>
      <trkpt lat="-38.21047205798207" lon="176.314011062369">
        <ele>490</ele>
      </trkpt>
      <trkpt lat="-38.21069902727447" lon="176.313951935915">
        <ele>490</ele>
      </trkpt>
      <trkpt lat="-38.21108144192257" lon="176.313647720771">
        <ele>487</ele>
      </trkpt>
      <trkpt lat="-38.21127884798779" lon="176.313473202365">
        <ele>486</ele>
      </trkpt>
      <trkpt lat="-38.21140282281137" lon="176.31323383559">
        <ele>487</ele>
      </trkpt>
      <trkpt lat="-38.21147339309556" lon="176.313031661263">
        <ele>489</ele>
      </trkpt>
      <trkpt lat="-38.21160118252909" lon="176.312965859241">
        <ele>487</ele>
      </trkpt>
      <trkpt lat="-38.21183005912646" lon="176.313239557505">
        <ele>477</ele>
      </trkpt>
      <trkpt lat="-38.21197215334732" lon="176.313534236124">
        <ele>467</ele>
      </trkpt>
      <trkpt lat="-38.21207324051116" lon="176.313539004387">
        <ele>465</ele>
      </trkpt>
      <trkpt lat="-38.21218481785237" lon="176.313366393286">
        <ele>466</ele>
      </trkpt>
      <trkpt lat="-38.21231069998093" lon="176.313093648674">
        <ele>469</ele>
      </trkpt>
      <trkpt lat="-38.21236601182529" lon="176.312882891474">
        <ele>472</ele>
      </trkpt>
      <trkpt lat="-38.21249189395385" lon="176.312722677856">
        <ele>472</ele>
      </trkpt>
      <trkpt lat="-38.21253576196834" lon="176.312223917604">
        <ele>481</ele>
      </trkpt>
      <trkpt lat="-38.21263684913217" lon="176.311807171467">
        <ele>485</ele>
      </trkpt>
      <trkpt lat="-38.21277512874309" lon="176.311440015258">
        <ele>484</ele>
      </trkpt>
      <trkpt lat="-38.21288098416937" lon="176.311249284761">
        <ele>481</ele>
      </trkpt>
      <trkpt lat="-38.21291817661644" lon="176.310805836353">
        <ele>483</ele>
      </trkpt>
      <trkpt lat="-38.21289147434675" lon="176.310716193019">
        <ele>482</ele>
      </trkpt>
      <trkpt lat="-38.21283997711234" lon="176.310679954225">
        <ele>483</ele>
      </trkpt>
      <trkpt lat="-38.21263971008965" lon="176.310663742132">
        <ele>487</ele>
      </trkpt>
      <trkpt lat="-38.21256913980545" lon="176.310617966813">
        <ele>488</ele>
      </trkpt>
      <trkpt lat="-38.21253957657829" lon="176.310547396529">
        <ele>488</ele>
      </trkpt>
      <trkpt lat="-38.21253004005341" lon="176.31041769979">
        <ele>486</ele>
      </trkpt>
      <trkpt lat="-38.21259584207515" lon="176.310144001526">
        <ele>480</ele>
      </trkpt>
      <trkpt lat="-38.21258630555026" lon="176.309860766737">
        <ele>476</ele>
      </trkpt>
      <trkpt lat="-38.21252622544345" lon="176.309684341026">
        <ele>475</ele>
      </trkpt>
      <trkpt lat="-38.21236028991036" lon="176.309594697692">
        <ele>475</ele>
      </trkpt>
      <trkpt lat="-38.21221438107953" lon="176.309561319855">
        <ele>476</ele>
      </trkpt>
      <trkpt lat="-38.21204463093649" lon="176.30957467099">
        <ele>478</ele>
      </trkpt>
      <trkpt lat="-38.21174709135991" lon="176.309765401488">
        <ele>485</ele>
      </trkpt>
      <trkpt lat="-38.21166412359337" lon="176.309733930956">
        <ele>485</ele>
      </trkpt>
      <trkpt lat="-38.21161548731642" lon="176.309500286096">
        <ele>482</ele>
      </trkpt>
      <trkpt lat="-38.21167652107572" lon="176.309121686058">
        <ele>476</ele>
      </trkpt>
      <trkpt lat="-38.21172706465764" lon="176.308976730879">
        <ele>476</ele>
      </trkpt>
      <trkpt lat="-38.2118434102613" lon="176.308918558077">
        <ele>475</ele>
      </trkpt>
      <trkpt lat="-38.21198645813465" lon="176.3087354568">
        <ele>474</ele>
      </trkpt>
      <trkpt lat="-38.21197501430479" lon="176.308495136372">
        <ele>476</ele>
      </trkpt>
      <trkpt lat="-38.21202460423422" lon="176.308388327294">
        <ele>476</ele>
      </trkpt>
      <trkpt lat="-38.21211996948312" lon="176.308320617967">
        <ele>475</ele>
      </trkpt>
      <trkpt lat="-38.21239843600992" lon="176.308354949456">
        <ele>472</ele>
      </trkpt>
      <trkpt lat="-38.21250333778372" lon="176.30828724013">
        <ele>473</ele>
      </trkpt>
      <trkpt lat="-38.21265973679191" lon="176.308328247187">
        <ele>475</ele>
      </trkpt>
      <trkpt lat="-38.21270932672135" lon="176.308580965096">
        <ele>473</ele>
      </trkpt>
      <trkpt lat="-38.21288289147435" lon="176.30891569712">
        <ele>469</ele>
      </trkpt>
      <trkpt lat="-38.21298016402823" lon="176.309018691589">
        <ele>468</ele>
      </trkpt>
      <trkpt lat="-38.213086973107" lon="176.309034903681">
        <ele>468</ele>
      </trkpt>
      <trkpt lat="-38.21314228495137" lon="176.30909212283">
        <ele>467</ele>
      </trkpt>
      <trkpt lat="-38.21329200839214" lon="176.309049208468">
        <ele>468</ele>
      </trkpt>
      <trkpt lat="-38.21349227541484" lon="176.308794583254">
        <ele>473</ele>
      </trkpt>
      <trkpt lat="-38.21359336257868" lon="176.308774556552">
        <ele>472</ele>
      </trkpt>
      <trkpt lat="-38.21389853137516" lon="176.3089080679">
        <ele>463</ele>
      </trkpt>
      <trkpt lat="-38.21396242609193" lon="176.30890425329">
        <ele>463</ele>
      </trkpt>
      <trkpt lat="-38.21419320999428" lon="176.308575243181">
        <ele>474</ele>
      </trkpt>
      <trkpt lat="-38.21436868205226" lon="176.308445546443">
        <ele>471</ele>
      </trkpt>
      <trkpt lat="-38.21447358382606" lon="176.308215716193">
        <ele>472</ele>
      </trkpt>
      <trkpt lat="-38.21457657829487" lon="176.308098416937">
        <ele>468</ele>
      </trkpt>
      <trkpt lat="-38.21484074003433" lon="176.30760156399">
        <ele>465</ele>
      </trkpt>
      <trkpt lat="-38.21479782567233" lon="176.307108525653">
        <ele>469</ele>
      </trkpt>
      <trkpt lat="-38.21473202365058" lon="176.306748045012">
        <ele>472</ele>
      </trkpt>
      <trkpt lat="-38.2147654014877" lon="176.306656494373">
        <ele>471</ele>
      </trkpt>
      <trkpt lat="-38.21495994659546" lon="176.306437154301">
        <ele>465</ele>
      </trkpt>
      <trkpt lat="-38.21498569521267" lon="176.306361815754">
        <ele>465</ele>
      </trkpt>
      <trkpt lat="-38.21497615868778" lon="176.306028991036">
        <ele>467</ele>
      </trkpt>
      <trkpt lat="-38.21460423421705" lon="176.306525843982">
        <ele>476</ele>
      </trkpt>
      <trkpt lat="-38.21431527751287" lon="176.306604997139">
        <ele>486</ele>
      </trkpt>
      <trkpt lat="-38.21421705130651" lon="176.306587831394">
        <ele>489</ele>
      </trkpt>
      <trkpt lat="-38.21395479687202" lon="176.306288384513">
        <ele>486</ele>
      </trkpt>
      <trkpt lat="-38.21363532328819" lon="176.30631413313">
        <ele>486</ele>
      </trkpt>
      <trkpt lat="-38.21306027083731" lon="176.306028991036">
        <ele>486</ele>
      </trkpt>
      <trkpt lat="-38.21291913026893" lon="176.305905969865">
        <ele>485</ele>
      </trkpt>
      <trkpt lat="-38.21288003051688" lon="176.305731451459">
        <ele>484</ele>
      </trkpt>
      <trkpt lat="-38.21294106427618" lon="176.305591264543">
        <ele>482</ele>
      </trkpt>
      <trkpt lat="-38.21316994087355" lon="176.305341407591">
        <ele>479</ele>
      </trkpt>
      <trkpt lat="-38.21321476254053" lon="176.305178333015">
        <ele>478</ele>
      </trkpt>
      <trkpt lat="-38.21320999427809" lon="176.304755864963">
        <ele>475</ele>
      </trkpt>
      <trkpt lat="-38.21325195498761" lon="176.304650963189">
        <ele>474</ele>
      </trkpt>
      <trkpt lat="-38.21348655349991" lon="176.304514590883">
        <ele>469</ele>
      </trkpt>
      <trkpt lat="-38.21361911119588" lon="176.304392523364">
        <ele>465</ele>
      </trkpt>
      <trkpt lat="-38.21364009155064" lon="176.304213236697">
        <ele>462</ele>
      </trkpt>
      <trkpt lat="-38.21357524318139" lon="176.304054930383">
        <ele>461</ele>
      </trkpt>
      <trkpt lat="-38.21358382605379" lon="176.30389662407">
        <ele>459</ele>
      </trkpt>
      <trkpt lat="-38.21331871066184" lon="176.303447453748">
        <ele>459</ele>
      </trkpt>
      <trkpt lat="-38.21325576959756" lon="176.303436009918">
        <ele>459</ele>
      </trkpt>
      <trkpt lat="-38.2132004577532" lon="176.303488460805">
        <ele>461</ele>
      </trkpt>
      <trkpt lat="-38.21277798970056" lon="176.304034903681">
        <ele>471</ele>
      </trkpt>
      <trkpt lat="-38.21268739271409" lon="176.304011062369">
        <ele>471</ele>
      </trkpt>
      <trkpt lat="-38.21265687583445" lon="176.303899485028">
        <ele>471</ele>
      </trkpt>
      <trkpt lat="-38.21266355140187" lon="176.303719244707">
        <ele>470</ele>
      </trkpt>
      <trkpt lat="-38.2127131413313" lon="176.303540911692">
        <ele>469</ele>
      </trkpt>
      <trkpt lat="-38.2128695403395" lon="176.303286286477">
        <ele>465</ele>
      </trkpt>
      <trkpt lat="-38.21284569902728" lon="176.303099370589">
        <ele>464</ele>
      </trkpt>
      <trkpt lat="-38.2127999237078" lon="176.303054548922">
        <ele>465</ele>
      </trkpt>
      <trkpt lat="-38.21279515544536" lon="176.302973488461">
        <ele>465</ele>
      </trkpt>
      <trkpt lat="-38.2130087736029" lon="176.302818043105">
        <ele>460</ele>
      </trkpt>
      <trkpt lat="-38.21319187488079" lon="176.302365058173">
        <ele>454</ele>
      </trkpt>
      <trkpt lat="-38.21317470913599" lon="176.301391378981">
        <ele>459</ele>
      </trkpt>
      <trkpt lat="-38.21327198168987" lon="176.301116727065">
        <ele>460</ele>
      </trkpt>
      <trkpt lat="-38.21329486934961" lon="176.300966049971">
        <ele>461</ele>
      </trkpt>
      <trkpt lat="-38.213217623498" lon="176.300561701316">
        <ele>466</ele>
      </trkpt>
      <trkpt lat="-38.21329200839214" lon="176.300263208087">
        <ele>470</ele>
      </trkpt>
      <trkpt lat="-38.21338355903109" lon="176.300067709327">
        <ele>472</ele>
      </trkpt>
      <trkpt lat="-38.21345412931528" lon="176.300039099752">
        <ele>472</ele>
      </trkpt>
      <trkpt lat="-38.21344840740034" lon="176.3">
        <ele>473</ele>
      </trkpt>
      <trkpt lat="-38.21344840740034" lon="176.3">
        <ele>473</ele>
      </trkpt>
      <trkpt lat="-38.21340549303834" lon="176.299683387374">
        <ele>476</ele>
      </trkpt>
      <trkpt lat="-38.21343314896052" lon="176.29954415411">
        <ele>477</ele>
      </trkpt>
      <trkpt lat="-38.21345508296777" lon="176.299476444784">
        <ele>477</ele>
      </trkpt>
      <trkpt lat="-38.21398245279421" lon="176.299173183292">
        <ele>471</ele>
      </trkpt>
      <trkpt lat="-38.21408926187297" lon="176.298954796872">
        <ele>470</ele>
      </trkpt>
      <trkpt lat="-38.21408449361053" lon="176.298733549495">
        <ele>471</ele>
      </trkpt>
      <trkpt lat="-38.21398817470914" lon="176.298446500095">
        <ele>473</ele>
      </trkpt>
      <trkpt lat="-38.21399961853901" lon="176.298036429525">
        <ele>471</ele>
      </trkpt>
      <trkpt lat="-38.21350085828724" lon="176.297705512111">
        <ele>476</ele>
      </trkpt>
      <trkpt lat="-38.21331871066184" lon="176.297558649628">
        <ele>478</ele>
      </trkpt>
      <trkpt lat="-38.21328056456228" lon="176.297441350372">
        <ele>478</ele>
      </trkpt>
      <trkpt lat="-38.2133215716193" lon="176.297215334732">
        <ele>476</ele>
      </trkpt>
      <trkpt lat="-38.21343696357047" lon="176.297078962426">
        <ele>472</ele>
      </trkpt>
      <trkpt lat="-38.21366679382033" lon="176.297039862674">
        <ele>467</ele>
      </trkpt>
      <trkpt lat="-38.21380793438871" lon="176.296997901965">
        <ele>464</ele>
      </trkpt>
      <trkpt lat="-38.21394144573718" lon="176.296870112531">
        <ele>459</ele>
      </trkpt>
      <trkpt lat="-38.21350658020218" lon="176.296807171467">
        <ele>469</ele>
      </trkpt>
      <trkpt lat="-38.2134779706275" lon="176.296744230402">
        <ele>469</ele>
      </trkpt>
      <trkpt lat="-38.21354091169178" lon="176.296687964906">
        <ele>467</ele>
      </trkpt>
      <trkpt lat="-38.21372401296968" lon="176.296631699409">
        <ele>462</ele>
      </trkpt>
      <trkpt lat="-38.21386324623307" lon="176.296503909975">
        <ele>458</ele>
      </trkpt>
      <trkpt lat="-38.21396719435437" lon="176.296261682243">
        <ele>453</ele>
      </trkpt>
      <trkpt lat="-38.21398149914172" lon="176.296148197597">
        <ele>452</ele>
      </trkpt>
      <trkpt lat="-38.21395384321954" lon="176.295991798589">
        <ele>452</ele>
      </trkpt>
      <trkpt lat="-38.21398722105665" lon="176.2958811749">
        <ele>451</ele>
      </trkpt>
      <trkpt lat="-38.21421228304406" lon="176.295676139615">
        <ele>447</ele>
      </trkpt>
      <trkpt lat="-38.21424947549113" lon="176.295598893763">
        <ele>447</ele>
      </trkpt>
      <trkpt lat="-38.21425615105856" lon="176.295658020217">
        <ele>447</ele>
      </trkpt>
      <trkpt lat="-38.21427713141331" lon="176.295705702842">
        <ele>446</ele>
      </trkpt>
      <trkpt lat="-38.21435246995995" lon="176.295828724013">
        <ele>444</ele>
      </trkpt>
      <trkpt lat="-38.21441064276178" lon="176.295947930574">
        <ele>445</ele>
      </trkpt>
      <trkpt lat="-38.21452603471295" lon="176.296434293344">
        <ele>445</ele>
      </trkpt>
      <trkpt lat="-38.21459660499714" lon="176.296644096891">
        <ele>444</ele>
      </trkpt>
      <trkpt lat="-38.21469197024604" lon="176.296795727637">
        <ele>444</ele>
      </trkpt>
      <trkpt lat="-38.21481308411215" lon="176.29695021934">
        <ele>443</ele>
      </trkpt>
      <trkpt lat="-38.21491035666603" lon="176.297023650582">
        <ele>441</ele>
      </trkpt>
      <trkpt lat="-38.2150171657448" lon="176.297059889376">
        <ele>440</ele>
      </trkpt>
      <trkpt lat="-38.21510108716384" lon="176.297057028419">
        <ele>439</ele>
      </trkpt>
      <trkpt lat="-38.2152517642571" lon="176.296971199695">
        <ele>440</ele>
      </trkpt>
      <trkpt lat="-38.21545012397483" lon="176.296772839977">
        <ele>442</ele>
      </trkpt>
      <trkpt lat="-38.21560080106809" lon="176.296776654587">
        <ele>443</ele>
      </trkpt>
      <trkpt lat="-38.21580392904826" lon="176.296854854091">
        <ele>442</ele>
      </trkpt>
      <trkpt lat="-38.2163303452222" lon="176.297173374023">
        <ele>439</ele>
      </trkpt>
      <trkpt lat="-38.21650009536525" lon="176.297263017356">
        <ele>438</ele>
      </trkpt>
      <trkpt lat="-38.21706847224871" lon="176.297307839023">
        <ele>442</ele>
      </trkpt>
      <trkpt lat="-38.21752908640092" lon="176.297330726683">
        <ele>447</ele>
      </trkpt>
      <trkpt lat="-38.21817566278848" lon="176.297407972535">
        <ele>452</ele>
      </trkpt>
      <trkpt lat="-38.21829773030708" lon="176.297477589167">
        <ele>451</ele>
      </trkpt>
      <trkpt lat="-38.21855903108907" lon="176.297580583635">
        <ele>446</ele>
      </trkpt>
      <trkpt lat="-38.21880316612626" lon="176.297596795728">
        <ele>445</ele>
      </trkpt>
      <trkpt lat="-38.21979019645241" lon="176.297474728209">
        <ele>449</ele>
      </trkpt>
      <trkpt lat="-38.22" lon="176.297438489414">
        <ele>450</ele>
      </trkpt>
      <trkpt lat="-38.22" lon="176.297438489414">
        <ele>450</ele>
      </trkpt>
      <trkpt lat="-38.22014400152584" lon="176.297412740797">
        <ele>450</ele>
      </trkpt>
      <trkpt lat="-38.22049208468434" lon="176.297393667747">
        <ele>449</ele>
      </trkpt>
      <trkpt lat="-38.2207734121686" lon="176.297427999237">
        <ele>447</ele>
      </trkpt>
      <trkpt lat="-38.22108048827007" lon="176.29740606523">
        <ele>444</ele>
      </trkpt>
      <trkpt lat="-38.22129315277513" lon="176.29740225062">
        <ele>441</ele>
      </trkpt>
      <trkpt lat="-38.22146385657067" lon="176.29741750906">
        <ele>439</ele>
      </trkpt>
      <trkpt lat="-38.22157638756437" lon="176.297470913599">
        <ele>438</ele>
      </trkpt>
      <trkpt lat="-38.22192256341788" lon="176.297756055693">
        <ele>443</ele>
      </trkpt>
      <trkpt lat="-38.2221562082777" lon="176.297844745375">
        <ele>444</ele>
      </trkpt>
      <trkpt lat="-38.22223154682433" lon="176.297853328247">
        <ele>444</ele>
      </trkpt>
      <trkpt lat="-38.22241178714476" lon="176.298139423994">
        <ele>445</ele>
      </trkpt>
      <trkpt lat="-38.22253099370589" lon="176.298395956513">
        <ele>446</ele>
      </trkpt>
      <trkpt lat="-38.22314514590883" lon="176.299514590883">
        <ele>449</ele>
      </trkpt>
      <trkpt lat="-38.22328437917223" lon="176.299822620637">
        <ele>448</ele>
      </trkpt>
      <trkpt lat="-38.2233826053786" lon="176.299954224681">
        <ele>448</ele>
      </trkpt>
      <trkpt lat="-38.22344650009536" lon="176.3">
        <ele>447</ele>
      </trkpt>
      <trkpt lat="-38.22344650009536" lon="176.3">
        <ele>447</ele>
      </trkpt>
      <trkpt lat="-38.22353709708182" lon="176.300064848369">
        <ele>447</ele>
      </trkpt>
      <trkpt lat="-38.2238861338928" lon="176.300153538051">
        <ele>445</ele>
      </trkpt>
      <trkpt lat="-38.22399771123402" lon="176.300156399008">
        <ele>444</ele>
      </trkpt>
      <trkpt lat="-38.22409116917795" lon="176.300127789434">
        <ele>443</ele>
      </trkpt>
      <trkpt lat="-38.22418367346938" lon="176.300100133511">
        <ele>442</ele>
      </trkpt>
      <trkpt lat="-38.22424566088117" lon="176.300045775319">
        <ele>442</ele>
      </trkpt>
      <trkpt lat="-38.22427522410833" lon="176.3">
        <ele>443</ele>
      </trkpt>
      <trkpt lat="-38.22427522410833" lon="176.3">
        <ele>443</ele>
      </trkpt>
      <trkpt lat="-38.22448121304596" lon="176.299678619111">
        <ele>446</ele>
      </trkpt>
      <trkpt lat="-38.22464238031661" lon="176.299520312798">
        <ele>446</ele>
      </trkpt>
      <trkpt lat="-38.22477779897005" lon="176.299416364677">
        <ele>446</ele>
      </trkpt>
      <trkpt lat="-38.22486839595651" lon="176.299366774747">
        <ele>446</ele>
      </trkpt>
      <trkpt lat="-38.22500762921991" lon="176.299334350563">
        <ele>446</ele>
      </trkpt>
      <trkpt lat="-38.22526702269693" lon="176.299334350563">
        <ele>446</ele>
      </trkpt>
      <trkpt lat="-38.22537192447072" lon="176.299355330917">
        <ele>446</ele>
      </trkpt>
      <trkpt lat="-38.22543772649247" lon="176.299388708755">
        <ele>446</ele>
      </trkpt>
      <trkpt lat="-38.22554930383368" lon="176.299484074003">
        <ele>446</ele>
      </trkpt>
      <trkpt lat="-38.22596128170894" lon="176.3">
        <ele>448</ele>
      </trkpt>
      <trkpt lat="-38.22596128170894" lon="176.3">
        <ele>448</ele>
      </trkpt>
      <trkpt lat="-38.2260518786954" lon="176.300114438299">
        <ele>448</ele>
      </trkpt>
      <trkpt lat="-38.22628456990272" lon="176.30045203128">
        <ele>450</ele>
      </trkpt>
      <trkpt lat="-38.22663360671371" lon="176.301069998093">
        <ele>452</ele>
      </trkpt>
      <trkpt lat="-38.22668224299065" lon="176.301070951745">
        <ele>452</ele>
      </trkpt>
      <trkpt lat="-38.22668605760061" lon="176.300998474156">
        <ele>452</ele>
      </trkpt>
      <trkpt lat="-38.2267213427427" lon="176.300935533092">
        <ele>452</ele>
      </trkpt>
      <trkpt lat="-38.22675567423231" lon="176.300872592027">
        <ele>452</ele>
      </trkpt>
      <trkpt lat="-38.22658020217433" lon="176.30061701316">
        <ele>451</ele>
      </trkpt>
      <trkpt lat="-38.22657257295441" lon="176.300347129506">
        <ele>451</ele>
      </trkpt>
      <trkpt lat="-38.22663551401869" lon="176.300263208087">
        <ele>451</ele>
      </trkpt>
      <trkpt lat="-38.22666984550829" lon="176.300311844364">
        <ele>451</ele>
      </trkpt>
      <trkpt lat="-38.22660213618157" lon="176.300367156208">
        <ele>451</ele>
      </trkpt>
      <trkpt lat="-38.22658497043677" lon="176.300424375358">
        <ele>451</ele>
      </trkpt>
      <trkpt lat="-38.22658878504672" lon="176.300514972344">
        <ele>451</ele>
      </trkpt>
      <trkpt lat="-38.22659259965668" lon="176.300605569331">
        <ele>451</ele>
      </trkpt>
      <trkpt lat="-38.22665840167843" lon="176.300713332062">
        <ele>451</ele>
      </trkpt>
      <trkpt lat="-38.22677093267213" lon="176.300779134084">
        <ele>452</ele>
      </trkpt>
      <trkpt lat="-38.22683387373641" lon="176.300848750715">
        <ele>453</ele>
      </trkpt>
      <trkpt lat="-38.22689681480068" lon="176.300918367347">
        <ele>453</ele>
      </trkpt>
      <trkpt lat="-38.22701125309937" lon="176.300973679191">
        <ele>454</ele>
      </trkpt>
      <trkpt lat="-38.22705321380889" lon="176.300940301354">
        <ele>455</ele>
      </trkpt>
      <trkpt lat="-38.22706275033377" lon="176.30087736029">
        <ele>455</ele>
      </trkpt>
      <trkpt lat="-38.22702746519168" lon="176.300820141141">
        <ele>454</ele>
      </trkpt>
      <trkpt lat="-38.22704558458897" lon="176.300749570856">
        <ele>454</ele>
      </trkpt>
      <trkpt lat="-38.22706370398627" lon="176.300679954225">
        <ele>454</ele>
      </trkpt>
      <trkpt lat="-38.22733549494564" lon="176.300531184436">
        <ele>456</ele>
      </trkpt>
      <trkpt lat="-38.2274346748045" lon="176.300520694259">
        <ele>457</ele>
      </trkpt>
      <trkpt lat="-38.22748140377646" lon="176.300595079153">
        <ele>457</ele>
      </trkpt>
      <trkpt lat="-38.22752717909594" lon="176.3006704177">
        <ele>458</ele>
      </trkpt>
      <trkpt lat="-38.22762063703986" lon="176.300680907877">
        <ele>458</ele>
      </trkpt>
      <trkpt lat="-38.22771314133129" lon="176.300692351707">
        <ele>458</ele>
      </trkpt>
      <trkpt lat="-38.22782948693496" lon="176.300782948693">
        <ele>458</ele>
      </trkpt>
      <trkpt lat="-38.22794487888613" lon="176.300874499332">
        <ele>458</ele>
      </trkpt>
      <trkpt lat="-38.22798683959565" lon="176.300989891284">
        <ele>459</ele>
      </trkpt>
      <trkpt lat="-38.22818901392332" lon="176.301257867633">
        <ele>461</ele>
      </trkpt>
      <trkpt lat="-38.2282948693496" lon="176.301239748236">
        <ele>461</ele>
      </trkpt>
      <trkpt lat="-38.22837497615868" lon="176.301293152775">
        <ele>461</ele>
      </trkpt>
      <trkpt lat="-38.22846652679763" lon="176.301289338165">
        <ele>460</ele>
      </trkpt>
      <trkpt lat="-38.22853328247187" lon="176.301367537669">
        <ele>460</ele>
      </trkpt>
      <trkpt lat="-38.2286000381461" lon="176.301445737173">
        <ele>459</ele>
      </trkpt>
      <trkpt lat="-38.22867537669273" lon="176.30147911501">
        <ele>459</ele>
      </trkpt>
      <trkpt lat="-38.22875071523936" lon="176.301512492848">
        <ele>459</ele>
      </trkpt>
      <trkpt lat="-38.22882510013351" lon="176.301625977494">
        <ele>459</ele>
      </trkpt>
      <trkpt lat="-38.22890329963761" lon="176.301641235934">
        <ele>458</ele>
      </trkpt>
      <trkpt lat="-38.22898149914171" lon="176.301657448026">
        <ele>458</ele>
      </trkpt>
      <trkpt lat="-38.22900915506389" lon="176.3017242037">
        <ele>458</ele>
      </trkpt>
      <trkpt lat="-38.22903681098607" lon="176.301791913027">
        <ele>459</ele>
      </trkpt>
      <trkpt lat="-38.22906446690826" lon="176.302078962426">
        <ele>461</ele>
      </trkpt>
      <trkpt lat="-38.22914648102231" lon="176.30214953271">
        <ele>461</ele>
      </trkpt>
      <trkpt lat="-38.22922849513637" lon="176.302220102994">
        <ele>461</ele>
      </trkpt>
      <trkpt lat="-38.22934579439252" lon="176.302223917604">
        <ele>461</ele>
      </trkpt>
      <trkpt lat="-38.22937917222963" lon="176.302178142285">
        <ele>460</ele>
      </trkpt>
      <trkpt lat="-38.22940682815182" lon="176.301884417318">
        <ele>457</ele>
      </trkpt>
      <trkpt lat="-38.22937631127217" lon="176.301785237459">
        <ele>456</ele>
      </trkpt>
      <trkpt lat="-38.22932576769025" lon="176.30173564753">
        <ele>456</ele>
      </trkpt>
      <trkpt lat="-38.22924089261873" lon="176.30170894526">
        <ele>456</ele>
      </trkpt>
      <trkpt lat="-38.2291560175472" lon="176.301682242991">
        <ele>457</ele>
      </trkpt>
      <trkpt lat="-38.22898149914171" lon="176.301251192066">
        <ele>453</ele>
      </trkpt>
      <trkpt lat="-38.22872782757963" lon="176.300833492275">
        <ele>452</ele>
      </trkpt>
      <trkpt lat="-38.22862960137326" lon="176.300796299828">
        <ele>454</ele>
      </trkpt>
      <trkpt lat="-38.2285304215144" lon="176.300759107381">
        <ele>455</ele>
      </trkpt>
      <trkpt lat="-38.22843314896051" lon="176.300778180431">
        <ele>456</ele>
      </trkpt>
      <trkpt lat="-38.22833587640663" lon="176.300797253481">
        <ele>458</ele>
      </trkpt>
      <trkpt lat="-38.2283301544917" lon="176.300761968339">
        <ele>458</ele>
      </trkpt>
      <trkpt lat="-38.22836925424375" lon="176.300699980927">
        <ele>457</ele>
      </trkpt>
      <trkpt lat="-38.2284083539958" lon="176.300638947168">
        <ele>456</ele>
      </trkpt>
      <trkpt lat="-38.22837211520122" lon="176.300366202556">
        <ele>454</ele>
      </trkpt>
      <trkpt lat="-38.22837974442113" lon="176.30024508869">
        <ele>452</ele>
      </trkpt>
      <trkpt lat="-38.22838641998855" lon="176.300124928476">
        <ele>451</ele>
      </trkpt>
      <trkpt lat="-38.2283644859813" lon="176.300061987412">
        <ele>451</ele>
      </trkpt>
      <trkpt lat="-38.22834159832157" lon="176.3">
        <ele>450</ele>
      </trkpt>
      <trkpt lat="-38.22834159832157" lon="176.3">
        <ele>450</ele>
      </trkpt>
      <trkpt lat="-38.22829677665458" lon="176.299874117871">
        <ele>449</ele>
      </trkpt>
      <trkpt lat="-38.22826149151249" lon="176.299614724394">
        <ele>447</ele>
      </trkpt>
      <trkpt lat="-38.22817757009346" lon="176.299410642762">
        <ele>447</ele>
      </trkpt>
      <trkpt lat="-38.22810127789433" lon="176.298847987793">
        <ele>443</ele>
      </trkpt>
      <trkpt lat="-38.22808029753957" lon="176.298321571619">
        <ele>439</ele>
      </trkpt>
      <trkpt lat="-38.22783997711234" lon="176.297935342361">
        <ele>441</ele>
      </trkpt>
      <trkpt lat="-38.22763017356475" lon="176.297254434484">
        <ele>438</ele>
      </trkpt>
      <trkpt lat="-38.22751573526607" lon="176.297119969483">
        <ele>438</ele>
      </trkpt>
      <trkpt lat="-38.22733644859813" lon="176.296600228877">
        <ele>436</ele>
      </trkpt>
      <trkpt lat="-38.22719626168224" lon="176.296315086782">
        <ele>436</ele>
      </trkpt>
      <trkpt lat="-38.22706179668128" lon="176.296115773412">
        <ele>437</ele>
      </trkpt>
      <trkpt lat="-38.22696929238985" lon="176.296063322525">
        <ele>439</ele>
      </trkpt>
      <trkpt lat="-38.22693400724776" lon="176.295953652489">
        <ele>439</ele>
      </trkpt>
      <trkpt lat="-38.22695975586496" lon="176.295928857524">
        <ele>439</ele>
      </trkpt>
      <trkpt lat="-38.22703604806408" lon="176.295989891284">
        <ele>437</ele>
      </trkpt>
      <trkpt lat="-38.22726587831394" lon="176.296221628838">
        <ele>434</ele>
      </trkpt>
      <trkpt lat="-38.22733644859813" lon="176.296372305932">
        <ele>434</ele>
      </trkpt>
      <trkpt lat="-38.22741941636468" lon="176.296709898913">
        <ele>435</ele>
      </trkpt>
      <trkpt lat="-38.2275567423231" lon="176.297018882319">
        <ele>437</ele>
      </trkpt>
      <trkpt lat="-38.22771981689872" lon="176.297283044059">
        <ele>437</ele>
      </trkpt>
      <trkpt lat="-38.22812893381651" lon="176.297724585161">
        <ele>434</ele>
      </trkpt>
      <trkpt lat="-38.22849322906733" lon="176.298367346939">
        <ele>434</ele>
      </trkpt>
      <trkpt lat="-38.22852279229448" lon="176.298246233073">
        <ele>433</ele>
      </trkpt>
      <trkpt lat="-38.22843219530802" lon="176.297921991226">
        <ele>431</ele>
      </trkpt>
      <trkpt lat="-38.22825100133511" lon="176.297527179096">
        <ele>430</ele>
      </trkpt>
      <trkpt lat="-38.22811939729162" lon="176.297387945833">
        <ele>431</ele>
      </trkpt>
      <trkpt lat="-38.22805836353233" lon="176.297300209804">
        <ele>432</ele>
      </trkpt>
      <trkpt lat="-38.22804215144001" lon="176.297194354377">
        <ele>431</ele>
      </trkpt>
      <trkpt lat="-38.22811462902918" lon="176.297155254625">
        <ele>430</ele>
      </trkpt>
      <trkpt lat="-38.22824146481022" lon="176.297220102994">
        <ele>428</ele>
      </trkpt>
      <trkpt lat="-38.22835781041388" lon="176.297378409308">
        <ele>428</ele>
      </trkpt>
      <trkpt lat="-38.22841216860576" lon="176.2973564753">
        <ele>428</ele>
      </trkpt>
      <trkpt lat="-38.22841502956322" lon="176.297278275796">
        <ele>427</ele>
      </trkpt>
      <trkpt lat="-38.22830917413694" lon="176.297133320618">
        <ele>427</ele>
      </trkpt>
      <trkpt lat="-38.22818329200839" lon="176.296996948312">
        <ele>428</ele>
      </trkpt>
      <trkpt lat="-38.22808506580202" lon="176.296844363914">
        <ele>428</ele>
      </trkpt>
      <trkpt lat="-38.22796776654587" lon="176.29652870494">
        <ele>427</ele>
      </trkpt>
      <trkpt lat="-38.22785046728972" lon="176.295906923517">
        <ele>424</ele>
      </trkpt>
      <trkpt lat="-38.22769883654396" lon="176.295295632272">
        <ele>421</ele>
      </trkpt>
      <trkpt lat="-38.22764543200457" lon="176.295185008583">
        <ele>420</ele>
      </trkpt>
      <trkpt lat="-38.22740701888232" lon="176.293869921801">
        <ele>419</ele>
      </trkpt>
      <trkpt lat="-38.22729830249857" lon="176.293481785237">
        <ele>419</ele>
      </trkpt>
      <trkpt lat="-38.22710661834827" lon="176.292994468816">
        <ele>419</ele>
      </trkpt>
      <trkpt lat="-38.22700076292199" lon="176.292771314133">
        <ele>418</ele>
      </trkpt>
      <trkpt lat="-38.22658783139423" lon="176.292059889376">
        <ele>413</ele>
      </trkpt>
      <trkpt lat="-38.22633034522219" lon="176.291727064658">
        <ele>412</ele>
      </trkpt>
      <trkpt lat="-38.22513255769597" lon="176.290517833302">
        <ele>414</ele>
      </trkpt>
      <trkpt lat="-38.22475872592027" lon="176.290132557696">
        <ele>412</ele>
      </trkpt>
      <trkpt lat="-38.22454606141522" lon="176.289852183864">
        <ele>410</ele>
      </trkpt>
      <trkpt lat="-38.22416650772458" lon="176.289455464429">
        <ele>408</ele>
      </trkpt>
      <trkpt lat="-38.22406160595079" lon="176.289331489605">
        <ele>409</ele>
      </trkpt>
      <trkpt lat="-38.22347129506008" lon="176.288366393286">
        <ele>412</ele>
      </trkpt>
      <trkpt lat="-38.22322048445546" lon="176.287864772077">
        <ele>411</ele>
      </trkpt>
      <trkpt lat="-38.22293343505626" lon="176.28721819569">
        <ele>409</ele>
      </trkpt>
      <trkpt lat="-38.22272077055121" lon="176.28678142285">
        <ele>408</ele>
      </trkpt>
      <trkpt lat="-38.22252717909593" lon="176.286257867633">
        <ele>405</ele>
      </trkpt>
      <trkpt lat="-38.22226397100896" lon="176.285442494755">
        <ele>402</ele>
      </trkpt>
      <trkpt lat="-38.22203604806408" lon="176.284794011062">
        <ele>399</ele>
      </trkpt>
      <trkpt lat="-38.22193496090024" lon="176.28453652489">
        <ele>397</ele>
      </trkpt>
      <trkpt lat="-38.22170131604043" lon="176.284069235171">
        <ele>393</ele>
      </trkpt>
      <trkpt lat="-38.22146290291818" lon="176.283699218005">
        <ele>396</ele>
      </trkpt>
      <trkpt lat="-38.22115582681671" lon="176.283272935342">
        <ele>396</ele>
      </trkpt>
      <trkpt lat="-38.22087545298493" lon="176.282950600801">
        <ele>395</ele>
      </trkpt>
      <trkpt lat="-38.22056551592599" lon="176.282682624452">
        <ele>395</ele>
      </trkpt>
      <trkpt lat="-38.22" lon="176.282273507534">
        <ele>393</ele>
      </trkpt>
      <trkpt lat="-38.22" lon="176.282273507534">
        <ele>393</ele>
      </trkpt>
      <trkpt lat="-38.21938966240702" lon="176.281800495899">
        <ele>392</ele>
      </trkpt>
      <trkpt lat="-38.21915983215716" lon="176.281550638947">
        <ele>391</ele>
      </trkpt>
      <trkpt lat="-38.21897482357429" lon="176.281331298875">
        <ele>390</ele>
      </trkpt>
      <trkpt lat="-38.21890234598512" lon="176.281199694831">
        <ele>390</ele>
      </trkpt>
      <trkpt lat="-38.21865439633797" lon="176.280686629792">
        <ele>389</ele>
      </trkpt>
      <trkpt lat="-38.21836162502384" lon="176.28">
        <ele>389</ele>
      </trkpt>
      <trkpt lat="-38.21836162502384" lon="176.28">
        <ele>389</ele>
      </trkpt>
      <trkpt lat="-38.21775414838833" lon="176.278573335876">
        <ele>399</ele>
      </trkpt>
      <trkpt lat="-38.21665649437345" lon="176.276023269121">
        <ele>389</ele>
      </trkpt>
      <trkpt lat="-38.21645432004578" lon="176.275579820713">
        <ele>394</ele>
      </trkpt>
      <trkpt lat="-38.21637612054167" lon="176.275456799542">
        <ele>396</ele>
      </trkpt>
      <trkpt lat="-38.21596891092886" lon="176.27453652489">
        <ele>402</ele>
      </trkpt>
      <trkpt lat="-38.21561319855045" lon="176.273845126836">
        <ele>405</ele>
      </trkpt>
      <trkpt lat="-38.21539385847797" lon="176.273445546443">
        <ele>404</ele>
      </trkpt>
      <trkpt lat="-38.21519549876025" lon="176.273147053214">
        <ele>400</ele>
      </trkpt>
      <trkpt lat="-38.2150781995041" lon="176.272862864772">
        <ele>396</ele>
      </trkpt>
      <trkpt lat="-38.21494945641808" lon="176.272512874309">
        <ele>390</ele>
      </trkpt>
      <trkpt lat="-38.21470246042342" lon="176.271779515545">
        <ele>392</ele>
      </trkpt>
      <trkpt lat="-38.21467957276369" lon="176.271480068663">
        <ele>393</ele>
      </trkpt>
      <trkpt lat="-38.21454510776273" lon="176.270997520503">
        <ele>394</ele>
      </trkpt>
      <trkpt lat="-38.21449647148579" lon="176.270697119969">
        <ele>394</ele>
      </trkpt>
      <trkpt lat="-38.21447358382606" lon="176.270490177379">
        <ele>395</ele>
      </trkpt>
      <trkpt lat="-38.21441827198169" lon="176.270149723441">
        <ele>395</ele>
      </trkpt>
      <trkpt lat="-38.21437631127218" lon="176.269696738508">
        <ele>394</ele>
      </trkpt>
      <trkpt lat="-38.21429238985314" lon="176.268376883464">
        <ele>391</ele>
      </trkpt>
      <trkpt lat="-38.21424184627122" lon="176.268106046157">
        <ele>388</ele>
      </trkpt>
      <trkpt lat="-38.21419702460423" lon="176.267351707038">
        <ele>383</ele>
      </trkpt>
      <trkpt lat="-38.21412836162502" lon="176.266608811749">
        <ele>374</ele>
      </trkpt>
      <trkpt lat="-38.21402441350372" lon="176.266007057028">
        <ele>375</ele>
      </trkpt>
      <trkpt lat="-38.21393572382224" lon="176.265621781423">
        <ele>376</ele>
      </trkpt>
      <trkpt lat="-38.21391760442495" lon="176.265450123975">
        <ele>376</ele>
      </trkpt>
      <trkpt lat="-38.21372115201221" lon="176.264918939538">
        <ele>377</ele>
      </trkpt>
      <trkpt lat="-38.21341979782567" lon="176.264264733931">
        <ele>374</ele>
      </trkpt>
      <trkpt lat="-38.21314705321381" lon="176.263827007438">
        <ele>374</ele>
      </trkpt>
      <trkpt lat="-38.21288003051688" lon="176.263477970627">
        <ele>373</ele>
      </trkpt>
      <trkpt lat="-38.21238889948503" lon="176.263016402823">
        <ele>376</ele>
      </trkpt>
      <trkpt lat="-38.21193972916269" lon="176.262606332253">
        <ele>380</ele>
      </trkpt>
      <trkpt lat="-38.21145718100324" lon="176.262289719626">
        <ele>383</ele>
      </trkpt>
      <trkpt lat="-38.21129124547015" lon="176.26219912264">
        <ele>385</ele>
      </trkpt>
      <trkpt lat="-38.21113103185199" lon="176.262139996185">
        <ele>386</ele>
      </trkpt>
      <trkpt lat="-38.21086305550258" lon="176.26193877551">
        <ele>385</ele>
      </trkpt>
      <trkpt lat="-38.20971676521076" lon="176.261197787526">
        <ele>383</ele>
      </trkpt>
      <trkpt lat="-38.20950791531566" lon="176.261139614724">
        <ele>384</ele>
      </trkpt>
      <trkpt lat="-38.20818424566088" lon="176.260348083158">
        <ele>376</ele>
      </trkpt>
      <trkpt lat="-38.20758344459279" lon="176.260047682624">
        <ele>376</ele>
      </trkpt>
      <trkpt lat="-38.20747282090407" lon="176.26">
        <ele>377</ele>
      </trkpt>
      <trkpt lat="-38.20747282090407" lon="176.26">
        <ele>377</ele>
      </trkpt>
      <trkpt lat="-38.207043677284" lon="176.259816898722">
        <ele>378</ele>
      </trkpt>
      <trkpt lat="-38.20649437345032" lon="176.259556551593">
        <ele>377</ele>
      </trkpt>
      <trkpt lat="-38.20610242227733" lon="176.259380125882">
        <ele>375</ele>
      </trkpt>
      <trkpt lat="-38.20580106809079" lon="176.259272363151">
        <ele>374</ele>
      </trkpt>
      <trkpt lat="-38.20523745946977" lon="176.259202746519">
        <ele>371</ele>
      </trkpt>
      <trkpt lat="-38.20469483120351" lon="176.259227541484">
        <ele>368</ele>
      </trkpt>
      <trkpt lat="-38.20440968910929" lon="176.259165554072">
        <ele>365</ele>
      </trkpt>
      <trkpt lat="-38.20407304978066" lon="176.259252336449">
        <ele>364</ele>
      </trkpt>
      <trkpt lat="-38.2035390043868" lon="176.259313370208">
        <ele>362</ele>
      </trkpt>
      <trkpt lat="-38.20288003051688" lon="176.259313370208">
        <ele>360</ele>
      </trkpt>
      <trkpt lat="-38.20200267022697" lon="176.259345794393">
        <ele>358</ele>
      </trkpt>
      <trkpt lat="-38.2018262445165" lon="176.259391569712">
        <ele>359</ele>
      </trkpt>
      <trkpt lat="-38.20091741369445" lon="176.25937535762">
        <ele>358</ele>
      </trkpt>
      <trkpt lat="-38.2" lon="176.25939061606">
        <ele>352</ele>
      </trkpt>
      <trkpt lat="-38.19999999999996" lon="176.25939061606">
        <ele>352</ele>
      </trkpt>
      <trkpt lat="-38.19981117680717" lon="176.259394430669">
        <ele>351</ele>
      </trkpt>
      <trkpt lat="-38.19954510776273" lon="176.259364867442">
        <ele>350</ele>
      </trkpt>
      <trkpt lat="-38.19925424375357" lon="176.259380125882">
        <ele>349</ele>
      </trkpt>
      <trkpt lat="-38.19869349609002" lon="176.259385847797">
        <ele>349</ele>
      </trkpt>
      <trkpt lat="-38.19846557314514" lon="176.259335304215">
        <ele>349</ele>
      </trkpt>
      <trkpt lat="-38.19835399580393" lon="176.259340072478">
        <ele>349</ele>
      </trkpt>
      <trkpt lat="-38.19819187488079" lon="176.259385847797">
        <ele>349</ele>
      </trkpt>
      <trkpt lat="-38.19758439824528" lon="176.259403013542">
        <ele>348</ele>
      </trkpt>
      <trkpt lat="-38.19687583444593" lon="176.259467861911">
        <ele>347</ele>
      </trkpt>
      <trkpt lat="-38.19646671752813" lon="176.259565134465">
        <ele>347</ele>
      </trkpt>
      <trkpt lat="-38.19613580011443" lon="176.259608048827">
        <ele>347</ele>
      </trkpt>
      <trkpt lat="-38.196043295823" lon="176.259606141522">
        <ele>346</ele>
      </trkpt>
      <trkpt lat="-38.19597558649628" lon="176.259585161167">
        <ele>346</ele>
      </trkpt>
      <trkpt lat="-38.19586973107" lon="176.259579439252">
        <ele>346</ele>
      </trkpt>
      <trkpt lat="-38.19581155826816" lon="176.25955178333">
        <ele>345</ele>
      </trkpt>
      <trkpt lat="-38.19523745946977" lon="176.259645241274">
        <ele>346</ele>
      </trkpt>
      <trkpt lat="-38.19490368109861" lon="176.259688155636">
        <ele>347</ele>
      </trkpt>
      <trkpt lat="-38.19464810223155" lon="176.259776845318">
        <ele>349</ele>
      </trkpt>
      <trkpt lat="-38.19414075910738" lon="176.259841693687">
        <ele>351</ele>
      </trkpt>
      <trkpt lat="-38.19338641998856" lon="176.26">
        <ele>352</ele>
      </trkpt>
      <trkpt lat="-38.19338641998856" lon="176.26">
        <ele>352</ele>
      </trkpt>
      <trkpt lat="-38.19327770360481" lon="176.260023841312">
        <ele>352</ele>
      </trkpt>
      <trkpt lat="-38.19291817661644" lon="176.260121113866">
        <ele>351</ele>
      </trkpt>
      <trkpt lat="-38.19271981689872" lon="176.260142094221">
        <ele>351</ele>
      </trkpt>
      <trkpt lat="-38.19234026320809" lon="176.260067709327">
        <ele>349</ele>
      </trkpt>
      <trkpt lat="-38.19213236696547" lon="176.26">
        <ele>347</ele>
      </trkpt>
      <trkpt lat="-38.19213236696547" lon="176.26">
        <ele>347</ele>
      </trkpt>
      <trkpt lat="-38.19205512111387" lon="176.259975205035">
        <ele>347</ele>
      </trkpt>
      <trkpt lat="-38.19188251001335" lon="176.259932290673">
        <ele>346</ele>
      </trkpt>
      <trkpt lat="-38.19138470341407" lon="176.25978161358">
        <ele>345</ele>
      </trkpt>
      <trkpt lat="-38.19034140759107" lon="176.259428762159">
        <ele>344</ele>
      </trkpt>
      <trkpt lat="-38.18962902918177" lon="176.259219912264">
        <ele>348</ele>
      </trkpt>
      <trkpt lat="-38.18930860194545" lon="176.259026320809">
        <ele>351</ele>
      </trkpt>
      <trkpt lat="-38.18865534999046" lon="176.258619111196">
        <ele>352</ele>
      </trkpt>
      <trkpt lat="-38.18808220484456" lon="176.258173755484">
        <ele>348</ele>
      </trkpt>
      <trkpt lat="-38.18676616440969" lon="176.257229639519">
        <ele>341</ele>
      </trkpt>
      <trkpt lat="-38.18663169940874" lon="176.257074194164">
        <ele>341</ele>
      </trkpt>
      <trkpt lat="-38.18616345603662" lon="176.25672038909">
        <ele>342</ele>
      </trkpt>
      <trkpt lat="-38.1855912645432" lon="176.256337974442">
        <ele>342</ele>
      </trkpt>
      <trkpt lat="-38.18524413503719" lon="176.256049017738">
        <ele>339</ele>
      </trkpt>
      <trkpt lat="-38.18498664886515" lon="176.255679000572">
        <ele>334</ele>
      </trkpt>
      <trkpt lat="-38.18483501811939" lon="176.255121113866">
        <ele>329</ele>
      </trkpt>
      <trkpt lat="-38.18467671180622" lon="176.254701506771">
        <ele>327</ele>
      </trkpt>
      <trkpt lat="-38.18441922563418" lon="176.254100705703">
        <ele>326</ele>
      </trkpt>
      <trkpt lat="-38.18419034903681" lon="176.253715430097">
        <ele>326</ele>
      </trkpt>
      <trkpt lat="-38.18396624070188" lon="176.253415029563">
        <ele>326</ele>
      </trkpt>
      <trkpt lat="-38.18363723059317" lon="176.252900057219">
        <ele>326</ele>
      </trkpt>
      <trkpt lat="-38.18334255197406" lon="176.252482357429">
        <ele>327</ele>
      </trkpt>
      <trkpt lat="-38.18316994087354" lon="176.252342170513">
        <ele>328</ele>
      </trkpt>
      <trkpt lat="-38.18167270646576" lon="176.25107667366">
        <ele>331</ele>
      </trkpt>
      <trkpt lat="-38.18142380316613" lon="176.25088880412">
        <ele>332</ele>
      </trkpt>
      <trkpt lat="-38.18116440968911" lon="176.250769597559">
        <ele>333</ele>
      </trkpt>
      <trkpt lat="-38.18088117489987" lon="176.250716193019">
        <ele>333</ele>
      </trkpt>
      <trkpt lat="-38.18056933053595" lon="176.250597940111">
        <ele>333</ele>
      </trkpt>
      <trkpt lat="-38.18043009727255" lon="176.250269883654">
        <ele>332</ele>
      </trkpt>
      <trkpt lat="-38.18" lon="176.250018119397">
        <ele>331</ele>
      </trkpt>
      <trkpt lat="-38.18" lon="176.250018119397">
        <ele>331</ele>
      </trkpt>
      <trkpt lat="-38.17933721152012" lon="176.249690062941">
        <ele>328</ele>
      </trkpt>
      <trkpt lat="-38.17849990463476" lon="176.249234217051">
        <ele>326</ele>
      </trkpt>
      <trkpt lat="-38.17831564057585" lon="176.249149405101">
        <ele>325</ele>
      </trkpt>
      <trkpt lat="-38.17831564057585" lon="176.249149405101">
        <ele>325</ele>
      </trkpt>
      <trkpt lat="-38.17815182147626" lon="176.249074003433">
        <ele>325</ele>
      </trkpt>
      <trkpt lat="-38.17776749952318" lon="176.24891951173">
        <ele>325</ele>
      </trkpt>
      <trkpt lat="-38.1770350944116" lon="176.248652489033">
        <ele>325</ele>
      </trkpt>
      <trkpt lat="-38.17667747472821" lon="176.248415029563">
        <ele>325</ele>
      </trkpt>
      <trkpt lat="-38.17660690444402" lon="176.248427427046">
        <ele>325</ele>
      </trkpt>
      <trkpt lat="-38.17655540720961" lon="176.24848273889">
        <ele>325</ele>
      </trkpt>
      <trkpt lat="-38.17652489032996" lon="176.248579057791">
        <ele>325</ele>
      </trkpt>
      <trkpt lat="-38.17650867823765" lon="176.248645813466">
        <ele>325</ele>
      </trkpt>
      <trkpt lat="-38.17649151249285" lon="176.24871256914">
        <ele>325</ele>
      </trkpt>
      <trkpt lat="-38.17648102231547" lon="176.248805073431">
        <ele>325</ele>
      </trkpt>
      <trkpt lat="-38.1764695784856" lon="176.248897577723">
        <ele>325</ele>
      </trkpt>
      <trkpt lat="-38.17647625405302" lon="176.249014876979">
        <ele>325</ele>
      </trkpt>
      <trkpt lat="-38.17649151249285" lon="176.24910738127">
        <ele>325</ele>
      </trkpt>
      <trkpt lat="-38.17652775128743" lon="176.249206561129">
        <ele>325</ele>
      </trkpt>
      <trkpt lat="-38.17656303642953" lon="176.24930669464">
        <ele>325</ele>
      </trkpt>
      <trkpt lat="-38.17661262635896" lon="176.249396337974">
        <ele>325</ele>
      </trkpt>
      <trkpt lat="-38.17668605760061" lon="176.249497425138">
        <ele>325</ele>
      </trkpt>
      <trkpt lat="-38.17675853518978" lon="176.249599465955">
        <ele>325</ele>
      </trkpt>
      <trkpt lat="-38.17678619111196" lon="176.249678619111">
        <ele>325</ele>
      </trkpt>
      <trkpt lat="-38.17678142284952" lon="176.249709135991">
        <ele>325</ele>
      </trkpt>
      <trkpt lat="-38.17671466717528" lon="176.249827388899">
        <ele>325</ele>
      </trkpt>
      <trkpt lat="-38.17665840167843" lon="176.249887469006">
        <ele>325</ele>
      </trkpt>
      <trkpt lat="-38.17663837497616" lon="176.249899866489">
        <ele>325</ele>
      </trkpt>
      <trkpt lat="-38.17655159259966" lon="176.249879839786">
        <ele>325</ele>
      </trkpt>
      <trkpt lat="-38.17649818806027" lon="176.249896051879">
        <ele>325</ele>
      </trkpt>
      <trkpt lat="-38.17645145908831" lon="176.249937058936">
        <ele>325</ele>
      </trkpt>
      <trkpt lat="-38.17641426664124" lon="176.24999237078">
        <ele>325</ele>
      </trkpt>
      <trkpt lat="-38.17637898149914" lon="176.250057219149">
        <ele>323</ele>
      </trkpt>
      <trkpt lat="-38.17634274270456" lon="176.250122067519">
        <ele>323</ele>
      </trkpt>
      <trkpt lat="-38.1763217623498" lon="176.250130650391">
        <ele>323</ele>
      </trkpt>
      <trkpt lat="-38.17626072859051" lon="176.250119206561">
        <ele>323</ele>
      </trkpt>
      <trkpt lat="-38.17620206825246" lon="176.250108207748">
        <ele>323</ele>
      </trkpt>
      <trkpt lat="-38.17620206836651" lon="176.250108207768">
        <ele>323</ele>
      </trkpt>
      <trkpt lat="-38.17616059507915" lon="176.250376692733">
        <ele>323</ele>
      </trkpt>
      <trkpt lat="-38.17616059507915" lon="176.250376692733">
        <ele>323</ele>
      </trkpt>
      <trkpt lat="-38.17610146862484" lon="176.250369063513">
        <ele>323</ele>
      </trkpt>
      <trkpt lat="-38.17603375929811" lon="176.250280373832">
        <ele>323</ele>
      </trkpt>
      <trkpt lat="-38.17556074766355" lon="176.250242227732">
        <ele>324</ele>
      </trkpt>
      <trkpt lat="-38.17519835971772" lon="176.250259393477">
        <ele>325</ele>
      </trkpt>
      <trkpt lat="-38.17498569521267" lon="176.250281327484">
        <ele>325</ele>
      </trkpt>
      <trkpt lat="-38.17498386037639" lon="176.250280759559">
        <ele>325</ele>
      </trkpt>
    </trkseg>
  </trk>
  <trk>
    <trkseg>
      <trkpt lat="-38.16603054493728" lon="176.267811429633">
        <ele>396</ele>
      </trkpt>
      <trkpt lat="-38.16603185199313" lon="176.267867633035">
        <ele>396</ele>
      </trkpt>
      <trkpt lat="-38.16606427617776" lon="176.267911501049">
        <ele>396</ele>
      </trkpt>
      <trkpt lat="-38.16616440968911" lon="176.26800400534">
        <ele>395</ele>
      </trkpt>
      <trkpt lat="-38.16623307266832" lon="176.268110814419">
        <ele>395</ele>
      </trkpt>
      <trkpt lat="-38.16625596032806" lon="176.268193782186">
        <ele>395</ele>
      </trkpt>
      <trkpt lat="-38.16626168224299" lon="176.268265306122">
        <ele>394</ele>
      </trkpt>
      <trkpt lat="-38.16626645050544" lon="176.268337783712">
        <ele>394</ele>
      </trkpt>
      <trkpt lat="-38.16629315277513" lon="176.268398817471">
        <ele>394</ele>
      </trkpt>
      <trkpt lat="-38.16631985504483" lon="176.268460804883">
        <ele>394</ele>
      </trkpt>
      <trkpt lat="-38.1663656303643" lon="176.268541865344">
        <ele>394</ele>
      </trkpt>
      <trkpt lat="-38.16639900820142" lon="176.268611481976">
        <ele>394</ele>
      </trkpt>
      <trkpt lat="-38.16643143238604" lon="176.26868205226">
        <ele>395</ele>
      </trkpt>
      <trkpt lat="-38.16649246614534" lon="176.268730688537">
        <ele>394</ele>
      </trkpt>
      <trkpt lat="-38.16651440015259" lon="176.268775510204">
        <ele>395</ele>
      </trkpt>
      <trkpt lat="-38.16650104901774" lon="176.268868014495">
        <ele>395</ele>
      </trkpt>
      <trkpt lat="-38.16651821476254" lon="176.26893858478">
        <ele>395</ele>
      </trkpt>
      <trkpt lat="-38.16653442685485" lon="176.269009155064">
        <ele>395</ele>
      </trkpt>
      <trkpt lat="-38.16658401678428" lon="176.269074957086">
        <ele>396</ele>
      </trkpt>
      <trkpt lat="-38.1666002288766" lon="176.269114056838">
        <ele>396</ele>
      </trkpt>
      <trkpt lat="-38.16662979210376" lon="176.269128361625">
        <ele>396</ele>
      </trkpt>
      <trkpt lat="-38.16664981880603" lon="176.26910738127">
        <ele>395</ele>
      </trkpt>
      <trkpt lat="-38.16664791150105" lon="176.269060652298">
        <ele>395</ele>
      </trkpt>
      <trkpt lat="-38.16662979210376" lon="176.268990082014">
        <ele>395</ele>
      </trkpt>
      <trkpt lat="-38.16661071905398" lon="176.268920465382">
        <ele>395</ele>
      </trkpt>
      <trkpt lat="-38.1666173946214" lon="176.268894716765">
        <ele>395</ele>
      </trkpt>
      <trkpt lat="-38.16663456036621" lon="176.268864199886">
        <ele>394</ele>
      </trkpt>
      <trkpt lat="-38.16666316994088" lon="176.268851802403">
        <ele>394</ele>
      </trkpt>
      <trkpt lat="-38.16667747472821" lon="176.268850848751">
        <ele>394</ele>
      </trkpt>
      <trkpt lat="-38.16670226969293" lon="176.268865153538">
        <ele>394</ele>
      </trkpt>
      <trkpt lat="-38.16671180621782" lon="176.268948121305">
        <ele>394</ele>
      </trkpt>
      <trkpt lat="-38.16683959565135" lon="176.269289528896">
        <ele>396</ele>
      </trkpt>
      <trkpt lat="-38.16687106618348" lon="176.269351516307">
        <ele>396</ele>
      </trkpt>
      <trkpt lat="-38.16690349036811" lon="176.269467861911">
        <ele>397</ele>
      </trkpt>
      <trkpt lat="-38.16697978256723" lon="176.269526034713">
        <ele>397</ele>
      </trkpt>
      <trkpt lat="-38.16701888231928" lon="176.269567995422">
        <ele>397</ele>
      </trkpt>
      <trkpt lat="-38.16705798207133" lon="176.269681480069">
        <ele>397</ele>
      </trkpt>
      <trkpt lat="-38.1670694259012" lon="176.269768262445">
        <ele>398</ele>
      </trkpt>
      <trkpt lat="-38.16703127980164" lon="176.269888422659">
        <ele>398</ele>
      </trkpt>
      <trkpt lat="-38.16698359717719" lon="176.26997329773">
        <ele>399</ele>
      </trkpt>
      <trkpt lat="-38.16691398054549" lon="176.270044821667">
        <ele>400</ele>
      </trkpt>
      <trkpt lat="-38.16686629792104" lon="176.270117299256">
        <ele>400</ele>
      </trkpt>
      <trkpt lat="-38.1668176616441" lon="176.270189776845">
        <ele>401</ele>
      </trkpt>
      <trkpt lat="-38.16672420370017" lon="176.270274651917">
        <ele>402</ele>
      </trkpt>
      <trkpt lat="-38.16670608430288" lon="176.270315658974">
        <ele>402</ele>
      </trkpt>
      <trkpt lat="-38.16671466717528" lon="176.270370017166">
        <ele>402</ele>
      </trkpt>
      <trkpt lat="-38.16672992561511" lon="176.270422468053">
        <ele>402</ele>
      </trkpt>
      <trkpt lat="-38.16677856189204" lon="176.270509250429">
        <ele>402</ele>
      </trkpt>
      <trkpt lat="-38.16682338355903" lon="176.270549303834">
        <ele>402</ele>
      </trkpt>
      <trkpt lat="-38.16691588785047" lon="176.270603662026">
        <ele>402</ele>
      </trkpt>
      <trkpt lat="-38.16694068281518" lon="176.270637039863">
        <ele>402</ele>
      </trkpt>
      <trkpt lat="-38.16695403395003" lon="176.2706704177">
        <ele>402</ele>
      </trkpt>
      <trkpt lat="-38.16696452412741" lon="176.270737173374">
        <ele>402</ele>
      </trkpt>
      <trkpt lat="-38.16697501430479" lon="176.270804882701">
        <ele>402</ele>
      </trkpt>
      <trkpt lat="-38.1669654777799" lon="176.27085447263">
        <ele>403</ele>
      </trkpt>
      <trkpt lat="-38.16689872210566" lon="176.270923135609">
        <ele>403</ele>
      </trkpt>
      <trkpt lat="-38.16688346366584" lon="176.270953652489">
        <ele>403</ele>
      </trkpt>
      <trkpt lat="-38.16688441731833" lon="176.270995613199">
        <ele>404</ele>
      </trkpt>
      <trkpt lat="-38.16690158306314" lon="176.271037573908">
        <ele>404</ele>
      </trkpt>
      <trkpt lat="-38.16698550448217" lon="176.27112244898">
        <ele>404</ele>
      </trkpt>
      <trkpt lat="-38.1670694259012" lon="176.271208277704">
        <ele>404</ele>
      </trkpt>
      <trkpt lat="-38.16709994278085" lon="176.271269311463">
        <ele>404</ele>
      </trkpt>
      <trkpt lat="-38.1671304596605" lon="176.271331298875">
        <ele>404</ele>
      </trkpt>
      <trkpt lat="-38.16711901583064" lon="176.271594506962">
        <ele>406</ele>
      </trkpt>
      <trkpt lat="-38.16710852565325" lon="176.271688918558">
        <ele>406</ele>
      </trkpt>
      <trkpt lat="-38.16709708182339" lon="176.271783330154">
        <ele>407</ele>
      </trkpt>
      <trkpt lat="-38.16705893572382" lon="176.271883463666">
        <ele>408</ele>
      </trkpt>
      <trkpt lat="-38.16702078962426" lon="176.271983597177">
        <ele>409</ele>
      </trkpt>
      <trkpt lat="-38.16701697501431" lon="176.272032233454">
        <ele>409</ele>
      </trkpt>
      <trkpt lat="-38.16703318710662" lon="176.272073240511">
        <ele>410</ele>
      </trkpt>
      <trkpt lat="-38.16711615487316" lon="176.272150486363">
        <ele>410</ele>
      </trkpt>
      <trkpt lat="-38.16716097654015" lon="176.272215334732">
        <ele>410</ele>
      </trkpt>
      <trkpt lat="-38.16720484455465" lon="176.272280183101">
        <ele>411</ele>
      </trkpt>
      <trkpt lat="-38.16724966622163" lon="176.272298302499">
        <ele>410</ele>
      </trkpt>
      <trkpt lat="-38.16729162693115" lon="176.272269692924">
        <ele>410</ele>
      </trkpt>
      <trkpt lat="-38.16738317757009" lon="176.27215334732">
        <ele>409</ele>
      </trkpt>
      <trkpt lat="-38.16746709898913" lon="176.272122830441">
        <ele>408</ele>
      </trkpt>
      <trkpt lat="-38.16755006675567" lon="176.272092313561">
        <ele>407</ele>
      </trkpt>
      <trkpt lat="-38.16782853328247" lon="176.272093267213">
        <ele>405</ele>
      </trkpt>
      <trkpt lat="-38.16786286477208" lon="176.272125691398">
        <ele>405</ele>
      </trkpt>
      <trkpt lat="-38.16787049399199" lon="176.27217623498">
        <ele>406</ele>
      </trkpt>
      <trkpt lat="-38.16784093076483" lon="176.272664505054">
        <ele>409</ele>
      </trkpt>
      <trkpt lat="-38.16779515544535" lon="176.272926759489">
        <ele>411</ele>
      </trkpt>
      <trkpt lat="-38.16774651916842" lon="176.273004958993">
        <ele>412</ele>
      </trkpt>
      <trkpt lat="-38.16768548540912" lon="176.273071714667">
        <ele>413</ele>
      </trkpt>
      <trkpt lat="-38.16762349799733" lon="176.273138470341">
        <ele>413</ele>
      </trkpt>
      <trkpt lat="-38.16753385466336" lon="176.273170894526">
        <ele>414</ele>
      </trkpt>
      <trkpt lat="-38.16746805264162" lon="176.273185199313">
        <ele>415</ele>
      </trkpt>
      <trkpt lat="-38.16740225061987" lon="176.27323002098">
        <ele>415</ele>
      </trkpt>
      <trkpt lat="-38.16733644859814" lon="176.2732757963">
        <ele>416</ele>
      </trkpt>
      <trkpt lat="-38.16728495136373" lon="176.273261491512">
        <ele>416</ele>
      </trkpt>
      <trkpt lat="-38.16721342742705" lon="176.273251001335">
        <ele>417</ele>
      </trkpt>
      <trkpt lat="-38.16717051306504" lon="176.273276749952">
        <ele>417</ele>
      </trkpt>
      <trkpt lat="-38.16713332061797" lon="176.273346366584">
        <ele>418</ele>
      </trkpt>
      <trkpt lat="-38.16708182338356" lon="176.273413122258">
        <ele>421</ele>
      </trkpt>
      <trkpt lat="-38.16702937249666" lon="176.273480831585">
        <ele>423</ele>
      </trkpt>
      <trkpt lat="-38.16701697501431" lon="176.273541865344">
        <ele>424</ele>
      </trkpt>
      <trkpt lat="-38.16704272363151" lon="176.273588594316">
        <ele>426</ele>
      </trkpt>
      <trkpt lat="-38.16733168033569" lon="176.27367442304">
        <ele>428</ele>
      </trkpt>
      <trkpt lat="-38.16744611863437" lon="176.273676330345">
        <ele>428</ele>
      </trkpt>
      <trkpt lat="-38.16756055693305" lon="176.273679191303">
        <ele>428</ele>
      </trkpt>
      <trkpt lat="-38.16766450505436" lon="176.273726873927">
        <ele>428</ele>
      </trkpt>
      <trkpt lat="-38.16773221438108" lon="176.273734503147">
        <ele>428</ele>
      </trkpt>
      <trkpt lat="-38.16782853328247" lon="176.27371256914">
        <ele>426</ele>
      </trkpt>
      <trkpt lat="-38.16791722296395" lon="176.27371638375">
        <ele>425</ele>
      </trkpt>
      <trkpt lat="-38.16800591264543" lon="176.27372019836">
        <ele>424</ele>
      </trkpt>
      <trkpt lat="-38.16810604615678" lon="176.273732595842">
        <ele>423</ele>
      </trkpt>
      <trkpt lat="-38.16820522601564" lon="176.273745946977">
        <ele>423</ele>
      </trkpt>
      <trkpt lat="-38.16827579629983" lon="176.273737364105">
        <ele>422</ele>
      </trkpt>
      <trkpt lat="-38.16834636658402" lon="176.273729734885">
        <ele>420</ele>
      </trkpt>
      <trkpt lat="-38.16843124165554" lon="176.273736410452">
        <ele>419</ele>
      </trkpt>
      <trkpt lat="-38.16851611672707" lon="176.273744039672">
        <ele>417</ele>
      </trkpt>
      <trkpt lat="-38.16859908449361" lon="176.273787907686">
        <ele>416</ele>
      </trkpt>
      <trkpt lat="-38.16868109860767" lon="176.273831775701">
        <ele>415</ele>
      </trkpt>
      <trkpt lat="-38.16871829105474" lon="176.273878504673">
        <ele>415</ele>
      </trkpt>
      <trkpt lat="-38.1687392714095" lon="176.273959565134">
        <ele>415</ele>
      </trkpt>
      <trkpt lat="-38.16874594697693" lon="176.274020598894">
        <ele>416</ele>
      </trkpt>
      <trkpt lat="-38.16875262254435" lon="176.274081632653">
        <ele>416</ele>
      </trkpt>
      <trkpt lat="-38.16878313942399" lon="176.274178905207">
        <ele>417</ele>
      </trkpt>
      <trkpt lat="-38.16877741750906" lon="176.274253290101">
        <ele>418</ele>
      </trkpt>
      <trkpt lat="-38.16872687392714" lon="176.274301926378">
        <ele>420</ele>
      </trkpt>
      <trkpt lat="-38.16861815754339" lon="176.274346748045">
        <ele>424</ele>
      </trkpt>
      <trkpt lat="-38.16857047491894" lon="176.274445927904">
        <ele>427</ele>
      </trkpt>
      <trkpt lat="-38.1685304215144" lon="176.274750143048">
        <ele>431</ele>
      </trkpt>
      <trkpt lat="-38.16850181193973" lon="176.275084875072">
        <ele>435</ele>
      </trkpt>
      <trkpt lat="-38.1685304215144" lon="176.275147816136">
        <ele>435</ele>
      </trkpt>
      <trkpt lat="-38.16855903108907" lon="176.275211710853">
        <ele>434</ele>
      </trkpt>
      <trkpt lat="-38.16859908449361" lon="176.275269883654">
        <ele>433</ele>
      </trkpt>
      <trkpt lat="-38.16864009155064" lon="176.275313751669">
        <ele>432</ele>
      </trkpt>
      <trkpt lat="-38.16869635704749" lon="176.27539862674">
        <ele>431</ele>
      </trkpt>
      <trkpt lat="-38.16875262254435" lon="176.275483501812">
        <ele>429</ele>
      </trkpt>
      <trkpt lat="-38.16878695403395" lon="176.275586496281">
        <ele>429</ele>
      </trkpt>
      <trkpt lat="-38.16879744421133" lon="176.27568949075">
        <ele>430</ele>
      </trkpt>
      <trkpt lat="-38.1687917222964" lon="176.275775319474">
        <ele>430</ele>
      </trkpt>
      <trkpt lat="-38.16874594697693" lon="176.275868777417">
        <ele>433</ele>
      </trkpt>
      <trkpt lat="-38.16869921800496" lon="176.275962235361">
        <ele>435</ele>
      </trkpt>
      <trkpt lat="-38.16869921800496" lon="176.276050925043">
        <ele>436</ele>
      </trkpt>
      <trkpt lat="-38.16869921800496" lon="176.276140568377">
        <ele>437</ele>
      </trkpt>
      <trkpt lat="-38.16872973488461" lon="176.276237840931">
        <ele>436</ele>
      </trkpt>
      <trkpt lat="-38.16876025176426" lon="176.276335113485">
        <ele>436</ele>
      </trkpt>
      <trkpt lat="-38.16871638374976" lon="176.27632557696">
        <ele>438</ele>
      </trkpt>
      <trkpt lat="-38.16864962807553" lon="176.276074766355">
        <ele>438</ele>
      </trkpt>
      <trkpt lat="-38.1686696547778" lon="176.275980354759">
        <ele>436</ele>
      </trkpt>
      <trkpt lat="-38.16862006484837" lon="176.275570284188">
        <ele>435</ele>
      </trkpt>
      <trkpt lat="-38.16842742704559" lon="176.275312798016">
        <ele>440</ele>
      </trkpt>
      <trkpt lat="-38.16831584970437" lon="176.275231737555">
        <ele>443</ele>
      </trkpt>
      <trkpt lat="-38.16820427236316" lon="176.275151630746">
        <ele>445</ele>
      </trkpt>
      <trkpt lat="-38.16816231165364" lon="176.275076292199">
        <ele>446</ele>
      </trkpt>
      <trkpt lat="-38.16811939729163" lon="176.275001907305">
        <ele>446</ele>
      </trkpt>
      <trkpt lat="-38.16808315849705" lon="176.275008582872">
        <ele>447</ele>
      </trkpt>
      <trkpt lat="-38.16809460232692" lon="176.275054358192">
        <ele>447</ele>
      </trkpt>
      <trkpt lat="-38.16816040434865" lon="176.275138279611">
        <ele>446</ele>
      </trkpt>
      <trkpt lat="-38.16822525271791" lon="176.27522220103">
        <ele>445</ele>
      </trkpt>
      <trkpt lat="-38.16830249856952" lon="176.275264161739">
        <ele>443</ele>
      </trkpt>
      <trkpt lat="-38.16837879076864" lon="176.275306122449">
        <ele>441</ele>
      </trkpt>
      <trkpt lat="-38.16856284569903" lon="176.275629410643">
        <ele>437</ele>
      </trkpt>
      <trkpt lat="-38.16849036810986" lon="176.276197787526">
        <ele>445</ele>
      </trkpt>
      <trkpt lat="-38.16847129506008" lon="176.27590024795">
        <ele>443</ele>
      </trkpt>
      <trkpt lat="-38.1683740225062" lon="176.275570284188">
        <ele>443</ele>
      </trkpt>
      <trkpt lat="-38.16829391569712" lon="176.275508296777">
        <ele>446</ele>
      </trkpt>
      <trkpt lat="-38.16821285523555" lon="176.275447263017">
        <ele>447</ele>
      </trkpt>
      <trkpt lat="-38.16812702651154" lon="176.27544821667">
        <ele>450</ele>
      </trkpt>
      <trkpt lat="-38.16804119778753" lon="176.275449170322">
        <ele>453</ele>
      </trkpt>
      <trkpt lat="-38.16798970055312" lon="176.275420560748">
        <ele>454</ele>
      </trkpt>
      <trkpt lat="-38.16792866679382" lon="176.275323288194">
        <ele>455</ele>
      </trkpt>
      <trkpt lat="-38.16790864009155" lon="176.275261300782">
        <ele>455</ele>
      </trkpt>
      <trkpt lat="-38.16788765973679" lon="176.275200267023">
        <ele>454</ele>
      </trkpt>
      <trkpt lat="-38.16779897005532" lon="176.275133511348">
        <ele>456</ele>
      </trkpt>
      <trkpt lat="-38.16771028037383" lon="176.275067709327">
        <ele>458</ele>
      </trkpt>
      <trkpt lat="-38.16765496852947" lon="176.275101087164">
        <ele>460</ele>
      </trkpt>
      <trkpt lat="-38.16772553881366" lon="176.275192637803">
        <ele>459</ele>
      </trkpt>
      <trkpt lat="-38.16779515544535" lon="176.275284188442">
        <ele>458</ele>
      </trkpt>
      <trkpt lat="-38.16781232119016" lon="176.275385275606">
        <ele>459</ele>
      </trkpt>
      <trkpt lat="-38.16782853328247" lon="176.275486362769">
        <ele>459</ele>
      </trkpt>
      <trkpt lat="-38.16801544917033" lon="176.275740034331">
        <ele>456</ele>
      </trkpt>
      <trkpt lat="-38.1680173564753" lon="176.275845889758">
        <ele>457</ele>
      </trkpt>
      <trkpt lat="-38.1678609574671" lon="176.275590310891">
        <ele>459</ele>
      </trkpt>
      <trkpt lat="-38.16778752622545" lon="176.275540720961">
        <ele>461</ele>
      </trkpt>
      <trkpt lat="-38.16771409498379" lon="176.275491131032">
        <ele>463</ele>
      </trkpt>
      <trkpt lat="-38.16759584207515" lon="176.275478733549">
        <ele>466</ele>
      </trkpt>
      <trkpt lat="-38.16747663551402" lon="176.275466336067">
        <ele>468</ele>
      </trkpt>
      <trkpt lat="-38.16741560175472" lon="176.275447263017">
        <ele>468</ele>
      </trkpt>
      <trkpt lat="-38.16735361434294" lon="176.27542914362">
        <ele>467</ele>
      </trkpt>
      <trkpt lat="-38.16728304405875" lon="176.275349990463">
        <ele>466</ele>
      </trkpt>
      <trkpt lat="-38.16727255388137" lon="176.275244135037">
        <ele>464</ele>
      </trkpt>
      <trkpt lat="-38.16723726873927" lon="176.275230783902">
        <ele>464</ele>
      </trkpt>
      <trkpt lat="-38.16722201029945" lon="176.275264161739">
        <ele>464</ele>
      </trkpt>
      <trkpt lat="-38.16724299065421" lon="176.275364295251">
        <ele>466</ele>
      </trkpt>
      <trkpt lat="-38.16726397100896" lon="176.275464428762">
        <ele>467</ele>
      </trkpt>
      <trkpt lat="-38.16733263398817" lon="176.275543581919">
        <ele>469</ele>
      </trkpt>
      <trkpt lat="-38.1674003433149" lon="176.275622735075">
        <ele>470</ele>
      </trkpt>
      <trkpt lat="-38.16748617203891" lon="176.275667556742">
        <ele>471</ele>
      </trkpt>
      <trkpt lat="-38.16757200076292" lon="176.275713332062">
        <ele>469</ele>
      </trkpt>
      <trkpt lat="-38.16762063703987" lon="176.275785809651">
        <ele>469</ele>
      </trkpt>
      <trkpt lat="-38.1676692733168" lon="176.275859240893">
        <ele>468</ele>
      </trkpt>
      <trkpt lat="-38.16768453175663" lon="176.275942208659">
        <ele>469</ele>
      </trkpt>
      <trkpt lat="-38.16797062750334" lon="176.276255006676">
        <ele>464</ele>
      </trkpt>
      <trkpt lat="-38.16796681289338" lon="176.276318901392">
        <ele>465</ele>
      </trkpt>
      <trkpt lat="-38.16791626931146" lon="176.276367537669">
        <ele>467</ele>
      </trkpt>
      <trkpt lat="-38.16785428189968" lon="176.276347510967">
        <ele>469</ele>
      </trkpt>
      <trkpt lat="-38.16778847987793" lon="176.276364676712">
        <ele>472</ele>
      </trkpt>
      <trkpt lat="-38.16772267785619" lon="176.276382796109">
        <ele>475</ele>
      </trkpt>
      <trkpt lat="-38.16767594888423" lon="176.276420942209">
        <ele>477</ele>
      </trkpt>
      <trkpt lat="-38.16768071714667" lon="176.276468624833">
        <ele>477</ele>
      </trkpt>
      <trkpt lat="-38.16771218767881" lon="176.276572572954">
        <ele>478</ele>
      </trkpt>
      <trkpt lat="-38.16796299828343" lon="176.27691588785">
        <ele>471</ele>
      </trkpt>
      <trkpt lat="-38.16802880030517" lon="176.277147625405">
        <ele>470</ele>
      </trkpt>
      <trkpt lat="-38.16790577913409" lon="176.277423230975">
        <ele>477</ele>
      </trkpt>
      <trkpt lat="-38.16791150104902" lon="176.277530993706">
        <ele>478</ele>
      </trkpt>
      <trkpt lat="-38.16784951363723" lon="176.277742704558">
        <ele>480</ele>
      </trkpt>
      <trkpt lat="-38.16781804310509" lon="176.278225252718">
        <ele>481</ele>
      </trkpt>
      <trkpt lat="-38.16772458516117" lon="176.278390234599">
        <ele>486</ele>
      </trkpt>
      <trkpt lat="-38.16761205416746" lon="176.278493229067">
        <ele>492</ele>
      </trkpt>
      <trkpt lat="-38.16707228685867" lon="176.278579057791">
        <ele>509</ele>
      </trkpt>
      <trkpt lat="-38.16707228685867" lon="176.278579057791">
        <ele>509</ele>
      </trkpt>
      <trkpt lat="-38.1670350944116" lon="176.278683959565">
        <ele>511</ele>
      </trkpt>
      <trkpt lat="-38.16685771504864" lon="176.279004386801">
        <ele>519</ele>
      </trkpt>
      <trkpt lat="-38.16677665458707" lon="176.279217051306">
        <ele>524</ele>
      </trkpt>
      <trkpt lat="-38.16659259965669" lon="176.27978542819">
        <ele>533</ele>
      </trkpt>
      <trkpt lat="-38.16649151249285" lon="176.28">
        <ele>536</ele>
      </trkpt>
      <trkpt lat="-38.16649151249285" lon="176.28">
        <ele>536</ele>
      </trkpt>
      <trkpt lat="-38.16625977493801" lon="176.280488270074">
        <ele>534</ele>
      </trkpt>
      <trkpt lat="-38.16617108525654" lon="176.280634178905">
        <ele>533</ele>
      </trkpt>
      <trkpt lat="-38.16617108525654" lon="176.280634178905">
        <ele>533</ele>
      </trkpt>
      <trkpt lat="-38.16592504291437" lon="176.280396719435">
        <ele>534</ele>
      </trkpt>
      <trkpt lat="-38.16586210185009" lon="176.280346175854">
        <ele>534</ele>
      </trkpt>
      <trkpt lat="-38.16579820713332" lon="176.280295632272">
        <ele>534</ele>
      </trkpt>
      <trkpt lat="-38.16568853709708" lon="176.280319473584">
        <ele>534</ele>
      </trkpt>
      <trkpt lat="-38.16568853709708" lon="176.280319473584">
        <ele>534</ele>
      </trkpt>
      <trkpt lat="-38.16559889376312" lon="176.280249856952">
        <ele>534</ele>
      </trkpt>
      <trkpt lat="-38.16553404539386" lon="176.280246995995">
        <ele>534</ele>
      </trkpt>
      <trkpt lat="-38.16546919702461" lon="176.28024508869">
        <ele>534</ele>
      </trkpt>
      <trkpt lat="-38.16536620255579" lon="176.280263208087">
        <ele>534</ele>
      </trkpt>
      <trkpt lat="-38.16528991035667" lon="176.280194545108">
        <ele>534</ele>
      </trkpt>
      <trkpt lat="-38.16528991035667" lon="176.280194545108">
        <ele>534</ele>
      </trkpt>
      <trkpt lat="-38.16533568567614" lon="176.280078199504">
        <ele>534</ele>
      </trkpt>
      <trkpt lat="-38.16543200457753" lon="176.280068662979">
        <ele>534</ele>
      </trkpt>
      <trkpt lat="-38.16552832347892" lon="176.280060080107">
        <ele>535</ele>
      </trkpt>
      <trkpt lat="-38.16558363532329" lon="176.28">
        <ele>535</ele>
      </trkpt>
      <trkpt lat="-38.16558363532329" lon="176.28">
        <ele>535</ele>
      </trkpt>
      <trkpt lat="-38.1657133320618" lon="176.279854091169">
        <ele>533</ele>
      </trkpt>
      <trkpt lat="-38.16579725348083" lon="176.279854091169">
        <ele>533</ele>
      </trkpt>
      <trkpt lat="-38.16613580011444" lon="176.279658592409">
        <ele>531</ele>
      </trkpt>
      <trkpt lat="-38.16625309937059" lon="176.279490749571">
        <ele>529</ele>
      </trkpt>
      <trkpt lat="-38.16656971199695" lon="176.279177951554">
        <ele>526</ele>
      </trkpt>
      <trkpt lat="-38.16667366011826" lon="176.279091169178">
        <ele>525</ele>
      </trkpt>
      <trkpt lat="-38.16684722487126" lon="176.278768834637">
        <ele>517</ele>
      </trkpt>
      <trkpt lat="-38.166913026893" lon="176.278541865344">
        <ele>513</ele>
      </trkpt>
      <trkpt lat="-38.16701602136182" lon="176.278228113675">
        <ele>508</ele>
      </trkpt>
      <trkpt lat="-38.16709231356094" lon="176.278031661263">
        <ele>505</ele>
      </trkpt>
      <trkpt lat="-38.16716860576006" lon="176.277918176616">
        <ele>503</ele>
      </trkpt>
      <trkpt lat="-38.16722296395194" lon="176.277806599275">
        <ele>502</ele>
      </trkpt>
      <trkpt lat="-38.16722296395194" lon="176.277806599275">
        <ele>502</ele>
      </trkpt>
      <trkpt lat="-38.16724108334923" lon="176.277699790196">
        <ele>501</ele>
      </trkpt>
      <trkpt lat="-38.16725920274652" lon="176.27759393477">
        <ele>501</ele>
      </trkpt>
      <trkpt lat="-38.16725920274652" lon="176.277513827961">
        <ele>500</ele>
      </trkpt>
      <trkpt lat="-38.16725920274652" lon="176.277434674804">
        <ele>499</ele>
      </trkpt>
      <trkpt lat="-38.16723822239176" lon="176.277327865726">
        <ele>498</ele>
      </trkpt>
      <trkpt lat="-38.16721628838452" lon="176.277222010299">
        <ele>497</ele>
      </trkpt>
      <trkpt lat="-38.16714190349037" lon="176.277100896433">
        <ele>496</ele>
      </trkpt>
      <trkpt lat="-38.16707514781613" lon="176.277060843029">
        <ele>495</ele>
      </trkpt>
      <trkpt lat="-38.16699694831204" lon="176.277060843029">
        <ele>496</ele>
      </trkpt>
      <trkpt lat="-38.16695784855999" lon="176.27698073622">
        <ele>495</ele>
      </trkpt>
      <trkpt lat="-38.16691779515545" lon="176.276900629411">
        <ele>494</ele>
      </trkpt>
      <trkpt lat="-38.16693019263781" lon="176.276782376502">
        <ele>492</ele>
      </trkpt>
      <trkpt lat="-38.16694163646768" lon="176.276664123593">
        <ele>490</ele>
      </trkpt>
      <trkpt lat="-38.16689204653824" lon="176.276574480259">
        <ele>489</ele>
      </trkpt>
      <trkpt lat="-38.16684150295632" lon="176.276484836925">
        <ele>487</ele>
      </trkpt>
      <trkpt lat="-38.16683673469388" lon="176.276388518024">
        <ele>485</ele>
      </trkpt>
      <trkpt lat="-38.16683101277894" lon="176.276292199123">
        <ele>482</ele>
      </trkpt>
      <trkpt lat="-38.16679382033188" lon="176.276243562846">
        <ele>481</ele>
      </trkpt>
      <trkpt lat="-38.16674232309747" lon="176.276207324051">
        <ele>481</ele>
      </trkpt>
      <trkpt lat="-38.1667137135228" lon="176.276172992561">
        <ele>480</ele>
      </trkpt>
      <trkpt lat="-38.16672706465764" lon="176.276098607667">
        <ele>478</ele>
      </trkpt>
      <trkpt lat="-38.16669654777799" lon="176.276003242418">
        <ele>476</ele>
      </trkpt>
      <trkpt lat="-38.16665744802594" lon="176.275970818234">
        <ele>475</ele>
      </trkpt>
      <trkpt lat="-38.16655731451459" lon="176.275981308411">
        <ele>475</ele>
      </trkpt>
      <trkpt lat="-38.16644287621591" lon="176.275941255007">
        <ele>475</ele>
      </trkpt>
      <trkpt lat="-38.16632843791722" lon="176.275902155255">
        <ele>474</ele>
      </trkpt>
      <trkpt lat="-38.16624260919321" lon="176.275860194545">
        <ele>473</ele>
      </trkpt>
      <trkpt lat="-38.16618062178142" lon="176.275593171848">
        <ele>468</ele>
      </trkpt>
      <trkpt lat="-38.1661653633416" lon="176.275512111387">
        <ele>467</ele>
      </trkpt>
      <trkpt lat="-38.16615010490177" lon="176.275431050925">
        <ele>465</ele>
      </trkpt>
      <trkpt lat="-38.16604043486554" lon="176.275396719435">
        <ele>465</ele>
      </trkpt>
      <trkpt lat="-38.16591932099943" lon="176.275408163265">
        <ele>466</ele>
      </trkpt>
      <trkpt lat="-38.16581918748808" lon="176.275388136563">
        <ele>465</ele>
      </trkpt>
      <trkpt lat="-38.16579629982834" lon="176.275344268549">
        <ele>465</ele>
      </trkpt>
      <trkpt lat="-38.16582109479306" lon="176.275306122449">
        <ele>464</ele>
      </trkpt>
      <trkpt lat="-38.16592695021934" lon="176.275303261492">
        <ele>464</ele>
      </trkpt>
      <trkpt lat="-38.16599370589358" lon="176.275282281137">
        <ele>463</ele>
      </trkpt>
      <trkpt lat="-38.16606999809269" lon="176.275287049399">
        <ele>463</ele>
      </trkpt>
      <trkpt lat="-38.16614533663933" lon="176.275291817662">
        <ele>463</ele>
      </trkpt>
      <trkpt lat="-38.16619874117872" lon="176.275352851421">
        <ele>464</ele>
      </trkpt>
      <trkpt lat="-38.1662521457181" lon="176.275414838833">
        <ele>465</ele>
      </trkpt>
      <trkpt lat="-38.16628075529277" lon="176.275497806599">
        <ele>466</ele>
      </trkpt>
      <trkpt lat="-38.16634274270456" lon="176.275472057982">
        <ele>465</ele>
      </trkpt>
      <trkpt lat="-38.16635990844937" lon="176.275403395003">
        <ele>464</ele>
      </trkpt>
      <trkpt lat="-38.16633225252718" lon="176.275339500286">
        <ele>463</ele>
      </trkpt>
      <trkpt lat="-38.166304596605" lon="176.275275605569">
        <ele>462</ele>
      </trkpt>
      <trkpt lat="-38.16628647720771" lon="176.275205035285">
        <ele>460</ele>
      </trkpt>
      <trkpt lat="-38.16619874117872" lon="176.275143047873">
        <ele>459</ele>
      </trkpt>
      <trkpt lat="-38.16611100514972" lon="176.275081060462">
        <ele>459</ele>
      </trkpt>
      <trkpt lat="-38.16603566660309" lon="176.27503433149">
        <ele>458</ele>
      </trkpt>
      <trkpt lat="-38.16596032805646" lon="176.274987602518">
        <ele>457</ele>
      </trkpt>
      <trkpt lat="-38.16589166507725" lon="176.275000953652">
        <ele>458</ele>
      </trkpt>
      <trkpt lat="-38.16582204844555" lon="176.27501525844">
        <ele>458</ele>
      </trkpt>
      <trkpt lat="-38.1657476635514" lon="176.274998092695">
        <ele>458</ele>
      </trkpt>
      <trkpt lat="-38.16567232500477" lon="176.27498092695">
        <ele>457</ele>
      </trkpt>
      <trkpt lat="-38.16561129124547" lon="176.274976158688">
        <ele>457</ele>
      </trkpt>
      <trkpt lat="-38.16554930383369" lon="176.274972344078">
        <ele>456</ele>
      </trkpt>
      <trkpt lat="-38.16546824337212" lon="176.275">
        <ele>457</ele>
      </trkpt>
      <trkpt lat="-38.16541007057029" lon="176.275">
        <ele>457</ele>
      </trkpt>
      <trkpt lat="-38.16534903681099" lon="176.27502670227">
        <ele>458</ele>
      </trkpt>
      <trkpt lat="-38.1652870493992" lon="176.275054358192">
        <ele>458</ele>
      </trkpt>
      <trkpt lat="-38.16501430478733" lon="176.27521838642">
        <ele>462</ele>
      </trkpt>
      <trkpt lat="-38.16495041007057" lon="176.275231737555">
        <ele>461</ele>
      </trkpt>
      <trkpt lat="-38.16488556170132" lon="176.27524508869">
        <ele>459</ele>
      </trkpt>
      <trkpt lat="-38.16479591836735" lon="176.275215525462">
        <ele>455</ele>
      </trkpt>
      <trkpt lat="-38.1647825672325" lon="176.27518024032">
        <ele>454</ele>
      </trkpt>
      <trkpt lat="-38.16479877932482" lon="176.275138279611">
        <ele>453</ele>
      </trkpt>
      <trkpt lat="-38.16486934960901" lon="176.275130650391">
        <ele>455</ele>
      </trkpt>
      <trkpt lat="-38.1649389662407" lon="176.275123974824">
        <ele>458</ele>
      </trkpt>
      <trkpt lat="-38.1650524508869" lon="176.27501907305">
        <ele>457</ele>
      </trkpt>
      <trkpt lat="-38.1651659355331" lon="176.274915124928">
        <ele>453</ele>
      </trkpt>
      <trkpt lat="-38.16518405493039" lon="176.274862674042">
        <ele>451</ele>
      </trkpt>
      <trkpt lat="-38.16515544535572" lon="176.274829296204">
        <ele>450</ele>
      </trkpt>
      <trkpt lat="-38.16508773602899" lon="176.274825481594">
        <ele>450</ele>
      </trkpt>
      <trkpt lat="-38.16500095365249" lon="176.274871256914">
        <ele>451</ele>
      </trkpt>
      <trkpt lat="-38.16493324432577" lon="176.274930383368">
        <ele>452</ele>
      </trkpt>
      <trkpt lat="-38.16486458134656" lon="176.274990463475">
        <ele>452</ele>
      </trkpt>
      <trkpt lat="-38.16477016975014" lon="176.274979019645">
        <ele>449</ele>
      </trkpt>
      <trkpt lat="-38.16476730879268" lon="176.274940873546">
        <ele>448</ele>
      </trkpt>
      <trkpt lat="-38.16478924279993" lon="176.274916078581">
        <ele>448</ele>
      </trkpt>
      <trkpt lat="-38.16486553499904" lon="176.274908449361">
        <ele>449</ele>
      </trkpt>
      <trkpt lat="-38.16491703223345" lon="176.274865534999">
        <ele>449</ele>
      </trkpt>
      <trkpt lat="-38.16495517833302" lon="176.2747892428">
        <ele>447</ele>
      </trkpt>
      <trkpt lat="-38.16499332443258" lon="176.274713904253">
        <ele>445</ele>
      </trkpt>
      <trkpt lat="-38.16502670226969" lon="176.274628075529">
        <ele>442</ele>
      </trkpt>
      <trkpt lat="-38.16497997329773" lon="176.274518405493">
        <ele>438</ele>
      </trkpt>
      <trkpt lat="-38.16491607858097" lon="176.274420179287">
        <ele>433</ele>
      </trkpt>
      <trkpt lat="-38.16487221056647" lon="176.274365821095">
        <ele>431</ele>
      </trkpt>
      <trkpt lat="-38.16480164028228" lon="176.274313370208">
        <ele>429</ele>
      </trkpt>
      <trkpt lat="-38.16471962616823" lon="176.27430288003">
        <ele>428</ele>
      </trkpt>
      <trkpt lat="-38.16465096318902" lon="176.274309555598">
        <ele>428</ele>
      </trkpt>
      <trkpt lat="-38.16458230020981" lon="176.274316231165">
        <ele>428</ele>
      </trkpt>
      <trkpt lat="-38.16448788861339" lon="176.274280946023">
        <ele>426</ele>
      </trkpt>
      <trkpt lat="-38.16438775510204" lon="176.274264733931">
        <ele>426</ele>
      </trkpt>
      <trkpt lat="-38.16431527751288" lon="176.274260919321">
        <ele>425</ele>
      </trkpt>
      <trkpt lat="-38.16424184627122" lon="176.274258058364">
        <ele>425</ele>
      </trkpt>
      <trkpt lat="-38.16419034903682" lon="176.274265687583">
        <ele>425</ele>
      </trkpt>
      <trkpt lat="-38.16414362006485" lon="176.274253290101">
        <ele>425</ele>
      </trkpt>
      <trkpt lat="-38.16412740797254" lon="176.274215144002">
        <ele>424</ele>
      </trkpt>
      <trkpt lat="-38.16412263971009" lon="176.274096891093">
        <ele>423</ele>
      </trkpt>
      <trkpt lat="-38.16415411024223" lon="176.274028228114">
        <ele>423</ele>
      </trkpt>
      <trkpt lat="-38.16418462712188" lon="176.273960518787">
        <ele>422</ele>
      </trkpt>
      <trkpt lat="-38.16421514400152" lon="176.273868968148">
        <ele>421</ele>
      </trkpt>
      <trkpt lat="-38.16419034903682" lon="176.273781232119">
        <ele>421</ele>
      </trkpt>
      <trkpt lat="-38.16419607095175" lon="176.273718291055">
        <ele>420</ele>
      </trkpt>
      <trkpt lat="-38.16420083921419" lon="176.273656303643">
        <ele>419</ele>
      </trkpt>
      <trkpt lat="-38.16423993896624" lon="176.273597177189">
        <ele>419</ele>
      </trkpt>
      <trkpt lat="-38.16432672134275" lon="176.273514209422">
        <ele>418</ele>
      </trkpt>
      <trkpt lat="-38.16435246995995" lon="176.27345603662">
        <ele>417</ele>
      </trkpt>
      <trkpt lat="-38.16432958230021" lon="176.273409307648">
        <ele>417</ele>
      </trkpt>
      <trkpt lat="-38.16427903871829" lon="176.273353042151">
        <ele>416</ele>
      </trkpt>
      <trkpt lat="-38.16424756818616" lon="176.273335876407">
        <ele>416</ele>
      </trkpt>
      <trkpt lat="-38.16421705130651" lon="176.273347320236">
        <ele>417</ele>
      </trkpt>
      <trkpt lat="-38.16410547396529" lon="176.273364485981">
        <ele>418</ele>
      </trkpt>
      <trkpt lat="-38.16410547396529" lon="176.273364485981">
        <ele>418</ele>
      </trkpt>
      <trkpt lat="-38.16406248258718" lon="176.273553648045">
        <ele>419</ele>
      </trkpt>
    </trkseg>
  </trk>
</gpx>